"topic_id","name","size","top_keywords"
"0-0","Health IT privacy","522","privacy (435); forecasting (207); trust (170); facebook (111); vision transformer (76); alert fatigue (57); serious games (39); lab-on-a-chip (38); health it (29); sentiment (28); serious game (22); prompt learning (19); scheduling (17); time (16); all of us (14)"
"1-0","Digital health","30","digital healthcare (17); virtual health (16); virtual assistant (13); digital application (5); virtual conference (4); digital hospitals (4); digital treatment (3); digital hospital (3); digital voice (2); virtual companion (2); video therapy (2); digital triage (2); virtual microscopy (2); digital patient (2); digital in medical (1)"
"1-1","Digital health","14","digital biomarker (32); digital imaging (6); osirix (3); medical imaging dataset (1); digital hearing (1); ultrasonic videos (1); medical ultrasound video (1); medical image perception (1); medical visualization (1); full digital approach (1); medical image dataset (1); digital detection imaging (1); medical digital solution (1); digital body chart (1)"
"1-2","Digital health","9","digital twin (46); digital twins (21); digital human (4); medical digital twin (1); human digital twin (1); digital post (1); virtual digital human (1); digital endpoint (1); virtual digital twin (1)"
"1-3","Digital research methods","31","online systems (50); digitalization (37); digital tools (25); digital platform (11); digitalisation (8); digital platforms (7); digital app (5); digital solutions (5); digital solution (4); virtualization (3); digital innovation (3); digital strategy (2); electronic learning (2); digital applications (2); digital ecosystem (2)"
"1-4","Digital research methods","28","digital tool (18); digital inclusion (15); digital surveillance (13); digital consent (3); digital identity (2); digital age (2); digital capital (2); digital ethics (2); digital marginalisation (2); digital transition (1); digital gaps (1); digital payment (1); digital habitat (1); digital tv (1); digital nudge (1)"
"1-5","Digital research methods","22","digital learning (6); digital questionnaire (3); digital diary (2); digital game (2); digital signature (2); digital resource (1); stem digital game (1); digital scholarship (1); digital consulting (1); digital narrative (1); digital paper (1); multimedia analysis (1); digital sciences (1); digital pen (1); digital empathy (1)"
"1-6","Digital research methods","21","electronic phenotyping (10); kinect (10); digital devices (9); digital device (7); electronic alert (3); electronic phenotype (2); electronic tool (1); electronic tongue (1); electronic game (1); smartphone video (1); digital navigator (1); digital pen (1); scanned document (1); digital device exposure (1); digital watch (1)"
"1-7","Digital research methods","18","online tool (9); visual communication (6); video classification (3); online system (3); video compression (3); video therapy (2); motion graphic video (1); video polyp detection (1); online features (1); digital animation (1); video review (1); online interactive (1); video telemedicine (1); fictional electronic record (1); digital videos (1)"
"1-8","Digital research methods","17","digital maturity (14); digital measures (12); digital assessment (7); electronic diary (5); digital endpoints (5); digital methods (2); electronic irb (2); digital trials (1); digital trial (1); digital observational study (1); digital study (1); electronic forms (1); digital cohort (1); digital marker (1); digital triggers (1)"
"2-0","Digital health","1","5g health care (1)"
"2-1","academic dissemination","1","academic dissemination (1)"
"2-2","Digital health","1","adherence dynamics (1)"
"2-3","adoption decision process","1","adoption decision process (1)"
"2-4","adoption decision process","1","adoption factors (1)"
"2-5","adoption decision process","1","adoption intention (2)"
"2-6","adoption decision process","1","advance choice documents (1)"
"2-7","advance directives","1","advance directives (2)"
"2-8","advance directives","1","advanced care strategies (1)"
"2-9","Digital research methods","1","african surveillance metrics (1)"
"2-10","Digital health","1","alert fatigue health personnel (1)"
"2-11","adoption decision process","1","anesthesia decision-making (1)"
"2-12","Digital health","1","applied health information technology (1)"
"2-13","academic dissemination","1","article-level metrics (1)"
"2-14","Health IT privacy","1","assessment of risks and interactions (1)"
"2-15","attribute-based access control policies","1","attribute-based access control policies (1)"
"2-16","balancing strategies","1","balancing strategies (1)"
"2-17","balancing strategies","1","benefit-risk analysis (1)"
"2-18","adoption decision process","1","benefits evaluation framework (1)"
"2-19","best basis selection","1","best basis selection (1)"
"2-20","best basis selection","1","breast cancer prediction in real hospital settings (1)"
"2-21","budget impact analysis","1","budget impact analysis (3)"
"2-22","cancer risk perception","1","cancer risk perception (1)"
"2-23","best basis selection","1","candidate prioritization (1)"
"2-24","budget impact analysis","1","care costs (1)"
"2-25","challenges and limitations","1","challenges and limitations (1)"
"2-26","child counselling","1","child counselling (1)"
"2-27","budget impact analysis","1","claims analysis (5)"
"2-28","Digital research methods","1","clinical data sharing, research barriers, data linkage, data sources, data management, environmental scan, research facilitation (1)"
"2-29","Digital health","1","clinical decision support, bias, transparency (1)"
"2-30","adoption decision process","1","clinical decision- making (1)"
"2-31","adoption decision process","1","clinical decision-making (148)"
"2-32","Digital health","1","clinical information and decision making (1)"
"2-33","Digital health","1","clinical practice patterns (2)"
"2-34","Digital health","1","clinical predictive analytics (2)"
"2-35","adoption decision process","1","clinical-decision making (1)"
"2-36","adoption decision process","1","clinical-decision-making (1)"
"2-37","academic dissemination","1","communicating exposure risk (1)"
"2-38","budget impact analysis","1","communication cost (1)"
"2-39","academic dissemination","2","practice behaviors (1); communication strategy (1)"
"2-40","community and stakeholder engagement","1","community and stakeholder engagement (2)"
"2-41","community and stakeholder engagement","1","community health needs assessment (1)"
"2-42","community and stakeholder engagement","1","community participation (26)"
"2-43","comparative national analysis","1","comparative national analysis (1)"
"2-44","comparative national analysis","2","health disparity analysis (1); comparative policy analysis (1)"
"2-45","comparative national analysis","1","comparative treatment effectiveness (1)"
"2-46","comparative national analysis","1","comparative-effectiveness (1)"
"2-47","competency framework","1","competency framework (3)"
"2-48","community and stakeholder engagement","1","consensus statements (1)"
"2-49","competency framework","1","consolidated framework for implementation framework (1)"
"2-50","Healthcare surveys","3","healthcare surveys (2); healthcare survey (1); consumer health questions (1)"
"2-51","community and stakeholder engagement","1","consumer needs (1)"
"2-52","community and stakeholder engagement","1","consumer perspectives (1)"
"2-53","adoption decision process","1","consumer preference (6)"
"2-54","adoption decision process","1","consumer preferences (4)"
"2-55","Healthcare surveys","1","consumer satisfaction (2)"
"2-56","budget impact analysis","1","consumption level (1)"
"2-57","balancing strategies","1","contingency management (3)"
"2-58","contingent valuation","1","contingent valuation (2)"
"2-59","budget impact analysis","1","cost (42)"
"2-60","budget impact analysis","1","cost allocation (1)"
"2-61","budget impact analysis","1","cost analysis (9)"
"2-62","budget impact analysis","1","cost benefit (1)"
"2-63","contingent valuation","1","cost benefit analysis (1)"
"2-64","budget impact analysis","1","cost effective (1)"
"2-65","budget impact analysis","1","cost effectiveness (11)"
"2-66","cost effectiveness analysis","1","cost effectiveness analysis (1)"
"2-67","cost effectiveness analysis","1","cost efficacy (1)"
"2-68","cost effectiveness analysis","1","cost efficiency (1)"
"2-69","budget impact analysis","1","cost factors (1)"
"2-70","cost effectiveness analysis","1","cost function (1)"
"2-71","budget impact analysis","2","cost loss (1); cost containment (1)"
"2-72","cost effectiveness analysis","1","cost management (3)"
"2-73","cost effectiveness analysis","1","cost model (2)"
"2-74","cost effectiveness analysis","1","cost of care (1)"
"2-75","cost effectiveness analysis","1","cost optimization (3)"
"2-76","cost effectiveness analysis","1","cost utility analysis (3)"
"2-77","cost-benefit analysis","1","cost-benefit analysis (56)"
"2-78","cost effectiveness analysis","1","cost-effectiveness analyses (1)"
"2-79","cost effectiveness analysis","1","cost-effectiveness analysis (18)"
"2-80","cost effectiveness analysis","1","cost/utility analysis (1)"
"2-81","cost-benefit analysis","1","costing analysis (1)"
"2-82","cost-benefit analysis","1","costs (17)"
"2-83","cost-benefit analysis","1","costs savings (1)"
"2-84","cost-benefit analysis","1","cost–benefit analysis (2)"
"2-85","cost effectiveness analysis","1","data science, cost-effectiveness (1)"
"2-86","contingent valuation","1","data valuation (2)"
"2-87","cost-benefit analysis","1","data-driven decision making (3)"
"2-88","decentralized clinical trials","1","decentralized clinical trials (7)"
"2-89","adoption decision process","1","decision aid (40)"
"2-90","cost-benefit analysis","1","decision analysis (3)"
"2-91","cost-benefit analysis","1","decision conflicts (1)"
"2-92","cost-benefit analysis","1","decision framework (1)"
"2-93","community and stakeholder engagement","1","decision makers (1)"
"2-94","cost-benefit analysis","3","decision modeling (4); health decision modelling (1); health economic modeling (1)"
"2-95","adoption decision process","1","decision models (3)"
"2-96","adoption decision process","1","decision support systems, management (12)"
"2-97","cost effectiveness analysis","1","decision-based evidence-making (1)"
"2-98","adoption decision process","1","decision-making approaches (1)"
"2-99","adoption decision process","1","decision-making techniques (1)"
"2-100","Healthcare surveys","1","delivery of health care and methods (1)"
"2-101","demand analysis","1","demand analysis (1)"
"2-102","Digital research methods","1","developers’ guide (1)"
"2-103","Digital health","1","diagnostic support (2)"
"2-104","Digital health","1","digital health care act (1)"
"2-105","Digital health","1","digital health evaluation (2)"
"2-106","Digital research methods","1","digital mobility outcomes (4)"
"2-107","comparative national analysis","1","disparities, reporting standards (1)"
"2-108","community and stakeholder engagement","1","diversity equity inclusivity (1)"
"2-109","community and stakeholder engagement","1","diversity, equity, and inclusion (4)"
"2-110","cost effectiveness analysis","1","drug effectiveness-cost analysis (1)"
"2-111","cost effectiveness analysis","1","drug prioritization (1)"
"2-112","dynamic treatment strategies","1","dynamic treatment strategies (1)"
"2-113","cost-benefit analysis","1","ecological considerations (1)"
"2-114","cost-benefit analysis","1","economic advantage (1)"
"2-115","cost effectiveness analysis","2","economic analysis (1); health economic analysis (1)"
"2-116","cost-benefit analysis","1","economic assessment (2)"
"2-117","cost-benefit analysis","1","economic benefits (1)"
"2-118","budget impact analysis","1","economic burden (2)"
"2-119","comparative national analysis","1","economic competition (2)"
"2-120","budget impact analysis","1","economic costs (1)"
"2-121","cost-benefit analysis","1","economic efficiency (1)"
"2-122","cost effectiveness analysis","3","economic evaluation (39); health economic evaluation (2); health economics evaluation (1)"
"2-123","cost-benefit analysis","1","economic incentives (1)"
"2-124","demand analysis","1","economic models (1)"
"2-125","cost-benefit analysis","1","economic outcome (1)"
"2-126","economic regions","1","economic regions (1)"
"2-127","cost-benefit analysis","1","economic returns (1)"
"2-128","comparative national analysis","1","economics of migration (1)"
"2-129","academic dissemination","1","education materials (1)"
"2-130","academic dissemination","1","educational awareness (1)"
"2-131","academic dissemination","1","educational campaign (1)"
"2-132","competency framework","1","educational framework (1)"
"2-133","challenges and limitations","1","educational interruptions (1)"
"2-134","cost-benefit analysis","1","emission costs (1)"
"2-135","cost-benefit analysis","1","environmental costs (1)"
"2-136","Healthcare surveys","1","environmental health literacy (2)"
"2-137","Digital health","1","epidemic prevention and control (1)"
"2-138","cost-benefit analysis","1","epr, implementation, benefits, systems (1)"
"2-139","cost-benefit analysis","1","eprescribing, data analytics, returns on investment (1)"
"2-140","ergonomic risk evaluation","1","ergonomic risk evaluation (1)"
"2-141","challenges and limitations","1","ethical challenges (2)"
"2-142","Health IT privacy","1","ethical implications of ai in health care (1)"
"2-143","Health IT privacy","1","ethical problems (1)"
"2-144","cost effectiveness analysis","1","evidence-based (13)"
"2-145","Digital research methods","1","evidence-based & research methodology (2)"
"2-146","cost effectiveness analysis","1","evidence-based decision making (3)"
"2-147","cost effectiveness analysis","1","evidence-based decision-making (1)"
"2-148","evidence-based framework","1","evidence-based framework (1)"
"2-149","evidence-based framework","2","evidence-based approach (1); evidence-based guidance (1)"
"2-150","evidence-based framework","1","evidence-based health care (1)"
"2-151","evidence-based framework","1","evidence-based health management (1)"
"2-152","evidence-based framework","1","evidence-based health policy making (1)"
"2-153","evidence-based framework","1","evidence-based health practice (1)"
"2-154","evidence-based framework","1","evidence-based healthcare design (1)"
"2-155","evidence-based framework","1","evidence-based healthcare management (1)"
"2-156","evidence-based framework","1","evidence-based innovations translational science (1)"
"2-157","evidence-based framework","1","evidence-based pharmacy practice (2)"
"2-158","evidence-based framework","1","evidence-based practices (2)"
"2-159","evidence-based framework","1","evidence-based program adaptation (1)"
"2-160","evidence-based framework","1","evidence-based programs (1)"
"2-161","evidence-based framework","1","evidence-informed decision-making (2)"
"2-162","evidence-based framework","1","evidence-informed practice (1)"
"2-163","adoption decision process","1","expert decision making (1)"
"2-164","challenges and limitations","1","facilitators and barriers (5)"
"2-165","balancing strategies","1","fair guiding principles (1)"
"2-166","ergonomic risk evaluation","1","fall risk assessment (11)"
"2-167","ergonomic risk evaluation","1","fall-risk assessment (2)"
"2-168","adoption decision process","1","feasibility & acceptability (1)"
"2-169","challenges and limitations","1","feasibility and acceptability (1)"
"2-170","cost effectiveness analysis","1","feasible interventions (1)"
"2-171","budget impact analysis","1","financial burdens (1)"
"2-172","cost-benefit analysis","1","financial incentives (4)"
"2-173","dynamic treatment strategies","1","flexible care (1)"
"2-174","food knowledge base","1","food knowledge base (1)"
"2-175","budget impact analysis","1","forecasting healthcare burden (1)"
"2-176","child counselling","1","genetic services (1)"
"2-177","economic regions","1","geospatial measures (1)"
"2-178","good simulation practice","1","good simulation practice (1)"
"2-179","balancing strategies","1","group decision making (2)"
"2-180","Healthcare surveys","1","group medical decision-making (1)"
"2-181","cost effectiveness analysis","1","health care cost (2)"
"2-182","Healthcare surveys","1","health care quality assurance (1)"
"2-183","Digital health","2","healthcare service innovation and information technology (8); health care service innovation and information technology (1)"
"2-184","competency framework","1","health care standards (1)"
"2-185","Digital health","1","health care technology (18)"
"2-186","Digital health","1","health care technology adoption (2)"
"2-187","Digital health","1","health data collaborative utilization (1)"
"2-188","Digital health","1","health information adoption (1)"
"2-189","Digital health","1","health information system development (1)"
"2-190","Health IT implementation","3","health information technology implementation (4); health information technology adoption (2); health information technology use (1)"
"2-191","Health IT implementation","1","health information technology evaluations (1)"
"2-192","Health IT implementation","1","health information technology for economic and clinical health act (3)"
"2-193","Healthcare surveys","1","health knowledge, attitudes, practices (1)"
"2-194","ergonomic risk evaluation","1","health risk identification (1)"
"2-195","Healthcare surveys","1","health state utility values (1)"
"2-196","Healthcare modeling","5","health systems modeling (1); healthcare predictive modeling (1); healthcare predictive analysis (1); healthcare predictive analytics (1); healthcare modeling (1)"
"2-197","Health IT implementation","1","health-care service innovation and information technology (2)"
"2-198","Healthcare modeling","1","healthcare cost (2)"
"2-199","cost-benefit analysis","1","healthcare costs (3)"
"2-200","healthcare data quality","1","healthcare data quality (1)"
"2-201","Healthcare modeling","1","healthcare decisions (1)"
"2-202","healthcare delivery intervention development","1","healthcare delivery intervention development (1)"
"2-203","cost-benefit analysis","2","healthcare economics (4); healthcare provider economics (1)"
"2-204","healthcare education","1","healthcare education (2)"
"2-205","healthcare delivery intervention development","3","healthcare innovation (7); healthcare efficiency (2); healthcare innovations (1)"
"2-206","healthcare equity","1","healthcare equity (3)"
"2-207","Health IT implementation","1","healthcare information adoption (1)"
"2-208","Health IT implementation","1","healthcare information technology adoption (1)"
"2-209","Health IT implementation","1","healthcare technology (11)"
"2-210","healthcare data quality","1","high-quality websites (1)"
"2-211","cost effectiveness analysis","1","hospital costs (6)"
"2-212","ergonomic risk evaluation","1","human factor ergonomics (1)"
"2-213","evidence-based framework","1","implementation science framework (1)"
"2-214","healthcare data quality","1","inaccurate information (1)"
"2-215","cost effectiveness analysis","1","incremental cost-effectiveness ratio (1)"
"2-216","healthcare data quality","1","infectious diseases, cohort studies, acute otitis media, underreporting, patient compliance (1)"
"2-217","Healthcare modeling","1","informaticians (1)"
"2-218","information and knowledge management","1","information and knowledge management (28)"
"2-219","Health IT implementation","1","information management/systems/computerization ambulatory/physician office health information technology (1)"
"2-220","information and knowledge management","1","information practices (1)"
"2-221","Digital research methods","1","information technology evaluation (1)"
"2-222","Health IT implementation","1","information technology health-care evaluation (2)"
"2-223","Health IT implementation","1","information technology healthcare evaluation (7)"
"2-224","Health IT implementation","1","information technology intervention (1)"
"2-225","information transparency with patients","1","information transparency with patients (1)"
"2-226","informative path planning","1","informative path planning (1)"
"2-227","community and stakeholder engagement","1","innovation policy (1)"
"2-228","Health IT implementation","1","innovation, healthcare, national strategy (1)"
"2-229","best basis selection","1","integrated patient-basis analysis (1)"
"2-230","Digital health","1","internet-based health care (1)"
"2-231","information transparency with patients","1","interpretability (121)"
"2-232","cost effectiveness analysis","1","key performance indicators (5)"
"2-233","information and knowledge management","1","knowledge management (55)"
"2-234","cost-benefit analysis","1","labor-saving (1)"
"2-235","Health IT implementation","1","large-scale health service (1)"
"2-236","advance directives","1","legal aspects (4)"
"2-237","healthcare data quality","1","low fidelity (1)"
"2-238","challenges and limitations","1","low-resource institutions (1)"
"2-239","information transparency with patients","1","malpractice litigation (1)"
"2-240","Health IT implementation","1","management in health (1)"
"2-241","cost-benefit analysis","1","manufacturing costs (1)"
"2-242","demand analysis","1","market analysis (2)"
"2-243","marketing of health services","1","marketing of health services (5)"
"2-244","marketing of health services","1","marketing strategies (1)"
"2-245","academic dissemination","1","means of communication (1)"
"2-246","community and stakeholder engagement","1","measuring institutional community engagement (1)"
"2-247","cost effectiveness analysis","1","medical care cost (1)"
"2-248","Healthcare modeling","1","medical decision modeling (1)"
"2-249","cost-benefit analysis","3","health economics (29); medical economics (5); health economic (1)"
"2-250","Healthcare modeling","1","medical perspective (1)"
"2-251","Digital health","1","medication adherence technology (1)"
"2-252","Digital health","1","mental health technology (1)"
"2-253","cost effectiveness analysis","1","methods of economic evaluation (1)"
"2-254","Digital health","1","mhealth effectiveness (1)"
"2-255","Healthcare surveys","1","mhealth sus scores meta-analysis (1)"
"2-256","cost effectiveness analysis","1","mhealth, cost-effectiveness (1)"
"2-257","Digital health","1","mhealth, informed consent, smartphone, cell phone, mobile applications, privacy, research ethics (1)"
"2-258","Digital health","1","mhealth, prevention (1)"
"2-259","Digital research methods","1","mobile surveys (1)"
"2-260","good simulation practice","1","modeling methodologies (1)"
"2-261","Healthcare modeling","1","models, algorithmic fairness, calibration, model bias, cardiovascular disease, osteoporosis (1)"
"2-262","adoption decision process","1","multi criteria decision making (2)"
"2-263","Healthcare modeling","1","multi-appointment scheduling problems (1)"
"2-264","multi-criteria decision-making","1","multi-criteria decision-making (3)"
"2-265","evidence-based framework","1","multi-disciplinary approach (1)"
"2-266","dynamic treatment strategies","1","multiple clinical constraints (1)"
"2-267","multi-criteria decision-making","1","multiple criteria decision making (2)"
"2-268","multi-criteria decision-making","1","multiple evaluation indicators (1)"
"2-269","multi-criteria decision-making","1","multiple-criteria decision-making (1)"
"2-270","demand analysis","1","needs and requirements (1)"
"2-271","Healthcare surveys","1","needs assessments (1)"
"2-272","normalized discounted cumulative gain","1","normalized discounted cumulative gain (1)"
"2-273","nursing classifications","1","nursing classifications (1)"
"2-274","good simulation practice","1","off-policy evaluation (1)"
"2-275","offline policy evaluation","1","offline policy evaluation (1)"
"2-276","multi-criteria decision-making","1","oncology clinical decision making (1)"
"2-277","competency framework","1","organizational compliance (1)"
"2-278","information and knowledge management","1","organizational efficiency (3)"
"2-279","information and knowledge management","1","organizational index (1)"
"2-280","information and knowledge management","1","organizational innovation (36)"
"2-281","Healthcare surveys","2","outcome assessment, health care (78); outcome and process assessment, health care (31)"
"2-282","Healthcare surveys","1","outcome assessment/health care (1)"
"2-283","evidence-based framework","1","pandemic preparedness and response (1)"
"2-284","community and stakeholder engagement","1","participant inclusivity (1)"
"2-285","information transparency with patients","1","participatory disease surveillance (1)"
"2-286","community and stakeholder engagement","1","patient and community engagement (1)"
"2-287","community and stakeholder engagement","1","patient and family engagement (1)"
"2-288","community and stakeholder engagement","1","patient and stakeholder engagement (2)"
"2-289","healthcare education","1","patient coaching (1)"
"2-290","information transparency with patients","1","patient decision making (3)"
"2-291","community and stakeholder engagement","1","patient- and community-engaged research (1)"
"2-292","Healthcare surveys","1","patient-centered outcomes measurement (1)"
"2-293","Healthcare surveys","1","patients’ judgment (1)"
"2-294","contingent valuation","1","payment evaluation (1)"
"2-295","Healthcare modeling","1","personalized diagnosis (2)"
"2-296","information and knowledge management","1","personalized recommendations (2)"
"2-297","persuasive health technology","1","persuasive health technology (1)"
"2-298","cost effectiveness analysis","1","pharmaceutical economics analysis (1)"
"2-299","Healthcare surveys","1","pharmacy service quality (1)"
"2-300","evidence-based framework","1","policy recommendations (1)"
"2-301","evidence-based framework","1","policy-relevant research (1)"
"2-302","offline policy evaluation","1","policymaker (2)"
"2-303","Healthcare modeling","1","potentially preventable hospitalizations, medical informatics (1)"
"2-304","Health IT implementation","1","practical feasibility (1)"
"2-305","good simulation practice","1","practical guidelines (1)"
"2-306","Healthcare modeling","1","practice analytics (2)"
"2-307","evidence-based framework","1","practice guidelines as a topic (1)"
"2-308","healthcare education","1","preferences for training delivery methods (1)"
"2-309","Digital health","1","preventive health screenings (1)"
"2-310","ergonomic risk evaluation","1","preventive measures (1)"
"2-311","cost-benefit analysis","1","price difference (1)"
"2-312","multi-criteria decision-making","1","prioritisation (1)"
"2-313","multi-criteria decision-making","1","prioritization criteria (1)"
"2-314","probabilistic analysis","1","probabilistic analysis (1)"
"2-315","probabilistic analysis","1","probabilistic decision modelling (1)"
"2-316","information transparency with patients","1","professional-patient relationship, professional guidelines (1)"
"2-317","Healthcare modeling","1","prognostics and health management (1)"
"2-318","balancing strategies","1","prompting strategy (2)"
"2-319","cost effectiveness analysis","1","provider reimbursement (1)"
"2-320","provider shortages","1","provider shortages (1)"
"2-321","contingent valuation","1","public preferences (2)"
"2-322","academic dissemination","1","publication trends (1)"
"2-323","healthcare data quality","2","quality assurance, health care (50); quality assurance/health care (2)"
"2-324","healthcare data quality","1","quality principles (2)"
"2-325","multi-criteria decision-making","1","radiation therapy preference based decisions (1)"
"2-326","demand analysis","1","rate of change (1)"
"2-327","real-world effectiveness","1","real-world effectiveness (1)"
"2-328","good simulation practice","1","recommended practices (1)"
"2-329","recommender algorithm","1","recommender algorithm (1)"
"2-330","community and stakeholder engagement","1","recruiter engagement (1)"
"2-331","competency framework","1","recruitment and retention (5)"
"2-332","challenges and limitations","1","regulatory challenges (1)"
"2-333","Health IT implementation","1","rehabilitation technology (1)"
"2-334","good simulation practice","1","research best practices (1)"
"2-335","Digital research methods","1","research practices (1)"
"2-336","normalized discounted cumulative gain","1","residual attention (1)"
"2-337","balancing strategies","1","resource optimization (2)"
"2-338","cost-benefit analysis","1","resource usage analysis (1)"
"2-339","healthcare equity","1","responsible innovation in health (2)"
"2-340","ergonomic risk evaluation","1","risk evaluation mitigation strategy (1)"
"2-341","probabilistic analysis","1","risk formats (1)"
"2-342","risk reducing mastectomy","1","risk reducing mastectomy (1)"
"2-343","Healthcare surveys","1","risk stratification, dementia (1)"
"2-344","ergonomic risk evaluation","1","risk-assessment (1)"
"2-345","healthcare data quality","1","rwd quality recommendations (1)"
"2-346","good simulation practice","1","safe practice (1)"
"2-347","provider shortages","1","safety net providers (6)"
"2-348","ergonomic risk evaluation","1","safety, checklists (1)"
"2-349","attribute-based access control policies","1","security mechanisms (1)"
"2-350","cost-benefit analysis","1","service price (1)"
"2-351","demand analysis","1","service pricing (1)"
"2-352","persuasive health technology","1","smoking/harm reduction (1)"
"2-353","multi-criteria decision-making","1","soft-decision strategy (1)"
"2-354","specific health guidance","1","specific health guidance (1)"
"2-355","specific health guidance","1","specific setting recommendations (1)"
"2-356","probabilistic analysis","1","speech understanding (1)"
"2-357","community and stakeholder engagement","1","stakeholder relations (1)"
"2-358","demand analysis","1","stated preference (1)"
"2-359","contingent valuation","1","stated preference methods (1)"
"2-360","specific health guidance","1","strategies and guidelines (1)"
"2-361","Digital health","1","supportive technology (1)"
"2-362","multi-criteria decision-making","1","surgery-related decision making (1)"
"2-363","surveillance metrics","1","surveillance metrics (1)"
"2-364","community and stakeholder engagement","1","sustainable development (2)"
"2-365","community and stakeholder engagement","1","sustainable development goals (8)"
"2-366","community and stakeholder engagement","2","sustainable tourism (1); sustainable health care (1)"
"2-367","Healthcare modeling","1","sustainable kidney care (1)"
"2-368","budget impact analysis","1","switch costs (1)"
"2-369","Digital health","1","symptom monitoring (10)"
"2-370","Healthcare modeling","1","system analysis, smart homes for health care services (1)"
"2-371","systematic screening","1","systematic screening (1)"
"2-372","adoption decision process","1","systems acceptance and use (1)"
"2-373","healthcare education","1","teaching/learning strategies (1)"
"2-374","healthcare delivery intervention development","1","team-based care delivery (1)"
"2-375","challenges and limitations","1","technical barriers (1)"
"2-376","persuasive health technology","1","technology acceptability (1)"
"2-377","adoption decision process","2","technology adoption model (2)"
"2-378","Digital health","1","technology and health (1)"
"2-379","Digital health","1","technology interventions (1)"
"2-380","terminology change analysis","1","terminology change analysis (1)"
"2-381","systematic screening","1","testing strategies (1)"
"2-382","persuasive health technology","1","tobacco harm reduction (1)"
"2-383","healthcare data quality","1","total quality of services (1)"
"2-384","probabilistic analysis","1","transition modeling (1)"
"2-385","probabilistic analysis","1","transition rates (1)"
"2-386","healthcare delivery intervention development","1","transition, ehr, ambulatory, prescribing safety (1)"
"2-387","academic dissemination","1","translation and dissemination (1)"
"2-388","dynamic treatment strategies","1","tuberculosis diagnosis and management (8)"
"2-389","healthcare delivery intervention development","1","university, stepped care, prevention, early intervention, early detection (1)"
"2-390","surveillance metrics","1","us surveillance metrics (1)"
"2-391","ergonomic risk evaluation","1","usability attributes (1)"
"2-392","challenges and limitations","1","usability issues (1)"
"2-393","challenges and limitations","1","usability problems (1)"
"2-394","Digital research methods","1","usability research (1)"
"2-395","multi-criteria decision-making","1","usage decisions (1)"
"2-396","real-world effectiveness","1","use case specific relevance and quality assessment (1)"
"2-397","adoption decision process","1","user acceptability (4)"
"2-398","community and stakeholder engagement","1","user perspectives (4)"
"2-399","cost-benefit analysis","1","utility analysis (1)"
"2-400","surveillance metrics","1","utility metric (1)"
"2-401","multi-criteria decision-making","1","utility metrics (1)"
"2-402","dynamic treatment strategies","1","vaccination strategies (1)"
"2-403","specific health guidance","1","vaccine decision-making (1)"
"2-404","vaccine prioritization","1","vaccine prioritization (1)"
"2-405","vaccine prioritization","1","vaccine uptake (2)"
"2-406","healthcare data quality","1","validity and reliability (1)"
"2-407","cost-benefit analysis","1","value estimation for offered tools and services (1)"
"2-408","adoption decision process","1","value-based adoption model (2)"
"2-409","multi-criteria decision-making","1","values and preferences and decision analysis (1)"
"2-410","Digital health","1","video visit, outpatient care, disturbance, perceived limitation, telemedicine, telehealth, ethnography (1)"
"2-411","community and stakeholder engagement","1","website engagement (1)"
"2-412","information and knowledge management","1","work systems (1)"
"3-0","Graph neural networks","359","fuzzy logic (141); graph attention network (46); bayesian networks (36); graph theory (26); heterogeneous network (25); network inference (16); effective connectivity (13); network topology (12); graph attention networks (12); brain connectivity (11); complex networks (11); dynamic bayesian networks (11); heterogeneous information network (11); complex network (10); directed acyclic graph (10)"
"4-0","Healthcare modeling","387","preprocessing (30); landmark detection (20); pose estimation (19); signal quality (18); tumor segmentation (18); artifact removal (13); motion artifacts (9); cardiac segmentation (7); ecg denoising (7); zero-shot (6); source localization (5); liver and tumor segmentation (5); dti prediction (5); breast tumor segmentation (5); image preprocessing (5)"
"5-0","Digital research methods","328","magnetic resonance imaging (329); neuroimaging (68); ultrasound imaging (61); fmri (44); magnetic resonance imaging (mri) (34); image enhancement (32); functional magnetic resonance imaging (26); diffusion tensor imaging (26); brain imaging (25); magnetic resonance spectroscopy (25); positron emission tomography (18); brain mri (17); low-dose ct (16); positron-emission tomography (16); resting-state fmri (16)"
"6-0","Digital health","66","ai adoption (6); clinical dashboard (5); artificial intelligence ethics (3); clinical knowledge graphs (2); clinical knowledge graph (2); clinical decision support systems. (1); digital technology use (1); automatic patient timeline (1); mobile operating system differences (1); medical software adoption (1); personal health record functionalities (1); artificial intelligence adoption (1); computer aided (1); web-based attention (1); informatics supply (1)"
"6-1","information and knowledge management","64","sharing (8); computing (5); information foraging (4); regulatory sandbox (3); enterprise service bus (3); fhir search (2); hints dataset (2); open data kit (2); food information extraction (1); internet of bio-nano things (1); knowledge commons (1); data lake infrastructure (1); ieee 802.15.6 wban (1); health effects of covid-19 measures, infoveillance (1); dymola modeling environment (1)"
"6-2","Digital health","51","virtual care (76); virtual patient (17); virtual patients (12); telenursing (10); video visit (6); virtual staining (5); tele-icu (5); telegram (5); virtual consultation (2); video understanding (2); webcam (2); telework (1); telemedicine solution (1); video consulting (1); remote monitoring work (1)"
"6-3","probabilistic analysis","60","sensor fusion (24); ambient intelligence (15); cameras (12); smart device (5); smartphone data (5); wearable tracker (4); sensor informatics (4); sensor network (4); iot cloud (3); point-of-care ultrasound (3); smart data (3); medical robot (2); smart sensor (2); imu sensors (2); smartphone sensor (2)"
"6-4","Digital research methods","129","retrieval-augmented generation (32); capsule network (26); smart contract (15); retrieval augmented generation (11); functionality (9); prototype learning (7); machine translation (7); multimodal information fusion (6); ai integration (4); prototype network (4); mobilenetv2 (4); transformer network (4); manufacturing (3); automation bias (3); technology diffusion (3)"
"6-5","Digital research methods","20","blockchain technology (11); digital natives (4); security enhancement (1); blockchain adoption (1); privacy leakage (1); wireless notification (1); license-free spectrum (1); security knowledge (1); privacy disease (1); hyperledger fabric blockchain technology (1); usable ai (1); encrypted (1); paillier crypto system (1); secure ai (1); medical it-security (1)"
"6-6","Digital health","74","contact tracing app (9); google bard (6); online questionnaire (5); social media addiction (3); online coaching (3); fitness app (3); digital contact tracing apps (2); app rating (2); nhs apps library (2); online discourse (2); mobile emr (2); digital peer support app (2); app prescription (2); application (app) (2); app feature (2)"
"6-7","Digital health","30","digital divide (134); software agents (4); ibm watson (3); kits21 (2); hecktor21 (1); technology assimilation (1); scribe technology (1); graphics processing unit computing (1); careflow mining (1); computational trust (1); nuclear norm (1); software/utilisation (1); reactive software agent (1); software hisra (1); cnap(®) monitor 500 (1)"
"6-8","Digital research methods","63","dashboard (45); technology use (18); virtual agent (8); information overload (7); developers (5); augmented intelligence (5); ai tools (4); handwritten dynamics (3); virtual community (3); user need (3); technology design (2); wordnet (2); gamify (2); computer peripherals (2); textons (2)"
"6-9","Digital research methods","58","technology (501); visualization (108); link prediction (29); internet hospital (27); user (21); tools (19); internet hospitals (5); web intelligence (4); interface terminology (4); use case (3); user modelling (2); work flow (2); page ranking (2); word cloud (2); bioinformatics courses (2)"
"7-0","Deep learning architectures","76","faster r-cnn (10); cnns (10); bidirectional lstm (7); decoder (5); positive-unlabeled learning (4); cnn-bilstm (3); lstm model (3); densenet201 (2); 3d densenet (2); input embeddings (2); deep matching (2); encoder-decoder structure (2); hybrid features (2); cnn model (2); lstm network (2)"
"7-1","Graph neural networks","54","embeddings (14); graph regularization (7); graph cuts (4); graph kernel (3); graph neural architecture search (2); network feature (2); graph fusion (2); random walks noise (1); adaptive graph convolution (1); heterogeneous graph attention (1); dictionary matching (1); hypergraph embedding (1); the feature and topology graph (1); network embedding representation (1); deep random vector functional link (1)"
"7-2","Deep learning architectures","110","gradient-weighted class activation mapping (7); light gradient boosting machine (4); multimodal transformer (2); adaptive fusion (2); channel-wise attention (2); multi-view features (2); feature exploration (1); predicting spatiotemporal hi-c data (1); feature decoupling (1); efficient pyramidal multi-scale channel attention (1); local information preserving (1); disent-angled representation learning (1); state-of-the-art peptides classification predictor (1); coarse-refined consistency learning (1); cross-modal feature fusion (1)"
"7-3","Deep learning architectures","8","unsupervised domain adaptation (35); source-free domain adaptation (5); multi-source domain adaptation (2); cross-dataset generalization (1); frequency domain learning (1); multi-source unsupervised domain adaptation (1); cross-anatomy domain shift (1); source free domain adaptation (1)"
"7-4","probabilistic analysis","66","segment anything model (13); consistency regularization (7); label correlation (4); label distribution learning (2); filter pruning (2); noisy label (2); network consistency projection (2); intra-layer similarity edges (1); boundary-aware loss (1); averaging computation (1); connected filtering (1); maximum clique (1); feature extraction free (1); shape-prior (1); label alignment (1)"
"7-5","best basis selection","43","orthogonal matching pursuit (2); non-negative sparse coding (2); hyperparameter identification (1); adaptive sparse awareness (1); integer quadratic programmming (1); laplacian interpolation (1); weighted fast compression distance (1); adaptive sparse (1); nonlinear multiple kernels fusion (1); sparse derivative prior (1); grassmann manifold learning (1); polynomial classifier (1); extended kalman smoother (1); d-rbf-pu method (1); kernel adaptive (1)"
"7-6","Time-frequency analysis","54","color feature (2); gabor wavelet (2); image texture (2); fourier transformer (2); newton time extracting wavelet trans form (1); scale-space filter (1); words based color histograms (1); in-phase and quadrature signal (1); twc-windowing (1); genetic optimized median filter (1); dropout noise (1); temporal convolutions (1); projection representation (1); dynamic mode decomposition power (1); echo state networks (1)"
"7-7","Deep learning architectures","78","svm-rfe (6); downsampling (5); stacking classifier (4); ensemble pruning (3); pairwise learning (3); balanced scorecard (3); classifier ensemble (2); similarity searching (2); extra trees classifier (2); xgboost model (2); similarity selection (1); supervised method (1); score-svm-smote (1); factorization machine (1); regression learning (1)"
"7-8","Deep learning architectures","38","neural networks, computer (778); neural architecture search (11); learning to rank (11); neural machine translation (3); network control principles (2); natural language processing* (1); error-detecting codes (1); synthetic data privacy (1); machine learning 2 (1); machine learning systems frontiers (1); transform learning (1); deep learning-based interpolation (1); neural network pipeline (1); deep learning method assessment (1); statistical machine translation (1)"
"7-9","Healthcare modeling","13","mesh morphing (3); spatial pyramid convolution (2); adaptive ellipse template (1); 3d shape completion (1); structurized gridding map (1); coloured stochastic/continous/hybrid petri nets (1); pyramid feature refinement (1); global rotation search (1); point transform correspondence (1); spatial geometry constraint (1); point-wise convolution (1); mesh partition (1); hyper elastic models of lung and lung tumor motion (1)"
"7-10","Deep learning architectures","15","generative adversarial net (2); generative adversarial nets (2); adversarial example (1); general adversarial nets (1); fuzzy c means (1); adversarial noise (1); learning from label fuzzy proportions (1); adversarial discriminative (1); reverse adversarial examples (1); learning with noisyt label (1); adversarial examples detection (1); generative ai paradigm (1); generative ai usage (1); constrained classifier chain (1); fuzzy synchronization likelihood (1)"
"7-11","Deep learning architectures","52","sparse representation (15); zero-shot learning (13); residual learning (8); sparse coding (7); convolutional block attention module (4); hybrid learning (4); deep ensemble (4); adaptive sampling (3); bilinear attention network (3); multimodal generative ai (2); semisupervised (2); unsupervised method (2); deep multiscale supervision (2); adaptive feature (2); conditional layer normalization (1)"
"8-0","Knowledge distillation","25","knowledge distillation (68); meta-synthesis (10); self-distillation (5); distillation (3); model distillation (2); multi-modal distillation (1); self-distillation mechanism (1); cross-modal distillation (1); multi scale feature distillation (1); multi-task distillation (1); ensemble distillation (1); feature filtering distillation (1); feature distillation (1); features distillation (1); hyper distillation (1)"
"8-1","multi-criteria decision-making","26","process optimization (6); co-production (6); operational efficiency (5); master protocol (3); laser powder bed fusion (3); seamless texture synthesis (1); medical product lifecycle (1); double diamond design process (1); fusion process (1); 3d−qsar (1); 3d matting (1); computer-aided synthesis planning (1); cross-conversion (1); droplet evaporation (1); additive manufacture (1)"
"8-2","systematic screening","66","macromolecular substances (33); oxidation-reduction (8); separation and purification (7); chromatography, high pressure liquid (5); source separation (4); molecular fingerprints (4); chromatography (4); thermogram (4); doubly labeled water (3); phase separation (3); methyl ethers (3); electrophoresis, capillary (3); spectrometry, fluorescence (3); inert gas supersaturation (2); duplex sequencing (2)"
"8-3","Drug design","77","drug design (97); microfluidics (15); pharmacophore (14); biocatalysis (7); cell separation (5); reusability (5); biosensing (3); molecular featurization (3); biomedical instrumentation (3); luminescent proteins (2); economic stability (2); bioreactors (2); bioheat transfer (2); antibacterial activity (2); dielectrophoresis (2)"
"8-4","Time-frequency analysis","50","optical flow (15); optical spectroscopy (14); nanocrystallography (9); surface properties (4); dry electrode (2); nanorobots (2); thick film sensors (1); fluid biosensors (1); go/no-go (1); conductive textile (1); micron-sized particles (1); surface features (1); piezoelectric ceramic sensor array (1); carbon nanotube textile sensor (1); surface reflection removal (1)"
"8-5","Deep learning architectures","28","swin transformer (17); living labs (3); electric power supplies (2); nebulizers and vaporizers (2); wiener filter (2); gnns (2); swin transformers (2); multi-type detectors (1); slimmable transformer (1); mlp-mixer (1); teflon (1); filter bank (1); bevel-tipped (1); one-stage detector (1); wiener postfilter (1)"
"8-6","good simulation practice","10","petri nets (7); petri net (2); coloured petri nets (1); batchformer (1); region graph distillation (1); petri-net (1); net decomposition (1); backtracking process (1); batch sources (1); associative petri net (1)"
"8-7","Digital research methods","124","blogging (18); blended treatment (8); extract (6); quaternion (6); reuse (5); edible grain (5); disinfection (4); filter banks (4); particle filter (4); malware (3); material decomposition (3); particle filtering (3); iso/ieee 11073 (3); solutions (3); cytophotometry (2)"
"8-8","Digital research methods","29","optical flow (15); optical spectroscopy (14); ultra-low power (2); needle-free injection (2); jet injection (1); optical deposition (1); selective laser melting (1); air puff (1); led light (1); noncontact (1); passive auto-focusing (1); cds characterization (1); angled helical injection (1); photo recognition (1); synthetic mri generation (1)"
"8-9","Laboratory methods","16","analytical solution (2); equipment reuse (1); bath stirring (1); disinfect (1); pneumatic tube system (1); capillary system (1); dishes (1); dropbox (1); dropblock (1); ruby on rails (1); hygroscopic growth (1); beaker (1); turbid media (1); locker box (1); antismash (1)"
"9-0","real-world effectiveness","442","evaluation (296); benchmarking (179); reliability (120); validity (91); program evaluation (90); psychometrics (81); needs assessment (54); usability testing (49); quality assurance (45); performance evaluation (38); external validation (31); usability evaluation (31); metrics (27); expert system (21); data quality assessment (18)"
"10-0","Time-frequency analysis","115","ecg classification (19); arrhythmia detection (15); heartbeat classification (12); ecg signal (12); electrocardiograms (10); arrhythmia classification (8); electrocardiographic imaging (7); ecg signals (6); cardiac monitoring (5); single-lead ecg (5); 12-lead ecg (5); heartbeat detection (5); 12-lead electrocardiogram (4); vectorcardiography (4); qrs detection (4)"
"10-1","Time-frequency analysis","45","eeg signal (8); eeg classification (7); extracellular recording (6); eeg decoding (3); electroencephalograph (3); rest-activity rhythm (2); epileptic eeg signal classification (2); non-invasive eeg (2); eeg data (2); ear-eeg (2); cmap scan (2); electroencephalogram (eeg) compression (2); eeg generation (2); abnormal eeg corpus (1); mi-eeg (1)"
"10-2","Time-frequency analysis","19","phonocardiogram (22); heart sound (16); phonocardiogram (pcg) (5); heart sound classification (4); heart sound segmentation (4); cervical auscultation (3); phonocardiogram signal (1); heart sound capture (1); intelligent phonocardiogram (1); phonocardiography signals (1); phono cardiography (1); phonocardiographic signal (1); phonocardiographic signal (pcg) (1); heart timing signal (1); capacitive ecg (cecg) (1)"
"10-3","Digital health","47","lung ultrasound (12); heart rate estimation (8); respiration monitoring (5); heart rate monitoring (5); ecg-derived respiration (3); respiratory sound classification (3); respiratory rate estimation (3); respiratory signal (3); cardiopulmonary signals (2); heart rate complexity (2); ecg signal classification (2); nasal pressure signal (2); heart rate detection (2); lung sound recognition (2); hpt ecg signal classification (1)"
"10-4","Digital health","15","blood pressure determination (10); blood pressure monitoring, ambulatory (6); arterial pulse waveform (2); cuffless blood pressure estimation (2); heart monitoring (1); bp monitoring (1); arterial pressure waveform (1); oscillometric waveform (1); fractional integral (1); heart monitor (1); ecg monitor (1); dtav measurement (1); blood pressure (bp) waveform (1); glucose time series (1); blood pressure waveform (1)"
"10-5","Laboratory methods","5","ballistocardiography (11); ballistocardiogram (10); ballistocardiograms (2); electroenceph- alography (1); ballistocardiographic (bcg) signal (1)"
"10-6","Pulse waveform analysis","24","pulse waveform (3); pulse signal (3); pulse wave (2); pulse rate estimation (2); photoplethysmographic waveform (1); unsteady characteristic loop (1); csf velocity waveform (1); pulse wave decomposition (1); photoplethysmographic(ppg) signal (1); pulse rate detection (1); ppg signals (1); photoacoustic signal of blood glucose (1); pulsewatch (1); impedance compensation (1); flow waveform (1)"
"10-7","Cardiac mapping","35","vectorcardiography (4); cardiac mapping (3); intracardiac electrogram (2); electrophysiologic techniques, cardiac (2); intracardiac electrograms (1); myocardial strain mapping (1); two lesions with changed repolarization (1); synthetic atrial electrograms (1); electrophysiology mapping (1); pulmonary artery–vein separation (1); cardiac activation mapping (1); dilated dense block (1); mechanical dyssynchrony (1); epicardial mapping (1); t wave pseudonormalisation (1)"
"10-8","Cardiac mapping","19","body surface potential mapping (5); phonocardiogram (pcg), (1); emg data (1); emg decoding (1); f-wave extraction (1); semg signals (1); heart rate tracking (1); emg decomposition (1); surface electromyography decomposition (1); body surface potential signals (1); electromyography signals (1); heart rate band (1); surface emg signal (1); ecg/eeg signal compression (1); semg/force relationship (1)"
"10-9","Time-frequency analysis","7","fetal ecg (5); fetal ecg extraction (2); fetal heart rate recording (1); fetal scalp electrode (1); uterine activity monitoring (1); fetal heart rate estimation (1); fetal ecg analysis (1)"
"10-10","Cardiac mapping","21","electrocardiographic imaging (7); electrical impedance tomography (6); vectorcardiography (4); cardiac mr (3); electrogastrography (2); multi-channel electrohysterogram (1); spatial resolution of ecg (1); echo chamber effect (1); cardiac multi-point monitoring (1); personalized electrocardiography (1); ecg telemonitoring (1); radar-based cardiac signal (1); oscillometric waveform (1); real-time cardiac monitoring (1); wavefront sensing (1)"
"11-0","Post-transcriptional regulation","64","rna, messenger (134); alternative splicing (106); rna, untranslated (43); rna, viral (16); rna processing, post-transcriptional (9); rna, ribosomal (8); rna modification (8); m6a (8); alternative polyadenylation (6); rna modifications (4); circrna-mirna interaction (3); rna, small nucleolar (3); rna processing (3); a-to-i rna editing (3); m6a modification (2)"
"11-1","Laboratory methods","36","amino acid substitution (18); catalytic domain (16); sequence homology, nucleic acid (12); consensus sequence (11); dna sequence (10); repetitive sequences, amino acid (5); dna-binding residues (4); dna footprinting (4); nuclear export signals (3); polyproteins (3); dna sequences (3); dna motif (2); translation initiation site (2); endodeoxyribonucleases (1); amino acid substitutions (1)"
"11-2","Gene editing","37","gene editing (35); gene targeting (32); plasmids (20); genetic vectors (13); synthetic lethal mutations (12); mutagenesis (11); mutagenesis, insertional (10); zinc finger nuclease (7); crispr/cas9 (6); homologous recombination (6); tal effector nuclease (5); crispr-cas9 (5); transfection (4); sirna (4); gene deletion (3)"
"11-3","Post-translational modifications","75","protein biosynthesis (20); isotope labeling (13); protein function (10); protein purification (7); disulfides (7); protein sorting signals (7); peptide synthases (5); polyketide synthases (5); succinylation (4); peptide mapping (4); receptor binding domain (rbd) (2); lysine lactylation (2); protein post-translational modification (2); lactylation (2); multi-label protein subcellular localization (2)"
"11-4","Post-translational modifications","11","sars-cov-2 main protease (3); e17k (1); ns5-mtase (1); sars-cov-2 phosphorylation sites (1); allosteric site-forming residues (afrs) (1); nucleocapsid c terminal domain (n-ctd) (1); usp7 (1); viral helicase nsp13 (1); nsp1 (1); e484k (1); virus mutation (1)"
"11-5","Gene editing","17","plasmids (20); genetic vectors (13); mice, transgenic (11); expressed sequence tags (11); mice, knockout (9); transfection (4); electrophoresis, gel, two-dimensional (3); six-frame translation (2); vector transformation (1); ncrna transcription (1); heterologous expression (1); plants, genetically modified (1); 3-frame cdna library (1); lineage tracing (1); multilabel mrna subcellular localization (1)"
"11-6","Laboratory methods","24","dual-domain (4); tf-idf (3); sequence tagged sites (2); sequence labeling (2); cryo-et (2); tad boundary (2); s-box (1); heat shock (1); alanine scanning (1); adapter ligation (1); chromatography, affinity (1); sequence forward selection (1); top-down tandem mass spectra (1); short linear motifs (slims) (1); protein kinase tagging (1)"
"13-0","multi-criteria decision-making","423","genetic algorithm (76); particle swarm optimization (37); multi-objective optimization (28); extreme gradient boosting (25); bayesian optimization (21); global optimization (15); evolutionary algorithms (15); evolutionary algorithm (14); k-nearest neighbors (13); hyperparameter optimization (13); whale optimization algorithm (9); multiobjective optimization (7); parameter-efficient fine-tuning (6); multiphase optimization strategy (6); expectation maximization (6)"
"14-0","Graph neural networks","79","protein structure, secondary (99); protein structure, tertiary (66); position-specific scoring matrices (40); protein language models (17); secondary structure (10); position-specific scoring matrix (5); structural similarity (4); protein 3d structure (4); folding type (2); position specific scoring matrix (2); computational prediction models (2); structural similarity loss (2); 3d alignment (2); protein large language models (1); bigram position specific scoring matrix (1)"
"14-1","Sequence alignment","66","sequence alignment (469); multiple sequence alignment (12); sequence homology (11); phylogenetic tree (10); sequence similarity (5); local alignment (3); progressive alignment (2); sequence model (2); phylogenetic relationship (2); sequence-based (2); pairwise sequence alignment (2); orthology (2); remote homology detection (2); similar structure analysis (1); sequence models (1)"
"14-2","Sequence alignment","89","protein function prediction (27); protein structure prediction (19); protein function predictions (13); epitope prediction (12); functional annotation (11); epitope mapping (5); contact prediction (4); peptide prediction (4); pathogenicity prediction (4); mutation prediction (4); in silico prediction (4); protein function annotation (3); enzyme function prediction (3); functional similarity (3); sequence-based prediction (3)"
"14-3","Sequence alignment","25","genome annotation (13); automatic annotation (2); manual annotation (2); nucleotide-level prediction (1); orf prediction (1); annotation quality (1); automated alignment (1); regulatory annotations (1); missing annotations (1); marker gene identification (1); protein annotation (1); auto-annotation (1); preliminary ranking list (1); de novo prediction (1); genome-guided assembly (1)"
"14-4","Graph neural networks","32","rna secondary structure prediction (6); mirna prediction (1); rna alignment (1); rna multimer structure prediction (1); nucleic acid binding site prediction (1); circrna functional similarity (1); rna–rna interaction prediction (1); rna folding prediction (1); pre-mirna prediction (1); m6a site prediction (1); circrna subcellular localization prediction (1); rna modification prediction (1); mirna similarity (1); lncrna prediction tools (1); rna secondary structure alignment (1)"
"14-5","Deep learning architectures","16","epitope prediction (12); epitope mapping (5); in silico cloning (5); deep mutational scanning (2); antibody structure prediction (1); somatic variant databases (1); epitope prediction algorithms (1); antigenic distance (1); immunogenicity prediction (1); t-cell epitope prediction (1); detection and prediction (1); antigen prediction (1); feature analysis and prediction (1); eliminating false-positive variants (1); direct prediction (1)"
"14-6","Drug design","21","drug-target interaction prediction (8); drug-target prediction (4); interaction prediction (4); property prediction (3); protein solubility prediction (2); drug-target affinity prediction (2); pharmacophore fingerprint (1); target-specific scoring functions (1); drug-pathway association prediction (1); ligand similarity search (1); peptide toxicity prediction (1); rna-based computing (1); drug functional similarity (1); compound–target interaction prediction (1); drug-protein interaction prediction (1)"
"14-7","Sequence alignment","13","phage host prediction (2); host prediction (1); phage lifestyle prediction (1); phage classification (1); phage lifestyle classification (1); secreted protein prediction (1); phage prediction (1); unique metagenomic genes (1); amr gene prediction (1); unknown ppi prediction (1); virulence factor prediction (1); protein secretion prediction (1); antibiotic peptide prediction (1)"
"14-8","Sequence alignment","20","protein sequence classification (5); motif prediction (2); transport protein classification (1); dual-target protein sequence design (1); protein domain retention (1); genomic signal processing (1); motif identification (1); motif discovery algorithms (1); motif structure (1); protein motif detection (1); domain class (1); domain architecture (1); simpath algorithm (1); rna family database (1); protein subfamily (1)"
"14-9","Sequence alignment","32","amino acid sequence (322); conserved sequence (43); amino acid motifs (36); sequence homology, amino acid (34); protein sequence (16); sequence features (6); protein sequences (4); protein sequencing (4); sequence information (3); protein encoding (2); predicted protein structure (2); dna sequence classification (2); sequence modeling (1); protein structure and sequences (1); amino acid bias (1)"
"15-0","Health IT implementation","404","artificial intelligence (ai) (51); electronic health record (ehr) (46); brain-computer interface (bci) (33); electronic health records (ehr) (24); brain–computer interface (bci) (18); clinical decision support system (cdss) (17); internet of things (iot) (15); ecological momentary assessment (ema) (11); clinical decision support systems (cdss) (9); internet of medical things (iomt) (9); brain computer interface (bci) (8); short message service (sms) (8); health information technology (hit) (7); neural networks (computer) (6); health information exchange (hie) (6)"
"16-0","Health IT implementation","38","medical concept normalization (8); ai implementation (8); design science (7); task-technology fit (5); question answering systems (2); scientific hypothesis generation (2); medical ai governance (1); research culture (1); clinical concept embedding (1); symptom name recognition (1); question-and-answer service (1); clinical knowledge transformation (1); mixed/augmented reality (1); chinese medical question matching (1); role definition (1)"
"16-1","Digital research methods","42","dialogue system (5); argument mining (3); interview, psychological (3); narratives (3); factual (2); question answering systems (2); participant observation (2); message testing (1); dialogue script (1); dialog generation (1); message format (1); fact implementation (1); spanish-english cross-language text classification (1); dialog act modeling (1); research theme (1)"
"16-2","Deep learning architectures","53","context-aware (10); human-centered ai (8); context awareness (6); context-awareness (4); context modeling (3); context aggregation (2); inclusive language (2); context driven (2); communication methods (2); context features (2); context information (2); user-centred explainable ai (1); human-technology interaction factors (1); role-based access control (1); multi-perspective process mining (1)"
"16-3","academic dissemination","53","team science (83); mentoring (42); experience (38); teaching (23); congresses as topic (20); education, distance (16); experience sampling (15); distance education (9); shared task (6); residency (4); resident (4); collaborative tagging (2); researcher education (2); learning ecosystem (2); learning cycle (2)"
"16-4","persuasive health technology","61","mindfulness (88); continuance intention (11); behavior change wheel (9); physical distancing (9); social robot (3); persuasiveness (2); social control, informal (2); loyalty cohort (2); mind maps (2); quantified selfers (1); sentiment evolution (1); self-similar supervision loss (1); abstaining classifier (1); intention decoding (1); technology-use mediation (1)"
"16-5","Deep learning architectures","79","training (139); domain adaptation (87); topic modelling (12); instruction tuning (7); concept drift (5); understanding (5); feedback, psychological (5); domain adaptive (3); eating detection (2); topics distribution (2); dream-global (2); behaviour modelling (2); paradigm shift (2); topic mining (2); u-net model (2)"
"16-6","Digital health","42","cost-sensitive learning (6); privacy paradox (3); inclusive language (2); gender-affirming care (2); digital disability divide (2); research participation willingness (2); consent effectiveness (1); consumers’ (1); institutional logic (1); hash conflict detection (1); appropriability regime (1); hospital-centric language (1); nonadoption, abandonment, and challenges to the scale-up, spread, and sustainability framework (1); uncertain demand (1); reasonableness test for life-critical sdm (1)"
"16-7","information and knowledge management","20","knowledge translation (40); knowledge synthesis (4); knowledge fusion (3); knowledge injection (2); knowledge mobilization (2); personal knowledge graphs (2); knowledge infusion (1); knowledge-enhanced model (1); knowledge aggregation (1); knowledge points (1); knowledge validation (1); knowledge-aided (1); knowledge reconstruction (1); knowledge-based potential (1); expert knowledge augmentation (1)"
"16-8","community and stakeholder engagement","42","facilitators (40); trustworthy ai (7); discussion board (2); efficiency organizational (2); narrative network (1); marketing mix (1); health topic familiarity (1); credibility indicator (1); participant key purpose (1); constituency tree (1); stated preference modelling (1); researcher opinion (1); personomics (1); organizational mining (1); researcher communities (1)"
"16-9","Health IT implementation","61","information need (3); innovation diffusion (3); preparatory tool (2); teamstepps (2); psychotherapy training (2); appointment template (2); online control center (1); journal flipping (1); fallback options (1); safety assurance factors for electronic health record resilience (1); decision assisting (1); patient experience mining (1); skip-change unit (1); team-based service demands (1); team health it (1)"
"17-0","Graph neural networks","34","graph contrastive learning (33); metric learning (16); graph learning (13); graph structure learning (4); geometric graph learning (2); graph-based learning (2); connection-sensitive graph learning (1); partition-level similarity learning (1); rank-based learning (1); sparse attention learning (1); global topology learning (1); graph-agnostic meta-training (1); class-imbalance learning (1); asymmetric graph contrastive learning (1); graph embedding learning (1)"
"17-1","Deep learning architectures","39","meta-learning (33); self-paced learning (3); transfer-learning (3); inductive transfer learning (2); active transfer learning (2); meta-transfer learning (2); contextual learning (2); self-regulated learning (2); 2d-to-3d transfer learning (1); attribute-enhanced learning (1); two-stage learning (1); cross-domain learning (1); many-shot in-context learning (1); rapid learning (1); feedback error learning (1)"
"17-2","Contrastive learning","15","contrastive learning (207); contrastive representation learning (2); momentum-based contrastive learning (1); dual self-supervised learning (1); structure-enhanced contrastive learning (1); dual-hop learning (1); self-supervised contrastive learning (1); multimodal contrastive learning (1); prototypical learning (1); contrastive multi-view learning (1); prototypical contrastive learning (1); joint contrastive learning (1); self-supervised representation learning (1); contrastive self-supervised learning (1); prototypical feature learning (1)"
"17-3","Contrastive learning","33","multi-task learning (141); multimodal learning (43); multiple instance learning (40); problem-based learning (26); multi-view learning (17); multi-instance learning (8); multiple-instance learning (5); multimodal representation learning (3); multi-objective learning (2); multi-view contrastive learning (2); multi-agent reinforcement learning (2); multi-view transfer learning (1); dynamic distance learning (1); vision-language representation learning (1); multi-view joint learning (1)"
"17-4","Class-incremental learning","5","class-incremental learning (5); task-incremental learning (1); domain-incremental learning (1); heterogeneity-resilient federated learning (1); few-shot class-incremental learning (1)"
"17-5","Deep learning architectures","18","distributed learning (10); probability learning (3); mutual learning (3); evidential deep learning (3); cooperative learning (3); dynamic learning (2); inverse reinforcement learning (2); uncertainty aware learning (1); probabilistic linguistic fuzzy cognitive maps (1); context aware computing (1); inductive learning (1); deep evidential learning (1); fuzzy three-valued logic (1); probabilistic learning (1); probabilistic symbolic pattern recognition (1)"
"17-6","Contrastive learning","24","representation learning (95); dictionary learning (10); feature representation learning (6); semantic learning (2); generative learning (2); latent representation learning (2); model learning (1); low-dimensional representation learning (1); combining hierarchical prior knowledge (1); embedding learning (1); context feature learning (1); generalized representation learning (1); learning latent representations (1); network representation learning (1); discrete representation learning (1)"
"17-7","Contrastive learning","17","rule learning (3); sequence learning (3); dual-view representation learning (2); sequence-to-sequence learning (2); pattern learning (2); metric transfer learning (1); kiss metric learning (1); sequential patch learning (1); geometric-order-learning (1); spatial-channel domain learning (1); temporal feature learning (1); time-series contrastive learning (1); time-aware representation learning (1); brain representation learning (1); spatial correlations and global context learning (1)"
"17-8","Contrastive learning","30","multitask learning (42); subspace learning (4); multilabel learning (3); virtual adversarial training (3); swarm learning (3); sparse learning (2); noisy label learning (2); sparse subspace learning (2); multiscale deep supervision (1); multiple adversarial learning (1); dynamic embedding learning (1); robust representation learning (1); multilevel adversarial learning (1); dynamic ensemble learning (1); mutual consistency learning (1)"
"17-9","privacy-preserving clustering","1","privacy-preserving clustering (1)"
"17-10","Causal learning","3","causal learning (3); causal structure learning (2); causal graph learning (1)"
"17-11","Deep learning architectures","25","neural decoding (12); distance learning (9); q-learning (6); adaptive learning (6); shallow learning (4); auxiliary learning (2); fast learning (1); fine-grained degradation learning (1); content-noise complementary learning (1); multi view learning (1); constraint-based learning (1); small data learning (1); structural learning (1); scribble-supervised learning (1); hippo-guided learning (1)"
"17-12","Contrastive learning","2","medical cross-modal learning (1); breast cancer. machine learning. image processing. structured literature review. deep learning (1)"
"18-0","Digital health","444","umls (39); hl7 fhir (36); finance (20); i2b2 (20); national library of medicine (u.s.) (19); all of us research program (18); laboratories (17); uk biobank (15); biobank (13); european health data space (12); university (12); rnn (11); medical ai (10); research infrastructure (10); funding (10)"
"19-0","Graph neural networks","32","multiresolution (2); 3d point cloud (2); point clouds (2); parallel convolutions (1); mapped local binary patterns (1); 3d multi-conformational surface point cloud (1); semi-isotropic architecture (1); texture-less surfaces (1); multi-dimensional cfd framework (1); 3d multi-edge overlapping (1); uniform local binary pattern (1); volume tree representation (1); point cloud structures (1); three-dimensional point cloud (1); synthetic image elements (1)"
"19-1","Graph neural networks","92","graph embedding (34); graph transformer (17); network embedding (13); knowledge graph embedding (12); sequential pattern mining (9); graph mining (8); abstraction network (7); graph representation (5); similarity network fusion (5); graph classification (5); graph embeddings (4); multilayer network (4); network fusion (4); heterogeneous network embedding (3); network algorithm (3)"
"19-2","attribute-based access control policies","52","encryption (20); adversarial attack (9); auto-encoder (8); secure multi-party computation (7); attribute-based encryption (6); multitasking (4); hash function (4); adversarial attacks (3); deep hashing (3); ciphertext-policy attribute-based encryption (2); fasttext (2); predication-based semantic indexing (2); multi-level privacy preserving (1); order-preserving encryption (1); feature multiplexing (1)"
"19-3","Graph neural networks","93","large language models (434); semantics (335); word embeddings (33); topic models (11); fractals (7); transformer models (7); transformer networks (6); contextualized word embedding (4); semantic embedding (4); event sequence (3); semantic rules (3); symbolic sequences (2); multi-granularity (2); cross-transformer (2); sentence embeddings (2)"
"19-4","Deep learning architectures","42","multi-information fusion (8); service-oriented architecture (8); hybrid architecture (4); open-set recognition (2); service oriented architecture (2); hierarchical retrieval-augmented generation (1); model-driven architecture (1); multi-branch framework (1); meta-learner (1); profile-based fuzzy association rule mining (1); attribute-based access control (1); multi-front-end framework (1); neuromorphic encoding (1); control systems engineering (1); self-memory algorithm (1)"
"19-5","Deep learning architectures","136","multi-scale fusion (14); fine-grained classification (8); multi-scale representation (5); distributed representation (5); multi-scale attention (5); complex adaptive systems (4); multi-channel fusion (3); spatiotemporal dynamics (3); multimodal single-cell (2); multi-view information fusion (2); multi-dimensional (2); multi-target domain adaptation (2); multi-layer fusion (2); multi-view classification (2); large vision-language models (2)"
"19-6","Multi-agent systems","47","multi-agent systems (11); induced-fit docking (2); hybrid architectures (2); domain model (2); stacking model (2); tree-structured intermediate representation (1); layered architecture (1); aggregation and reasoning scheme (1); dual-branch structure (1); mcnpx code (1); protein folding framework (1); low-dimensional disease representation (1); image-based molecule representation (1); asymmetric alignment (1); self-ensembling model (1)"
"19-7","Digital research methods","176","arden syntax (11); noisy labels (7); template matching (6); time-series forecasting (5); extract-transform-load (5); network-based inference (4); model-driven development (3); k-anonymity (3); multi-class (3); cross-mapping (2); single-sample network (2); multi-view clustering (2); model-driven engineering (2); multi-verse optimizer (2); efficientnet-b3 (2)"
"19-8","Fuzzy logic methods","24","intuitionistic fuzzy set (3); fuzzy rules (2); intuitionistic fuzzy sets (2); fuzzy logic concept (1); metric system (1); m-polar fuzzy set (1); soft-label information (1); pythagorean fuzzy sets (1); fuzzy rule-based (1); multi-discriminator (1); rule based (1); boolean logic gate (1); logarithmic market scoring rules (1); inductive logic programming (1); interactive fuzzy linguistic term set (1)"
"20-0","Deep learning architectures","352","feature selection (418); feature extraction (235); feature fusion (122); semantic segmentation (54); multi-scale feature fusion (14); recursive feature elimination (9); multi-feature fusion (9); multimodal feature fusion (8); texture feature (8); features extraction (8); deep features (7); feature reduction (7); pre-processing (6); unsupervised anomaly detection (6); feature embedding (6)"
"21-0","evidence-based framework","416","meta-analysis (376); survival analysis (221); sensitivity and specificity (215); regression analysis (128); area under curve (85); multivariate analysis (79); analysis of variance (54); statistical analysis (36); time series analysis (36); discriminant analysis (34); least-squares analysis (33); sensitivity analysis (30); costs and cost analysis (26); confidence intervals (23); chi-square distribution (18)"
"22-0","Deep learning architectures","504","support vector machine (431); decision trees (102); machine learning algorithms (84); predictive models (80); support vector machines (62); prediction models (58); multi-label classification (39); random forests (24); multi-class classification (20); ensemble methods (17); cross-validation (16); ensemble classification (16); ensemble classifier (16); machine learning models (15); binary classification (15)"
"23-0","Digital health","410","electroencephalography (186); photoplethysmography (117); accelerometry (62); body weight (54); polysomnography (51); actigraphy (46); electromyography (44); sleep apnea (43); home monitoring (23); ambulatory monitoring (21); surface electromyography (19); cardiac electrophysiology (19); remote photoplethysmography (17); physiological monitoring (14); ambulatory assessment (14)"
"24-0","Causal learning","29","underrepresented (9); false positive reduction (4); overfitting (3); bias reduction (3); bias detection (2); confounding factor (2); misclassification bias (2); chronological bias (2); bias (epidemiology) (1); within-subject confounding (1); differential misclassification (1); bias, epidemiologic (1); bias robustness (1); prediction biases (1); bias in ehr (1)"
"24-1","healthcare data quality","29","missing data (68); missing values (18); data imputation (12); missing value imputation (10); missing value (7); dropout imputation (2); class imbalance problem (2); imputation technique (1); imputation algorithms (1); outing imputation (1); regularized dropout (1); estimation problems (1); missing values imputation (1); absolute imputation (1); missingness types (1)"
"24-2","Healthcare modeling","36","mixed method (9); event detection (5); wave two (4); probabilistic approach (3); cluster interpretation (1); across time (1); time delay method (1); longitudinal simulation (1); frequency estimation (1); move analysis (1); temporal validation (1); trajectory selection (1); multilevel network (1); event pattern discovery (1); population level estimation (1)"
"24-3","Propensity score methods","34","propensity score (17); mendelian randomization analysis (13); propensity score matching (8); discrete event simulation (8); relative validity (4); nonlinear measures (2); probability estimation (2); inverse methods (1); causal treatment effect estimation (1); intercohort comparison (1); causal methods (1); propensity-score matching (1); inverse estimation (1); interval censoring (1); weighted attribute (1)"
"24-4","probabilistic analysis","137","models, statistical (367); shapley additive explanations (23); factor analysis, statistical (20); meta-path (8); shapley additive explanation (7); simulation study (7); monte carlo dropout (7); model generalizability (6); model predictive control (4); rotation invariance (4); network characteristics (4); pls-sem (4); model construction (4); logistic regression (lr) (3); multilevel thresholding (3)"
"24-5","probabilistic analysis","74","cfir (9); variable importance (6); total variation (5); statistical significance (4); alpha testing (4); variance (3); mean shift (3); resampling (3); correlation dimension (3); multivariate (3); auroc (2); upper bound (2); correlations (2); variable ranking (2); robust statistics (2)"
"24-6","balancing strategies","35","oversampling (14); unbalanced dataset (3); case-crossover (3); matched filtering (2); multiple classification (2); permuted block randomization (1); matched analysis (1); small sample training (1); small-sample learning (1); listwise approach (1); box-behnken design (1); propensity score matching (psm) (1); three-way (1); intracohort comparison (1); complete and incomplete blink classification (1)"
"24-7","systematic screening","15","scoping (22); meta-path (8); report analysis (2); meta-predictor (2); meta analyses (2); link analysis (1); heterogeneity assessment (1); country comparisons (1); stratified analysis (1); intercohort comparison (1); meta-classifier (1); just-in-time analysis (1); common dataset (1); indirect comparisons (1); across-population (1)"
"24-8","multi-criteria decision-making","9","ordinal pattern (2); ordinal response (2); categorical data (1); ordinal/nominal multicategory phenotypes (1); nominal data (1); dichotomization (1); ordinal data (1); multivariable distributions (1); ordinal partitioning (1)"
"24-9","Digital research methods","36","representativeness (7); mediating effect (5); covariates (4); interaction design (4); covariate shift (3); multiview (2); continuous prediction (2); individual-level (1); interaction propensity (1); multivariate poisson (1); intragenerational mobility (1); occlusion effect (1); genetic relationship matrix (1); confounding index (1); treatment effect prediction (1)"
"24-10","probabilistic analysis","32","statistics, nonparametric (42); statistical learning (14); statistical model (11); descriptive statistics (5); statistical inference (3); distributed analysis (3); small data (3); statistical classifiers (2); statistical mechanics (2); statistical aggregation (1); descriptive logic (1); quantitative pathology (1); three-way data (1); statistical segmentation (1); applied statistics (1)"
"24-11","Healthcare modeling","23","classification model (12); pattern discovery (8); subgroup discovery (6); features selection (4); response prediction (2); individual pathway analysis method (1); heterogeneity testing (1); marker gene discovery (1); caraguel-vanderstichel nomogram (1); multivariate visualization (1); cell-type adjustment methods (1); parameter detection (1); sepsis feature selection (1); multivariate approach (1); classification model validation (1)"
"24-12","Explainable AI","14","shapley additive explanations (23); shapley additive explanation (7); post-hoc interpretable framework (1); group-level tms (1); post-hoc xai methods (1); post-hoc xai (1); pairwise statistical potential (1); kernel risk-sensitive mean p-power error (1); within-subject dependence (1); multi-head scaled dot-product (1); within-subject association (1); filter-level explainability (1); psymate scale (1); region-based explainability (1)"
"25-0","Healthcare modeling","78","computing methodologies (34); computer methodologies (13); artificial intelligence in medicine (9); intelligent diagnosis (8); medical artificial intelligence (6); medical machine learning (5); ai in health care (5); artificial intelligence in healthcare (4); artificial intelligence in health care (4); ai applications (3); evidence-based health informatics (2); artificial intelligence algorithms (2); medical texts (2); optimization techniques (2); artificial intelligence technology (2)"
"25-1","Healthcare modeling","34","research techniques (6); imaging and sensing (4); pattern recognition and classification (3); reproducibility of research (1); intelligent modeling and classification (1); systems analysis and design (1); computer vision in medicine (1); modeling and prediction (1); automatic generation of radiology report (1); prediction and classification (1); system control and identification (1); automated cancer classification (1); information theory and computation (1); classification and visualization (1); stroke lesion segmentation and classification (1)"
"25-2","Multi-agent systems","55","human-robot interaction (10); swarm-intelligence (6); social robots (5); socially assistive robots (4); intelligent technology (3); intelligent virtual assistants (2); collaborative robots (2); cyber-physical systems (2); autonomous systems (2); human–artificial intelligence interaction (2); humanoid robots (2); intelligent agent (2); socially-assistive robots (2); intelligent building (1); cooperative robotics (1)"
"25-3","Digital research methods","64","online learning (33); blended learning (16); unified theory of acceptance and use of technology (16); computer user training (8); web-based learning (7); immersive virtual reality (7); technology-enhanced learning (5); web-based training (5); case-based learning (5); game-based learning (4); digital game-based learning (3); simulation-based learning (3); virtual learning (3); opposition-based learning (3); personalized federated learning (3)"
"25-4","Privacy in crowdsourcing","13","crowdsourcing (105); privacy-preserving techniques (4); privacy-enhancing technologies (4); trustworthy artificial intelligence (3); privacy enhancing technologies (2); privacy-preserving technologies (2); privacy in cloud computing (1); privacy-preserving analytics (1); crowdsourcing technologies (1); privacy-protecting methods (1); inclusivity in artificial intelligence (1); privacy-preserving authentication (1); genomic privacy-preserving techniques (1)"
"25-5","information and knowledge management","65","information storage and retrieval (474); computational platforms and environments (64); collaborative work practices and information technology (7); other clinical informatics applications (3); decentralized research (3); sensor devices and platforms (3); architectural framework (3); findability, accessibility, interoperability, and reusability (2); ubiquitous and mobile devices (2); ubiquitous and mobile computing (2); crowdsourced medical services (1); medical devices and technologies (1); cloud-based telerehabilitation (1); interoperability and reproducibility (1); iot in medical diagnostics (1)"
"25-6","probabilistic analysis","39","mathematical concepts (10); additive manufacturing (6); new technologies (5); optical tweezers (4); emerging technologies (4); drug design and discovery (2); real-time analytics (2); sixth-generation technologies (1); field-programmable biological circuits (1); bio-inspired (1); nature-inspired methods (1); innovative biomedical applications (1); nanofabrication and nanopatterning (1); microrobot localization and manipulation (1); computational nanobiosensing (1)"
"25-7","Healthcare modeling","10","observational health data sciences and informatics (4); modeling disease outbreaks (2); innovative approaches to disease surveillance (1); multi-attribute decision-making (1); modelling of processes in clinical practice guidelines (1); agent-based modelling of epidemics (1); healthcare process modeling and design (1); mining characteristic phenotypes (1); clinical coding and quality of health care (1); modeling electronic health record data (1)"
"25-8","Human–computer interaction","75","human computer interaction (23); human–computer interaction (23); handwriting (6); information processing (6); interfaces and usability (6); workflows and human interactions (5); virtual humans (5); human-smartphone interaction (5); multi-user systems for user interaction (3); computer-mediated communication (3); computer-human interaction (2); computer mediated communication (2); interactive environment (2); hands-free communication (2); rapid prototyping (2)"
"26-0","Attention mechanisms","133","attention mechanism (261); attention mechanisms (28); self-attention mechanism (26); spatial attention (10); attention network (8); multi-head self-attention (8); cross attention (8); multi-head attention mechanism (7); reverse attention (5); hierarchical attention (5); dual-attention (4); hierarchical attention network (4); cross-modal attention (3); dual attention mechanism (3); attribute-level attention (2)"
"26-1","Attention mechanisms","89","cross-attention (13); hand gesture recognition (7); pattern recognition, visual (4); cross-attention mechanism (4); offline reinforcement learning (4); feature integration (3); vision-language pretraining (2); multisensory integration (2); multimodal emotion recognition (2); fine-grained visual classification (1); attentions at neighbor-type level and at network level (1); convolutional self-attention (1); amodal segmentation (1); visual complexity (1); egocentric vision (1)"
"26-2","Natural language processing","70","gesture recognition (20); automatic speech recognition (12); working memory (7); implicit neural representation (7); speech processing (6); semantic integration (5); speech signal processing (4); distributed cognition (4); clinical language processing (3); linguistic morphology (3); semantic similarity and relatedness (3); semantic enhancement (2); complex event processing (2); chinese natural language processing (2); context-free grammar (2)"
"26-3","Deep learning architectures","26","emotion recognition (74); eeg emotion recognition (6); speech emotion recognition (6); emotion detection (4); emotional intelligence (3); multimodal emotion recognition (2); music perception (2); emotional semantic information (1); multimodal emotion detection (1); recognition emotions (1); eeg-based emotion classification (1); human emotion recognition (1); emotional stimulus (1); emotion perception (1); electroencephalogram (eeg)-based emotion recognition (1)"
"26-4","Reinforcement learning","49","reinforcement learning (96); motor imagery (55); motor control (22); multi-task (7); temporality (6); cognitive control (6); brain network classification (5); dual task (5); dual-task (5); p300 speller (3); processing speed (2); inhibitory control (2); task-shifting (2); multi-criterion decision making (2); dual-field hemodynamic attention (dfha) mechanism (1)"
"27-0","Natural language processing","92","multilayer perceptron (19); animation (6); epro (5); speech acts (4); edge intelligence (4); biometric recognition (3); attention u-net (3); scibert (3); neuro-fuzzy (2); dempster-shafer theory (2); magnetics (2); infographic (2); information asymmetry (2); resnet101 (2); resnet18dnn (2)"
"27-1","Human–computer interaction","46","humans (10612); voice biomarkers (10); ieeg (6); imaging genomics (3); neuron tracing (3); pelvic floor (2); brain disorder identification (2); sleep classification (2); neurodynamics (2); ophthalmic (2); retinanet (2); autism classification (1); cardiorenal (1); asthma epidemiology (1); polypathology (1)"
"27-2","Sequence alignment","73","genomics (1912); biotechnology (104); genetics (102); engineering (38); archaea (37); computational pathology (31); omics (27); applied mathematics (9); resnet50 (8); nanotechnology (6); cell typing (5); crispr (5); science mapping (4); discovery (4); computational (4)"
"27-3","Healthcare surveys","52","sleep (169); surveys (101); predict (30); transition (16); robot (8); exposome (8); research trend (4); vaccine designing (3); mycobacterium (3); bacillus (3); global south (3); disorders (3); societies (3); ed (3); res2net (2)"
"27-4","Digital health","57","mobile (47); electronics (24); smart healthcare (23); diabetes technology (5); lifelog (4); mychart (3); lasers (3); medtech (2); microjet (2); systems (2); mobile working (2); smart recovery (2); med-palm (1); health ict (1); tech health (1)"
"27-5","Healthcare modeling","4","immunoinformatic (1); immuno-informatics (1); immunometabolism (1); immune digital twin (1)"
"27-6","evidence-based framework","99","pediatrics (240); neurology (76); rheumatology (32); gerontechnology (8); dental informatics (8); ios (7); clinics (6); servqual (5); genai (5); pasc (5); technostress (4); sickle cell (3); apriori (3); netlogo (2); isudorology (2)"
"27-7","Digital research methods","39","research (148); ecology (20); ethnography (17); society (15); ethic (6); health consciousness (5); theories (4); ecophysiology (2); cybercare (2); cybersickness (2); baidu encyclopedia (2); forensics (2); journalogy (2); laws (2); field research (1)"
"27-8","Digital research methods","84","china (256); translation (38); google (24); web (17); archetype (11); malawi (10); gemini (9); lab life (7); geospatial (6); utah (6); egypt (5); library science (5); multilingual (4); usa (4); biosignal (4)"
"28-0","Clinical trial methodology","154","clinical trials (266); clinical trial (153); registries (95); clinical trials as topic (83); randomized controlled trials as topic (55); clinical trial design (52); registry (40); phase ii trials (37); randomized (21); registration (19); randomized clinical trial (17); clinical study (17); randomized trial (15); pragmatic clinical trial (11); controlled trials (11)"
"29-0","Clinical trial methodology","286","drug discovery (405); drug development (214); randomized controlled trials (194); pubmed (151); vaccines (110); preclinical research (71); reference standards (71); safety management (43); clinical practice guidelines (37); classification and taxonomy (16); clinical and translational science (15); medical device regulation (13); drug targets (12); practice guidelines (10); drug labeling (9)"
"30-0","Healthcare modeling","405","medical image segmentation (223); brain tumor segmentation (54); medical image classification (41); vessel segmentation (28); retinal vessel segmentation (27); automatic segmentation (24); liver segmentation (22); nuclei segmentation (22); lesion segmentation (20); lung segmentation (11); medical image registration (10); deformable image registration (10); multi-organ segmentation (10); automatic detection (9); edge detection (9)"
"31-0","Healthcare modeling","176","segmentation (309); active contours (13); slime mould algorithm (9); active contour (8); compressive sensing (8); depth estimation (8); style transfer (7); 3d u-net (7); pretraining (6); mechanical turk (4); kinematic features (4); residual connection (4); wound segmentation (4); stress prediction (4); joint extraction (3)"
"31-1","Biosignal acquisition","42","electrodes (12); handheld (4); transducers (3); r-peak detection (3); high-density semg (3); motor unit decomposition (2); mems accelerometer (2); accelerometer sensor (2); eeg microstate (2); wearable heading estimation (2); amplifiers, electronic (2); acceleration signals (2); electric circuit analogue (1); ppg simulation model (1); no-input no-output (nino) device (1)"
"31-2","Closed-loop control","66","control (13); keystroke dynamics (9); closed-loop (4); feedback, sensory (3); closed loop (3); lossless compression (3); gated mechanism (2); recording (2); neural style transfer (2); tactile sensor (2); force feedback (2); haptic rendering (2); feedback, physiological (2); motor unit tracking (2); closed-loop heart (1)"
"31-3","Digital research methods","348","software (7335); models, cardiovascular (53); uncertainty quantification (34); programming, linear (31); automated (17); residual network (16); matlab (11); bagging (11); integrated gradients (9); sample entropy (9); interpretable ai (9); dynamic prediction (9); log data (8); stacking ensemble (6); models, economic (6)"
"31-4","Healthcare modeling","204","optimization (115); kinetics (65); diffusion (39); transcription (31); temperature (29); motion (19); activity (18); solubility (14); batch effect (13); connectivity (12); fluorescence (10); productivity (9); refinement (9); crystallization (9); transformation (8)"
"31-5","privacy-preserving clustering","7","differential privacy (27); reversible data hiding (2); unconfoundedness assumption (1); ambiguous data (1); misrepresentation ratio (1); deterministic anonymisation (1); reproducibility guidelines (1)"
"32-0","Health IT implementation","345","information systems (261); database management systems (204); data management (143); hospital information systems (137); information management (92); unified medical language system (91); systematized nomenclature of medicine (55); radiology information systems (46); data linkage (42); information system (41); information services (41); clinical laboratory information systems (35); electronic data capture (30); common data elements (30); syndromic surveillance (26)"
"33-0","Deep learning architectures","412","convolutional neural network (484); convolutional neural networks (312); neural networks (209); graph neural network (192); neural network (189); deep neural network (115); graph convolutional network (105); graph neural networks (105); generative adversarial networks (86); generative adversarial network (80); artificial neural network (76); artificial neural networks (63); deep neural networks (60); recurrent neural network (55); recurrent neural networks (44)"
"34-0","Sequence alignment","70","computational methods (20); bioinformatics tools (17); computational tools (8); computational pipeline (7); automatic summarization (6); computational pipelines (5); scientific workflows (4); platforms (3); workflow integration (3); bioinformatics tool (3); bioinformatics pipeline (3); fasta (3); fastq (3); bioinformatics infrastructure (3); bioinformatic pipeline (2)"
"34-1","Digital research methods","9","interactive annotation (2); annotation tools (2); annotation time (1); annotation free (1); annotation resource (1); curation tools (1); annotation guidelines (1); annotation tool (1); annotation cost (1)"
"34-2","Cloud computing","63","cloud computing (143); scalability (25); edge computing (22); computer (17); parallel computing (13); distributed computing (12); gpu (11); hardware and infrastructure (10); software engineering (8); docker (7); fog computing (6); computational efficiency (5); computation (5); computational complexity (4); cloud storage (4)"
"34-3","Deep learning architectures","65","microcontroller (5); logic programming (4); real-time processing (3); chatgpt 4.0 (3); u-net architecture (3); user generated content (2); intel sgx (2); open-source llms (2); machine learning pipeline (2); intelligence pipelines (2); multiuser (2); parallelization (2); computer agent (2); automatic workflow composition (1); computer-supported collaborations (1)"
"34-4","Human–computer interaction","152","software design (142); python (21); software tools (15); tutorial (11); information display (10); software architecture (8); user testing (8); docker (7); user requirements (6); machine interface (5); wikis (5); customization (5); wiki (5); software framework (4); xml (4)"
"34-5","Human–computer interaction","59","data visualization (206); data compression (110); data reuse (22); software development (10); information architecture (6); data architecture (3); domain identification (3); resource description framework (3); data visualizations (2); annotated data generation (2); search engine queries (2); metadata repository (2); data conversion (2); information propagation (1); dataset curation (1)"
"34-6","Human–computer interaction","27","data visualization (206); vosviewer (12); information visualisation (4); visualizations (4); visualization software (3); model visualization (3); visualization tool (2); interactive visualizations (2); information visualizations (2); interactive charts (1); graphical queries (1); graph databases (1); graphical connectivity (1); interface, user-computer (1); graphormer architecture (1)"
"34-7","Natural language processing","24","short text (3); text data (2); information retrieval query processing (2); bionlp shared tasks (1); nlp tools (1); open-set problem (1); bionlp challenges (1); benchmark peptides classification datasets (1); semmeddb database (1); phenotype algorithm authoring tool (1); research query tool (1); i2b2 reference implementation (1); machine comprehension dataset (1); text preprocessing (1); machine readable dataset (1)"
"34-8","privacy-preserving clustering","18","secure multiparty computation (5); secure computation (3); integer programming (3); intel sgx (2); secure multi-party computing (2); intelligent hardware (2); efficient computing (1); web3 (1); multiparty computation (1); parallelized computing (1); centralized server (1); blockchain platform (1); in-sensor computing (1); seamless execution (1); multi party computation (1)"
"34-9","information and knowledge management","38","user profile (6); wikis (5); user authentication (5); wiki (5); web servers (3); web crawling (2); website use (2); web crawler (2); web-based experiment (2); wgbs mapping software (2); web video mining (1); biological web application development (1); internet usage functions (1); native xml database (1); client hashchain (1)"
"35-0","Healthcare modeling","212","3d printing (26); shear stress (8); soft tissue deformation (5); wearability (5); mechanical properties (4); dimensional measurement accuracy (4); equipment failure (4); mesh reconstruction (4); elastic modulus (3); tissue deformation (3); meshless methods (3); universal design (3); planning techniques (3); mechanical stimulus (3); water immersion (2)"
"36-0","Healthcare modeling","61","hypothesis generation (9); objective data (5); surgical instrument segmentation (3); absorptiometry, photon (3); phenotyping error (3); acute ischemic stroke segmentation (2); background noise (2); alzheimer's disease detection (2); recurrence plot (2); lesion annotation (2); cardiac events segmentation (1); survival extrapolation (1); object deletion (1); biomechanical data augmentation (1); heterogeneous recurrence quantification (1)"
"36-1","evidence-based framework","95","meta-analysis as topic (37); bias mitigation (12); sdoh (7); mean teacher (3); scoring power (3); values clarification (2); p-value combination (2); gold-standard corpus (2); influence diagrams (2); uncertainty propagation (2); interpretable ml (2); consensus estimator (1); region matching (1); explainable modelling (1); meta-analysis. (1)"
"36-2","Natural language processing","31","abbreviations as topic (8); note quality (3); limitations (2); symptom drawing (2); feature gene (1); symptom community (1); medical abbreviations (1); abbreviation expansion (1); disorder class (1); ckd polymorbidity visualization (1); predictor variable importance (1); subgroup list (1); note writing (1); note sharing (1); parkinson’s disease subtype recognition (1)"
"36-3","Time-frequency analysis","46","bilateral filter (4); behavior quantification (2); body-weight trajectory (2); measurement artefacts (1); kinematic benchmark (1); laryngeal closure detection (1); hematology images (1); finger embedding (1); hypotension detection (1); hrv stimulation (1); hr estimation (1); body surface potential map (1); gait phase recognition (1); sph method (1); ecg data augmentation (1)"
"36-4","Deep learning architectures","6","federated learning (147); federated environment (1); multi-institutional reliance (1); federated evaluation (1); federated approach (1); federated (1)"
"36-5","Causal learning","28","features fusion (5); time intervals mining (4); interference fit (2); features aggregation (2); treatment pattern discovery (2); time interval mining (2); criteria graph (1); granularity dag (1); pattern causality (1); feature splicing (1); developmental trajectory inference (1); classicml (1); context classification (1); temporal relation discovery (1); high-frequency qrs (1)"
"36-6","Contrastive learning","18","weakly supervised (10); missing labels (2); missing label (2); reliable neighbors (1); incomplete label (1); scarcely labeled data (1); false positive learning (1); missing value interpolation (1); negative design (1); missing leads (1); negative cycle (1); 50+ individuals (1); low-data regime (1); (near-) duplicate documents (1); pseudo-healthy synthesis (1)"
"36-7","Healthcare modeling","5","covid-19 symptom assessment apps (1); covid-19 modelling (1); covid-19, criteria optimization (1); -: fractal olive disease control model (1); pandemic modelling (1)"
"36-8","Clinical trial methodology","127","physician rating websites (11); cognitive walkthrough (7); first responders (6); physician-rating websites (5); surgical process modelling (4); physician-rating website (3); active appearance model (3); test-time augmentation (3); quantified-self (3); requirements gathering (2); u-net++ (2); participation preference (2); echo state network (2); cost, tdabc (1); distractions elimination (1)"
"36-9","Healthcare modeling","35","depression recognition (8); lymphoma segmentation (5); abnormality localization (1); entity typing (1); mesh term (1); pheochromocytoma segmentation (1); treatment entity normalization (1); recommendation generation (1); prognosis. (1); medical assessment generation (1); progression uncertainty (1); therapy detection (1); outcome map (1); pathological activity detection (1); local entity pooling (1)"
"36-10","balancing strategies","19","adhd detection (2); sex classification (2); lgbtq+ (2); age clusters (1); anxiety disorder predictions (1); anxiety estimation (1); temperain factor (1); ancestry representation (1); ancestry switches (1); gender parity (1); gender detection (1); sex diversity (1); gender estimation (1); depression estimation (1); adhd identification (1)"
"36-11","probabilistic analysis","123","quantified self (15); meal detection (7); bat algorithm (5); n-of-1 trials (4); body area network (4); six sigma (3); light-weight model (3); hyperdimensional computing (3); wbc segmentation (2); n-of-1 trial (2); deep unfolding (2); flow matching (2); software defined radio (2); 1% rule (2); residual-gatv2 block (1)"
"36-12","Healthcare modeling","29","binding pose (2); phenotype standardization (2); diversity supplement (1); chemical-disease interaction extraction (1); dna security (1); synthetic control arm (1); pathway activity inference (1); biological region prompt (1); structure degree (1); phenotypic relevance detection (1); cell-type identifier (1); phenotype normalization (1); bionformatics (1); drug properties mining (1); gene pointnet (1)"
"36-13","best basis selection","1","3d-group ica (1)"
"36-14","Time-frequency analysis","2","400 mhz band (1); 400 mhz band (1)"
"36-15","Digital health","37","activity recognition (50); nominal group technique (5); no-show (5); group lasso (4); platform trials (3); group testing (3); group exercise (2); group therapy (2); control chart (2); no-shows (2); no-show patients (2); group visit (1); pretraining model (1); pretraining technique (1); group identity (1)"
"36-16","Healthcare modeling","32","prompt tuning (5); clinically similar terms (1); drug efficacy similarity (1); application challenge (1); clinically relevant stratification (1); surgical ontology (1); sub-patch weight (1); optimization. (1); application control (1); animal testing alternatives (1); perioperative informatics (1); daily dosage extraction (1); pharmacokinetic diversity (1); preparation error (1); anesthesia modelling (1)"
"37-0","Laboratory methods","366","single-cell analysis (455); data analysis (180); sequence analysis (130); oligonucleotide array sequence analysis (129); network analysis (111); dna sequencing (81); next-generation sequencing (75); single-cell gene expression analysis (56); gene expression analysis (55); data processing (48); analysis (26); biostatistics (25); pathway analysis (24); protein analysis (22); metabolic flux analysis (21)"
"38-0","information and knowledge management","23","data governance (34); forms and records control (10); data ownership (6); anonymisation (6); consent management (3); personal information protection (3); data sharing intention (1); authorization server (1); patient data hiding (1); data use principles (1); data access latency (1); data sharing action (1); consent template (1); information ethics (1); information identification (1)"
"38-1","Healthcare modeling","34","main protease (10); surgical data science (6); heterogeneous data fusion (2); data paucity (2); bio-design (1); clinical dataset adaptation (1); gait analysis dataset (1); clinical data exchange (1); health data preprocessing (1); synthetic data fidelity (1); sonography data science (1); synthetic data utility (1); data poisoning (1); data cards (1); data sanitisation (1)"
"38-2","Digital research methods","150","data curation (198); data science (180); data augmentation (148); data accuracy (97); data (74); data fusion (41); data standards (27); data acquisition (25); data imbalance (19); data aggregation (18); data standardization (17); data model (17); data set (13); data commons (9); data work (9)"
"38-3","probabilistic analysis","99","data interpretation, statistical (149); statistics as topic (96); process mining (61); data fusion (41); data preprocessing (20); information fusion (20); synthetic data generation (18); deep supervision (14); it design and development methodologies (12); data interpretation (8); experimental design (5); supervised (5); statistical process control (5); information bottleneck (5); data generation (4)"
"38-4","Digital research methods","36","co-design (54); research data (43); authorship (11); knowledge acquisition (9); writing (9); concept formation (5); collaborative writing applications (4); conceptualization (3); project echo (3); content creation (3); contribution (2); case conceptualization (1); literature-related discovery (1); project title (1); authorship functions (1)"
"38-5","Natural language processing","39","data display (57); equipment design (52); summarization (11); text generation (9); information blocking (6); data visualisation (6); report generation (3); information flow (3); preprocessing pipeline (2); report annotation (2); information filtering (2); software requirements specification (2); summarization network (2); information construction (2); progress note generation (1)"
"39-0","Healthcare surveys","359","surveys and questionnaires (477); ecological momentary assessment (155); questionnaires (70); sedentary behavior (68); health care surveys (51); physical fitness (26); symptom assessment (22); mobile app rating scale (22); diet records (16); cognitive load (16); cognitive assessment (16); pain assessment (15); pain measurement (15); sleep monitoring (15); pedometer (14)"
"40-0","Healthcare modeling","321","mri (131); tomography, x-ray computed (93); medical image (56); ct (32); medical images (31); ct images (29); fundus image (26); computed tomography (ct) (25); ultrasound images (22); ultrasound image (22); ct scan (16); chest x-ray images (13); mammograms (12); contrast media (11); x-ray image (10)"
"42-0","Natural language processing","77","biomedical relation extraction (12); protein representation learning (9); biomedical question answering (7); medical knowledge graph (7); entity linking (6); name entity recognition (6); similarity search (4); patient representation learning (3); medical entity linking (2); phenotype embedding (2); drug name recognition (2); biomedical term relation prediction (2); entity normalization (2); cross-links identification (1); named entity recogniser aggregation (1)"
"42-1","Graph neural networks","113","knowledge graph (133); knowledge graphs (31); networks (20); label propagation (11); graph database (6); graph convolution (6); message passing (5); knowledge embedding (4); graph augmentation (4); pyramid network (3); information representation (3); graph literacy (3); de bruijn graph (3); triplet network (3); graph pooling (3)"
"42-2","Natural language processing","121","word embedding (50); corpus annotation (11); concept normalization (6); association rule (6); negation detection (5); dictionaries as topic (5); entity extraction (5); textmessaging (4); named-entity recognition (4); semantic standards (3); text embedding (3); sentence embedding (3); entity alignment (3); text categorization (3); annotated corpus (3)"
"42-3","Contrastive learning","27","instance segmentation (21); cell instance segmentation (3); fusion feature (2); biological instance segmentation (1); condition-stylegan2-ada (1); channel contextual semantic (1); text region embedding (1); instance position embedding (1); phoneme modeling (1); node label ranking (1); semantic image synthesis (1); ai text-to-image generator (1); scene graph (1); predicate dataset (1); object label retrieval network (1)"
"42-4","demand analysis","86","query expansion (12); privacy calculus (4); multitask (4); information gain (3); queries (3); physical layer security (2); mysql (2); domain randomization (2); structure design (2); pseudotime inference (2); encoder (2); collaborative knowledge graph (2); structured output prediction (2); restful api (2); answer set programming (2)"
"42-5","information and knowledge management","57","ontologies (49); ontology engineering (7); structure learning (5); ontology evolution (4); templates (4); ontology alignment (3); metadata standardization (3); annotation scheme (3); metadata standards (2); text clustering (2); ontology learning (2); ensembling (2); business process model and notation (2); knowledge visualization (1); terminology visualization (1)"
"42-6","information and knowledge management","25","knowledge discovery (46); topic model (13); level set methods (3); support vector data description (2); lexical tools (1); data-cubes (1); directories as topic (1); csv parsing (1); big data analytics. (1); medical dataset qos (1); lexicons (1); multi-scale information aggregated (1); big data paradigm (1); big data corpus (1); tree boost (1)"
"43-0","Deep learning architectures","76","large language model (285); random forest (209); heterogeneous graph (17); adaptive filter (7); fuzzy set (5); fuzzy inference (5); fuzzy entropy (4); fuzzy integral (2); neighborhood rough set (2); random vector functional link (2); lumped models (2); network property (2); fuzzy soft set (2); fermatean fuzzy set (2); coupled level sets (2)"
"43-1","probabilistic analysis","65","random survival forest (13); markov random field (11); em algorithm (10); random walk with restart (7); gibbs sampling (5); rényi entropy (4); random walks (3); kolmogorov-arnold network (3); kolmogorov-arnold networks (3); naïve bayesian (2); stochastic programming (2); kolmogorov–arnold networks (2); renyi entropy (2); probability theory (2); kolmogorov–arnold network (1)"
"43-2","best basis selection","111","sparsity (11); tensor decomposition (11); finite difference (3); state space (3); largest lyapunov exponent (2); rank constraint (2); global second-order pooling (2); optimization problem (2); sparse approximation (2); tensor total variation (2); hessian matrix (2); alternating direction method of multipliers (2); submodular optimization (2); polynomial chaos expansion (2); constraint programming (2)"
"43-3","Closed-loop control","57","differential equations (4); laplacian regularization (3); von mises stress (3); method of fundamental solutions (2); nonlinear system (2); discrete multi-physics (2); dynamical system identification (1); finite state machines (1); aliev–panfilov model (1); laplace transforms (1); non-deterministic algorithms (1); stochastic sivr model (1); fractional models (1); non-fourier boundary conditions (1); non-stationary (1)"
"43-4","Graph neural networks","36","riemannian geometry (7); hyperbolic space (4); circular hough transform (3); vector spaces (2); delaunay triangulation (2); triply periodic minimal surfaces (2); anisotropic 3d convolution (1); riemannian tangent space (1); non-circular orbits (1); surface laplacian potential (1); asymmetric channel walls (1); lattice boltzmann (1); voronoi-tessellation (1); lagrangian coherent structures (1); manifolds (1)"
"43-5","Deep learning architectures","51","hyperbolic dirac net (6); approximate entropy (6); dice loss (5); large eddy simulation (3); levenshtein distance (2); bicoherence (2); shearlet transform (2); fourier convolution (2); rician noise (2); non-stationary signals (2); local phase quantization (2); spd matrices (1); laplace transforms (1); fast inertial relaxation engine (1); gaussian interaction profile (1)"
"43-6","Inverse problems","17","inverse problem (19); numerical model (6); inverse solution (3); model complexity (3); numerical models (2); approximations (1); chargaff's second parity rule (1); alphafold model (1); numerical hand model (1); approximation algorithms (1); inverse ecg problem (1); correspondence problem (1); numerical mapping (1); rough approximations (1); numerical encoding (1)"
"43-7","Deep learning architectures","4","universal adversarial perturbation (2); local differential privacy (1); fairness in large language models (1); privacy parameter (1)"
"43-8","Mathematical methods","22","eigenvalue (3); critical state (3); dirac (3); rough set theory (3); identifiability (3); dirac notation (2); saddle-node (1); allen’s interval algebra (1); fixed point theorem (1); robusth(∞) (1); kolmogorov–arnold theorem (1); hyperbolic complex algebra (1); tensor algebra (1); fixed-point theorems (1); zeta function (1)"
"44-0","Human–computer interaction","54","super-resolution (25); multi-view (15); 3d visualization (8); multi-view data (4); 3d scanning (3); multi-resolution (3); dual-view (2); cross-lingual (2); projection reconstruction (2); 4d image (2); 3d visualisation (2); 3d mobile visualisation (2); 3d image (2); 3d classification (2); three-dimensional visualisation technology (1)"
"44-1","Whole slide imaging","38","whole slide image (24); dicom (21); whole slide images (20); histopathological image classification (5); whole slide image (wsi) (5); whole-slide image (3); color image processing (3); digital image correlation (3); dicom-sr (1); digital imaging and communications in medicine (dicom) protocol (1); digital slides (1); digital image (1); optical 3d image (1); macro-images (1); histopathology image classification (1)"
"44-2","systematic screening","9","rgb camera (2); vampire retinal image software (1); smartphone funduscopy (1); rgb-d camera (1); retinal image generation (1); multispectral retinal images (1); retinal oct image classification (1); rgb-imaging (1); real fundus image restoration (1)"
"44-3","Whole slide imaging","57","microscopy, fluorescence (35); ca2+ imaging (23); time-lapse imaging (22); whole slide imaging (12); microscopy, confocal (11); scale (11); microscopy, electron (9); microscopic images (8); whole-slide images (5); multi-magnification (4); sem (3); whole-slide imaging (3); microscope images (3); maximum intensity projection (3); microscopy image (2)"
"44-4","Whole slide imaging","100","open data (25); image synthesis (20); image fusion (18); image retrieval (13); image quality (13); image recognition (10); image generation (10); scale-up (9); image restoration (7); image encryption (6); image-to-image translation (5); pseudo-labeling (4); graphs (4); image stitching (4); image cytometry (3)"
"44-5","surveillance metrics","37","video recording (36); motion capture (14); videotape recording (10); video monitoring (5); video quality (3); animation video (3); streaming videos (2); high efficiency video coding (2); video processing (2); video production (2); computer animation (2); video polyp segmentation (2); live streaming (2); video animations (2); digital drawings (1)"
"44-6","Depth imaging modalities","68","depth camera (6); multi-channel (4); rgb-d cameras (2); monocular camera capturing (2); multichannel (2); articulable endoscope (2); rgb camera (2); scanning laser ophthalmology (1); hemoglobin level from image and video (1); far-field (1); multi-viewpoint camera selection (1); multimodal microscopy (1); high frame rate (1); tof camera (1); single shot multibox detector (1)"
"44-7","Digital health","34","photography (26); digital contact tracing (14); digital scribe (8); digital proximity tracing (4); digital markers (3); hologram (3); digital pain drawing (2); visualisations (2); digital footprint (2); three-dimensional visualisation technology (1); micro-online (1); visual scoring (1); holographic images (1); visible watermarking (1); color burn wound image (1)"
"44-8","Depth imaging modalities","8","medical retinal image (1); satellite imagery (1); hyperspectral image (1); synthetic retinal image (1); multispectral retinal images (1); spectral image (1); multi-2d tf image (1); multispectral image (1)"
"45-0","Depth imaging modalities","313","fluorescence imaging (281); medical imaging (265); cellular imaging (101); optical imaging (90); molecular imaging (43); image reconstruction (37); medical image processing (34); 3d reconstruction (27); radiology and imaging (26); mri reconstruction (17); phantoms, imaging (17); biomedical imaging (17); three-dimensional imaging (14); medical image fusion (13); gradient boosting (10)"
"46-0","Deep learning architectures","92","motif (12); transformer model (12); 3d cnn (7); stacked ensemble (5); chaos game representation (5); 1d-cnn (5); decoding (4); transformer architecture (4); 3d convolution (3); 2.5d model (2); artificial image (2); stacked generalization (2); cascade learning (2); light-weight network (2); cascade structure (2)"
"46-1","Deep learning architectures","46","low-rank adaptation (4); first-order logic (4); l(1/2) penalty (2); low rank representation (2); state space modal (1); log-gaussian cox (1); lambda fuzzy (1); c2dcnn (1); l(1) minimization (1); weighted $\\ell_1$ minimization (1); theorem proving (1); weakly mutually uncorrelated code (1); l(1) norm (1); l(1/2)-regularization (1); two-stage gauss-seidel (1)"
"46-2","Fuzzy logic methods","75","k-means (19); topology (10); low-rank representation (6); rank aggregation (4); hypergraph learning (4); rotation forest (3); bootstrap aggregation (2); support vector (2); boruta algorithm (2); graph-cut (2); subsampling (2); topology preserving (2); weighted schatten p-norm (1); scoring search (1); coseq (1)"
"46-3","Weak supervision","85","thresholding (10); feature aggregation (8); label noise (5); feature (4); mask r-cnn (4); class activation map (4); mapping review (4); pseudo label (3); position embedding (3); alpha shape (3); tooth instance segmentation (2); contour regression (2); node embedding (2); edge prior (2); max pooling (2)"
"46-4","Spatial data analysis","107","spatial transcriptome (6); laplacian pyramid (3); delta variant (3); deformable attention (3); tensor completion (2); sarima model (2); lyapunov stability (2); lyapunov function (2); frames (2); spatial transcriptomic (2); regression forests (2); inverse folding (2); morse wavelet (2); rotation invariant (2); linear attention (2)"
"46-5","Causal learning","173","models, genetic (241); multiview learning (8); patterns (5); multimodal model (4); trajectory inference (4); frequency learning (3); chance constraints (3); temporal data prediction (3); correlation learning (3); sparse annotation (2); temporal association rules (2); relation prediction (2); capability model (2); discrete events simulation (2); controllable ai (2)"
"46-6","Health IT privacy","86","human activity recognition (32); alignment (11); efficientnet (9); ai model (6); deeplabv3+ (5); ai models (3); mapping adaptation (3); hybrid intelligence (3); adversarial (2); hard example mining (2); hybrid semantic (2); black box warning (2); metaheuristics optimization (2); dynamic opposite (1); disentangled (1)"
"46-7","Generative AI","50","generative ai (72); word2vec (25); disentangled representation (5); fine-tuning bert (3); first responder (3); membership inference (3); hypergraph regularization (2); natural semantic (1); word-character lattice (1); maximal frequent itemsets mining (1); learning arrangement (1); terminology. (1); multi-level semantic (1); long-range syntactic (1); topologicalanalysis (1)"
"46-8","privacy-preserving clustering","76","clustering (228); model (112); datasets as topic (81); model fusion (8); panel study (5); model ensemble (5); distribution (3); model generalization (3); model pruning (3); systematization (2); model degradation (2); model deployment (2); model adaptation (2); population segmentation (2); ml model (2)"
"47-0","Planned Behavior Theory","29","theory of planned behavior (24); transtheoretical model (4); behavior control (4); adolescent behavior (4); behavior change theory (3); transactional model of communication (2); ecologic momentary assessment (2); intention-behavior relationship (1); theory of behavior (1); research self-efficacy (1); the theory of planned behaviour (1); three-dimensional framework (1); theory of persuasion (1); behavioral theories (1); value attitude behavior model (1)"
"47-1","Human–computer interaction","16","unified theory of acceptance and use of technology 2 (3); fitt framework (2); use and gratification theory (1); unified theory of acceptance and use of technology model (1); literacy and health conceptual framework (1); capability, opportunity, and motivation–behavior model (1); gender harmony model (1); health information technology acceptance model (1); adoption model (1); use intention (1); diffusion of innovation theory (1); capability, opportunity, motivation-behavior model (1); technology acceptance theories (1); unified theory of acceptance (1); technology acceptance theory (1)"
"47-2","Planned Behavior Theory","34","self-regulation (16); emotion regulation (15); health belief model (11); personality traits (8); coping strategies (4); cognitive biases (3); meta-heuristics (3); social modeling (2); motivators (2); big five personality (2); emotional regulation (2); cognitive effort (2); academic self-efficacy (1); guilt proneness (1); biopsychosocial model for chronic pain (1)"
"47-3","Dominant learning theories","30","self-determination theory (20); learning theory (3); cognitive load theory (2); control theory (2); self determination theory (2); constructivism (2); deterrence theory (2); regret theory (2); experiential learning theory (1); conspiracy theory (1); mindset theory (1); kolb learning theory (1); cue utilization theory (1); transactional stress theory (1); social role theory (1)"
"47-4","Mathematical methods","50","grounded theory (19); conceptual framework (13); item response theory (13); mental models (5); socioecological model (5); theoretical models (3); conceptual modeling (3); organizational models (3); conceptual model (3); integrative model (2); trans-theoretical model (2); integrated behavioral model (2); meta-dimensional integration (2); theory of change (2); integrated behavior model (2)"
"47-5","Theoretical frameworks","76","information theory (31); game theory (15); normalization process theory (12); systems theory (10); social theory (9); social determinants (9); social cognitive theory (7); decision theory (6); social justice (5); behavioral theory (4); social learning (4); institutional theory (3); relational ethics (3); normalisation process theory (3); social exchange theory (3)"
"47-6","Natural language processing","5","child development disorders, pervasive (4); linguistic inquiry (2); language acquisition (1); bilingual language model (1); bilingualism (1)"
"47-7","Theoretical frameworks","40","sociotechnical (18); psychological theory (16); participatory medicine (12); positive psychology (12); gender differences (9); gender bias (8); counterfactual explanations (5); phenomenology (5); embodiment (5); feminism (4); contextual factors (4); embedded research (2); psychoanalysis (2); counseling psychology (2); ethical frameworks (2)"
"48-0","Explainable AI","97","question answering (27); self-tracking (25); pre-training (18); adversarial training (11); medical visual question answering (6); medical question answering (6); eligibility prescreening (5); expert evaluation (5); question-answering (5); physician rating website (4); majority voting (4); vignettes (3); self-test (3); expert testimony (3); preprints (3)"
"48-1","Mathematical methods","169","delphi technique (39); collaborative filtering (14); literature-based discovery (14); planning (11); persuasive systems design (7); app evaluation (7); process assessment (health care) (6); management audit (5); delphi process (5); workaround (4); requirements analysis and design (4); delphi panel (3); persuasive system design (3); task management (3); iterative design (3)"
"48-2","healthcare education","71","simulation training (10); training strategy (4); instructional design (3); training tool (2); collaborative work (2); ehr training (2); learning outcome (2); teaching rounds (2); facilitator training (2); content development (2); investigator education (1); training simulation (1); environmental home design (1); learning objectives (1); competency standards (1)"
"48-3","healthcare data quality","93","total quality management (9); computer audition (5); ehr audit logs (4); data collection tool (3); data consistency (3); centerline extraction (3); guideline concordance (2); hospital ratings (2); loyalty card data (2); alarm system quality (2); data quality rule (2); academic detailing (2); consistency training (2); event logs (2); mesh subheadings (1)"
"48-4","Health IT implementation","95","lessons learned (13); measurement-based care (8); participant retention (7); patient perception (7); behavior change support systems (7); decision-making support (4); success factors (4); user perceptions (4); learning outcomes (4); facilitating conditions (3); resilience training (3); participant engagement (3); sms intervention (3); senior technology acceptance model (2); expert recommendations for implementing change (2)"
"48-5","Healthcare modeling","83","prompts (12); personalized feedback (7); website design (4); user feedback (4); user experience design (3); clinician experience (2); after visit summary (2); oversight (2); doctor reviews (2); pharmacy workflow (2); expert consensus (2); clinician-ai interaction (2); congestion control (2); alert overriding (2); consultation audio recording (2)"
"49-0","probabilistic analysis","37","bayes theorem (492); latent dirichlet allocation (47); bayesian network (43); naive bayes (7); bayesian model (7); hyperparameters (4); bayesian regularization (3); predictive posterior distribution (3); bayesian prediction (2); bayesian classifier (2); bayes’ theorem (2); bernoulli naïve bayes (1); probability density (1); bayesian skyline plot (1); dirichlet process mixture model (1)"
"49-1","probabilistic analysis","65","normal distribution (69); gaussian processes (15); gaussian process (14); statistical distributions (14); poisson distribution (13); binomial distribution (7); probability density function (5); probability distribution (5); power law (4); signed graph (3); long-tail distribution (2); distributional representation (2); null distribution (2); dirichlet distribution (2); beta distribution (2)"
"49-2","probabilistic analysis","48","markov chains (131); conditional random fields (16); conditional random field (13); markov chain (7); non-stationarity (5); hurst exponent (4); gaussian process regression (4); transition probability (3); ordinary differential equations (3); ordinary differential equation (2); partially observable markov decision processes (2); overdispersion (2); markov processes (2); dirichlet boundary (1); burg autoregressive (ar) method (1)"
"49-3","probabilistic analysis","45","unstructured data (23); gaussian mixture model (19); gaussian mixture models (5); covariance matrix (4); gaussian graphical model (3); zinb model (2); nonlinear grey bernoulli model (2); random oracle model (2); mixed-type data (2); parametric models (1); logarithmic euclidean-gaussian mixture models (1); covariance matrices (1); gaussian mixture regression (1); gaussian graphical models (1); gaussian mixture distribution (1)"
"49-4","probabilistic analysis","63","roc curve (177); likelihood functions (100); radial basis function (8); symbolic regression (6); penalization (4); linear predictive coding (3); splines (3); piecewise-linear criterion function (2); sigmoid function (2); mahalanobis distance (2); generalized transfer function (2); partial dependence plot (2); kernel function (2); nonlinear regression (2); linearization (2)"
"49-5","Censored data","8","censored data (5); right-censored data (1); cox-ph model (1); censored regression (1); partial discrete logarithm (1); left-truncated and right-censored (1); right-interval censored data (1); survival functions (1)"
"49-6","Spatial data analysis","14","funnel plot (2); gridded distribution rate (1); hurst contour plot (1); occurrence density function (1); grey prediction models (1); sparsely distributed events (1); pseudo-random function (1); hurst surface plot (1); maximum a posteriori probability (map) estimation (1); spatiotemporal gaussian process (1); geostatistical model (1); batch-effects correction (1); multi-zone uncertainty estimate (1); spatial location model (1)"
"49-7","probabilistic analysis","17","kernel density estimation (6); quantile regression (5); non-linear methods (2); nonparametric model (2); uncertainty estimators (1); longitudinal k-means clustering (1); kernel estimation (1); nonparametric method (1); low-rank estimation (1); generalized clustering (1); generalized class discovery (1); rank-based estimation (1); robust smoothing (1); semi-parametric (1); model-based estimation (1)"
"50-0","Digital health","283","ehealth (1455); mobile applications (441); mobile app (303); information dissemination (220); evidence-based medicine (178); mobile application (141); digital pathology (77); electronic mail (63); chemical tools (47); open source (38); periodicals as topic (35); record linkage (32); digital epidemiology (22); open access (21); open science (21)"
"51-0","Deep learning architectures","90","convolutional neural network (cnn) (64); support vector machine (svm) (47); machine learning (ml) (41); deep learning (dl) (26); convolutional neural networks (cnn) (16); generative adversarial network (gan) (14); artificial neural network (ann) (12); convolutional neural networks (cnns) (10); support vector machines (svms) (7); generative adversarial networks (gans) (6); generative adversarial networks (gan) (6); support vector machines (svm) (4); extreme learning machine (elm) (4); variational autoencoder (vae) (4); semi-supervised learning (ssl) (3)"
"51-1","Graph neural networks","39","graph neural network (gnn) (7); graph neural networks (gnns) (3); graph convolutional networks (gcn) (2); graph convolutional network (gcn) (2); fuzzy cognitive maps (fcms) (1); weight-directed functional brain networks (wdfbn) (1); spatial-temporal graph convolutional network (st-gcn) (1); lightweight graph triplet capsule networks (lg-tricapsnet) (1); boolean network (bn) (1); binocular features fusion network (bffn) (1); adaptive spatio-temporal graphic convolutional neural network (astgcn) (1); spiking convolutional neural networks (scnn) (1); spiking neural networks (snns) (1); generative large language models (llms) (1); bayesian networks (bns) (1)"
"51-2","Reinforcement learning","78","recurrent neural network (rnn) (7); multi-task learning (mtl) (3); mutual information (mi) (3); dynamic time warping (dtw) (3); recurrent neural networks (rnn) (3); blind source separation (bss) (2); markov decision process (mdp) (2); rough set theory (rst) (2); unsupervised domain adaptation (uda) (2); reinforcement learning (rl) (2); higher-order spatial markov-gibbs random field (mgrf) (1); orthogonal learning (ol) (1); online multi-task learning (omtl) (1); short-term rényi entropy (stre) (1); preference-based reasoning (pbr) (1)"
"51-3","Mathematical methods","105","genetic algorithm (ga) (12); particle swarm optimization (pso) (7); random forest (rf) (7); feature selection (fs) (5); least absolute shrinkage and selection operator (lasso) (3); kernel density estimation (kde) (3); multiobjective optimization (moo) (3); structure-based virtual screening (sbvs) (3); support vector regression (svr) (3); non-negative matrix factorization (nmf) (2); item response theory (irt) (2); set partitioning in hierarchical trees (spiht) (2); radial basis function (rbf) (2); k-nearest neighbors (knn) (2); expectation maximization (em) (2)"
"51-4","Time-frequency analysis","36","discrete wavelet transform (dwt) (13); singular value decomposition (svd) (4); continuous wavelet transform (cwt) (3); dynamic mode decomposition (dmd) (2); adaptive fourier decomposition (afd) (2); independent-component analysis (ica) (2); empirical wavelet transform (ewt) (2); detrended fluctuation analysis (dfa) (2); stationary wavelet transform (swt) (2); wavelet transform (wt) (2); tunable -factor wavelet transform (tqwt) (1); wavelet packet analysis (wpa) (1); discrete fourier transform (dft) (1); temporal fusion transformer (tft) (1); hilbert–huang transform (hht) (1)"
"51-5","Machine learning methods","69","principal component analysis (pca) (9); independent component analysis (ica) (7); empirical mode decomposition (emd) (5); gradient-weighted class activation mapping (grad-cam) (4); linear discriminant analysis (lda) (3); segment anything model (sam) (2); canonical correlation analysis (cca) (2); gaussian mixture model (gmm) (2); denoise and contrast attention (dcam) (1); dynamic cross-correlation matrix (dccm) (1); interpretative structural modelling (ism) (1); tumors convolutional neural network (cnn) (1); active contour model (acm) (1); gaussian graphical models (ggms) (1); autoregressive integrated moving average model (arima) (1)"
"51-6","Natural language processing","57","natural language processing (nlp) (34); large language model (llm) (10); named entity recognition (ner) (6); multiple instance learning (mil) (3); generative pre-trained transformer (gpt) (3); high efficiency video coding (hevc) (2); content-based image retrieval (cbir) (2); virtual screening (vs) (2); metaheuristic algorithms (mas) (2); deep neural network(s) (1); generative artificial intelligence (genai) (1); multi-input multi-output (mimo) (1); co-effective and adaptive neuro-fuzzy system (co-eanfs) (1); k-nearest neighbour's (knn) intrusion detection system (ids) (1); high-efficiency video coding (hevc) (1)"
"51-7","Graph neural networks","7","hidden markov model (hmm) (4); genome-scale metabolic models (gsmms) (2); hidden markov models (hmm) (1); gene regulatory network (grn) (1); dynamic bayesian network (dbn) models (1); gene-gene weighted interaction network (gwin) (1); gene regulatory networks (grns) (1)"
"51-8","Mathematical methods","17","computational fluid dynamics (cfd) (12); finite element method (fem) (4); partial differential equation (pde) (3); finite element (fe) (2); computational fluid-dynamic (cfd) (1); finite difference method (fdm) (1); random field theory (rft) (1); semi-analytical finite element (safe) (1); ordinary differential equation (ode) (1); full-quantum mechanics (qm) (1); computational fluid-particle dynamics (cf-pd) (1); finite element methods (fem) (1); computational fluid-particle dynamics (cfpd) (1); imaged-based computational fluid dynamics (cfd) (1); full-quantum mechanics (fqm) (1)"
"52-0","healthcare education","231","health knowledge, attitudes, practice (81); internship and residency (37); education, medical (29); research training (26); nursing education (24); burnout, professional (23); mentorship (22); business and industry (20); decision making, organizational (16); continuing education (16); online education (15); continuing medical education (11); physicians, family (11); collaborative learning (11); sex education (10)"
"53-0","Clinical trial methodology","368","data collection (262); research design (228); statistical methods (165); recruitment (125); sample size (97); design (93); patient selection (63); interventions (49); methodology (49); observational study (47); cohort study (38); case study (37); methods (37); eligibility criteria (26); behavioural methods (24)"
"54-0","Natural language processing","60","clinical (114); applications (67); clinical reasoning (22); clinical workflow (22); clinical prediction (17); clinical pathways (15); clinical concept extraction (14); clinical audit (13); clinical implementation (7); multicenter studies as topic (6); clinical usability (5); pragmatic clinical trials as topic (4); clinical management (4); clinical topic (2); clinical word vectors (2)"
"54-1","Machine learning methods","100","classification (676); language (217); framework (84); relation extraction (83); goals (28); perspective (28); problem list (18); perspectives (17); features (16); frameworks (12); re-aim (11); delineation (7); relation classification (7); topic (6); associations (6)"
"54-2","recommender algorithm","223","algorithms (4704); mice (523); implementation (401); usability (399); monitoring (202); validation (171); screening (167); application (123); feasibility (122); bias (121); assessment (114); feedback (98); knowledge (97); quality (97); detection (87)"
"54-3","systematic screening","41","review (325); review methodology (38); review methods (30); review method (13); literature based discovery (6); integrative review (6); app review (5); guide (4); medical illustration (3); expert knowledge (3); review of apps (3); research synthesis (2); systematic map (2); review article (2); review process (2)"
"54-4","Digital health","70","cognition (137); perception (119); radiography (69); sensors (64); incidence (33); fall detection (28); balance (23); preeclampsia (17); cad (16); devices (15); referral (14); stress detection (13); behavioral (13); exposure (13); mitosis detection (6)"
"54-5","good simulation practice","94","simulation (155); database (146); databases (90); dissemination (53); video (41); integration (40); transparency (38); dataset (38); extended reality (11); process (10); benefit (8); system (7); searches (7); datasets (6); inference net (5)"
"54-6","surveillance metrics","21","surveillance (148); outbreak detection (7); patient pathway (5); case identification (4); outbreaks (4); history (4); case detection (3); hotspot detection (3); case finding (2); patient detection (1); patients stratification (1); emergency scenario (1); primary detection (1); patient falls (1); case prediction (1)"
"54-7","Causal learning","16","mechanism (5); etiology (5); causality discovery (2); influence mechanism (2); causality mining (2); mechanism exploration (1); causal extraction (1); risk pathway (1); causality pattern (1); mechanism design (1); pathways consolidation (1); global explanation (1); disease connection (1); speculation detection (1); disease driver (1)"
"55-0","Attention mechanisms","78","attention module (12); channel attention (12); graph attention mechanism (6); attention gates (4); attention model (3); attention gate (3); attention map (3); gated attention mechanism (2); attention layer (2); speech foundation models (2); attention maps (2); attention learning (2); attention modeling (2); attention fusion (1); graph attention pooling (1)"
"55-1","Deep learning architectures","50","temporal abstraction (13); disentangled representation learning (7); temporal information extraction (5); processing (4); visual explanations (4); visual design (4); feature disentanglement (4); vision-language (3); multi-view attention (3); auditory (3); feature asymmetry (2); auditory attention decoding (2); speech features (2); temporal sequence (2); temporal-spectral feature fusion (2)"
"55-2","Human–computer interaction","28","affective computing (21); controlled vocabulary (15); novelty detection (11); emotion classification (7); relation attention (2); emotion covariance (1); emotion accumulation (1); multi-modal emotion database (1); emotion maps (1); implicit bias education (1); emotion transition (1); cognition elaboration cues (1); gender prediction (1); perspective integration (1); affect recognition (1)"
"55-3","Deep learning architectures","84","pattern matching (5); visual question answering (4); human fall detection (3); finger force prediction (3); posture recognition (2); card sorting (2); effort expectancy (2); stimulus reconstruction (2); motor imagery eeg (2); action observation (2); motor imagery classification (2); recognition pattern (1); binaural beats (1); hand gestures classification (1); nonverbal behavior detection (1)"
"55-4","Machine learning methods","40","object detection (66); face mask detection (3); location tracking (2); pictures (2); object identification (2); motion pictures (2); visual anatomical object model (1); gestaltmatcher (1); object vision (1); face/eye detection (1); contour attention map (1); pronunciation error detection (1); eye color prediction (1); gaze movement modeling (1); human action intent recognition (1)"
"55-5","Natural language processing","67","vocabulary, controlled (129); feature attribution (5); sentence classification (5); semantic search (5); word typing paradigm (2); part-of-speech tagging (2); semantic role labeling (2); lexical patterns (2); language justice (2); word sense identification (2); vowel classification (1); context-aware cross-level fusion (1); local contextual semantic (1); semantic relation acquisition (1); semantic link (1)"
"55-6","Contrastive learning","54","transfer learning (376); domain generalization (29); model interpretation (18); condition (5); games, experimental (5); choice architecture (3); pretext task (3); task shifting (2); preference learning (2); unpaired learning (2); task specificity (2); tasks (2); memory bank (2); loose pairing training (1); online experiment (1)"
"55-7","Attention mechanisms","27","brain decoding (2); cognitive load experiments (1); electroencephalography and meditation experience (1); brain state prediction (1); cognitive task recognition (1); eye-tracking experiment (1); perception-action cycle (1); cognitive activity recognition (1); hallucination in ai models (1); mental state detection (1); mental task classification (1); consciousness detection (1); cognitive state identification (1); mental state prediction (1); fatigue recognition (1)"
"55-8","Machine learning methods","72","learning (67); discrimination (21); temporal reasoning (15); temporal relation extraction (7); progressive learning (5); performance expectancy (3); generalization ability (3); consistency learning (3); imitation learning (2); pattern search (2); heuristic rule (2); cues (2); similarity integration (2); bimodal learning (2); learning preferences (2)"
"56-0","Generative AI","47","medical image synthesis (12); multi-view fusion (3); high-resolution feature (2); 3d comparison (1); digitized exams (1); high-resolution electrocardiogram (1); medical image analy- sis (1); ai-generated imagery (1); cbct dataset (1); mipmap (1); tridimensional images (1); medical image security (1); ultrahigh-field mri synthesis (1); synthetic ct generation (1); facial scanners (1)"
"56-1","Whole slide imaging","39","histopathology images (10); nuclei detection (8); pathology images (7); pathology image (7); pathological image (6); stain normalization (4); histology image (4); stain transfer (3); blood smear images (3); nuclei classification (3); micrographia (2); histology image classification (2); staining restoration (1); immunohistochemistry image (1); tissue image representation (1)"
"56-2","Healthcare modeling","44","skin lesion segmentation (29); retinal layers segmentation (3); perihematomal edema segmentation (2); tortuosity measure (1); hard exudate segmentation (1); overlapping cytoplasms segmentation (1); visual field clustering (1); meningioma segmentation (1); peri-tumoral width selection (1); capsule densenet++ (1); henle's fiber layer segmentation (1); optic pathway glioma (1); plaque texture (1); lung nodules segmentation (1); dense micro-block difference (1)"
"56-3","healthcare data quality","73","radiology report generation (15); radiograph (4); ctakes (4); ivus (2); multimodality fusion (2); x-ray computed (2); medical ultrasound imagery (1); radiology images classification (1); ultrasound detecting (1); liver and spleen scan (1); earcanal prototype (1); liver ct annotation (1); thyroid ultrasound segmentation (1); coronary computed tomography angiography scans (1); t2 shine-through effect (1)"
"56-4","Laboratory methods","20","colonoscopy images (6); endoscopy image (3); ultrasound video (3); gastroscopic video (1); surgical keypoint detection (1); cystoscopy documentation (1); colposcopy image dataset (1); endoscopy ultrasound (1); dermascopic (1); virtual colonoscopy simulator (1); surgical video understanding (1); cervical smear image (1); patient evolution (1); ultrasound videos (1); va video connect (1)"
"56-5","Depth imaging modalities","27","tooth segmentation (6); tooth numbering (3); dental ct (2); cobb angle estimation (2); fingernail key points detection (1); crown segmentation (1); orbit segmentation (1); measurement of vocal fold shape defects (1); dental implant navigation (1); joint display (1); pelvis and femur segmentation (1); occlusal depth image (1); radiographer (1); dental image translation (1); pedography (1)"
"56-6","Cardiac mapping","37","speckle reduction (4); cmr (4); doppler radar (4); ivus (2); aorta segmentation (2); helical flow (2); cardiac digital twin (2); carotid video (1); left atrial appendage inversion (1); femoral head representation (1); cusp9 (1); torso detection (1); clip limit (1); doppler signal (1); skeletal muscle segmentation (1)"
"56-7","Machine learning methods","151","imaging (143); image (13); electron microscope tomography (11); digital exclusion (10); dilated convolution (8); images (8); video visits (7); scalogram (7); superpixel (5); image augmentation (5); image annotation (5); multimodal ai (4); landmarks (4); object localization (4); dermoscopy image (3)"
"56-8","Digital health","6","cardiac digital twin (2); digital patient twins (1); digital patient twin (1); digital human twin (1); digital normal (1); digital slide (ds) (1)"
"56-9","attribute-based access control policies","3","xacml (2); dicom security (2); dicom sr (1)"
"56-10","Time-frequency analysis","25","photoplethysmography imaging (3); pressure image (1); lung sounds classification (1); abdominal movement signal (1); audiogram estimation (1); electrocardiogram. sequential classification (1); spirography features (1); cervical auscultations (1); breath-prints (1); r-peak perturbations (1); pulmonary textures classification (1); real-time t-wave detection–delineation (1); s-emg signal compression (1); electroencephalography to image (1); heartbeat normalization (1)"
"56-11","Machine learning methods","34","in situ hybridization, fluorescence (9); dynamic panel data (7); fingerprints (6); thermal images (2); pseudo labeling (2); label smoothing (2); key slices (1); motor unit-specific image (1); anatomical key points (1); parameter magnification (1); microscopy, scanning probe (1); backscattered statistics (1); single-slice supervision (1); slide-level representations (1); case illustration (1)"
"57-0","Machine learning methods","131","pattern recognition, automated (177); computer-assisted instruction (34); computer-assisted (26); automated diagnosis (14); machine vision (9); surgical simulation (8); computer-interpretable guidelines (7); decision fusion (7); medical simulation (6); clinical workflows (6); interoperable (5); automatic assessment (4); automated assessment (3); computer assisted (3); automated detection (3)"
"57-1","Validation and benchmarking","110","software validation (21); target validation (15); algorithmic fairness (10); prediction algorithm (7); model performance (7); prediction tool (7); ground truth (7); algorithm development (6); model uncertainty (6); performance comparison (5); algorithm validation (4); algorithm benchmarking (3); prediction modelling (3); algorithm evaluation (3); performance benchmarking (2)"
"57-2","Closed-loop control","63","real time (13); real-time prediction (7); in-silico (3); real-time segmentation (3); real-time feedback (3); low-power design (3); embedded system (2); system-on-chip (2); high-speed deformation (2); real-time scheduling (2); system on chip (2); real-time performance (2); real-time application (2); real-life deployment (1); real-coded (1)"
"57-3","Healthcare modeling","83","computational method (11); distributed algorithm (9); mathematical morphology (9); real-world (7); hybrid method (6); computational phenotyping (5); prediction modeling (5); ensemble technique (5); adaptive design (4); computational hemodynamics (4); hybrid simulation (3); virtual physiological human (3); projections and predictions (3); simulation modelling (2); numerical modelling (2)"
"57-4","Contrastive learning","121","few-shot learning (47); feature engineering (33); lightweight model (12); real world (8); fault detection (3); enhanced sampling (2); cross-modal generation (2); intelligent assistant (2); calibration-free (2); counting-based biomarker (2); active noise reduction (2); short-term forecasting (2); geometric features (2); adaptive enhancement (2); unobtrusive monitoring (2)"
"57-5","Closed-loop control","22","end-to-end (14); teleoperation (4); robot control (3); hardware-in-the-loop (3); hand tracking (2); autonomous navigation (2); closed-loop control (2); robot positioning (1); haptic simulator (1); virtual space (1); navigation accuracy (1); target tracking (1); needle steering (1); needle tip tracking (1); image-guided (1)"
"57-6","Mathematical methods","87","parameter optimization (11); optimisation (8); supervised fine-tuning (6); workflow optimization (5); model optimization (4); reverse engineering (4); influence maximization (4); multi-modality fusion (3); adaptive filtering (3); hybrid algorithm (2); performance optimization (2); optimizers (2); work simplification (2); optimization design (2); multipoint pacing (2)"
"57-7","Process automation","111","pilot projects (154); automation (145); software validation (21); system design (15); patient simulation (15); scale development (14); prototypes (13); digitization (10); data validation (8); interface design (8); performance measurement (7); proof-of-concept (6); measurement automation (5); equipment safety (4); application development (3)"
"57-8","offline policy evaluation","6","security analysis (2); cross-application discrepant identity recognition (1); privacy-preserving evaluation (1); adversarial registration (1); adversarial optimisation (1); adversarial testing (1)"
"57-9","good simulation practice","12","dashboard design (2); intuitive design (2); humanoid robot (2); live teaching (1); web-based patient simulation (1); training virtual tool (1); virtual standardized patients (1); usability of navigated control (1); human simulator (1); simulation to reality (1); virtual training tool (1); visual display design (1)"
"58-0","Laboratory methods","369","mass spectrometry (348); super-resolution microscopy (130); high-throughput screening (103); cryoelectron microscopy (103); tandem mass spectrometry (94); genetic testing (82); genotyping techniques (60); biological techniques (59); flow cytometry (57); multiphoton microscopy (47); polymerase chain reaction (43); light-sheet microscopy (39); high-throughput screening assays (37); genetic techniques (34); clinical laboratory techniques (21)"
"59-0","Depth imaging modalities","16","positron emission tomography (pet) (7); tomography, emission-computed, single-photon (5); contrast-enhanced computed tomography (cect) (1); digital radiography (dr) (1); low-dose computed tomography (ldct) (1); time-of-flight magnetic resonance angiography (tof mra) (1); computerized tomography (ct) (1); computed tomography (pet-ct) (1); mutlislice computed tomography (msct) (1); computed tomography perfusion (ctp) (1); 4d computed tomography (4dct) (1); four-dimensional computerized tomography (4dct) (1); four-dimensional computed tomography (4d-ct) (1); multiparametric mri (mpmri) (1); cone-beam ct (cbct) (1)"
"59-1","Depth imaging modalities","12","functional magnetic resonance imaging (fmri) (5); diffusion tensor imaging (dti) (3); magnetic resonance spectroscopic imaging (mrsi) (2); phase contrast magnetic resonance imaging (pc-mri) (2); voxel-based morphometry (vbm) (1); computed inverse mri (cimri) (1); quantitative susceptibility mapping (qsm) (1); quantitative susceptibility mapping(qsm) (1); cardiac magnetic resonance imaging (cmri) (1); fractional anisotropy (fa) (1); proton magnetic resonance spectroscopy (1h-mrs) (1); functional magnetic resonance imaging (mri) (1)"
"59-2","Depth imaging modalities","35","optical coherence tomography (oct) (9); wireless capsule endoscopy (wce) (3); optical coherence tomography angiography (octa) (3); electrical impedance tomography (eit) (2); shear wave elastography (swe) (2); endoscopic photoacoustic tomography (epat) (2); contrast-enhanced ultrasound (ceus) (1); optical projection tomography (opt) (1); magneto-acoustic tomography (mat) (1); intravascular photoacoustics (ivpa) (1); quantitative intravascular photoacoustics (qivpa) (1); surface-enhanced raman spectrum (sers) (1); atomic force microscopy (afm) (1); photoacoustic microscopy (pam) (1); intravascular optical coherence tomography (ivoct) (1)"
"59-3","systematic screening","15","physical examination (38); chest x-ray (cxr) (4); breast ultrasound (bus) (1); pediatric chest x-rays (pedicxr) (1); automated breast ultrasound (abus) (1); phonoangiography (pcg) (1); us doppler (1); lung ultrasound (lus) spectroscopy (1); intracoronary ultrasound (icus) (1); thyroid ultrasound standard plane (tusp) (1); sonomyography (smg) (1); physical exam (1); respiratory system physical examination (1); micro-doppler signature (m-ds) (1); freehand ultrasound (us) (1)"
"59-4","Depth imaging modalities","14","pulse wave velocity (pwv) (2); left atrial appendage (laa) (2); coronary artery calcification score (cacs) (2); pulse wave analysis (pwa) (1); carotid artery intima-media thickness (imt) (1); left atrial appendage occlusion (laao) (1); myocardial contrast echocardiography (mce) (1); left atrial appendage(laa) (1); coronary artery calcification (cac) (1); coronary artery calcification(cac) (1); cardiac four-chamber planes (cfps) (1); transthoracic echocardiogram (tte) (1); t-wave alternans (twa) (1); cardiopulmonary resucitation (cpr) (1)"
"59-5","Laboratory methods","35","electroencephalography (eeg) (65); electroencephalogram (eeg) (60); surface electromyography (semg) (18); functional near-infrared spectroscopy (fnirs) (7); resting-state functional magnetic resonance imaging (rs-fmri) (5); electroencephalograph (eeg) (5); magnetoencephalography (meg) (5); surface electromyogram (semg) (3); transcranial direct current stimulation (tdcs) (2); surface electromyography(semg) (2); transcranial electrical stimulation (tes) (2); surface electro- myography (semg) (1); transcranial alternating current stimulation (tacs) (1); high-density surface electromyography (hd-semg) (1); surface emg (semg) (1)"
"59-6","Clinical trial methodology","22","breast imaging reporting and data system (bi-rads) (5); adolescent idiopathic scoliosis (ais) (2); bone age assessment (baa) (2); simpson-angus scale (sas) (1); motor symptoms (mds-updrs-iii) (1); temporomandibular joint disorder (tmd) (1); state trait anxiety inventory (stai) (1); pulmonary inflammation index (pii) (1); duodenogastric reflux (dgr) evaluation (1); childhood asthma control test (c-act) (1); ten meter walk test (10mwt) (1); digital rectal examination (dre) (1); periodic limb movement index (plmi) (1); hamilton anxiety test (ham-a) (1); trail making test (tmt) (1)"
"59-7","Pulse waveform analysis","38","heart rate variability (hrv) (31); photoplethysmography (ppg) (28); remote photoplethysmography (rppg) (7); continuous glucose monitoring (cgm) (7); ballistocardiography (bcg) (5); force myography (fmg) (4); phonocardiography (pcg) (4); cuffless blood pressure (bp) (3); polysomnography (psg) (3); oscillatory shear index (osi) (2); impedance pneumography (ip) (1); bladder non-destructive testing (ndt) (1); imaging photoplethysmography (ippg) (1); transcutaneous auricular vagus nerve stimulation (tavns) (1); heart rate variability biofeedback (hrv-bfb) (1)"
"59-8","Machine learning methods","23","computer-aided diagnosis (cad) (19); finite element analysis (fea) (7); spinal cord injury (sci) (4); computer aided diagnosis (cad) (3); functional electrical stimulation (fes) (2); computer-assisted diagnostic (cad) (1); radiofrequency ablation (rfa) (1); computer aided cardiac diagnosis (cacd) (1); smartphone, electrocardiogram (ecg) (1); computerized respiratory sound analysis (corsa) (1); multi-scale weighted box fusion (wbf) (1); computer-aided diagnostic (cad) (1); multiplex fluorescent in situ hybridization (m-fish) (1); three-dimensional particle tracking velocimetry (3d-ptv) (1); mild traumatic brain injury (mtbi) (1)"
"60-0","Machine learning methods","54","brain network (21); biomedical text mining (16); biomedical ontology (14); network biology (12); biomedical natural language processing (9); medical data mining (6); bioconductor (5); medical ontology (4); biomedical information retrieval (4); knowledge modeling (4); biomedical data mining (4); biomedical data science (3); biomedical imaging informatics (3); biomedical and health informatics (3); biomedical networks (2)"
"60-1","Machine learning methods","35","data mining (1178); multi-omics data integration (16); text-mining (13); big data analysis (12); big data analytics (8); multimodal data integration (4); heterogeneous data integration (3); big data mining (3); data-mining (2); data mining algorithms (2); health data mining (2); data mining modeling (1); network mining (1); big data, health informatics (1); informatics analysis (1)"
"60-2","information and knowledge management","113","knowledge bases (196); systems integration (152); health information interoperability (107); data warehouse (38); knowledge base (27); databases and data mining (20); data interoperability (18); data repositories (6); information infrastructure (5); knowledgebase (4); health data interoperability (4); information integration (4); universal exchange language (4); website development (4); knowledge integration (4)"
"60-3","Natural language processing","57","text mining (279); signal processing (80); biomedical signal processing (61); cellular automata (7); natural language understanding (6); natural language inference (6); natural language (5); language modeling (4); geospatial analysis (4); text analytics (4); evolutionary computing (3); text processing (3); twitter mining (3); machine reasoning (2); infometrics (2)"
"60-4","Cloud computing","69","computer communication networks (102); ubiquitous computing (23); microcomputers (17); pervasive computing (15); distributed systems (9); quantum computing (8); distributed research network (6); distributed research networks (5); biomedical computing (4); cloud-computing (4); cloud-based platform (3); serverless computing (3); federated networks (3); informatics platform (2); distributed information systems (2)"
"60-5","Sequence alignment","31","r package (16); medical image retrieval (4); big data applications (3); omics data integration (3); medical imaging informatics (2); information technologies (2); tree visualization (2); omics integration (2); technology platforms (2); compressed analysis (1); genomic variant data integration (1); technology platform (1); deep digital phenotyping (1); pharmacotranscriptomic platform (1); genomics data management (1)"
"60-6","Digital research methods","10","learning analytics (3); massive open online course (3); industry 5.0 (2); library services (1); blockchain development platform (1); architectures for educational technology system (1); metaverse web 3.0 (1); medical federated learning platform (1); digital learning platform (1); massive open online courses (1)"
"60-7","Health IT privacy","8","data security (45); information security (15); privacy-preserving data integration (1); secure computation of genomic data (1); privacy in genomic data storage (1); privacy-preserving distributed data integration (1); privacy preserving protocols (1); data privacy-aware (1)"
"60-8","information and knowledge management","29","web 2.0 (22); web mining (4); semantic web technology (4); semantic web technologies (3); automatic database curation (2); ontology web language (2); web ontology language (2); benchmarking tools (1); semantic web service (1); semantic web knowledgebase (1); web content mining (1); large-scale and integrative computational tools (1); query languages (1); web-based data analysis (1); openmodelica modeling environment (1)"
"60-9","information and knowledge management","13","data repositories (6); dictionaries (3); openehr archetypes (3); nosql database (2); information network (1); research data set (1); data modernization initiative (1); information organization (1); namer database (1); multisite repositories (1); knowledge repository (1); data marketplace (1); information platform (1)"
"61-0","Human–computer interaction","38","interactive visualization (13); user interfaces (10); graphical user interface (9); user–computer interface (9); user computer interface (4); graphical user interfaces (4); human computer interface (2); command-line interface (1); visual interface (1); interactive reporting (1); step-by-step tutorial (1); interactive web application (1); web application interface (1); software interface (1); web interface (1)"
"61-1","challenges and limitations","37","programming languages (249); open source software (19); open-source (19); open-source software (18); application programming interface (15); application programming interfaces (6); programming language (4); web accessibility (3); modelica programming language (2); open platform (2); open-source software pipeline (2); free/libre open-source software (1); java web (1); free open source software (1); data and code availability (1)"
"61-2","Natural language processing","40","natural language processing (1948); computer graphics (209); free text (16); high-performance computing (10); graphical models (7); high performance computing (6); virtual environment (4); computer development (2); machine learning implementation (2); graphical formats (1); automatic data mining tool (1); graphics processing units (1); code system (1); visualization systems (1); natural processing language (1)"
"61-3","Digital health","12","medical informatics applications (156); software applications (2); computer applications (2); crispr-cas tools (1); medical image sharing (1); computer-based biomedical applications (1); intelligent medical applications (1); computer aided applications (1); generic applications (1); medical information applications (1); open-source emr software (1); informatics applications (1)"
"61-4","Human–computer interaction","8","brain computer interface (22); brain-computer interfaces (17); system interface (3); brain machine interface (2); brain computer interfaces (2); interactive clinical systems (1); multi-user brain-computer interface (1); neuromorphic processor (1)"
"61-5","information and knowledge management","72","web-based (85); web browser (66); web server (42); web application (27); online platform (16); web portal (12); web-based tool (11); web-based applications (9); webserver (9); web-based platform (8); web platform (7); web-based data (7); free-text (7); web-based information (6); web app (6)"
"61-6","Healthcare modeling","7","unified modeling language (4); ontology application (1); interoperability, web ontology language (1); ontology-based applications (1); unified framework (1); unified modelling language (1); unified translation (1)"
"61-7","Human–computer interaction","16","portable electronic applications (3); computer software applications (2); android mobile application (1); off-line downloadable free and open-source software (1); portable format for analytics (1); computer application (1); contact tracing mobile application (1); custom application (1); portable software applications (1); educational gaming application (1); online applications (1); secure messaging application (1); smartphone eye-tracking application (1); 5g applications (1); 3d mobile application (1)"
"61-8","Computer graphics","9","computer graphics (209); high-performance computing (10); high performance computing (6); computer storage devices (2); graphical processing unit (1); computerization (1); graphics processing units (1); distributed file systems (1); computer hardware (1)"
"62-0","Mathematical methods","30","finite element analysis (102); medical image analysis (92); biomechanical analysis (4); medical imaging analysis (4); 3d analysis (2); volumetric analysis (2); ultrasound image processing (2); micro finite element analysis (1); 3d medical image analysis (1); digital model analysis (1); isogeometric analysis (1); volumetric evaluation metrics (1); volumetric image analysis (1); high-dimensional image analysis (1); 3d spatiotemporal analysis (1)"
"62-1","Medical image analysis","48","histopathological image analysis (9); retinal image analysis (7); pathological image analysis (4); ultrasound image analysis (4); whole slide image analysis (4); fundus image analysis (3); skin lesion analysis (3); histopathology image analysis (3); retinal image processing (2); cardiac image analysis (2); histological image analysis (1); digital measurements (1); histological analysis (1); digital clinical measures (1); medical image quantification (1)"
"62-2","Medical image analysis","75","electronic data processing (81); image analysis (59); statistical data (23); texture analysis (15); video analysis (14); automatic data processing (11); shape analysis (9); digital signal processing (7); statistical data analysis (5); computer-assisted image processing (5); digital image processing (5); image quality assessment (5); computer-aided image analysis (4); statistical features (4); statistical shape analysis (4)"
"62-3","Time-frequency analysis","40","wavelet analysis (63); speech recognition software (22); fourier analysis (17); spectral analysis (14); acoustic analysis (9); time–frequency analysis (6); audio analysis (5); normal mode analysis (3); netnographic analysis (3); phase analysis (3); interactive data analysis (2); cepstral analysis (2); frequency domain analysis (2); microstate spectral analysis (1); instant data analysis (1)"
"62-4","Mathematical methods","24","motion analysis (14); human motion analysis (3); human motion data analysis (2); surgical video analysis (2); human gait analysis (2); mobile gait analysis (2); objective and subjective video quality assessment (1); quantified gait analysis (1); quantitative movement analysis (1); time-motion analysis (1); video facial analysis (1); topological gait analysis (1); kinect analysis (1); computerized voice analysis (1); scene analysis (1)"
"62-5","Spatial data analysis","61","statistical data (23); quantitative analysis (18); time-frequency analysis (12); recurrence quantification analysis (10); quantitative evaluation (10); data envelopment analysis (9); multimodal analysis (6); statistical data analysis (5); statistical features (4); statistical shape analysis (4); behavioral analysis (3); netnographic analysis (3); quantitative methods (3); quantitative gait analysis (3); interactive data analysis (2)"
"62-6","Process automation","43","computer software (56); automatic data processing (11); computer-aided image analysis (4); automated analysis (4); computer aided analysis (4); computer-aided analysis (3); computer-assisted image analysis (3); automatic video analysis (3); automated clinical assessment (2); computerized text analysis (2); automatic image analysis (2); automated image analysis (2); computer-assisted coding (2); computer assisted coding (2); routine parameter calculation (1)"
"63-0","Natural language processing","344","ctsa (86); practice guidelines as topic (69); literature review (52); clinical coding (50); guidelines as topic (37); literature (30); clinical protocols (27); retrospective (23); clinical named entity recognition (20); mimic-iii (20); disease classification (18); review literature as topic (18); medical report generation (14); clinical nlp (14); patient stratification (12)"
"64-0","Digital health","421","mobile phone (1701); social media (1355); mobile apps (451); health information technology (356); twitter (293); electronic prescribing (107); smartphone app (98); mobile phones (78); mobile technology (54); digital health technology (47); google trends (47); information and communication technology (41); smartphone application (37); short message service (32); mobile phone app (28)"
"65-0","Healthcare modeling","342","predictive value of tests (82); decision tree (66); mortality prediction (65); risk stratification (55); survival prediction (48); severity of illness index (39); nomogram (37); prognostic model (24); drug response prediction (21); clinical prediction model (20); risk score (17); patient-specific modeling (16); prognosis prediction (15); scoring function (14); clinical prediction models (14)"
"66-0","Clinical trial methodology","220","randomized controlled trial (450); retrospective studies (295); cross-sectional studies (182); feasibility studies (144); cohort studies (137); prospective studies (135); case-control studies (88); population surveillance (82); longitudinal studies (72); cross-sectional study (51); follow-up studies (39); evaluation studies (36); longitudinal study (35); qualitative studies (27); validation study (26)"
"67-0","Machine learning methods","364","machine learning (6052); deep learning (4025); artificial intelligence (2971); ensemble learning (212); semi-supervised learning (138); supervised machine learning (129); unsupervised learning (107); unsupervised machine learning (53); supervised learning (52); generative artificial intelligence (49); interpretable machine learning (41); adversarial learning (36); deep-learning (32); weakly supervised learning (30); deep reinforcement learning (29)"
"68-0","specific health guidance","122","clinical decision support (522); clinical decision support systems (252); clinical decision support system (183); decision support systems (172); decision support (166); decision support system (81); decision aids (41); decision-support systems (26); patient decision aid (24); computer-assisted decision making (14); clinical decision support tool (10); decision support tools (9); patient decision aids (9); computerized decision support (8); rule-based system (7)"
"68-1","multi-criteria decision-making","73","decision making, computer-assisted (68); clinical natural language processing (47); computer-interpretable clinical guidelines (7); knowledge-based system (6); knowledge-based systems (5); virtual systems (5); medical natural language processing (4); intelligent systems (4); knowledge based systems (3); computer interpretable guidelines (3); computerised decision support system (2); ontology-based decision support system (2); medical language model (2); knowledge management tools (2); human-computer interface (2)"
"68-2","Healthcare modeling","54","medical order entry systems (204); point-of-care systems (47); patient identification systems (36); hospital communication systems (12); man-machine systems (6); ehr systems (3); integrated electronic medical record system (2); remote monitoring system (2); interactive voice response system (2); medication management system (1); dementia care intelligent recommender system (1); electronic error-reporting (1); telehealth chronic management system (1); electronic learning system (1); personal emergency response system (1)"
"68-3","Alerting systems","34","reminder systems (71); early warning system (11); monitoring system (7); system identification (6); alarm system (5); early warning systems (5); alert systems (4); medication alert system (4); intelligent system (3); computerized alerts (2); monitoring systems (2); real-time monitoring system (2); medication alerting system (2); emergency response system (1); gst warning system (1)"
"68-4","Health IT implementation","59","system integration (7); clinical dashboards (3); clinical adoption framework (3); web-based systems (2); integrated electronic medical record system (2); knowledge management tools (2); standardized terminology (2); integrated information systems (2); web-based dashboard (2); dashboard systems (2); comprehensive information management system (1); performance-based instrument (1); knowledge management tool (1); mobile application rating scale, user version (1); web-based survey system (1)"
"68-5","Medical image analysis","17","computer systems (103); computer-aided diagnosis system (7); computer-aided diagnostic system (3); cad system (3); computer vision systems (2); computer vision system (2); computer aided diagnosis system (2); medical visualization system (1); computer aided diagnosis (cad) systems (1); computer aided diagnostic (cad) system (1); computer-aided diagnosis systems (1); semi-automatic systems (1); computer aided diagnosis systems (1); medical imaging assisted diagnosis system (1); pathological brain detection system (1)"
"68-6","Process automation","22","medical expert systems (3); intrusion detection system (2); spelling correction system (1); advanced driver assistance systems (1); intrusion detection systems (1); mapping systems (1); patient guidance system (1); health information prediction system (1); driver monitoring systems (1); spatial decision support system (1); health risk expert system (1); clinical care classification (ccc) system (1); diagnosis assistance systems (1); medical guidance systems (1); systems engineering initiative for patient safety (1)"
"69-0","Drug design","400","molecular docking (193); molecular dynamics simulation (171); molecular dynamics (90); molecular docking simulation (90); virtual screening (84); protein folding (78); protein engineering (39); molecular dynamics simulations (32); qsar (30); cryoelectron tomography (28); structure determination (28); md simulation (26); rna folding (22); x-ray crystallography (19); molecular dynamic simulation (15)"
"70-0","Machine learning methods","52","cluster analysis (620); hierarchical clustering (22); k-means clustering (16); spectral clustering (13); k-nearest neighbor (10); clustering algorithm (6); consensus clustering (6); density-based clustering (3); dendrogram (2); minimum spanning tree (2); hierarchical agglomerative clustering (2); k-nearest neighbours (2); k means clustering (2); k-means cluster analysis (2); deep subspace clustering (2)"
"70-1","Dimensionality reduction","69","principal component analysis (148); dimensionality reduction (70); non-negative matrix factorization (30); dimension reduction (26); matrix factorization (21); nonnegative matrix factorization (13); tensor factorization (11); singular value decomposition (10); principal components analysis (8); multifactor dimensionality reduction (7); collaborative matrix factorization (3); kernel principal component analysis (3); multivariate empirical mode decomposition (3); multidimensional analysis (3); probabilistic matrix factorization (2)"
"70-2","Graph neural networks","43","common metrics (10); functional brain network (6); weighted correlation network analysis (2); geodesic distance (2); centrality analysis (2); topological indices (2); modularity analysis (2); degree-based indices (2); connectivity score (2); topological network measures (1); gene-specific score (1); network structural entropy (1); topological measures (1); temporal network analysis (1); brain network analysis (1)"
"70-3","Similarity measures","67","mutual information (28); fractal dimension (11); similarity measure (9); shannon entropy (8); similarity measures (7); youden’s index (3); similarity metric (3); dice coefficient (3); similarity matrix (3); pearson correlation coefficient (3); information entropy (3); conditional mutual information (2); entropy analysis (2); cosine similarity measure (2); maximum entropy (2)"
"70-4","probabilistic analysis","27","parameter estimation (28); kernel ridge regression (4); bayesian calibration (3); log-likelihood ratio (2); penalized support vector machine (2); expectation–maximization (2); permutation tests (2); jackknife test (1); bayesian information criteria (bic) (1); bayesian tensor factorization (1); bayesian variational inference (1); bayesian factor analysis (1); expectation-maximimization (1); log-likelihood (1); fisher feature selection (1)"
"70-5","Dimensionality reduction","103","independent component analysis (19); empirical mode decomposition (17); canonical correlation analysis (13); baidu index (6); ensemble empirical mode decomposition (6); detrended fluctuation analysis (4); sparse canonical correlation analysis (4); fractional anisotropy (3); fast fourier transform (3); principle component analysis (3); locality sensitive discriminant analysis (3); partial correlation (3); high-dimensional mediation analysis (3); functional principal component analysis (2); direct coupling analysis (2)"
"70-6","Natural language processing","30","aspect-based sentiment analysis (4); multiscale entropy analysis (2); complexity analysis (2); nonlinear signal analysis (2); multi-layer network analysis (1); bipartite network analysis (1); semantic network analysis (1); spectro-spatial analysis (1); multiscale multifractal analysis (1); opls-da (1); lexicon-based sentiment analysis (1); co-word biclustering analysis (1); body shape analysis (1); quantitative explainability evaluation (1); unsupervised sentiment analysis (1)"
"71-0","Digital research methods","209","qualitative research (491); sentiment analysis (159); qualitative (148); content analysis (127); thematic analysis (74); interviews as topic (73); social network analysis (66); interviews (43); bibliometric analysis (43); systems analysis (27); qualitative analysis (24); discrete choice experiment (18); research methodology (13); medical language processing (12); semistructured interview (10)"
"72-0","Medical image analysis","117","optical coherence tomography (71); dermoscopy (32); functional near-infrared spectroscopy (10); micro-ct (9); tomography, optical coherence (9); spectroscopy, near-infrared (6); fluorescein angiography (6); ultrasonography, doppler (5); x-ray radiography (5); imaging photoplethysmography (5); ultrasound elastography (5); x-ray microtomography (5); photogrammetry (5); near-infrared (5); digital breast tomosynthesis (5)"
"72-1","Medical image analysis","57","image processing, computer-assisted (354); computer-aided diagnosis (173); computer aided diagnosis (33); therapy, computer-assisted (25); computer-assisted diagnosis (25); computer-assisted therapy (16); automatic sleep staging (12); computer aided detection (8); automatic diagnosis (8); medical image diagnosis (6); computer assisted diagnosis (5); automated planning (4); computer-assisted drug therapy (4); non-invasive diagnostics (3); computer-aided prediction (2)"
"72-2","Medical image analysis","31","surgical navigation (11); computer-assisted surgery (6); stethoscope (5); neuronavigation (3); virtual surgical planning (3); virtual surgery (3); optical surgical navigation (3); computer assisted surgery (2); computer-aided surgery (1); 3d navigation guidance (1); virtual reality tour of the operating theatre (1); 3d navigation (1); navigated bronchoscopy (1); endoscopic video retrieval (1); hybrid robotics (1)"
"72-3","Cardiac mapping","78","acute ischemic stroke (19); thermography (15); magnetoencephalography (15); neuromodulation (11); catheter ablation (8); radiofrequency ablation (6); electric stimulation (6); cochlear implants (5); transcranial direct current stimulation (5); thermal ablation (5); electrocorticography (4); functional electrical stimulation (4); electrical stimulation (3); electroanatomic mapping (3); magnetocardiography (3)"
"72-4","Laboratory methods","8","in vitro fertilization (6); in-vitro fertilization (2); assisted reproductive technologies (2); in vitro fertilisation (1); reproductive techniques (1); ovarian stimulation (1); intrauterine insemination (1); assisted reproduction technology (1)"
"72-5","Medical image analysis","39","x-ray (24); cytological techniques (23); x-rays (14); histological techniques (7); hematoxylin and eosin staining (2); cervical cytology (2); hematoxylin and eosin (2); breast mammography (2); biopsy, fine-needle (2); tumor differentiation (1); redcap, merkel cell carcinoma (1); breast histopathology and cytology (1); tissue microarrays (1); mammogram analysis (1); temporal artery biopsy (1)"
"72-6","Machine learning methods","9","automatic sleep staging (12); automatic diagnosis (8); automated breast ultrasound (1); automatic planning algorithm (1); cryptographic protocols (1); automatic planning (1); dynamic medical protocol (1); motion planning (1); automatic stroke severity assessment (1)"
"72-7","Medical image analysis","6","fluorescein angiography (6); diabetic retinopathy image assessment (1); retinal imaging modalities (1); improved focal loss (1); aberrometry (1); fluorescence fundus angiography (1)"
"72-8","Medical image analysis","7","digital breast tomosynthesis (5); deep radiomics (2); imaging biomarkers (2); quantitative imaging biomarkers (2); magnetic resonance radiomics (1); image enhancement techniques (1); computed tomography radiomics (1)"
"72-9","Depth imaging modalities","10","imaging techniques (15); diagnostic techniques and procedures (14); kainic acid (2); remote and unsupervised cognitive assessment (1); sciatic mouse model (1); investigative techniques (1); diagnostic techniques (1); non-invasive techniques (1); noninvasive diagnostic methods (1); medical imaging techniques (1)"
"72-10","Medical image analysis","12","signal processing, computer-assisted (189); diagnosis, computer-assisted (143); imaging, three-dimensional (110); image interpretation, computer-assisted (102); drug therapy, computer-assisted (39); radiographic image interpretation, computer-assisted (36); surgery, computer-assisted (11); radiotherapy planning, computer-assisted (6); printing, three-dimensional (2); 3d structured-light scanning (1); radiotherapy, image-guided (1); three-dimensional ultrasound (1)"
"73-0","information and knowledge management","389","interoperability (261); named entity recognition (138); biological ontologies (101); terminology as topic (88); semantic web (63); knowledge representation (63); abstracting and indexing (38); protein language model (29); association rule mining (23); clinical text mining (22); biomedical ontologies (19); domain knowledge (17); biomedical named entity recognition (16); logical observation identifiers names and codes (15); human phenotype ontology (13)"
"74-0","Wearable sensors","78","wearable sensors (155); wearable sensor (34); body sensor networks (18); wearable sensing (14); wearable activity trackers (10); wearable electronics (4); wearable system (3); wearable activity monitor (3); wearable health monitoring (3); wearable monitoring system (2); consumer-grade wearables (2); wearable thermometry (2); wearable internet-of-things (2); consumer wearable devices (2); home monitoring technology (2)"
"74-1","Digital phenotyping","67","digital phenotyping (73); digital transformation (35); teletherapy (8); software as a medical device (7); digital monitoring (5); medical software (5); remote measurement technology (3); medical cyber-physical systems (3); digital cytometry (3); surgical simulator (3); monitoring devices (2); biomedical telemetry (2); on-device machine learning (2); monitoring device (2); digital patient monitoring (2)"
"74-2","Human–computer interaction","215","virtual reality (313); wireless technology (73); radio frequency identification device (71); remote sensing technology (52); inertial sensors (23); inertial measurement unit (15); wireless sensor networks (14); sensor technology (10); inertial measurement units (9); inertial sensor (9); robots (9); real-time systems (8); head-mounted display (8); real-time locating system (7); wireless sensor network (6)"
"74-3","Wearable sensors","74","wireless technology (73); radio frequency identification device (71); remote sensing technology (52); wireless sensor networks (14); global positioning system (12); distributed ledger technology (9); real-time locating system (7); wireless sensor network (6); radio frequency identification (4); wireless sensing (3); control systems (3); wireless monitoring (3); digital capability (2); wireless capsule (2); real time location system (2)"
"74-4","Human–computer interaction","82","virtual reality (313); computer vision (123); augmented reality (82); computers, handheld (52); interactive voice response (9); head-mounted display (8); human motion (4); human-machine interface (4); virtual world (4); human-machine system (3); eye-tracking technology (3); virtual human (3); ambient listening technology (2); tactile feedback (2); audio signal processing (2)"
"75-0","Digital health","80","laboratory (12); opensim (5); bispectrum (5); gamified (4); zigbee (2); datathon (2); technophilia (2); telefacsimile (2); ai doctor (1); telerounding (1); sugeno integral (1); fenchel dual (1); ai education (1); ardenml (1); teleteaching (1)"
"75-1","Digital research methods","109","infodemiology (227); unet (27); x (10); his (8); knn (8); densenet (8); avatar (7); glcm (7); yolo (7); mr (6); mooc (5); sift (5); swot (4); oud (4); lie detection (4)"
"75-2","Natural language processing","96","chatgpt (221); infoveillance (114); bert (109); xai (31); bilstm (11); r (11); opinion mining (7); bilstm-crf (6); semrep (5); influencer (4); semmeddb (4); abstract screening (4); bertopic (4); transformer attention (3); mag (3)"
"75-3","Machine learning methods","75","admet (26); environmental scan (11); adme (8); blast (7); eprom (5); salmonella (5); epros (3); femtech (3); hmis (2); ism band (2); phenograph (2); multiclass (2); mars tool (2); constitution recognition (2); genbank (2)"
"75-4","Machine learning methods","127","xgboost (67); cyclegan (11); gans (10); responsible ai (10); meta learning (9); bayes net (7); hybrid attention (4); shortcut learning (4); conformer (4); transformer attention (3); shape (3); tucker decomposition (3); tensorflow (3); gan inversion (3); openai (3)"
"75-5","Digital research methods","46","gamification (80); tcm (18); nearables (3); alert specificity (3); predictive maintenance (2); voice ai (2); informatization (2); smart band (2); voice call (2); cough classification (2); mocap (2); tea (2); invisalign (1); actimetry (1); fuzzy population (1)"
"75-6","Machine learning methods","36","ml (36); trees (19); hypergraph (14); hybrid (10); label fusion (6); forests (5); umap (5); elasticsearch (4); pcori (4); paradata (3); apple (3); acasi (2); phenograph (2); coxph (2); scop family (2)"
"76-0","Machine learning methods","269","big data (295); real-world data (112); imbalanced data (44); multimodal data (29); ehr data (24); real world data (19); structured data (18); biomedical data (18); multimodal data fusion (15); patient generated health data (14); sensor data (11); temporal data mining (11); multi-source data (10); heterogeneous data (10); time series data (9)"
"77-0","information and knowledge management","332","data integration (268); medical records systems, computerized (210); data quality (210); clinical data (61); de-identification (55); information quality (30); variable selection (30); medical history taking (19); personal health information (19); data completeness (15); data-driven (13); linked data (12); personal health data (12); medical records, problem-oriented (11); secondary data analysis (10)"
"78-0","Time-frequency analysis","20","infrared rays (4); coherent plane-wave compounding (2); resonant frequency (2); sound pressure (1); acoustic signal (1); rayleigh wave (1); reflectivity (1); dense optical flow (1); haptic sensation (1); traveling waves (1); local pulse wave propagation (1); joint acoustic emissions (1); 2d fourier descriptors (1); sound attenuation (1); acoustic wave (1)"
"78-1","Mathematical methods","39","fitts’ law (6); diffusion equations (2); reaction-diffusion (2); moens-korteweg equation (1); nmr advection-diffusion equation (1); rao-blackwellized particle filtering (1); mass transport (1); equivalent diffusion coefficient (1); bloch nmr flow equations (1); proportional integral derivative (1); reference solutions/ numerical solution (1); reaction-diffusion model (1); pennes bio-heat transfer equation (1); aerosol transport (1); higuchi fractal dimension (1)"
"78-2","Mathematical methods","35","hydrodynamics (4); turbulence (3); non-newtonian (3); smoothed particle hydrodynamics (3); viscous dissipation (2); navier–stokes equations (2); unsteady flow (2); navier stokes equations (1); peristaltic flow (1); stokes optical flow (1); laminar viscous flow (1); flow-dependent boundary condition (1); unsteady respiratory airflow (1); non-newtonian fluid (1); lagrangian flow field (1)"
"78-3","Continuum mechanics","69","passive sensing (19); transverse isotropy (2); radius of curvature (2); boundary conditions (2); vorticity (2); homogeneous texture (1); cosserat theory of elasticity (1); hyper elastic mechanical properties (1); joint kinematic control (1); steady-state (1); nonsymmetric (1); uncertainty of solutions (1); network controllability (1); systematic batch effects (1); elastodynamics (1)"
"78-4","Wearable sensors","39","electric impedance (6); magnetic field (5); electromagnetic radiation (4); electric field (3); electrical conductivity (2); galvanic coupling (2); electromagnetic fields (2); contact impedance (2); capacitive coupling (2); field programmable gate array (1); field-effect transistor (1); electroosmotic and lorentz forces (1); inhomogeneous magnetic field (1); dipole effect (1); repetitive nanosecond pulsed electric field (1)"
"78-5","Multi-agent systems","77","nanopores (90); cooperative behavior (75); topological features (5); long-range dependencies (4); multi-type interactions (3); transitive interactions (2); biomimetics (2); bio-heat transfer (2); protein phase separation (2); dynamic behavior (2); preferential pairing factor (2); lattice structures (2); modified uniform local ternary patterns (1); cooperation mechanism (1); open and closed structures (1)"
"78-6","probabilistic analysis","102","stochastic processes (29); system dynamics (8); monte carlo (8); critical transition (4); transfer entropy (3); energy function (3); brownian motion (3); nonlinearity (2); stochasticity (2); entropy generation (2); transition temperature (2); topological properties (2); elementary flux modes (2); structure from motion (2); forward dynamics (2)"
"78-7","Medical image analysis","50","cross-modal alignment (4); local ternary patterns (2); higher order spectra (2); optical flow field (1); multi-wavelength (1); harmonics (1); optical inversion (1); scale invariant local ternary pattern (1); dipole inversion (1); tetragonal local octa patterns (1); dense optical flow (1); intrinsic image layer separation (1); standard plane (1); multipath channels (1); differential excitation component (1)"
"78-8","Continuum mechanics","59","thermodynamics (55); joule heating (3); dielectric properties (3); porous media (2); coordination ellipsis (2); casson nanofluid (2); quantum annealing (2); thermal convection (2); mechanical phenomena (1); soft-to-hard metamaterials (1); dielectric properties of renal calculi (1); debunking mechanism (1); geometrical uncertainty (1); thermoelectricity (1); topological energy entropy (1)"
"79-0","systematic screening","225","systematic review (766); scoping review (273); information extraction (200); systematic reviews (66); systematic literature review (58); quality assessment (47); database searching (46); databases, bibliographic (33); preferred reporting items for systematic reviews and meta-analyses (22); data extraction (19); umbrella review (18); literature mining (16); systematic reviews as topic (13); internet search (12); knowledge extraction (10)"
"80-0","Sequence alignment","79","sequence analysis, dna (1201); chromosome mapping (97); gene library (95); sequencing (51); libraries (28); lipidomics (25); genome assembly algorithms (20); contig mapping (18); ngs (16); rnai (13); microarrays (12); genetic mapping (10); genome sequencing (7); library construction (7); variant interpretation (6)"
"80-1","Sequence alignment","82","scrna-seq data (20); lncrna identification (4); transcriptomics data (3); rna-seq data (3); gene expression programming (2); wgbs (2); heatmap decoding (1); geo2r (1); circrna microarray (1); scrna-seq dataset (1); spatial transcriptomics sequencing (1); snrnaseq (1); scrna-seq data clustering (1); heatmap regression (1); gene expression normalization (1)"
"80-2","Sequence alignment","82","sequence analysis, rna (816); sequence analysis, protein (297); protein design (67); blotting, western (7); molecular generation (7); bionlp (5); protein sequence design (4); scaffold hopping (2); co-simulation (2); mass spectrometry imaging (2); alignments (2); in silico trial (2); macro domain (2); molecular graph generation (2); interaction detection (1)"
"80-3","Generative AI","14","sequence design (3); primer design (2); airr-seq (2); benchmarking tcr cdr3 encoding (1); aptamer generation (1); promoter design (1); nucleotide sequence representation (1); rna sequence design (1); mutation strategy (1); compound library design (1); tcr prediction (1); tcr sequence design (1); rna design (1); grna design (1)"
"80-4","Natural language processing","20","bioinformatics training (6); text annotation (6); annotated data (3); annotation method (2); bioinformatics models (2); bioinformatics identification (1); annotation efficiency (1); pre-annotation (1); bioinformatic approach (1); annotation burden (1); bioinformatics advancements (1); annotation correction (1); annotation experiment (1); biological information extraction (1); active annotation (1)"
"80-5","systematic screening","51","biomarker discovery (33); association prediction (31); drug synergy prediction (11); lncrna-disease association prediction (6); cerna network (5); drug screening assays, antitumor (3); module biomarker (3); drug resistance prediction (2); drug-target interactions prediction (2); herb–disease association prediction (1); brain disease gene prediction (1); disease phenotype network (1); tumor neoantigen prediction (1); computational drug disco very (1); virulence prediction (1)"
"80-6","Sequence alignment","15","genome, archaeal (13); metatranscriptomics (2); antimicrobial resistance prediction (2); polysaccharide sequencing (1); termporal expression extraction (1); microbe-drug associations prediction (1); antimicrobial peptides identification (1); microbe–drug associations prediction (1); microbial information extraction (1); dna fingerprinting tools (1); gene cluster mining (1); cas proteins identification (1); bacterial strain genome reconstruction (1); hevc encoder (1); omqa (1)"
"80-7","privacy-preserving clustering","11","libraries, digital (4); personal transcriptome (3); genome privacy (2); dna computing (2); genomic data private computation (1); cdna dataset (1); library (1); holistic transcriptome (1); abide dataset (1); biological pipeline (1); webassembly (1)"
"80-8","Spatial data analysis","100","in silico trials (5); network comparison (3); enrichment (3); module identification (2); dta prediction (2); gene data feature selection (2); heatmap (2); heatmaps (2); structured prediction (2); biological interpretation (2); model discovery (2); horizontally partitioned data (2); network inference methods (2); multi-omics fusion (2); c. elegans modeling (1)"
"81-0","Natural language processing","48","language models (33); pre-trained language model (22); pretrained language model (11); pre-trained model (10); pre-trained language models (9); multimodal large language models (8); pre-trained models (7); vision-language models (5); vision-language model (4); transformer-based language models (4); transformer language model (3); transformer-based models (3); clinical large language models (2); pretrained models (2); visual-language model (2)"
"81-1","probabilistic analysis","49","diffusion model (45); diffusion models (28); generative models (22); generative model (21); statistical shape model (10); deep generative models (10); deep generative model (7); probabilistic generative model (3); molecular generative model (3); diffusion probabilistic model (3); statistical shape models (3); generative language models (2); generative language model (2); discrete diffusion model (2); subject-specific motion model (1)"
"81-2","Healthcare modeling","45","prediction model (203); ensemble model (18); simulation model (6); stochastic model (5); seir model (5); dynamic model (5); epidemic models (4); parametric model (3); arima model (3); disease progression modeling (2); lumped model (2); stochastic epidemic simulator (1); interaction dynamics modeling (1); probabilistic seir model (1); mean generation function model (1)"
"81-3","Mathematical methods","82","mathematical model (37); compartmental models (6); bidomain model (6); genome-scale metabolic model (5); genome-scale metabolic models (5); deformable model (3); kirkpatrick model (2); hill model (2); rigid-body model (2); cellular potts model (2); pharmacokinetic model (2); feed-forward loop (2); non-newtonian blood model (2); mass-spring model (2); analytical model (2)"
"81-4","Machine learning methods","32","hidden markov model (28); deep learning model (22); machine learning model (13); hidden markov models (11); learning model (4); biological language models (2); markov random field model (2); neural mass models (2); hidden semi-markov model (2); neural language models (2); encoder models (1); physiologically coupled language models (1); neural networks modeling (1); neural network model (1); propagation models (1)"
"81-5","Healthcare modeling","36","agent-based model (12); patient-specific models (10); multi-agent system (9); network models (6); network model (5); weakly supervised model (3); boolean modeling (2); agent-based models (2); machine-learning model (2); tree-based models (2); bond graph modeling (1); fine-tuned resnet50 model (1); ehr data models (1); interpretable deep learning model (1); ehr pre-trained model (1)"
"81-6","Natural language processing","77","topic modeling (137); common data model (52); hidden markov model (28); markov models (14); markov model (12); hidden markov models (11); lumped parameter model (7); decision tree model (4); state-space models (3); generative modeling (3); nonlinear model (3); state space models (2); multi-state model (2); markov random field model (2); exponential random graph model (2)"
"81-7","Hybrid modeling","91","hybrid model (22); biological models (19); model development (11); stacking ensemble model (6); common data models (6); model updating (6); ensemble models (5); information model (5); process model (4); multiscale model (4); active contour model (3); model prediction (3); multiscale models (3); constraint-based modeling (2); model-based (2)"
"81-8","Hybrid modeling","66","models (22); genetic models (11); vector space model (6); multi-scale model (4); multimodal models (3); pretrained model (3); expectation-confirmation model (2); two-stage model (2); efficient model (2); reduced-order model (2); tree-based model (2); three-pore model (1); user-centered model (1); pan-specific prediction model (1); data-dependent model (1)"
"82-0","information and knowledge management","99","information retrieval (121); digital (85); databases as topic (69); access (51); information (34); redcap (30); information sharing (24); search (17); information sources (11); resources (11); records (11); electronic (10); communications (8); information source (7); act (6)"
"82-1","Digital health","21","record (6); clinical document architecture (4); hl7 clinical document architecture (2); electronic record (2); electronic health records (e05.318.308.940.968.625.500) (2); nursing record (1); hl7 consolidated clinical document architecture (1); electronic note sharing (1); health record viewer (1); electronic compass (1); paper resuscitation record (1); digital record (1); graphical (1); digital records (1); paper record (1)"
"82-2","Natural language processing","45","text (16); plain language (8); videos (5); document classification (4); document analysis (4); sign language (4); medlineplus (3); document retrieval (2); document ranking (2); textual (2); document level (2); literature databases (2); document-level (2); text index (1); structured abstract (1)"
"82-3","academic dissemination","49","publications (125); publishing (36); tweet (12); citation analysis (10); peer-review (7); citation (6); publication ethics (6); citespace (6); citation screening (5); publish (3); twitter/x (2); microblog direct message (2); publication policy (2); research hotspot (1); international perspectives (1)"
"82-4","Mathematical methods","50","computers (169); information visualization (12); soft computing (7); clinical bioinformatics (6); computational simulation (5); mit-bih database (3); dti database (2); repository (2); r language (2); integrative resource (2); pdb (2); biobank database (1); genetic databanks (1); bioinformatics research (1); asymmetric codec (1)"
"82-5","Digital health","54","online (82); website (18); public reporting (11); open innovation (6); online information seeking (5); online pharmacy (5); online data (3); web quality (2); content coverage (2); online chat (2); voice message (2); online dating (2); online safety (2); public data (2); online hospital (2)"
"83-0","evidence-based framework","272","risk assessment (255); clinical research (130); clinical informatics (126); evidence-based practice (86); real-world evidence (57); clinical practice (56); expert systems (37); technology assessment (24); kinematics (22); evidence synthesis (21); clinical practice guideline (21); clinical text (16); research management (15); clinical governance (15); gyroscope (14)"
"84-0","Pulse waveform analysis","90","body area network (ban) (4); scoring function (sf) (3); ecg derived respiration (edr) (2); motion artifact (ma) (2); pulse arrival time (pat) (2); method of lines (mol) (2); video quality assessment (vqa) (2); optimal transport (ot) (2); lesion color texture (lct)–streax (str) (1); accelerometry (acc) (1); pulmonary fibrosis (pf) (1); data quality (dq) (1); after visit summary (avs) (1); missing value imputation (mvi) (1); tissue activity ratio (tar) (1)"
"84-1","Healthcare modeling","154","rna, small interfering (28); single-cell rna sequencing (scrna-seq) (4); received signal strength (rss) (3); dynamic network biomarker (dnb) (3); liquid–liquid phase separation (llps) (2); class activation map (cam) (2); body area networks (ban) (2); federated learning (fl) (2); ftir-based imaging method (fim) (2); fluid-structure interaction (fsi) (2); attention gate (ag) (2); transcriptome-wide association studies (twas) (2); scaled circularity index (sci) (1); real-world data (rwd) (1); magnetohydrodynamics (mhd) (1)"
"84-2","Time-frequency analysis","48","power spectral density (psd) (3); time-reversal (tr) (2); respiratory sinus arrhythmia (rsa) (2); automatic speech recognition (asr) (2); frustrated total internal reflection (ftir) (2); motor unit number estimation (mune) (2); bag-of-words (bows) (1); question-answering (qa) (1); normalized cross correlation (ncc) (1); the task-technology fit (ttf) (1); band-pass filter (bpf) (1); textile sensor noise (tsn) (1); vision language pre-training (vlp) (1); prism adaptation (pa) (1); lead asymmetric pooling (lap) (1)"
"84-3","Machine learning methods","32","human activity recognition (har) (5); functional connectivity (fc) (3); gated recurrent unit (gru) (3); class activation map (cam) (2); domain generalization (dg) (2); shapley additive explanation (shap) (2); domain adaptation (da) (2); transfer learning (tl) (2); post-acceptance model (pam) (1); bidirectional long short-term memory (bilstm) (1); multi-scale attention mechanism module (msa) (1); meta-heuristics (mh) (1); temporal associative granulation (tag) (1); category attention module (cam) (1); offline reinforcement learning (orl) (1)"
"84-4","Laboratory methods","1","poly(l-histidine) (1)"
"84-5","Sequence alignment","6","sars-cov-2 m(pro) (2); sars-cov-2 (severe acute respiratory syndrome coronavirus 2) (1); novel coronavirus (sars-cov-2) (1); sars-cov-2 mpro (1); sars-cov-2 omicron (1); sars-cov-2 (covid-19) (1)"
"85-0","Health IT implementation","52","health informatics (277); infrastructure (20); information governance (7); ehr implementation (5); hospital ranking (3); ehr optimization (2); health platform (2); icts (2); metaverse healthcare (2); health data governance (2); provider benchmarking portal (1); infrastructuring (1); health data transformation (1); focus u-net (1); network readiness (1)"
"85-1","Health IT implementation","128","support (64); technology assessment, biomedical (28); foundation model (25); marketing (24); internationality (20); regulations (19); certification (17); fair principles (15); prioritization (12); harmonization (9); practice management, medical (9); ai in healthcare (8); personalisation (6); economics, hospital (6); requirements engineering (5)"
"85-2","Digital health","52","health level seven (24); technologies (14); service design (12); health level 7 (6); healthcare it (4); mental health informatics (4); ehealth readiness (3); bcs health (3); health drivers (2); translational science benefits model (2); health and welfare technology (2); healthcare automation (2); consumer health it (2); service innovation (2); primary care informatics (2)"
"85-3","Health IT implementation","11","public health informatics (123); emergency response (7); community detection (5); pandemic preparedness (5); health forecasting (2); quarantine management assessment (1); surveillance testing (1); epidemic detection (1); outbreak tracking (1); environmental public health tracking (1); outbreak management (1)"
"85-4","information and knowledge management","53","education (295); informatics (228); nursing informatics (91); healthcare informatics (18); sustainability science (8); business intelligence (8); research informatics (7); bioinformatics education (7); nursing science (5); research education (4); science identity (3); learning healthcare (3); programs (2); smart care (2); pharmacy informatics (2)"
"85-5","Digital health","64","health literacy (303); advertising (26); websites (15); consumer informatics (7); consumer health vocabulary (7); patient centric (4); digital readiness (4); online assessment (4); diet apps (4); social media influencer (3); distance counseling (3); behavior change app (2); clinical decision support services (2); nutrition tracking (2); technology readiness (2)"
"85-6","cost effectiveness analysis","54","efficiency, organizational (110); retention (64); intention (43); sustainability (41); resilience (31); hispanic (17); incentives (17); economic (15); lmics (13); inequality (12); digital health equity (8); collaborative work practices and it (8); participatory surveillance (7); economy (4); diversity equity inclusion (3)"
"85-7","Health IT implementation","52","communication (427); engagement (240); challenges (40); coaching (33); generalizability (32); stakeholders (17); change management (8); indicators (8); practical model (7); research support as topic (7); working alliance (6); pilot funding (3); change (3); campaign evaluation (2); implementation intentions (2)"
"85-8","Human–computer interaction","40","human factors engineering (16); knowledge engineering (10); user perception (5); carbon footprint (5); fraud detection (4); resource management (4); engineering design (3); fault tolerance (3); resilience engineering (3); safety net (2); uncertainty management (2); systems design (2); environment design (2); security factors (1); communicating risk (1)"
"86-0","Mathematical methods","346","computer simulation (819); computational models (232); predictive modeling (142); monte carlo method (96); computational fluid dynamics (95); finite element method (42); computational model (40); mathematical modeling (38); computational modeling (37); finite element (28); predictive modelling (22); numerical simulation (18); mathematical modelling (17); finite element model (16); computer modeling (14)"
"87-0","Digital health","582","medical informatics (1053); computer security (297); community engagement (127); consumer health informatics (105); ehealth literacy (97); e-learning (54); user engagement (52); data warehousing (39); users (39); online intervention (29); computer literacy (29); educational technology (24); persuasive technology (23); user-centred design (22); genetic privacy (21)"
"88-0","Natural language processing","124","bioinformatics (441); information technology (192); biomedical informatics (99); health data (83); mathematics and computing (62); data analytics (44); visual analytics (28); analytics (26); international cooperation (15); computational intelligence (11); healthcare analytics (11); altmetrics (9); medical technology (9); cognitive informatics (6); mathematical computing (6)"
"88-1","Gene editing","84","computational biology and bioinformatics (232); genetic engineering (117); synthetic biology (102); multiomics (90); genetics research (75); functional genomics (70); computational science (64); proteome informatics (62); molecular biology (48); molecular engineering (48); biophysical methods (42); molecular biophysics (36); virology (30); metabolic engineering (26); biophysics (22)"
"88-2","Time-frequency analysis","13","speech (47); biometry (33); acoustics (10); bioacoustics (4); speech enhancement (3); ear biometrics (3); audio processing (2); speech acoustics (1); speech modalities (1); bio-acoustics (1); sound analysis (1); part of speech (1); speech analytics (1)"
"88-3","Attention mechanisms","64","neuroscience (193); psychology (96); computational neuroscience (66); cognitive neuroscience (28); linguistics (27); brain mapping (27); research report (25); child development (16); systems medicine (10); embryology (9); information behavior (9); emotion analysis (7); cognitive computing (5); neuroinformatics (5); corpus linguistics (5)"
"88-4","Healthcare surveys","19","health surveys (32); infectious disease surveillance (10); nutrition surveys (7); health survey (5); censuses (4); infectious disease modeling (4); medical statistics (3); national health interview survey (3); participatory epidemiology (3); mortality statistics (2); tobacco regulatory science (2); public health genomics (2); national health survey (1); disease databases (1); family justice data (1)"
"88-5","Medical image analysis","36","radiomics (108); biological microscopy (11); nanobiotechnology (11); metaheuristics (9); nanomedicine (7); imaging informatics (6); quantum chemistry (4); ieee 11073 (3); biological clocks (3); quantum theory (3); catalysis (3); radiomic (3); carbon nanotube (2); brain chemistry (2); quantum information (1)"
"88-6","Healthcare modeling","25","biomedical engineering (121); biomedical engineering/biotechnology (11); electrical and electronic engineering (10); haptics (6); computational biomechanics (4); systems engineering (3); mechanical engineering (3); heart modeling (2); rheology (2); mechatronics (1); gait biometrics (1); breast biomechanics (1); bionic engineering (1); biomechanics modeling (1); brain biomechanics (1)"
"88-7","Spatial data analysis","19","biodiversity (39); environmental sustainability (3); environmental data (3); soil microbiology (3); food analysis (2); environmental sciences (2); geospatial data (2); metrology (1); information ecologies (1); environmental sensors (1); environmental social sciences (1); lifelog data (1); magnetic data (1); geospatial informatics (1); geodesics (1)"
"88-8","Mathematical methods","140","computer science (112); information science (56); social sciences (41); public opinion (39); bioethics (30); citizen science (29); economics (26); interdisciplinary studies (23); medicaid (23); human learning (22); regulatory science (15); california (14); academic medicine (13); london (10); interdisciplinary research (10)"
"89-0","Healthcare modeling","118","personalization (57); semi-supervised (18); optimal control (12); aftercare (12); interpretable (11); diabetic (11); dynamic programming (7); steroids (6); black-box (3); path planning (3); multifractal (3); ransac (3); active control (3); crs-r (3); dynamic treatment regime (3)"
"89-1","Hybrid modeling","69","pharmacokinetics (35); rxnorm (22); drug evaluation, preclinical (15); lead optimization (7); antidepressants (5); uric acid (4); drug administration schedule (4); cotinine (3); endpoint determination (3); dose prediction (3); smbg (2); scatter correction (2); modified beer-lambert law (2); imprecision (2); acetaminophen (2)"
"89-2","Animal disease models","107","disease models, animal (30); immunohistochemistry (23); real-time (22); mice, inbred c57bl (19); tumor cells, cultured (7); immersion (6); microsimulation (6); organoids (5); mds-updrs (4); karyotyping (4); gleason grading (3); fiducial markers (3); brain extraction (3); white blood cell classification (3); values (3)"
"89-3","Wearable sensors","122","telemonitoring (124); telemetry (45); mechanical ventilation (31); non-invasive (11); blood glucose prediction (10); medication history (6); infusions, intravenous (6); edit distance (5); ventilators (5); noncontact monitoring (5); glucose prediction (5); turnaround time (4); history taking (4); microintervention (3); chest compression (3)"
"89-4","Assisted reproductive technologies","12","embryo, mammalian (7); preimplantation diagnosis (2); infertility, male (2); reproductive techniques, assisted (2); planned oocyte cryopreservation (1); infertility, female (1); embryo selection (1); elective egg freezing (1); pregnant radiographer (1); ovulation detection/methods (1); sperm selection (1); women with infertility (1)"
"89-5","Laboratory methods","9","antibiogram (2); antibacterial (2); multidrug resistance (2); immunity assay (1); antitubercular (1); mic (1); gamma-globulins (1); antifungal (1); mic and mbc (1)"
"89-6","Validation and benchmarking","46","vgg16 (6); clinical use (4); in vitro (3); clinical efficacy (3); precision of merit (2); prescreening (2); screening methods (2); advance directive (2); stimulant misuse (2); microservice (2); biofidelity (2); pre-clinical (1); inaccurate label (1); safety assurance (1); animals, laboratory (1)"
"90-0","attribute-based access control policies","385","patient participation (196); data sharing (164); access to information (104); medical ethics (92); data privacy (82); research ethics (63); data protection (42); privacy protection (39); data anonymization (34); consent (26); data harmonization (24); patient privacy (24); disclosure (23); patient data privacy (20); protected health information (20)"
"91-0","Healthcare modeling","623","anomaly detection (63); frailty (55); seizure detection (36); age (35); depression detection (25); outcome prediction (25); patient similarity (23); fitness tracker (22); sleep stage classification (21); seizure prediction (18); early prediction (17); clinical outcome prediction (14); type 2 (13); patient matching (13); disease detection (11)"
"92-0","Time-frequency analysis","492","time series (67); wavelet transform (32); discrete wavelet transform (20); matrix completion (19); dynamic time warping (18); continuous wavelet transform (17); wavelets (15); blind source separation (14); time series classification (12); fourier transform (12); time-series (12); kalman filter (11); biosignal processing (9); cosine similarity (9); hilbert transform (9)"
"93-0","probabilistic analysis","65","logistic models (135); logistic regression (131); linear models (123); regression model (16); ordinal regression (8); multinomial logistic regression (7); logistic regression model (6); generalized linear model (5); generalized linear models (4); multivariate regression (3); regression models (3); linear model (3); poisson regression (3); multiple linear regression (3); stepwise regression (3)"
"93-1","Healthcare modeling","26","proportional hazards models (34); multivariate time series (9); cox regression (8); cox proportional hazards model (8); cox model (6); cox proportional hazards (6); survival model (5); cox proportional hazard (4); cox regression model (3); proportional hazards model (3); cox proportional hazard model (2); multivariate time-series (2); survival modeling (1); competing risk model (1); time-to-event models (1)"
"93-2","Latent variable modeling","64","model selection (11); mixture models (8); hierarchical model (5); autoregressive model (4); model fitting (4); autoregressive models (3); group-based trajectory model (3); latent variables (3); rasch partial credit model (2); continuum growth modeling (2); latent class growth analysis (2); latent growth curve model (2); conditional diffusion models (2); partial credit model (2); group-based trajectory modeling (2)"
"93-3","Multilevel modeling","87","multilevel analysis (8); weights and measures (6); multilevel modeling (6); linear mixed model (6); joint models (4); hierarchical models (4); regression modeling (4); random effects (4); multimodal modeling (3); mixed linear model (3); mixed effects modeling (3); hierarchical mixed model (2); mixed-effects model (2); generalized linear mixed model (2); autoregressive modeling (2)"
"93-4","Latent variable modeling","50","structural equation modeling (38); latent class analysis (19); structural equation model (13); latent profile analysis (6); measurement invariance (5); structural topic modeling (5); process modeling (4); path analysis (4); latent variable models (4); structural equation modelling (4); latent diffusion model (3); elaboration likelihood model (3); latent class model (2); latent growth curve model (2); partial least squares structural equation modeling (2)"
"93-5","probabilistic analysis","41","bayesian inference (26); partial least squares (8); bayesian estimation (7); bayesian statistics (6); bayesian modeling (6); markov decision process (5); maximum likelihood estimation (5); generalized method of moments (5); generalized method of the moments (4); bayesian hierarchical model (3); joint estimation (2); generalized estimating equations (2); elaboration-likelihood model (2); joint moment estimation (1); generalized estimation equation (1)"
"93-6","Propensity score methods","67","mediation analysis (23); mendelian randomization (23); mediation (7); multiple imputation (7); missing data imputation (5); mediation effect (5); moderation (4); informative missingness (3); joint model (3); causal effect estimation (2); moderation analysis (2); heterogeneous treatment effects (2); double coverage models (2); meta-model (2); reference models (2)"
"93-7","Latent variable modeling","15","latent class analysis (19); latent profile analysis (6); mixture modeling (4); mixture model (4); latent semantic analysis (3); constrained mixture model (2); latent class model (2); correspondence modeling (1); latent class trajectory analysis (1); growth mixture modeling (1); latent class trajectory modelling (1); latent transition analysis (1); growth mixture model (1); latent growth mixture modeling (1); latent class modeling (1)"
"93-8","Regularized regression","27","support vector regression (17); lasso regression (6); penalized regression (4); regularized regression (3); regularized logistic regression (2); ridge regression model (1); penalized logistic regression (1); multiperiod difference-in-differences model (1); compressed variance component mixed logistic model (1); least squares support vector regression (1); penalized regression model (1); boosted logistic regression (1); convolutional multivariate multiple regression (1); penalised cox model (1); penalised estimation (1)"
"94-0","Deep learning architectures","75","autoencoder (72); variational autoencoder (32); autoencoders (19); denoising autoencoder (10); convolutional autoencoder (8); deep autoencoder (8); masked autoencoder (7); graph auto-encoder (7); encoder-decoder (7); sparse autoencoder (5); encoder–decoder (5); encoder-decoder network (4); stacked sparse autoencoder (3); stacked sparse autoencoders (3); stacked autoencoder (3)"
"94-1","Mathematical methods","86","bidirectional encoder representations from transformers (24); transformer encoder (11); generative pretrained transformer (10); pretrained language models (8); generative pre-trained transformer (6); generative pre-trained transformers (2); bidirectional encoder representations from transformer (2); encoder and decoder (2); dual-branch encoder (2); bidirectional encoder representation from transformers (2); convolutional vision transformer (2); fuzzy logic control (2); channel-wise cross-fusion transformer (1); large pretrained language models (1); gesture-based controller (1)"
"94-2","Graph neural networks","29","graph autoencoder (11); graph auto-encoder (7); graph autoencoders (2); graph attention auto-encoder (2); graph convolutional autoencoder (2); multi-scale super-resolution decoder (1); graph attention autoencoder (1); real enhanced super resolution generative adversarial network (1); graph normalized auto-encoder (1); meta-path-based graph encoder (1); symmetric graph convolutional auto-encoder (1); graph convolutional autoencoder with sharing parameters (1); graph embedding variational autoencoder (1); graph variational autoencoder (1); mapreduce framework with a fusion algorithm (1)"
"94-3","Regularized regression","42","manifold regularization (3); dual tree complex wavelet transform (3); deep matrix factorization (3); sparse regression (2); nonlinear signal processing (2); denoising diffusion model (2); network sparsification (2); denoise autoencoder (1); biomedical signal compression (1); adversarial diffusive denoising (1); wavelet based local adaptive de-noising (1); group sparse regularization (1); sparsity optimizer (1); bidirectional weighted feature fusion (1); embedded compressive sensing (1)"
"94-4","Medical image analysis","7","deformable convolution (4); region-based active contour (2); edge-based active contour (1); multiphase active contours (1); dilated deformable refinement module (1); edge-based geometric active contours (1); active contour by level set (1)"
"94-5","Adaptive Kalman Filtering","20","nonlinear bayesian filtering (3); marginalized particle-extended kalman filtering (2); adaptive signal processing (2); extended kalman filtering (2); constrained kalman filter (1); ensemble kalman filter (1); adaptive signal detection (1); multiscale matched filter (1); multistage nonlinear adaptive filter (1); adaptive spectrum segmentation and recognition (1); cascaded adaptive filtering (1); decentralized kalman filter (1); neural collaborative filtering (1); adaptive median filter (1); joint extended kalman filter (1)"
"94-6","Hybrid modeling","154","depthwise separable convolution (6); convolutional long short-term memory (3); feature pyramid network (2); multi-view fusion network (2); feature pyramid (2); depth-wise separable convolution (2); encoder–decoder framework (2); adaptive neuro-fuzzy inference system (2); multi-label classification network (1); deep learning word embeddings (1); dictionary-based system (1); asymmetric encoder-decoder network (1); deep feature-level fusion (1); 5-layer architecture (1); large-kernel volumetric convolution (1)"
"94-7","Weak supervision","3","weakly-supervised segmentation (3); timestamp-based segmentation (1); unsupervised instance segmentation (1)"
"94-8","Fuzzy logic methods","46","adversarial robustness (3); fuzzy k-nearest neighbors (3); ls-svm classifier (2); artificial intelligence - ai (2); fuzzy pooling (2); kernel machine (2); deep learning regression (1); kernel classifier (1); fuzzy sugeno classifier (1); adaptive linear activity classification (1); nonlinear classification (1); boolean classifiers (1); bag of centroids (1); random forest hyper-ensemble (1); adversarial propagation (1)"
"94-9","Deep learning architectures","37","multi-layer perceptron (13); cnn-lstm (7); 3d-cnn (6); dilated convolutions (4); rnn-lstm (2); deep graph infomax (2); lstm-attention network (2); temporal convolution network (2); convolutional lstm (2); deep cnn (2); multi layer perceptron (1); siamese convolutional neural networks (1); stacked lstm (1); dual-layer lstm (1); cnn-bilstm-svm (1)"
"95-0","Cognitive behavioral therapy","229","cognitive behavioral therapy (169); digital intervention (118); digital interventions (71); lifestyle modification (51); digital health interventions (37); motivational interviewing (33); behavior change techniques (33); biofeedback (28); internet-based cognitive behavioral therapy (26); behavior therapy (25); digital mental health interventions (23); lifestyle intervention (23); psychoeducation (21); just-in-time adaptive intervention (20); internet intervention (19)"
"96-0","Propensity score methods","58","epidemiologic methods (18); passive monitoring (14); epidemiological monitoring (13); ethnic epidemiology (7); viral epidemiology (5); google flu trends (4); confounding factors, epidemiologic (3); epidemic modeling (3); epidemic forecasting (2); influenza forecasting (2); epidemic simulation (2); disease modelling (2); disease forecasting (2); epidemiological model (2); epidemiological modeling (2)"
"96-1","Similarity measures","54","species specificity (54); dna barcoding, taxonomic (22); phylogeography (20); polyploidy (18); diploidy (13); species diversity (12); phylogenetics (12); coevolution (3); marker identification (2); phylogenetic network (2); longitudinal microbiome (2); population structure (2); genealogy (1); typological analysis (1); phylogenetic variation (1)"
"96-2","surveillance metrics","79","selection, genetic (22); climate change (20); population dynamics (8); environmental monitoring (8); non-model organisms (5); indoor air quality (4); heat stress (3); environmental control (3); risk-based monitoring (2); ecological model (2); interspecies extrapolation (2); planning under uncertainty (2); risk monitoring (2); natural experiment (2); microgravity (2)"
"96-3","Spatial data analysis","38","geography (25); spatial clustering (6); geographic mapping (5); spatial information (4); spatial correlation (3); spatial modelling (2); geospatial mapping (2); geographic visualization (2); spatial statistics (2); spatial structure (2); location analysis (1); global region information (1); location-based risk assessment (1); spatial variables (1); weighted local information (1)"
"96-4","Machine learning methods","22","crops, agricultural (13); deep forest (7); bloom’s taxonomy (2); synonyms (1); plants misidentification (1); food-disease relations (1); food fraud (1); marine sponges (1); medicinal leaf and plant classification (1); gancao-banxia (1); heavy industries (1); parasite egg classification (1); food chain (1); bioprospecting (1); nelder mead (1)"
"96-5","Machine learning methods","78","time series forecasting (20); common spatial patterns (7); multi-scale modeling (6); common spatial pattern (6); temporal patterns (5); coarse-to-fine (4); searching behavior (4); large-scale (4); pattern identification (3); temporal trends (2); forecasting models (2); re-sampling (2); idiographic modeling (2); temporal dependency (2); temporal modeling (1)"
"96-6","Spatial data analysis","2","health services research, 2-step virtual catchment area (2svca) method, 2-step floating catchment area (2sfca) method (1); ambient assisted living environments (1)"
"96-7","Spatial data analysis","16","northern uganda (3); mid-atlantic region (2); harari region (2); mali (2); north norfolk (1); northern europe (1); lombardy region (1); northern krill (1); french polynesia (1); northern malawi (1); north korean refugees (1); northern california (1); northern territory (1); cote d'ivoire (1); sub-sahara africa (1)"
"97-0","Mixed methods","209","qualitative study (86); mixed methods (75); participatory design (51); cross-sectional (44); qualitative methods (36); online survey (33); selection bias (25); cross-sectional survey (22); web-based survey (18); mixed-methods (17); delphi study (16); mixed methods study (15); single-blind method (14); human centered design (11); survey methodology (11)"
"98-0","Theoretical frameworks","82","models, theoretical (340); language model (52); models, psychological (12); explainable models (6); multimodal integration (5); artifical intelligence (5); contextual embeddings (4); explainable model (4); mental model (4); semantic reasoning (3); egocentric video (3); deep views (2); interpretable framework (2); local interpretable model-agnostic explanations (2); dual network (2)"
"98-1","Causal learning","36","causal inference (67); concept mapping (11); belief rule base (4); evidential reasoning (4); counterfactual reasoning (2); bayes' rule (2); counterfactuals (2); counterfactual prediction (2); logical modelling (2); causal reasoning (2); analogical reasoning (2); dempster–shafer evidence theory (1); accident causation model (1); causal bias (1); heuristic reasoning (1)"
"98-2","Bias and fairness","77","emotion (35); models, organizational (30); theory (18); sociotechnical systems (12); social comparison (7); group processes (6); shap value (4); ethical framework (4); fact-checking (4); implicit bias (3); model fairness (3); theme (3); socio-technical systems (3); argumentation (3); shap values (3)"
"98-3","persuasive health technology","76","narration (22); persuasive design (11); persuasive communication (11); situation awareness (9); social communication (7); face-to-face (6); message framing (5); social contagion (3); personal narratives as topic (3); social systems (3); emotional analysis (2); risk reframing (2); emotion expression (2); narrative persuasion (2); dialogue systems (2)"
"98-4","Case-based reasoning","47","case-based reasoning (25); prior knowledge (19); joint learning (13); meta-heuristic (8); catastrophic forgetting (7); knowledge representation and reasoning (5); pedagogy (5); agile development (3); teacher-student model (3); knowledge reasoning (3); realist synthesis (3); inductive reasoning (2); mindsets (2); teacher student model (1); reading and understanding (1)"
"98-5","Natural language processing","28","language model (52); bag of visual words (2); speech-to-text (2); delusions (1); health portraits (1); word-analysis (1); speech sounds (1); malay language (1); hebrew and arabic (1); language and molecules (1); spanish language models (1); informal language (1); nonfungible tokens (1); semantics/semantic analysis (1); transcribing (1)"
"98-6","Hybrid modeling","63","analytic hierarchy process (8); mixture of experts (5); latent representation (5); prior information (4); domain adaption (4); classical test theory (4); fogg behavior model (3); disentanglement (3); group dynamics (3); discrete choice (3); opposition-based differential evolution (2); expectation confirmation model (2); layered approach (2); critical decision method (2); dietary decision trees (1)"
"98-7","Theoretical frameworks","32","epigenesis, genetic (82); sociotechnical systems (12); virtual worlds (4); systems thinking (3); complex systems thinking (2); systems-thinking (2); realist (2); systems approach (2); life-course (1); topic modeling: disease (1); landscape theory (1); amplification theory of technology (1); mediative fuzzy logic (1); neural networks (computer) [mesh] (1); human factors and engineering (1)"
"98-8","Hybrid modeling","29","dual-path (5); utaut model (3); identity management (3); trust model (2); coherence factor (2); convergent focus shift (1); symptom-based (1); ambiguity measure (1); positive valance (1); intention-behavior gap (1); access-control (1); self-consistency ner prompting (1); push-pull mentoring model (1); three-factor authentication (1); model, theoretical (1)"
"98-9","multi-criteria decision-making","36","heuristics (39); memory (24); retraining (4); mental fatigue (3); mental recall (3); adaptive control (3); decision conflict (3); tactical decisions (2); mental load (2); multi task (2); time studies, burnout (1); spatial and logical reasoning (1); utility constraints (1); reasoning patterns (1); decision rule (1)"
"99-0","Spatial data analysis","46","gait analysis (74); gait assessment (9); ground reaction force (6); exercise physiology (5); plantar pressure (5); gait parameters (4); force plate (3); gait cycle (2); balance assessment (2); stabilometry (2); gait pattern generation (1); upper limb assessment (1); motor assessment (1); force platform (1); gait event detection (1)"
"99-1","Sleep staging","13","sleep staging (33); automatic sleep scoring (4); sleep scoring (2); automatic sleep stage scoring (2); sleep eeg (2); pediatric sleep staging (1); automated sleep staging (1); sleep apnea event detection (1); assessing sleep (1); sleep-wake classification (1); hypnogram analysis (1); sleep and wake classification (1); sleep log (1)"
"99-2","Pulse waveform analysis","14","relaxometry (3); forced oscillation technique (2); electroglottographic (egg) parameters (1); tracheal sound analysis (1); apnea-hypopnea event detection (1); breath-hold challenge (1); microcirculation analysis (1); motility assessment (1); swallowing maneuver (1); bed-egress analysis (1); neuromuscular characterisation (1); airflow pattern similarity measure (1); cardiorespiratory system identification (1); nasal airflow conditioning (1)"
"99-3","Time-frequency analysis","36","scalp eeg (5); surface emg (4); visual evoked potentials (4); tms-eeg (3); resting state (3); high density surface electromyogram (2); resting-state analysis (2); surface electromyography pattern recognition (2); eeg-fnirs (2); electroence- phalography (2); surface electromyograph (2); task-related component analysis (2); default mode connectivity (1); sleep eeg spectrogram (1); brain hemisphere asymmetry (1)"
"99-4","Wearable sensors","9","shapley values (2); analgesia nociception index (2); pain modulation (1); pain threshold (1); thermoalgesic stimulation (1); motor threshold (1); taste perception (1); pain intensity classification (1); thermal comfort (1)"
"99-5","Time-frequency analysis","23","heart rate variability (107); activity monitoring (12); stress analysis (4); psychophysiological computing (3); ultra-short term hrv analysis (2); heart rate variability analysis (2); stress monitoring (2); stress evaluation (2); brain activity assessment (1); human fatigue assessment (1); heart rate response (1); stress monitor (1); cardiovascular signal analysis (1); heart rate variability biofeedback (1); function evaluation (1)"
"99-6","Machine learning methods","32","speech recognition (24); speech analysis (20); voice analysis (11); voice recognition (7); acoustic stimulation (5); spelling correction (3); pendulum test (2); speech discrimination score (2); audio modality (2); sound pressure level (2); pure tone average (1); psycho-acoustic factor (1); audio monitoring (1); voice detection (1); audiovisual cues video analysis (1)"
"99-7","Validation and benchmarking","44","task performance and analysis (45); handwriting analysis (9); response time (8); clock drawing test (4); activity tracking (4); behavioral monitoring (3); cognitive task analysis (3); test-time adaptation (3); tremor quantification (2); behavioral design (2); rotarod performance test (2); stroop task (2); preference elicitation (2); social phenotype (1); in-home behavior recording (1)"
"99-8","Laboratory methods","49","measurement equipment (14); distance measurement (5); bone age assessment (4); body weight maintenance (3); force plate (3); motion measurement (2); actigraph (2); thickness measurement (2); bio-heat equation (2); force myography (2); tug test (2); biomechanical assessment (1); hysteresis loop analysis (1); handgrip (1); imagined body kinematics (1)"
"99-9","Human–computer interaction","73","eye tracking (41); eye-tracking (27); fnirs (12); movement analysis (6); distance measures (5); gaze tracking (4); movement quality assessment (4); behavior analysis (3); face analysis (3); movement assessment (3); eye movement measurements (3); facial expression analysis (3); coword analysis (3); motion assessment (2); ctsa evaluation (2)"
