"topic_id","name","size","top_keywords"
"0-0","Educational methodologies","40","competency-based education (12); teaching materials (4); implementation guide (2); educational techniques (2); instructional films and videos (2); policy recommendations (1); teaching and learning strategies (1); how-to guide, website development (1); specific health guidance (1); new regulatory standards (1); behavior change technique taxonomy version 1 (1); fair guiding principles (1); culturally sensitive educational video (1); education material (1); use case specific relevance and quality assessment (1)"
"1-0","Bayesian statistics","19","bayes theorem (492); dempster-shafer theory (2); bayes’ theorem (2); levenshtein distance (2); mahalanobis–taguchi–gram–schmidt process (1); knot theory (1); ewing formula (1); renyi's entropy (1); morse theory (1); cramér–rao bound (1); dempster–shafer evidence theory (1); rényi's entropy (1); benford’s law (1); mitracks3d (1); akakie information criterion (1)"
"1-1","Optimization methods","9","levenberg-marquardt (1); allen’s interval algebra (1); karush–kuhn–tucker conditions (1); prony’s method (1); benders’ decomposition (1); taken’s theorem (1); newton–raphson (1); levenberg–marquardt (1); takagi–sugeno model (1)"
"1-2","Optimization methods","16","fitts’ law (6); mitchell–schaeffer model (1); pennes bioheat equation (1); aliev–panfilov model (1); korteweg-de vries equation (1); cosserat theory of elasticity (1); cole–cole parameters (1); croston’s method (1); hartmann-shack (1); delone and mclean success model (1); moens-korteweg equation (1); iso 9241-9 fitts law (1); pennes' equation (1); beer-lambert's law (1); carreau–yasuda model (1)"
"1-3","Optimization methods","2","dijkstra’s method (1); goldberg algorithm (1)"
"1-4","Optimization methods","11","bloom’s taxonomy (2); dunning–kruger effect (1); tversky (1); vogel's model (1); condorcet’s jury theorem (1); rothman index (1); molpatch method (1); chargaff's second parity rule (1); vikor method (1); normfinder (1); caraguel-vanderstichel nomogram (1)"
"2-0","Optimization methods","20","noise suppression (5); speckle noise (4); channel correlation (2); noise detection (2); impulse noise (2); intensity distortion (1); dropout noise (1); additive noise and convolutional distortion (1); label-noise (1); impulsive noise (1); noise filtering (1); baseline wander noise (1); noise perturbation (1); rician and impulse noise (1); class noise (1)"
"2-1","Optimization methods","29","spectral estimation (2); spectral centroid (2); phase bias reduction (2); magnitude squared coherence (1); spectral learning (1); 3.18 ghz cw radar sensor (1); frequency band selection (1); frequency phase-guided (1); spectral tilt (1); frequency separation (1); frequency-domain perturbation (1); harmonic phase (1); spectral-learning (1); short-time frequency amplifier (1); frequency shift (1)"
"2-2","Optimization methods","11","pulse signal (3); signal compression (3); lung sound filtering (1); single frequency tracker (1); radar-based cardiac signal (1); unpaired pulse waveform (1); artificial data (1); eeg non-stationarity (1); high frequency data (1); high-frequency signal (1); temporal signal (1)"
"2-3","Optimization methods","25","chaotic map (5); temporal information extraction (5); signal decomposition (5); unsharp masking (2); temporal-spectral feature fusion (2); binning (2); cross-frequency network (1); amplitude and frequency modulation features (1); spatial filters (1); mean vector test (1); isic (1); waveform component localization (1); transfer function identification (1); data drifts (1); mechanical feedbacks (1)"
"3-0","Optimization methods","13","robots (9); social robots (5); socially assistive robots (4); socially-assistive robots (2); collaborative robots (2); humanoid robots (2); telepresence robots (1); intelligent robot (1); bio-inspired (1); intelligent robots (1); cooperative robotics (1); intelligent physical robot (1); human-centered robotics (1)"
"3-1","Optimization methods","7","lightweight models (4); intelligent virtual assistants (2); optimizers (2); hybrid intelligent systems (1); ai voice robots (1); ai medical hardware devices (1); embedded system algorithms (1)"
"3-2","Haptic technology","4","artificial tactile sensing (1); force-feedback haptics (1); haptic feedback and interface (1); augmented haptics (1)"
"3-3","Educational methodologies","4","interactive prototypes (1); systematic yet flexible systems (1); paper prototypes (1); game-based learning systems (1)"
"3-4","Haptic technology","3","3d virtual worlds (1); virtual meg helmet (1); three-dimensional objects (1)"
"3-5","Computer vision","3","multi-vision system (1); vision-based sensors (1); computer-vision (1)"
"3-6","Medical software devices","5","software as a medical device (7); medical wsns (1); surgical robots (1); medical robots and systems (1); medical robots (1)"
"3-7","Haptic technology","3","consumer-grade wearables (2); neuro-steered hearing devices (1); wearable multi-agent systems (1)"
"3-8","bci painting system","1","bci painting system (1)"
"3-9","audio-based aal applications","1","audio-based aal applications (1)"
"3-10","audio-based aal applications","3","multi-user systems for user interaction (3); real-time locating systems (2); real-time multi-agent systems (1)"
"4-0","Bayesian statistics","68","longitudinal analysis (13); metaanalysis (12); predictive analysis (8); decision curve analysis (6); power analysis (4); data-driven analysis (4); root cause analysis (4); exploratory data analysis (4); surgical workflow analysis (3); patient-specific analysis (3); sequential analysis (3); multicriteria decision analysis (3); multi-criteria decision analysis (3); longitudinal data analysis (3); change point analysis (2)"
"5-0","Cloud-based platforms","10","cloud-based platform (3); cloud-based system (2); hybrid cloud architecture (1); cloud electrocardiogram system (1); cloud-based platforms (1); cloud-computing algorithm (1); cloud based system (1); cloud-based integration (1); multi-cloud environment (1); cloud-based medical storage (1)"
"5-1","Educational methodologies","14","service-oriented architecture (8); information architecture (6); lightweight architecture (2); service oriented architecture (2); computer architecture (2); backend architecture (1); information system architecture (1); resource oriented architecture (1); system architecture (1); architectures for educational technology system (1); universal architecture (1); fully reconfigurable architecture (1); enterprise architecture (1); extensible architecture (1)"
"5-2","Lightweight networks","9","lightweight network (5); learning system (2); googlenet architecture (1); deep learning toolbox (1); graphormer architecture (1); mobile inverted bottleneck convolutional blocks (1); cycle adversarial network (1); multi-channel lightweight network (1); deeplab architecture (1)"
"5-3","Haptic technology","9","microcontroller (5); intelligent hardware (2); neuromorphic computing hardware (1); general-purpose acquisition hardware (1); hardware accelerators (1); multi-core cpu parallelism (1); multi-gpu scaling (1); multi-core parallelization (1); embedded microprocessor (1)"
"5-4","Optimization methods","7","advanced linux traffic control (1); transmission network efficiency (1); iot architecture (1); 5g communication system (1); grid architecture (1); communication architecture (1); network architecture (1)"
"5-5","Cloud-based platforms","4","privacy-preserving distributed data integration (1); attribute-based cryptosystem (1); cryptography algorithms (1); query-based exchange (1)"
"5-6","Optimization methods","6","parallelization (5); integer programming (3); data parallelization (1); multiskill task scheduling (1); data compression efficiency (1); dynamic bit allocation (1)"
"5-7","Cloud-based platforms","6","javascript (2); digital capability (2); centralized server (1); accelerated digitization (1); docker-based cross-platform deployment (1); docker-based modular architecture (1)"
"5-8","Query methods","3","query-based exchange (1); boolean query formalization (1); visual query system (1)"
"6-0","Medical software devices","84","fall detection (28); depression detection (25); fitness tracker (22); stress detection (13); stress reduction (7); mental workload (7); pain app (5); sleep tracking (5); driver drowsiness detection (3); rehabilitation robot (3); cognitive bias modification (3); mental stress detection (2); pre-impact fall detection (2); nutrition tracking (2); psychotherapy training (2)"
"7-0","Technology adoption models","54","analytic hierarchy process (8); process model (4); unified theory of acceptance and use of technology 2 (3); organizational models (3); senior technology acceptance model (2); value-based adoption model (2); integrated model (2); medical language model (2); technology adoption model (2); model building (2); knowledge model (2); modified technology acceptance model (1); integrated knowledge translation, theories (1); program logic model (1); information systems health maturity models (1)"
"8-0","Optimization methods","17","dna k-mers (2); k-mers (1); specificity-aware gats (1); scored string matching (1); simulated alignments (1); adaptive sequence similarity thresholds (1); gap-filling algorithms (1); read selection rules by 5' nucleotide, length, position, and mismatches (1); k-tuple nucleotide (1); approximate string matching (1); repeated k-mers (1); fragment-based representation (1); structure-aware plms (1); low-complexity detection (1); approximate k-mers (1)"
"8-1","Computer vision","25","hash function (4); deep hashing (3); locality-sensitive hashing (2); string matching (2); locality sensitive hashing (2); distance representation (1); sha-256 hash function (1); linear merge of k-mer tables (1); bit-mapping (1); random binary hashing (1); distribution-based representation (1); dictionary search (1); domain-specific hashing (1); protein sequence hashing (1); binary hashing (1)"
"8-2","Bayesian statistics","35","sequential pattern mining (9); multitasking (4); extremely randomized trees (2); dynamic tokenization (1); bipartite prototype alignment (1); pairwise attribute representation (1); potentially all pairwise rankings of all possible alternatives (paprika) method (1); multi shuffle scanning (1); dynamic bi_gru (1); similarity selection (1); positive and negative annotations (1); two-hop similarity (1); tokenized mlp (1); hierarchical ensembling (1); tree-based ensembles (1)"
"8-3","Optimization methods","12","neighborhood rough set (2); genetic minimal cut sets (2); k nearest neighbors (2); intersection neighborhood rough set (1); noisy annotation (1); named entity annotation sparsity (1); incomplete multi-view clustering (1); minimal cut sets (1); k nearest neighbour (1); constraint clustering (1); similarity constraint (1); cross-nodes non-local constraint (1)"
"8-4","Optimization methods","15","nexus distance matrix (1); prefix tree (1); binary tree structure (1); multi-branch consistence (1); protein sequence graph indexing (1); dynamic tree cut (1); superframe structure (1); redundancy reduction (1); ghost node methods (1); dual symmetric tree pattern (1); protein sequence hashing (1); topology-preserving (1); link-ancestors algorithm (1); qr-based bbt (1); cruise tree algorithm (1)"
"8-5","Optimization methods","13","encom benchmarking with 40-atom-type matrix (1); clear aligners (1); random sam ple consensus (1); multiple peak callers (1); random subsequence (1); edge-aware constraint (1); saddle-node (1); clear aligner (1); document similarity comparison (1); edge-ai (1); syntactic dependency tree (1); regular expressions for glycans (1); efficientnetv2s (1)"
"9-0","Medical software devices","59","automatic sleep staging (12); automatic sleep scoring (4); automatic sleep stage classification (3); automated neonatal seizure detection (2); automatic depression detection (2); automated pattern recognition (2); automatic sleep stage scoring (2); digital disease detection (2); automatic cataract classification (1); automatic food image recognition (1); automatic report generation (1); biomedical event trigger detection (1); automated breath detection (1); automatic chest x-ray analysis (1); automated clinical summaries (1)"
"10-0","Computer vision","16","cad (16); cardiovascular imaging (6); glaucoma detection (4); retinanet (2); eye registration (1); stroke classification (1); stroke imaging (1); acss2 (1); diabetic retinopathy detection (1); cataract classification (1); dr grading (1); esm-2 (1); esm2 (1); glaucoma progression detection (1); cataract grading (1)"
"11-0","Computer vision","9","vw eye images (1); hard exudate segmentation (1); fundus tessellation (1); fundus photos (1); optic papilla segmentation (1); retinal fluids segmentation (1); fundus photograghy (1); areds color fundus imagery (1); hyperreflective foci segmentation (1)"
"11-1","Computer vision","7","skin lesion segmentation (29); dermoscopy images (5); dermoscopy image (3); dermoscopic lesion segmentation (1); dermoscopy imaging (1); skin imaging report generation (1); face skin image (1)"
"11-2","Computer vision","12","histopathology images (10); pathology images (7); pathology image (7); pathological image (6); histology image (4); colon histology images (1); colon histopathology images (1); prostate histopathological image (1); histopathology imaging (1); kidney histology images (1); histopathological optimization (1); liver lesions classification (1)"
"11-3","Computer vision","3","colonoscopy images (6); endoscopy image (3); endoscopy images (1)"
"11-4","Computer vision","3","blood smear images (3); hematology images (1); cervical smear image (1)"
"11-5","Computer vision","3","nodules (1); ground glass opacity segmentation (1); hypodensity extraction (1)"
"11-6","Computer vision","3","perihematomal edema segmentation (2); scalogram images (1); spot sign segmentation (1)"
"11-7","Computer vision","1","occlusal depth image (1)"
"11-8","Computer vision","2","back tongue images (1); diabetic tongue image (1)"
"11-9","audio-based aal applications","1","audiogram estimation (1)"
"11-10","Computer vision","10","photographs (3); thermal images (2); patient photographs (2); facegram (1); metachronic wave (1); appearance variation (1); disconcordant (1); pressure images (1); dilated connect (1); capsule densenet++ (1)"
"12-0","Cloud-based platforms","114","medical order entry systems (204); hospital information systems (137); radiology information systems (46); patient identification systems (36); clinical laboratory information systems (35); clinical pharmacy information systems (22); clinical data warehouse (22); ambulatory care information systems (21); medical information systems (20); data systems (11); laboratory information system (8); emergency medical service communication systems (8); medical information system (8); healthcare information system (6); electronic medication management system (6)"
"13-0","Trustworthy AI","12","trustworthy ai (7); privacy paradox (3); artificial intelligence ethics (3); artificial intelligence biases (1); understandable ai (1); human-centered design thinking (1); algorithmic transparency (1); persuasive computing (1); human-centric ai (1); results-based accountability (1); algorithmic governance (1); big data analytics. (1)"
"13-1","Trustworthy AI","62","efficientnet (9); trustworthy ai (7); augmented intelligence (5); task-technology fit (5); hard example mining (2); faceted search (2); time and memory complexities (1); multi-pooling and error screening forest (1); token-centric tagging (1); physics-informed ml (1); blind docking (1); textual-based featuring (1); lossless encoding (1); error-detecting codes (1); bond-detail-aware generation (1)"
"13-2","Optimization methods","10","cost-sensitive learning (6); knowledge-based potential (1); disease-specific vocabulary (1); indicator-centric schema (1); under-resourced languages (1); alignment-free taxonomy (1); diabetes-centric kb (1); knowledge-aided (1); hospital-centric language (1); application of knowledge graph (1)"
"13-3","Medical software devices","8","real-word error (1); physiology-driven vr (1); healthcare-based is (1); real-life hearing (1); lesion-aware learning (1); privacy disease (1); internet of medical things sensors (1); software-defined healthcare (1)"
"13-4","Optimization methods","6","multi-pooling and error screening forest (1); context-aware process mining (1); object-centric process mining (1); multi-perspective process mining (1); distributed denial of service (ddos) attack (1); minimum-cost arborescence (1)"
"13-5","Educational methodologies","8","omni-directional mobility (1); user-oriented subject (1); gamified task (1); virtual learning object (1); device agnostic (1); just-in-time learning (1); ai-driven iot (1); user centric innovation (1)"
"14-0","ROC AUC analysis","15","area under curve (85); receiver operating characteristic curve (6); receiver operating characteristic (5); youden’s index (3); roc analysis (3); area under the roc curve (2); area between curves (1); youden index (1); partial area under the roc (1); area under the curve (auc) analysis (1); receiver–operator curve (roc) analysis (1); receiver of operating characteristic curve (1); receiver operating characteristics (1); roc curve analysis (1); area under the receiver operating characteristic curve (1)"
"14-1","Discriminant analysis","11","discriminant analysis (34); linear discriminant analysis (12); discriminant features analysis (1); penalized linear discriminant analysis (1); discriminant function (1); nonlinear discriminant analysis (1); quadratic discriminant analysis (1); normal density discriminant function (1); regularized linear discriminant analysis (1); fisher discriminative analysis (1); discriminant feature analysis (1)"
"14-2","Discriminant analysis","3","partial least squares (9); opls-da (2); partial least squares discriminant analysis (2)"
"14-3","information criteria","2","kullback information criterion (1); akaike information criterion (1)"
"14-4","Medical software devices","2","genomic best linear unbiased prediction (2); best linear unbiased prediction (1)"
"14-5","ROC AUC analysis","4","concordance index (4); multivariate signal analysis (2); c-index (1); sorensen-dice coefficient (1)"
"15-0","Optimization methods","32","whale optimization algorithm (9); meta-heuristic algorithm (4); cuckoo search algorithm (2); rime optimization algorithm (2); coati optimization algorithm (2); firefly algorithm (2); reptile search algorithm (1); fragmental algorithm (1); binary whale optimization algorithm (1); metaheuristic algorithms (1); cuckoo optimization algorithm (1); snapper algorithm (1); kashmiri apple optimization algorithm (1); metaheuristic algorithm (1); crayfish optimization algorithm (1)"
"15-1","Optimization methods","35","stochastic gradient descent (4); xgboost algorithm (2); catboost algorithm (2); ensemble algorithm (2); fast inference (2); path ranking algorithm (1); ensemble algorithms (1); non-neural network algorithm (1); two-stage algorithm (1); k-nn algorithm (1); hyperparameter optimization method (1); k-means algorithm (1); hyperparameter search (1); weighted sparse algorithm (1); meta-learning algorithm (1)"
"15-2","Optimization methods","28","optimization algorithm (5); runge kutta optimizer (4); greedy algorithm (3); differential evolution algorithm (3); heuristic algorithm (2); linear-time algorithm (2); iterative random walks (1); multi-step algorithm (1); polynomial-time optimal algorithm (1); metropolis–hasting algorithms (1); strong coupling algorithm (1); metabolic simulation algorithm (1); gauss–newton algorithms (1); polynomial-time algorithm (1); two-stage algorithm (1)"
"15-3","Optimization methods","14","viterbi algorithm (2); graph-cut algorithm (2); matching algorithms (1); level set algorithm (1); path ranking algorithm (1); network-based heat diffusion algorithm (1); network propagation algorithm (1); approximate nearest neighbor search (1); mapping algorithm (1); hashing algorithm (1); forward-backward (fb) algorithm (1); detail preserving algorithm (1); nearest-neighbor heuristic (1); pattern searching algorithm (1)"
"15-4","Distributed algorithms","5","one-shot distributed algorithm (2); distributed algorithms (2); scalable algorithm (1); distributed pca algorithms (1); data parallel algorithm (1)"
"15-5","Distributed algorithms","6","linear-time algorithm (2); polynomial-time algorithm (1); low complexity algorithm (1); algorithmic complexity (1); complexity algorithm (1); polynomial-time optimal algorithm (1)"
"17-0","Optimization methods","30","genetic algorithm (77); evolutionary algorithms (15); evolutionary algorithm (14); salp swarm algorithm (6); particle swarm optimization algorithm (4); generative algorithms (2); multi-objective evolutionary algorithm (2); multi-objective evolutionary algorithms (2); nature-inspired optimization techniques (1); swarm intelligence algorithm (1); evolutionary meta-heuristic (1); generative algorithm (1); multi-objective evolutionary computation (1); many-objective evolutionary algorithm (1); bio-inspired algorithm (1)"
"17-1","Optimization methods","13","meta-heuristic algorithms (4); ranking algorithms (4); search algorithms (3); search algorithm (2); graph-theoretic algorithm (2); distance-based graph algorithm (1); graph algorithms (1); graph-based algorithm (1); graph-based algorithms (1); tree search algorithms (1); graph search algorithm (1); improved de bruijn graph algorithm (1); tree-based algorithms (1)"
"17-2","Sequence alignment","8","smith-waterman algorithm (2); selectable alignment algorithm (1); adaptive alignment criterion (1); needleman-wunsch algorithm (nw) algorithm (1); alignment algorithms (1); fast alignment algorithm (1); string matching algorithms (1); needleman-wunsch algorithm (1)"
"17-3","Optimization methods","19","learning algorithms (5); multiple-instance learning algorithms (3); expectation-maximization algorithm (2); k-nearest neighbor algorithm (2); fast-matching algorithm (1); robust rank aggregation algorithm (1); discrete and continuous learning algorithms (1); energy-efficient machine learning algorithm (1); distributed penalized quasi-likelihood algorithm (1); expectation-maximization (em) algorithm (1); nearest neighbor algorithm (1); fast iterative shrinkage-thresholding algorithm (1); boosting algorithms (1); levenberg-marquardt optimization algorithm (1); perceptron convergence algorithm (1)"
"17-4","Optimization methods","9","multi-threading adaptive pooling strategy (1); data compression algorithms (1); optimization algorithms (1); parallel algorithms (1); similarity based algorithm (1); simulated annealing algorithms (1); clustering balanced subspace partitioning algorithm (1); dynamic programming algorithms (1); packing algorithms (1)"
"18-0","Bayesian statistics","85","uncertainty quantification (37); bias mitigation (12); instrument segmentation (3); prediction modelling (3); empirical calibration (2); maximum mean discrepancy (2); integrity control (2); single sample predictor (2); uncertainty sampling (2); uncertainty propagation (2); scale validation (2); interpretable ml (2); noise measurement (2); cut-off frequency (2); validity comparison (1)"
"19-0","Data annotation","23","annotated data (3); annotation scheme (3); annotation method (2); interactive annotation (2); annotation guidelines (2); annotation correction (1); annotation inconsistency (1); annotation resource (1); annotation time (1); annotation cost (1); annotation experiment (1); annotation efficiency (1); annotation free (1); annotation transfer (1); annotation tool (1)"
"19-1","Data annotation","10","ontology summarization (3); ontology alignment (3); metadata analysis (2); identifier mapping (1); ontology changes (1); mapping tool (1); metadata modeling (1); ontology version change (1); ontology versions (1); mapping information (1)"
"19-2","Data annotation","3","species-specific annotation packages (bsgenome, txdb, org.db (1); genome annotation improvement (1); cell marker databases (1)"
"19-3","Modular predictive framework","23","structured prediction (2); module identification (2); structured output prediction (2); cnv detection tool (1); prediction pipeline (1); statistical metamodel (1); module alignment (1); string data (1); spatial transcriptomics data simulation (1); module detection (1); biological information extraction (1); module distance (1); enrichment analysis tool (1); protein partitioning pipeline (1); prediction engine (1)"
"19-4","Model visualization","5","model visualization (3); visualization of ontology content (1); gwas visualization (1); funcoup 5.0 networks (1); summarization networks (1)"
"19-5","Discriminant analysis","10","support vector data description (2); data exploration portal (1); microbial information extraction (1); multi-position datasets (1); microarray data classifications (1); covid-19 classification dataset (1); webassembly (1); biological information extraction (1); node label ranking (1); database query correction (1)"
"20-0","Modular predictive framework","12","autoregressive model (4); autoregressive models (3); sequential models (1); time series models (1); time series modeling (1); heteroscedastic arx (h-arx) models (1); time variant and time invariant variables (1); autoregressive exogenous model (1); multivariate autoregressive model (1); vector autoregressive (var) model (1); cross-lagged model (1); longitudinal time-dependent covariates (1)"
"20-1","Modular predictive framework","12","regression model (16); regression models (3); bilinear model (1); penalized regression model (1); regression tree model (1); variable step (1); laplacian regularized regression model (1); multiple regression tasks model (1); interaction modeling (1); bilinear models (1); lasso model (1); ridge regression model (1)"
"20-2","Modular predictive framework","8","models, structural (2); partial credit model (2); data covariance matrix (1); cross-indicators (1); latent variable prediction (1); sem model (1); sex as a biological variable (1); rectified latent variable model (1)"
"20-3","Modular predictive framework","10","joint models (4); joint model (3); two-stage model (2); reference models (2); reduced model (1); random slope model (1); nested models (1); random intercept cross-lagged panel model (1); initial model (1); two-level model (1)"
"20-4","Modular predictive framework","18","double coverage models (2); random oracle model (2); block importance model (1); error modeling (1); piecewise modeling (1); credit model (1); second order model (1); complementary auxiliary models (1); probit model (1); multiperiod difference-in-differences model (1); sex as a biological variable (1); zero-inflated and hurdle models (1); drug use trend modeling (1); piecewise constant modeling (1); permanova (1)"
"20-5","Bayesian statistics","7","double coverage models (2); random oracle model (2); error modeling (1); bias and order sensitivity in language models (1); sex as a biological variable (1); drug use trend modeling (1); permanova (1)"
"21-0","Modular predictive framework","83","epitope prediction (14); drug-target interaction prediction (10); computational prediction (9); pathogenicity prediction (6); interaction prediction (4); contact prediction (4); drug-target prediction (4); bioactivity prediction (4); mutation prediction (4); computational ppi prediction (3); property prediction (3); protein solubility prediction (2); protein complex structure prediction (2); host prediction (2); protein interface prediction (2)"
"22-0","Brain parcellation","10","cortical parcellation (2); brain parcellation (2); anatomical labeling (1); brain region parcellation (1); deep embedded connectivity-based parcellation (1); individual cortical parcellation (1); functional parcellation (1); individualized parcellation (1); iterative probabilistic atlas (1); probabilistic anatomical atlases (1)"
"23-0","Brain parcellation","49","magnetic resonance imaging (329); functional magnetic resonance imaging (26); diffusion tensor imaging (26); magnetic resonance images (11); cardiac magnetic resonance (7); diffusion magnetic resonance imaging (6); magnetic resonance angiography (6); diffusion weighted imaging (5); diffusion-weighted imaging (5); structural magnetic resonance imaging (4); cardiac magnetic resonance imaging (4); mr imaging (2); fetal brain mri (2); perfusion magnetic resonance imaging (2); structural magnetic resonance image (2)"
"24-0","Trustworthy AI","11","ai competencies (1); expert profiling (1); informatics skill (1); medical ai governance (1); clinician ai competencies (1); expert labeling (1); expert-in-the-loop (1); competency question (1); competency based (1); expert advantage (1); health informatics accreditation (1)"
"24-1","Educational methodologies","15","training (139); teaching (23); education, distance (16); resident (4); residency (4); phd (2); fellows (2); orthopedic education (1); education assistance (1); neurology education (1); stemm training (1); md–phd training (1); university teaching (1); curriculum, medical school, digital health mindset (1); education medical continuing (1)"
"24-2","Educational methodologies","10","research training (26); physician scientist (3); researcher education (2); mentored (1); research professionals network (1); researcher profiling (1); do–phd (1); researcher preference (1); pilot grant (1); junior investigator (1)"
"24-3","Healthcare leadership","19","hospital ranking (3); delegation (3); institutional transformation (2); champion (1); program specialist (1); role definition (1); faculty compensation (1); university ranking (1); faculty practice (1); honors (1); imia yearbook (1); social welfare professional (1); subspecialty department recommendation (1); board-style (1); hospital, knowledge transformation (1)"
"24-4","Educational methodologies","6","nursing innovation (2); trauma training (1); oral and maxillofacial surgeons augmented reality (1); pharmacist time (1); train-of-four (1); dermatology practice (1)"
"24-5","Educational methodologies","8","congresses as topic (20); certification (17); certificateless (2); brazil regional training disparities (1); trainning (1); tier 1 (1); membership queries (1); forum intents (1)"
"24-6","Discriminant analysis","2","author-profiling (1); researcher profiling (1)"
"24-7","clinical librarianship","1","clinical librarianship (1)"
"25-0","Medical software devices","18","virtual assistant (13); teletherapy (8); virtual conference (4); virtualization (3); digital consultation (3); virtual fracture clinic (3); virtual clinic (3); digital triage (2); virtual microscopy (2); virtual monitoring (1); virtual interventions (1); virtual assessment (1); video telemedicine (1); videoconference technologies (1); virtual consulting (1)"
"25-1","Digital phenotyping","9","digital phenotyping (73); digital cytometry (3); digital methods (2); digital diary (2); digital observational study (1); temporal electronic phenotyping (1); digital pipeline (1); digital narrative (1); web-based digital study (1)"
"25-2","Computer vision","8","computer vision (123); machine vision (9); virtual microscopy (2); medical computer vision (1); video polyp detection (1); digital mechanography (1); machine perception (1); ultrasonic videos (1)"
"25-3","Digital phenotyping","9","digital endpoints (5); digital training (4); digital solution (4); digital dashboard (2); digital game (2); canvis visualization (1); smartphone software (1); digital exercise (1); novel digital endpoint (1)"
"25-4","Technology adoption models","13","digital transformation (35); digital surveillance (13); digital readiness (4); digital innovation (3); digital strategy (2); digitalization of work (1); digital communication tool (1); digital mapping (1); digital facilitation (1); digital resilience (1); digital implementation (1); digital connectivity (1); digital workflow (1)"
"25-5","Digital phenotyping","6","communications aids (3); digital marginalisation (2); digital empathy (1); digital triggers (1); digital meditation (1); computers, digital (1)"
"25-6","Digital phenotyping","2","individualized dynamic digital human (1); digital twin dyad (1)"
"25-7","Educational methodologies","3","mobile learning (5); micro-online (1); multimedia computing (1)"
"26-0","Computer vision","9","multimodal single-cell (2); multi-channel signals (1); spatio-temporal information transfer (1); multi-modal feature interaction (1); multimodal and multitasking (1); multi-cue fusion (1); multi-temporal fusion (1); multiscale phase alternation (1); multi-resolution training (1)"
"26-1","Computer vision","11","multi-scale attention (5); entropy-informed channel attention (1); transformer-based object detection (1); multi-window detection (1); efficient pyramidal multi-scale channel attention (1); frequency-domain attention (1); multi-scale attentional feature fusion (1); bert fine-tuning (1); transformer-based detection (1); deformable cross-attention (1); multi-channel attention (1)"
"26-2","Biomedical signal processing","11","graph stream classification (1); eeg-based emotion classification (1); myoelectric pattern recognition (1); single-channel sound separation (1); artificial synthetic imaging data (1); feature extraction for respiratory signals (1); multi-domain eeg classification (1); single-channel blind source separation (1); eeg sequence modeling (1); blind biosignal classification (1); multi-channel lung sound classification (1)"
"26-3","Discriminant analysis","15","multiscale matched filtering (1); multi-scale feature representation (1); global visual information (1); perceptual-oriented image super-resolution (1); multi-scale visual information (1); temporal-spatial information (1); spatial-temporal correlation (1); context-wise correlation (1); cross-frequency feature transfer (1); time-frequency localization (1); adaptive spectrum segmentation and recognition (1); speech-based summarization (1); three-direction spatial information (1); spatial correlated feature fusion (1); multi-band filtering (1)"
"26-4","Computer vision","15","template matching (6); multi-landmark localization (1); fine-grained visual classification (1); multi-feature compression (1); morphological feature recognition (1); small scale object detection (1); kinect-based motion tracking (1); object-center based saliency (1); multi-label recognition (1); multi-perspective recognition (1); multi-resolution classification (1); texture based image retrieval (1); local pattern identification (1); feature recognition (1); multi-label image recognition (1)"
"26-5","Computer vision","8","feature encoding (5); zero-shot classification (1); bert fine-tuning (1); few-shot fine-tuning (1); feature decoding (1); pretraining and fine-tuning of kg embeddings (1); probabilistic symbolic pattern recognition (1); automated feature representations (1)"
"26-6","Feature disentanglement","5","feature disentanglement (4); domain-invariant feature representation (1); joint domain detection (1); multi-domain eeg classification (1); domain-adaptive feature disentangling (1)"
"26-7","Computer vision","3","multi-person localization (1); small scale object detection (1); transformer-based object detection (1)"
"26-8","Biomedical signal processing","6","neural decoding (12); synchronized averaging (1); single-channel sound separation (1); learning single-fluorophore blinking distribution (1); tracking of motor unit spike trains (1); single-channel blind source separation (1)"
"27-0","Biomedical signal processing","37","single-cell analysis (456); single-cell gene expression analysis (56); single molecule imaging (13); single-cell clustering (7); single-cell imaging (4); live-cell imaging (3); particle tracking (3); single-cell technology (2); high-throughput image analysis (2); single cell analysis (2); multi-resolution analysis (2); single-cell crispr screens (1); single-channel recordings (1); single-cell spatial analysis (1); single-cell protein and gene expression analysis (1)"
"28-0","Model visualization","31","hydrodynamics (4); turbulence (3); non-newtonian (3); unsteady flow (2); airflow dynamics (1); non-linear behavior (1); flow turbulence (1); aerodynamic and inertial forces (1); turbulent evolution (1); non-newtonian bloodflow (1); unsteady viscous hemodynamics (1); vortices (1); non-newtonian (carreau) fluid (1); laminar flow (1); flow-dependent boundary condition (1)"
"28-1","Porous media transport","7","porous media (2); diffusion filter (2); porous medium (1); mass flux (1); shear rate gradient (1); semi-porous channel (1); multiscale roughness (1)"
"28-2","Model visualization","19","radius of curvature (2); mesh deformation (1); applied differential geometry (1); spherical deconvolution (1); gaussian curvature (1); tissue anisotropy (1); large deformation (1); non-realistic deformations (1); texture-less surfaces (1); elliptic objects (1); substrate curvature (1); elastodynamics (1); large deformations (1); deformable (1); elastic surface (1)"
"28-3","Boundary conditions","6","boundary conditions (2); higher order slip conditions (1); boundary displacement (1); boundary condition (1); flow-dependent boundary condition (1); convective conditions (1)"
"28-4","Boundary conditions","5","capacitive coupling (2); equivalent dipole layer (1); electro-hydrodynamics flow (1); electroosmotic and lorentz forces (1); force-field (1)"
"28-5","Porous media transport","2","hyperbolic heat conduction (1); coupled thermal-pore pressure (1)"
"28-6","Optimization methods","15","integrated gradients (10); smoothed particle hydrodynamics (3); diffusion filter (2); optical flow field (1); rao-blackwellized particle filtering (1); diffuse reflection (1); tetrahedral mesh (1); geodesic active contours (1); lattice infill (1); fluid particle tracing (1); non-linear source mixture (1); open active contours (1); particle system (1); lagrangian flow field (1); reference solutions/ numerical solution (1)"
"28-7","Computer vision","5","homogeneous texture (1); heterogeneous material (1); aggregation layer (1); texture-less surfaces (1); multiscale roughness (1)"
"29-0","Medical software devices","17","vision transformer (vit) (3); clinical knowledge acquisition (computer) (1); cross-attention guided siamese qbigru (ca-sqbg) (1); biomedical language understanding & reasoning benchmark (blurb) (1); geometry-knowledge embedded transunet (gke-tunet) (1); capsule network (capsnet) (1); atheromatic™ 2.0(hdl) (1); biomedical natural language processing (bionlp) (1); reservoir computing (rc) (1); artificial intelligence, chatbot, telemedicine (1); artificial intelligence of medical things (aiomt) (1); hybrid pooled multihead attention (hpma) (1); and artificial intelligence, “atheroedge composite risk score 2.0” (1); danp (dematel-based anp) (1); quantum bigru (qbigru) (1)"
"29-1","Medical software devices","9","application (app) (2); electronic patient portal(s) (1); digital health application (diha/diga) (1); internet, intervention, mobile app, mobile health, parenting, prevention (1); fudan tinnitus relieving system (ftrs) (1); period tracker app, menstrual cycle management, health care application, millennial (1); ambient assistive living (aal) (1); digital biomarkers (dbms) (1); digital health interventions text analytics (dhita) (1)"
"29-2","Medical software devices","15","internet of medical things (iomt) (9); health information exchange (hie) (6); cross-enterprise document sharing (xds) for imaging (xds-i) (1); smart body area network (smartban) (1); massive open online courses (moocs) (1); biosignal processor (bsp) (1); medical internet of things (miot) (1); miot (medical internet of things) (1); healthcare information exchange (hie) (1); internet of medical things(iomt) (1); fhir (fast healthcare interoperability resources) (1); internet-of-thing (1); european telecommunications standards institute (etsi)/parlay architecture (1); smart connected health system (schs) (1); internet of bio-nano things (iobnt) (1)"
"29-3","Medical software devices","10","software as a medical device (samd) (2); remote workflows and integrations (slack, owncloud, scp (1); the guideline advantage (tga) (1); open data kit (odk) (1); crio, ccio, cio, clinical informatics, research, data (1); epidemiological investigation, self-route management app, privacy (1); health interoperability, interoperability challenges, health and social care, personal data (1); risk perception, ehealth, corona-warn-app (1); software as a medical device (saamd) (1); transparency, health content, excellent technical content, security/privacy, usability, subjective (1)"
"29-4","Brain parcellation","1","multimodal brain tumor image segmentation benchmark (brats) (1)"
"29-5","information criteria","3","sars-cov-2 omicron (1); health effects of covid-19 measures, infoveillance (1); covid-19 pandemic, facebook, meta (1)"
"29-6","Trustworthy AI","7","ibm watson (3); data processing services (dps) (1); medical device radiocommunication (medradio) (1); google cloud platform (gcp) (1); high performance analytic appliance (hana) (1); integrated calculator aecrs1.0(10yr) (1); innovation corps (i-corps) (1)"
"29-7","Porous media transport","1","ferrohydrodynamics (fhd) (1)"
"30-0","Computer vision","40","image fusion (18); medical image synthesis (12); histopathological image classification (5); digital image correlation (3); mammogram classification (3); ct image dataset (2); radiology images (2); medical image security (1); medical image watermarking (1); image guidance (1); biomedical image synthesis (1); digital image watermarking (1); digital orientation (1); medical image inpainting (1); radiology images classification (1)"
"31-0","Graph representation learning","39","message passing (5); subgraph (3); triplet network (3); fusion feature (2); multiplex network (2); graph-cut (2); anchor graph (2); network latency (1); dagging (1); binary fingerprint (1); oncogenetic graph (1); path signature (1); binary pattern (1); scene graph (1); hash map (1)"
"31-1","Modular predictive framework","17","stacking ensemble (8); stacked ensemble (5); pyramid network (3); cascade structure (2); stacked generalization (2); cascade learning (2); stacked architecture (1); cascade classifier (1); pyramid pooling (1); two-way cascade forest (1); cascade network (1); cascade cnn (1); cascaded network (1); hourglass model (1); cascaded inference (1)"
"31-2","Modular predictive framework","23","segment anything model (13); topology (10); transformer architecture (4); transformer architectures (4); autonomous model (1); abc model (1); deep decision (1); persistent topology (1); pan-structure (1); backbone tree (1); complexion (1); three-path (1); twin-tower architecture (1); parallel structure (1); 3-part model (1)"
"31-3","Graph representation learning","13","bottom-up proteomics (2); junction contig (1); hierarchical motif (1); molecular representation learning (1); regulatory bridge (1); subpathway crosstalk network (1); high-order dependency (1); branched scenarios (1); heterodimeric motif synthesis (1); oncogenetic graph (1); lung graph model (1); togaf architecture (1); bottleneck structure (1)"
"31-4","Model visualization","14","chaos game representation (6); closed-loop (4); closed loop (3); feedback loops (2); learning cycle (2); dynamical pattern of successive bits (1); temporal tree (1); update problem (1); temporal query (1); top-down governance (1); feedback loop (1); blackbox (1); next frame prediction (1); chaos control (1)"
"31-5","Model visualization","15","gated mechanism (2); structure recycling (1); over-complete architecture (1); object hierarchy (1); channel pruning (1); structure constraint (1); structure adapter (1); structure pruning (1); order bundle (1); output transformation (1); control logic (1); loop calling (1); output gate (1); gate system (1); mode mixing (1)"
"31-6","Data annotation","12","label noise (5); processes (3); rule induction (2); predicate (2); code specificity (1); logical comparison (1); missing is-a relations (1); sankey diagrams (1); explainable ai module (1); grammar of graphics (1); chunking (1); rule redundancy (1)"
"31-7","Graph representation learning","12","domain model (2); cross modal (1); cyclegan synthesize (1); crossing dual decoding generator (1); concept creep (1); deep learning binners (1); crossmap (1); transductive and inductive link prediction (1); translation adaptation (1); fusionai (1); fusion architecture (1); domain gap (1)"
"31-8","Modular predictive framework","28","segment anything model (13); multitask (4); counting pairs (1); binary fingerprint (1); multiblock pca (1); fractal residual blocks (1); planar mirror (1); sequential form (1); binary pattern (1); hash map (1); transition rule (1); target recognition (1); mirror2 algorithm (1); three-path (1); blueprint (1)"
"32-0","Computer vision","18","computer aided diagnosis (cad) (3); computer aided detection (cade) (1); computer aided detection system (cads) (1); graphical macular interface system (gmis) (1); (automatic speech recognition), automated speech recognition, (asr) (1); image processing (computer-assisted) (1); picture archive and communication systems (pacs) (1); radiology report generation (rrg) (1); digital imaging and communication in medicine (dicom) (1); patient-specific customised implants (pscis) (1); high-content screening (hcs) (1); computer-assisted orthopedic surgery (caos) (1); digital imaging and communications in medicine (dicom) (1); automatic exposure control (aec) (1); medical image retrieval (mir) (1)"
"32-1","Haptic technology","12","virtual assistant (va) (2); conversational user interface (cui) (2); human-machine interface (hmi) (2); interactive voice recording (ivr) (1); affective brain-computer interface (abci) (1); human computer interface (hci) (1); neural machine interface (nmi) (1); affective brain computer interface (abci) (1); human–computer interface (hci) (1); smart voice assistants (sva) (1); voice user interface (vui) (1); pupillary–computer interface (pci) (1)"
"32-2","Lightweight networks","15","field programmable gate array (fpga) (3); application specific integrated circuit (asic) (2); system on chip (soc) (1); analog-to-digital converter (adc) (1); dual-detector architecture (d2a) (1); system-on-a-chip (soc) (1); super-regenerative on–off keying (ook) transceiver (1); graphic processor unit (gpu) (1); inertial measurement units (imu) (1); application-specific integrated circuit (asic) (1); polyetheretherketone(peek) (1); field-programmable gate array (fpga) (1); graphics processing unit (gpu) (1); electronically activated recorder (ear) (1); jaw machine interface (jmi) (1)"
"32-3","Distributed algorithms","3","intrusion detection system (ids) (1); advanced encryption standard (aes) (1); searchable encryption (se) (1)"
"32-4","Computer vision","4","light gradient boosted machine (light-gbm) (1); machine vision (mv) (1); measurement feedback system (mfs) (1); intelligent control charting (icc) (1)"
"32-5","Medical software devices","3","electronic laboratory notebook (eln) (1); computer information system (cis) (1); hl7 virtual medical record (vmr) (1)"
"32-6","Optimization methods","7","short message service (sms) (8); progressive web app (pwa) (1); autonomous driving system (ads) (1); internet protocol–based light-emitting diode lighting (1); in-home monitoring system (ims) (1); global positioning system (gps) coordinates (1); real-time location system (rtls) (1)"
"32-7","Additive manufacturing","2","additive manufactured (am) (1); additive manufacturing (am) (1)"
"32-8","human error assessment and reduction technique (heart)","1","human error assessment and reduction technique (heart) (1)"
"33-0","Supervised contrastive learning","7","supervised contrastive learning (10); self-supervised contrastive learning (1); anchor-based self-supervised learning (1); contrastive self-supervised learning (1); self-supervised representation learning (1); dual self-supervised learning (1); confidential prototype self-supervised learning (1)"
"33-1","Trustworthy AI","10","adversarial learning (36); generative adversarial learning (4); domain adversarial learning (1); global adversarial learning (1); domain-adversarial learning (1); cross domains adversarial learning (1); multi-head adversarial training (1); cross-domain learning (1); multilevel adversarial learning (1); multiple adversarial learning (1)"
"33-2","Bayesian statistics","8","bayesian learning (6); probabilistic inference (2); bayesian collaborative learning (1); sparse bayesian learning (1); sparse representation based classification (1); bayesian-score based learning (1); bayesian evolutionary learning (1); kernel sparse representation-based classification (1)"
"33-3","Ensemble learning","10","ensemble learning (222); stacking ensemble learning (6); online ensemble learning (1); co-supervised learning (1); boosted neural ensemble learning (1); heterogeneous ensemble learning (1); ensemble and hierarchical learning (1); dual-expert ensemble learning (1); selective ensemble learning (1); dynamic ensemble learning (1)"
"33-4","Multiple kernel learning","28","multiple kernel learning (18); multi-label learning (15); multi-kernel learning (8); multi-source learning (4); multi-objective learning (2); multi-scale feature learning (2); federated multi-task learning (1); unsupervised transfer learning (1); multi-task joint learning (1); hierarchical multi-kernel learning (1); mixed-supervised learning (1); multiscale transfer learning (1); multi-objective reinforcement learning (1); multi-agent learning (1); multi-domain learning (1)"
"33-5","Distributed algorithms","5","multi-agent reinforcement learning (2); adaptive sequence-length deep reinforcement learning (1); multi-objective reinforcement learning (1); multi-agent deep reinforcement learning (1); unsupervised reinforcement learning (1)"
"33-6","Ensemble learning","24","unsupervised learning (110); problem-based learning (27); unsupervised representation learning (5); generative learning (2); graph self-supervised learning (2); decision tree learning (2); graph-based learning (2); unsupervised neural decoding (2); distant supervised learning (1); discriminative dictionary learning (1); unsupervised multi-kernel learning (1); recursive feature learning (1); simulation-supervised learning (1); antibody-supervised learning (1); sparse representation based classification (1)"
"33-7","Graph representation learning","11","graph-based learning (2); graph self-supervised learning (2); discriminative dictionary learning (1); distributed multitask fuzzy clustering (1); sparse representation based classification (1); network-based unsupervised learning (1); cross-supervised learning (1); kernel sparse representation-based classification (1); interactive multi-kernel learning (1); network-based learning (1); deep riemannian learning (1)"
"33-8","Multiple kernel learning","27","semi-supervised learning (140); unsupervised learning (110); weakly supervised learning (30); problem-based learning (27); weakly-supervised learning (9); unsupervised representation learning (5); inverse learning (3); decision tree learning (2); unsupervised neural decoding (2); non-deep transfer learning (1); distant supervised learning (1); unsupervised multi-kernel learning (1); physics-constrained deep learning (1); unsupervised transfer learning (1); traditional vs. deep-learning (1)"
"34-0","Online learning","39","online learning (33); online education (15); web-based health information (9); computer-mediated communication (3); computer mediated communication (2); internet-based communication (2); hands-free communication (2); interactive media (2); video-conferencing (2); website-based (1); online user reviews (1); multimedia-based education (1); spaced digital education (1); web-based videos (1); online knowledge sharing (1)"
"35-0","Biomedical signal processing","11","functional near-infrared spectroscopy (fnirs) (7); functional magnetic resonance imaging (fmri) (5); resting-state functional magnetic resonance imaging (rs-fmri) (5); magnetoencephalography (meg) (5); diffusion tensor imaging (dti) (3); near-infrared spectroscopy (nirs) (1); voxel-based morphometry (vbm) (1); functional magnetic resonance imaging (mri) (1); functional near infrared spectroscopy (fnirs) (1); standardized low-resolution brain electromagnetic tomography (sloreta) (1); ultra-high-density electroencephalography (uhd eeg) (1)"
"35-1","Biomedical signal processing","10","endoscopic photoacoustic tomography (epat) (2); optical projection tomography (opt) (1); surface-enhanced raman spectrum (sers) (1); photoacoustic microscopy (pam) (1); surface-enhanced raman spectroscopy (sers) (1); narrow band imaging (nbi) (1); quantitative intravascular photoacoustics (qivpa) (1); intravascular photoacoustic (ivpa) (1); photoacoustic (pa) (1); intravascular photoacoustics (ivpa) (1)"
"35-2","Biomedical signal processing","1","intravascular optical coherence tomography (ivoct) (1)"
"35-3","Biomedical signal processing","1","probe-based confocal laser endomicroscopy (pcle) (1)"
"35-4","Biomedical signal processing","3","shear wave elastography (swe) (2); automated breast ultrasound (abus) (1); supersonic shear-wave elastography (swe) (1)"
"35-5","Biomedical signal processing","7","electrical impedance tomography (eit) (2); magnetoacoustic tomography with magnetic induction (mat-mi) (1); imaging photoplethysmography (ippg) (1); magnetoacoustic tomography (mat) (1); electric cell-substrate impedance sensing (ecis) (1); magneto-acoustic concentration tomography with magnetic induction (mact-mi) (1); magneto-acoustic tomography (mat) (1)"
"35-6","Biomedical signal processing","7","spinal cord injury (sci) (4); transcranial direct current stimulation (tdcs) (2); transcranial electrical stimulation (tes) (2); transcranial alternating current stimulation (tacs) (1); transcranial temporal interference stimulation (ttis) (1); low level laser therapy (lllt) (1); transcutaneous auricular vagus nerve stimulation (tavns) (1)"
"35-7","Medical software devices","7","computer-aided diagnosis (cad) (19); computer-aided diagnostic (cad) (1); quantitative susceptibility mapping(qsm) (1); quantitative susceptibility mapping (qsm) (1); multi-scale weighted box fusion (wbf) (1); multi-label computer-aided diagnostic (cad) (1); adaptive statistical iterative reconstruction (asir) (1)"
"35-8","Computer vision","9","three-dimensional particle tracking velocimetry (3d-ptv) (1); optical projection tomography (opt) (1); atomic force microscopy (afm) (1); expansion microscopy (exm) (1); microscopic hyperspectral image (mhsi) (1); super resolution (sr) (1); single frequency thz imaging (sfti) (1); micro computed tomography (μct) (1); serial block-face scanning electron microscopy (sbf-sem (1)"
"36-0","Computer vision","6","3d local binary pattern (1); 1d-adaptive local ternary patterns (1); uniform local binary pattern (1); scale invariant local ternary pattern (1); local patterns (1); mapped local binary patterns (1)"
"36-1","Computer vision","2","edge-based geometric active contours (1); active contours without edges (1)"
"36-2","Graph representation learning","6","weighted colored subgraph (1); heterogeneous biclustering (1); labeled graphlets (1); static subgraphs (1); spatial cell graph (1); a bilayer heterogeneous network with node attributes (1)"
"36-3","data representations","9","sparse representation of signals (1); stationary common spatial patterns (1); sparse representations (1); dynamic co-occurrence grey level matrix (1); matrix representation of vectors (1); fixed-dimensional spectral representations (1); features visual representation (1); low-dimensional representations (1); rich feature representation (1)"
"36-4","Computer vision","4","class activation maps (2); multiscale long-range receptive field (1); multi-scale receptive fields (1); multi-scale class activation maps (1)"
"36-5","Self-Organizing Maps","6","self-organizing maps (5); self-organizing map (4); self-organizing feature map (1); stacked bidirectional gated recurrent unit (1); multiple fully connected layers (1); self organizing maps (1)"
"36-6","Chaotic maps","2","chaotic maps (6); extended chaotic maps (1)"
"36-7","Computer vision","4","2d-cellular automata (1); circular gabor features (1); point cloud structures (1); fluidic dynamic digital patterns (1)"
"36-8","Self-Organizing Maps","2","neuronal patterns (1); neuronal shape reconstruction (1)"
"37-0","Biomedical signal processing","15","technology assessment, biomedical (28); technology selection (2); technology studies (1); technological frame (1); technological features (1); technology aids (1); technology fatigue (1); beside technology (1); technology transformation (1); technological frames (1); technology strategy (1); technology review (1); technology ethics (1); transformer technology (1); technology translation (1)"
"37-1","Technology adoption models","13","regulatory reform (1); licensing model (1); internet governance (1); information technology (it) strategy (1); ict demands (1); strategic it alignment (1); communication standards (1); vendor (1); technology–ict (1); governance requirements (1); technology and ict use (1); information and communication technologies projects (1); systems map (1)"
"37-2","Requirements engineering","9","requirements engineering (5); requirements analysis (2); it infrastructure (2); requirements gathering (2); modeling standards (1); infrastructure model (1); information systems adoption (1); resource validation (1); requirements development (1)"
"37-3","Trustworthy AI","5","software security (2); differentially private federated learning (1); security knowledge (1); security competency (1); system trust (1)"
"37-4","Technology adoption models","8","welfare technology (3); medical software adoption (1); education technology (1); clinical and business intelligence (1); service science (1); care delivery value chain (1); informatics supply (1); revenue cycle automation (1)"
"37-5","Technology adoption models","22","technological innovation (9); technology diffusion (3); innovation diffusion (3); service innovation (2); technological solution (2); disruptive innovation (2); accelerated innovation (1); technology dependence (1); technological bundles (1); technology ownership (1); technology trust (1); scalable context (1); digital flourishing (1); innovation resistance (1); scaliness (1)"
"37-6","Technology adoption models","17","technology (501); technology use (18); ai adoption (6); technology usage (3); technology assisted (1); automation consequences (1); information technology addiction (1); use data (1); technology solution (1); service channel (1); ubiquitous coaching (1); usage decision (1); technology skill (1); technology attractiveness (1); technology assimilation (1)"
"37-7","Requirements engineering","12","requirements gathering (2); cost prediction (2); requirements analysis (2); link efficiency (1); cost transparency (1); investment decision (1); performance agreements (1); financial performance (1); market concentration (1); power control (1); cost methodology (1); resource validation (1)"
"37-8","Query methods","3","advertising standards (1); micro-blog mining (1); marketing mix (1)"
"37-9","Optimization methods","3","logistics optimization (1); industrial chain resilience (1); vehicle safety (1)"
"39-0","Computer vision","54","gait analysis (74); pain assessment (15); pain measurement (15); gait assessment (9); movement analysis (6); movement quality assessment (4); gait parameters (4); clinical gait analysis (3); movement assessment (3); quantitative gait analysis (3); sleep analysis (3); swallowing accelerometry (3); eye movement measurements (3); behavioral analysis (3); functional assessment (2)"
"40-0","human error assessment and reduction technique (heart)","72","performance evaluation (38); heuristic evaluation (15); model evaluation (11); qualitative evaluation (9); formative evaluation (9); testing and evaluation (6); realist evaluation (5); psychometric evaluation (4); performance analysis (4); technology evaluation (3); systematic evaluation (3); feature evaluation (3); robustness evaluation (2); cross-dataset evaluation (2); human evaluation (2)"
"41-0","Data collection","21","data collection (262); data collection tool (3); data gathering (1); data flow (1); active data collection (1); process data (1); data recording (1); missed data (1); data collection process (1); data collection mode (1); intensive data collection (1); data entry time (1); primary data (1); (mesh) data collection (1); data-gathering (1)"
"41-1","Data collection","12","data logging (4); event log (4); audit log data (3); event logs (2); activity logging (1); ehr log data (1); raw audit logs (1); system log data (1); event log generation (1); event logging (1); internet log analysis (1); event log data (1)"
"41-2","Secondary data analysis","17","secondary data analysis (10); secondary analysis (6); engagement analysis (2); training data extraction (1); coding standards (1); grounded report generation (1); coding validity (1); completion process (1); verbal protocol analysis (1); data analysis framework (1); data charting (1); co-debriefing (1); data fidelity (1); coding procedure (1); codeveloped (1)"
"41-3","Data collection","10","feedback comments (1); data verification (1); trial procedure (1); pre-implementation analysis (1); flow diagram (1); documentation process (1); data tracking (1); monitoring/data tracking function (1); data managers (1); flowcharts (1)"
"42-0","Sequence alignment","3","antibody-antigen docking (2); antibody-specific inverse folding (1); antibody sequence imputation (1)"
"42-1","Optimization methods","5","scanning mutageneses (1); genome editing safety (1); gene-edited babies (1); crisprbert (1); crispr imaging (1)"
"42-2","Sequence alignment","40","snp (18); genome, archaeal (13); mapping review (4); phenotype standardization (2); polymorphic transposable element detection (1); m6a-tcpred comparison (1); phenotype transformation (1); mirna fusion (1); hypermutation detection (1); disease-position recognition (1); genetic perturbation predict (1); dna security (1); hi-c matrix (1); dna damage classification (1); error-tolerant haplotype matching (1)"
"42-3","Optimization methods","17","class activation map (4); ai/ml, caring data science (1); hs-vectors (1); ssblending (1); tcr prediction (1); label transfer (1); rel-tng model (1); protomer fraction estimation (1); degradation-derived augmentation (1); label efficient (1); profiling metric (1); protein-conditioned rna design (1); identity matching (1); rna velocity estimation (1); identity mapping (1)"
"42-4","Mass spectrometry imaging","12","mass spectrometry imaging (2); in situ crosstalk (1); motor unit-specific image (1); pseudo-mass spectrometry imaging (1); peptides detection (1); cross-links identification (1); peptides classification (1); kinetochore tracker (1); scaled-yolov4 (1); fragmentomics (1); bounding box annotation (1); msa-free localization (1)"
"42-5","PPI extraction","9","ppi extraction (2); sars-cov-2–human ppi (1); vaccine construct designing (1); covid-19 classification network (1); coronavirus simulated algorithm (1); sars-cov-1–human ppi (1); in silico target fishing (1); sars-cov-2 mpro (1); genomic reassortment database (1)"
"42-6","data representations","11","bd2k (3); co-simulation (2); ubam input (1); data framework for a.i. (1); byte-level dna encoding (1); regular expression (regex) (1); dna2vec encoding (1); dna security (1); cuda cupy integration (1); tcp/ip protocol (1); authentication protocol (1)"
"42-7","Diverse methods","9","lacz gene (1); knockoff filter (1); post-adoptive use (1); ht-selex (1); artificial tumor history sampling (1); wet-lab validated targets (1); primer specificity verification (1); paxgene-fixed (1); utr characterization (1)"
"42-8","Sequence alignment","11","genome, archaeal (13); dta prediction (2); co-simulation (2); high level synthesis (1); termporal expression extraction (1); metaprogramming (1); abm-pde coupling (1); auisc-cat (1); fodpso (1); termporal expression normalization (1); genomic reassortment database (1)"
"43-0","Computational biology","102","utaut2 (14); hypergraph learning (4); libraries, digital (4); ensembling (2); percs framework (2); esm-2 embeddings (2); xgboost model (2); ensembl plants (2); bdiit (biology, data, information and intelligence technologies) fusion (1); dssgnn-ppi (1); seqlengthplot (1); chimp algorithm (1); seqmanager (1); biologyinformed inference (1); phanto-idp model (1)"
"44-0","Virtual agents","12","virtual agent (8); humanoid robot (2); haptic rendering (2); conversational agent technology (1); human-robot collaborative (1); embodied ai (1); human-exoskeleton coupling (1); virtual conversational agent interfaces (1); augmented haptic (1); conversational generative ai evaluation (1); haptic triggers (1); virtual glove (1)"
"44-1","Human-computer interaction","16","human–computer collaboration (2); multimodal interaction (1); human computation (1); computer–mouse work (1); perception-action cycle (1); human–human conversation analysis (1); human–machine collaboration (1); patient–practitioner–computer triad (1); biomedical question answering system (1); question-answering systems (1); human-computer trust (1); computational interpersonal communication (1); matching person and technology model (1); human–ai interfaces (1); cross-interactive fusion (1)"
"44-2","Computer vision","8","neural networks (computer) (6); learning-to-augment (1); text-to-image (1); intelligence, artificial (1); one-to-many translation (1); machine learning in ms (1); nature-inspired optimisation (1); large language model orchestration (1)"
"44-3","Data collection","10","crowdsensing (4); anatomy-imaging-surgery system (1); synthetic house-tree-person test (1); stimulus-organism-response framework (1); cell mechanical competition (1); multi-omics attention mechanism (1); human stress wearable sensors physiological signals multimodal fusionpublic speaking (1); anatomical structure-aware strategy (1); electro-mechanical sequence (1); hybrid crowdsensing (1)"
"45-0","Data collection","45","registries (95); registry (40); registration (19); trial innovation network (10); mimic-iv database (5); clinical trial management system (4); data safe havens (3); multimodal registration (2); registry system (2); data registry (2); research registries (1); database size (1); clinical data interchange standards consortium (1); registry software (1); mimic- iv database (1)"
"46-0","Biomedical signal processing","6","magnetic resonance spectroscopy (25); nmr spectroscopy (8); proton magnetic resonance spectroscopy (6); nuclear magnetic resonance (2); (1)h nmr (1); h nmr spectroscopy (1)"
"46-1","Infrared spectroscopy","4","infrared spectroscopy (3); fourier transform infrared spectroscopy (2); ir spectra (1); spectroscopy, fourier transform infrared (1)"
"46-2","Infrared spectroscopy","7","functional near-infrared spectroscopy (10); near-infrared spectroscopy (9); spectroscopy, near-infrared (6); near-infrared (5); near infrared spectroscopy (3); nir spectroscopy (3); functional near infrared spectroscopy (2)"
"46-3","Infrared spectroscopy","7","optical spectroscopy (14); spectrophotometry, infrared (2); optical density (1); spectrophotometry (1); diffuse reflectance spectroscopy (1); colorimetry (1); optical absorption coefficient (1)"
"46-4","Fluorescence techniques","4","fluorescence resonance energy transfer (11); fluorescence spectroscopy (5); luminescent measurements (1); phosphorescence quenching microscopy (1)"
"46-5","Raman spectroscopy","2","raman spectroscopy (16); surface-enhanced raman scattering (1)"
"46-6","surface plasmon resonance","1","surface plasmon resonance (6)"
"46-7","Time-domain spectroscopy","2","time domain spectroscopy (1); terahertz (thz) time-domain spectroscopy (1)"
"46-8","X-ray diffraction","2","x-ray diffraction (5); x-ray absorption (1)"
"46-9","Electrochemical methods","4","fast-scan cyclic voltammetry (2); electric impedance spectroscopy (1); chronoamperometry (1); cyclic voltammetry (1)"
"46-10","isothermal titration calorimetry","1","isothermal titration calorimetry (1)"
"46-11","microdosimetry","1","microdosimetry (1)"
"46-12","Polarimetry methods","2","mueller polarimetry (1); scanning laser polarimetry (1)"
"46-13","Computer vision","2","surface analysis (1); textural characterization (1)"
"46-14","Biomedical signal processing","1","dynamic mode decomposition (2)"
"47-0","Data collection","26","biofeedback (28); just-in-time adaptive intervention (20); computer-assisted therapy (16); neurofeedback (9); just-in-time adaptive interventions (8); computer-assisted drug therapy (4); computer assisted therapy (2); adaptive treatments (2); biofeedback training (1); adaptive therapy (1); mobile alcohol avoidance training (1); video-based assessment (1); video-based pain assessment (1); electronic pro-based symptom management (1); blended care therapy (1)"
"47-1","Personalized interventions","3","personalized intervention (2); personalised interventions (1); personalized interventions (1)"
"47-2","Haptic technology","2","robot-assisted training (1); robot-mediated rehabilitation (1)"
"47-3","Computer vision","2","image-based dietary assessment (2); image-guided intervention (1)"
"47-4","Distributed algorithms","4","team-based care delivery (1); team-based approach (1); multi-agent approaches (1); multi-agent strategy (1)"
"47-5","audio-based aal applications","2","sound therapy (4); platelet-rich plasma therapy (1)"
"48-0","Ensemble learning","19","model (112); transformer model (13); model fusion (8); model ensemble (5); multimodal model (4); lstm model (3); 2.5d model (2); model stacking (1); parametric pinna model (1); ppg simulation model (1); bert–crf model (1); 1d cnn algoritm (1); fractional model (1); smsn model (1); bel model (1)"
"48-1","Model visualization","23","model complexity (3); model generalization (3); model training (3); model pruning (3); model transformation (2); model adaptation (2); model degradation (2); model deployment (2); model view control (1); model discrimination (1); model scaling (1); model innovation (1); parameter adaptation (1); model hierarchy (1); model cards (1)"
"48-2","data representations","17","data model (17); systematization (2); capability model (2); process model interplay (1); modelling formalisms (1); modeller (1); covering model (1); dynamical system identification (1); hierarchical exploration (1); functional design (1); simulation game (1); modelica (1); heterogeneous model collaboration (1); proxy model (1); interpolation model (1)"
"48-3","Computational biology","9","models, genetic (241); models (22); models, psychological (12); models, economic (6); panel study (5); simulated patients (2); modeling ehr (1); hypothetical study (1); simulated divergence (1)"
"48-4","Diverse methods","5","stochastic investigation (1); computational argumentation (1); structural zero (1); theoretical lens (1); algorithm transport (1)"
"49-0","Medical image registration","48","deformable image registration (10); medical image registration (10); deformable registration (7); non-rigid registration (5); multimodal image registration (4); diffeomorphic registration (4); 2d-3d registration (3); retinal image registration (3); intensity-based registration (2); deformable medical image registration (2); non-rigid image registration (2); image-to-patient registration (2); rigid registration (2); ct-to-tomosynthesis image registration (1); whole slide image registration (1)"
"50-0","data representations","15","perception (119); kinematics (22); bci vision (1); interface modality (1); online bci (1); interface stimulation (1); modality translation (1); signal management (1); multimodal association (1); current signals (1); multimodal interface (1); affective interfaces (1); multimodal system (1); multimodal databases (1); joint detection (1)"
"50-1","Medical software devices","15","healthcare simulation (2); rehabilitation engineering (2); mobile assessment (1); emergency simulation (1); mobile features (1); virtual study (1); fitness applications (1); human coaching (1); online monitoring (1); edge application (1); fitness application (1); cardiovascular simulation (1); rehabilitation system (1); virtual trial (1); smart trials (1)"
"50-2","Trustworthy AI","6","expert system (21); general dataset (1); ai application (1); pathogenicity classification (1); computable (1); performance risk (1)"
"50-3","Data collection","13","applications (67); app review (5); voice message (2); apps review (1); job application (1); consumer data (1); content regulation (1); message strategy (1); web corpus (1); personalized application (1); consumer grade (1); message features (1); consumer language (1)"
"50-4","Haptic technology","4","gyroscope (14); metal fatigue (1); nanomaterials (1); wearable accessory (1)"
"50-5","Technology adoption models","4","articulation work (2); vr acceptance (1); robotic behavior (1); robot acceptability (1)"
"50-6","Integrative review","2","integrative review (6); integrative reviews (1)"
"50-7","Model visualization","1","animation (6)"
"51-0","Data collection","55","accelerometry (62); actigraphy (46); home monitoring (23); ambulatory monitoring (21); sleep monitoring (15); pedometer (14); ambulatory assessment (14); activity monitors (11); physical activity monitoring (5); in-home monitoring (3); wrist-worn device (3); electronic activity monitor (3); wearable activity monitor (3); pedometers (3); triaxial accelerometer (3)"
"52-0","Neural networks","132","neural networks (219); graph neural network (193); neural network (190); artificial neural networks (64); recurrent neural network (55); recurrent neural networks (45); bayesian neural network (8); spiking neural network (7); probabilistic neural network (4); residual neural networks (4); bp neural network (4); ensemble neural network (3); hybrid neural network (3); residual neural network (3); transformer neural networks (2)"
"53-0","Human-computer interaction","71","clinical text mining (22); information technology design and development methodologies (7); clinical workflows (6); resource description framework (3); workflow integration (3); ehr optimization (2); clinical decision support services (2); radiology workflow (2); ehr navigation (2); workflow simulation (2); ehr standards (2); decision support systems–clinical (2); information systems design (2); international patient decision aids standards (1); clinical information systems acceptance (1)"
"54-0","Medical informatics","54","medical informatics (1054); health informatics (277); clinical informatics (126); public health informatics (123); consumer health informatics (105); biomedical informatics (101); nursing informatics (91); healthcare informatics (18); medical informatics computing (18); medical genomics (10); dental informatics (8); research informatics (7); imaging informatics (6); global health informatics (6); cognitive informatics (6)"
"55-0","Medical informatics","10","digital healthcare (17); digital assessment (7); digital imaging (6); osirix (3); digital treatment (3); medical digital solution (1); digital interlocutors (1); digital detection imaging (1); digital contraception (1); digital screening (1)"
"55-1","Digital phenotyping","3","digital devices (9); digital device (7); digital device exposure (1)"
"55-2","Diverse methods","15","digitalization (37); digital tools (25); digital platform (11); digitalisation (8); digital platforms (7); digital solutions (5); digital app (5); digital application (5); digital applications (2); digital dictation (1); digital framework (1); digital tracking (1); digital features (1); digital transfer (1); digital system (1)"
"55-3","Online learning","9","digital learning (6); digital computing (1); digital collections (1); digital sciences (1); digital navigator (1); digital pathway (1); digital library (1); digital paper (1); digital collection (1)"
"55-4","Computer vision","4","digital videos (1); motion graphic video (1); digital conference (1); digital collaboration (1)"
"55-5","Trustworthy AI","2","digital consent (3); digital gaps (1)"
"56-0","Trustworthy AI","6","shap value (4); shap values (3); self-knowledge distillation (3); shapley (2); satisfaction with model explanations (1); explain- ability (1)"
"56-1","Bayesian statistics","12","realism (2); contestability (1); group-equivariance (1); d-s evidence theory (1); ambiguity measure (1); credibility of predictors (1); group fairness (1); higher criticism (1); individual fairness (1); factuality evaluation (1); belief functions (1); belief function (1)"
"56-2","Social dynamics analysis","49","situation awareness (9); physical distancing (9); social comparison (7); message framing (5); social contagion (3); group dynamics (3); social control, informal (2); closeness centrality (2); contextual integrity (2); mindsets (2); trust model (2); coherence factor (2); stereotyping (2); emotional agents (1); naturalistic enactment (1)"
"56-3","Technology adoption models","13","models, organizational (30); institutional logics (2); inner settings (1); adaptive leadership (1); role models (1); personal models (1); selfmanagement (1); performance expectations (1); adaptive tactics (1); personal control perceptions (1); king’s theory of goal attainment (1); healing environments (1); personal model (1)"
"56-4","Integrative review","7","emotional agents (1); time studies, burnout (1); work stress (1); emotional labor (1); decision making (shared) (1); clinicians’ mental models (1); therapist perspective (1)"
"56-5","Educational methodologies","1","self-efficacy in information security (1)"
"57-0","Data collection","62","patient participation (196); recruitment (125); eligibility criteria (26); research recruitment (17); research participation (16); research subject recruitment (16); participant recruitment (14); online recruitment (13); participant retention (7); study recruitment (5); recruitment and retention (5); randomization (5); research subjects (5); eligibility prescreening (5); remote recruitment (3)"
"58-0","Data collection","12","contact tracing app (9); clinical dashboard (5); digital contact tracing apps (2); virtual consultation (2); information system artefact (1); customer (1); period-tracking app (1); physician workflow (1); automatic patient timeline (1); virtual scribe (1); period tracking app (1); medical simulation generation (1)"
"58-1","Prototype learning","39","prototype learning (7); machine translation (7); prototype network (4); few shot learning (3); handwritten dynamics (3); end-to-end framework (2); machine listening (2); labview (2); tool deployment (1); graph prompt learning (1); feature flow generation (1); ai text-to-image generator (1); textual inference (1); text-matching (1); dragon fly algorithm (1)"
"58-2","Human-computer interaction","31","dashboard (45); visual design (4); user need (3); user interaction design (2); onboarding (2); user cognition (1); dialog system (1); non-modeler interface (1); keyboard design (1); visual mining (1); usability of navigated control (1); user skills (1); interface complexity (1); user retention (1); user resistance (1)"
"58-3","Diverse methods","20","prototype learning (7); prototype network (4); use case (3); use cases (2); tool deployment (1); prototyping (1); multi-purpose tool (1); seamlessly integrate (1); static site generator (1); prototype tree (1); designing app (1); handoff tool (1); semiautomated note generation (1); function as a service (1); logging application (1)"
"58-4","Sensor-based instrumentation","7","built-in step counters (1); standing mannequin (1); hand skateboard (1); memory upgrade (1); knuckle print (1); robot skin (1); pagers (1)"
"58-5","Online learning","8","workout (2); interactive process mining (1); interactive advice (1); math tutoring platform (1); interactive narrative (1); animation education (1); virtual group (1); virtual training tool (1)"
"58-6","Requirements engineering","4","computer generated (1); computerised (1); computer crime (1); computer aided (1)"
"59-0","Personalized interventions","15","personalization (57); aftercare (12); advance directives (2); advance directive (2); adherence dynamics (1); daily practices (1); flexible care (1); patient non-use (1); adoption factors (1); therapy personalization (1); healthcare decisions (1); patient coaching (1); daily routines (1); telephone visit (1); educational interruptions (1)"
"59-1","Optimization methods","12","prioritization (12); decision support systems, management (12); prompting strategy (2); decision coaching (2); balancing strategies (1); multi-disciplinary approach (1); healthcare decisions (1); usage decisions (1); best basis selection (1); prioritisation (1); decision conflicts (1); requirement prioritization (1)"
"59-2","Requirements engineering","18","knowledge management (55); information and knowledge management (28); implementations (2); clinical information logistics (2); risk reframing (2); e-management (1); packet delivery ratio (1); regulatory challenges (1); usability issues (1); technical and physical protection (1); technical barriers (1); supportive technology (1); attribute-based access control policies (1); security mechanisms (1); usability problems (1)"
"59-3","Optimization methods","19","cost control (5); low-resource (5); turnaround time (4); operations management (3); task management (3); contingency management (3); provider shortages (1); multiple clinical constraints (1); labor-saving (1); multimonitoring (1); provider reimbursement (1); call centers (1); planning sophistication (1); low fidelity (1); nursing clinical workflows (1)"
"59-4","human error assessment and reduction technique (heart)","8","equipment failure (4); risk reframing (2); safety, checklists (1); regulatory challenges (1); residual attention (1); alert fatigue health personnel (1); safe practice (1); risk formats (1)"
"59-5","Data collection","4","evaluation studies as a topic (1); coupon collector's problem (1); bench to bedside (1); and emerging areas (1)"
"60-0","Computer vision","70","vessel segmentation (28); retinal vessel segmentation (27); liver segmentation (22); lesion segmentation (20); lung segmentation (11); tissue segmentation (7); lung nodule segmentation (7); 3d segmentation (7); cardiac segmentation (7); breast lesion segmentation (6); prostate segmentation (4); blood vessel segmentation (4); breast segmentation (4); vascular segmentation (4); plaque segmentation (3)"
"61-0","Ensemble learning","20","ensemble method (13); machine learning approach (3); meta-learning approach (2); data driven approach (2); intelligent approach (1); automated learning approach (1); knowledge mining approach (1); time-frequency approach (1); ensemble approach (1); deep approach (1); linear kernel approach (1); stepwise approach (1); machine-learning approach (1); iterative approach (1); deep neural network approach (1)"
"61-1","Diverse methods","7","hybrid approach (3); hybrid prediction approach (1); dual model approach (1); modular approach (1); multi-model approach (1); hybrid approaches (1); hybrid modeling approach (1)"
"61-2","Bayesian statistics","11","probabilistic approach (3); loss distribution approach (1); reverse engineering approach (1); abductive approach (1); reverse-engineering method (1); causal methods (1); quantitative approach (1); inverse approach (1); signal derived dictionary approach (1); reverse mapping approach (1); deterministic approach (1)"
"61-3","Diverse methods","16","layered approach (2); systems approach (2); molecular approaches (1); ecological approach (1); living lab approach (1); modeling approach (1); competitive approach (1); inter-slice approaches (1); multilevel approach (1); novel approach (1); network propagation approach (1); heterogeneous network design (1); multidimensional approach (1); alternative approaches (1); centralized approach (1)"
"62-0","Computational biology","16","chatgpt-4o (7); ai for science (2); vision foundation model (2); molecular captioning (1); mga-xgboost (1); enbed foundation model (1); adonis/adonis2 benchmark (1); msk-impact panel (1); chatgpt-4 vision (1); claude-2 (1); llama2-medtuned (1); chatgpt-4v (1); diy research tool (1); prott5-xl-u50 (1); bionlp for spanish (1)"
"62-1","HL7 FHIR","8","hl7 fhir (36); hl7 smart on fhir (1); hl7 fhir profiling (1); hl7 fhir phr (1); hl7 fihr (1); hl7 international (1); federated on fhir architecture (1); hl7 protocol (1)"
"62-2","Data collection","9","researchkit (7); research opportunity index (1); research platform (1); research units network (1); service discovery (1); federated discovery (1); remap2022 integration (1); research unit network (1); rmapalign3n (1)"
"62-3","Healthcare leadership","23","inservice training (8); fundraising (5); cehres roadmap (4); fellowship (2); support, u.s. gov't, p.h.s. (1); r&d management (1); clinical and translational science awards operations (1); daisy framework (1); research trust (1); fundraise (1); ctsa kl2 scholars (1); scribe program (1); fundraiser (1); fundraising success (1); translational science research spectrum (1)"
"62-4","Medical informatics","17","nih policy (1); etis-larib dataset (1); refgenie (1); muvr2 framework (1); emdb api (1); vaxi-dl server (1); wustl-ehms-2020 (1); bbmri (1); niffinder (1); nrrs refinement (1); nih grant texts (1); mhgap (1); medicaidjs sdk (1); hg002 giab benchmark (1); na24385 benchmarking (1)"
"62-5","Requirements engineering","7","iomt security (2); 90-9-1 principle (2); csiro framework (1); nih policy (1); joint cca security (1); and accountability (deia) (1); iscb diversity initiatives (1)"
"62-6","Data collection","5","researchkit (7); raspberry pi 5 (1); wustl-ehms-2020 (1); ict’s project (1); galaxy karubionet platform (1)"
"63-0","Open access policies","10","open access (21); peer review (17); peer-review (7); editorial policies (2); research access (1); editorial policy (1); post-publication peer review (1); open access material (1); publication records (1); advance access (1)"
"63-1","Open access policies","11","information sharing (24); public reporting (11); public interest (5); online service (2); public data (2); online data sharing (1); online disclosure (1); official information (1); public disclosure (1); online information sharing (1); online reporting (1)"
"63-2","data representations","2","online customer reviews (1); online doctor review deviation (1)"
"63-3","Sequence alignment","1","2019-ncov coronavirus (1)"
"63-4","USSD and ESMC","2","unstructured supplementary service data (1); esmc (1)"
"64-0","Neural networks","22","deep learning (dl) (26); variational autoencoder (vae) (4); generative pre-trained transformer (gpt) (3); stacked sparse autoencoder (ssae) (2); deep learning image reconstruction (dlir) (1); deep q-network (dqn) (1); full resolution convolutional network (frcn) (1); pulse wave deep learning (pwdl) (1); convolutional auto-encoder (cae) (1); deep learning, electroencephalogram (eeg) (1); graph clustering autoencoder (gcae) (1); graph deep learning (gdl) (1); deep extreme learning machine (delm) (1); faster regions with convolutional neural network (faster r-cnn) (1); deep learning (d.l) (1)"
"64-1","Neural networks","4","bidirectional lstm (bilstm) (1); bidirectional temporal convolutional network (bitcn) (1); point-wise gated deep network (pgdn) (1); bi-directional lstm (bi-lstm) (1)"
"64-2","Ensemble learning","4","clustered federated learning (cfl) (1); ciphertext-policy attribute based encryption(cp-abe) (1); privacy preserving data mining (ppdm) (1); privacy-preserving federated learning (ppfl) (1)"
"64-3","Neural networks","16","co-effective and adaptive neuro-fuzzy system (co-eanfs) (1); adaptive ensemble manifold learning (aeml) (1); multilayer multikernel random vector functional link network plus (mmrvfln) (1); neural fuzzy evaluation system (nfes) (1); random opposition-based learning (robl) (1); functional fuzzy wavelet neural network (ffwnn) (1); adaptive neural fuzzy inference system (anfis) (1); adaptive neuro-fuzzy inference system (anfis) (1); data-driven hebbian learning (dd-nhl) (1); orthogonal learning (ol) (1); fuzzy integer nonlinear programming (finlp) (1); generalized matrix learning vector quantization (gmlvq) (1); fuzzy quantum support vector machine (fqsvm) (1); fuzzy kernel least square support vector machine (fklssvm) (1); fuzzy quantum machine learning (fqml) (1)"
"64-4","Computer vision","8","high efficiency video coding (hevc) (2); content-based image retrieval (cbir) (2); parallel squeeze-and-excitation convolutional neural network (pse-cnn) (1); faster regions with convolutional neural network (faster r-cnn) (1); high-efficiency video coding (hevc) (1); two-dimensional sample entropy of coarse-grained gramian angular summation field image (cgsampen(2d)) (1); fpga based savitzky golay smoothing filter (fpga-sgsf) (1); convolutional block attention module (cbam) (1)"
"64-5","Graph representation learning","12","graph deep learning (gdl) (1); multi-region weight fusion convolution module (mwfc) (1); sparse group representation model (sgrm) (1); multi-feature fusion network (mff-net) (1); semi-supervised graph-based regression (ssgbr) (1); lightweight graph triplet capsule networks (lg-tricapsnet) (1); residual self-calibrated network combined with multi-scale channel attention (rsca) (1); spatial-temporal graph convolutional network (st-gcn) (1); manifold-based ecg-feature purification (mep) (1); adaptive spatio-temporal graphic convolutional neural network (astgcn) (1); graph clustering autoencoder (gcae) (1); higher-order spatial markov-gibbs random field (mgrf) (1)"
"64-6","Neural networks","13","machine learning (ml) (41); extreme learning machine (elm) (4); multiple instance learning (mil) (3); multiobjective optimization (moo) (3); teaching learning-based optimization algorithm (tlbo) (1); probabilistic feature encoder (pfe) (1); deep learning(dl) (1); dictionary learning (dl) (1); discriminative kernel convolution (dkcnet) (1); online one class support vector machine (ocsvm) (1); orthogonal learning (ol) (1); multiple kernel learning (mkl) (1); machine learning(ml) (1)"
"64-7","Data annotation","8","natural language processing (nlp) (34); named entity recognition (ner) (6); semi-supervised learning (ssl) (3); self-supervised learning (ssl) (1); named-entity recognition (ner) (1); semi-supervised graph-based regression (ssgbr) (1); self-supervised speech representation learning distilhubert (1); multilevel hierarchical clinical-longformer embeddings (mhcle) (1)"
"64-8","causal artificial intelligence (causal ai)","1","causal artificial intelligence (causal ai) (1)"
"65-0","Neural networks","21","deep image prior (3); atrous spatial pyramid pooling (2); enhanced representations quality (1); cartoon+texture decomposition (1); arbitrary dilation convolution (1); dense atrous convolution block (1); dynamic view expansion (1); 2d-slice-based segmentation propagation (1); 1-d continuous wavelet (1); 3d-residual network with se (1); 1-d model (1); attention-enhanced pix2pix gan (1); u-shaped medical image network (1); 2-d convolution (1); structure-preserved gan (1)"
"65-1","Computer vision","12","pseudo label (3); software defined radio (2); pseudo labeling (2); label-activated region transferring (1); pseudo label-wise attention (1); composite sketch matching (1); mask r–cnn (1); cross-branch alternately updated fusion (1); bounding box supervision (1); boxes viewed (1); pseudo-label generation (1); cross-modal cutmix (1)"
"65-2","Optimization methods","6","black box warning (2); black-box models (1); black widow optimization (1); black-box classifiers (1); “black-box” models (1); white box methods (1)"
"65-3","Computer vision","8","markerless (3); face2gene (2); midsagittal plane detection (1); orientation field interpolation (1); i-conect project (1); three-dimensional geometry matching (1); multipolar mode rfa (1); fiber tract rendering (1)"
"65-4","Optimization methods","14","top-hat operator (1); α-plane representation (1); curve matching (1); d to 2d data transformation (1); phase a and phase b detection (1); circlet transform (1); q-deformed exponential (1); horizontal and vertical sparse mask time-frequency transformer network (1); horizontal visibility algorithm (1); l-curve curvature (1); high-pass filtered phase (1); scale correction (1); colored noise (1); laplacian of gaussian (log) filter (1)"
"65-5","Graph representation learning","16","projection fusion envelopes (1); dark channel prior (1); plotly (1); global rotation search (1); view alignment (1); 3d region growing (1); silhouette orientation volume (1); gray-scale image mapping (1); projection operator (1); pixel-wise supervision (1); coloredgraphs (1); weighted digraph convolution (1); meshheading2vec (1); mesh partition (1); zoom-delivered (1)"
"65-6","Computer vision","19","light-weight network (2); symmetry axis detection (1); black lung (1); grey model (1); matching point interpolation (1); spike-in standards (1); in-slice attention (1); tasks left undone (1); medial-axes enhancement (1); masked burrows-wheeler transform (1); molecular graph bert (1); blue benchmark (1); time-varying blue-noise scheduling (1); red led (1); sub 2-d convolution (1)"
"66-0","data representations","101","data augmentation (152); data (74); data fusion (41); data imbalance (19); data aggregation (18); data standardization (17); data work (9); data scarcity (8); data assimilation (8); data exploration (7); surgical data science (6); data annotation (6); data ownership (6); data enhancement (5); data donation (5)"
"67-0","Integrative review","45","quality assessment (47); data quality assessment (20); quality measurement (7); quality evaluation (6); outcomes assessment (4); evaluation criteria (4); level-set (4); quality assessment tool (3); rating sites (3); quality score (2); methodological quality (2); quality scores (2); assessment criteria (2); information outcomes (2); reference bias (2)"
"68-0","Technology adoption models","16","technology acceptance model (tam) (5); human-centered design (hcd) (3); human–computer interaction (hci) (2); health level seven (hl7) (2); personal health information management (phim) (2); assistive technologies (ats) (2); unified theory of acceptance and use of technology (utaut) (2); human-computer interaction (hci) (2); information and communications technology-based (ict-based) intervention (1); user center design (ucd) (1); integrating the healthcare enterprise (ihe) (1); human factors engineering (hfe) (1); technology readiness level (trl) (1); human computer interaction (hci) (1); health level 7 (hl7) (1)"
"68-1","Diverse methods","8","federated learning (fl) (2); blended learning (bl) (1); case-based learning (cbl) (1); online learning (ol) (1); immersive virtual reality (ivr) (1); mobile learning (mlearning) (1); adaptive learning based cam (adaptive-cam) (1); self-supervised learning (self-sl) (1)"
"68-2","Technology adoption models","18","just-in-time adaptive intervention (jitai) (3); diffusion of innovations (doi) (2); behavior change techniques (bcts) (2); diffusion of innovation theory (doi) (1); the theory of planned behavior (tpb) (1); theory of planned behavior (tpb) (1); digital health intervention (dhi) (1); health action process approach (hapa) (1); screening, brief intervention, and referral to treatment (sbirt) (1); self-determination theory (sdt) (1); social determinant of health (sdoh) (1); social determinants of mental health (sdomh) (1); precede-proceed model (ppm) (1); contingency management (cm) (1); motivational interviewing (mi) (1)"
"68-3","Participatory research","9","shared decision making (sdm) (3); community engagement (ce) (1); advance value framework (avf) (1); community-based participatory research (cbpr) (1); patient and community-engaged research (p/cenr) (1); advance care planning (acp) (1); patient and public involvement(ppi) (1); patient and public involvement (ppi) (1); diversity, equity, and inclusion (dei) (1)"
"68-4","Integrative review","11","real-world evidence (rwe) (2); clinical pathways (cps) (1); good clinical practice (cgp) (1); patient focused drug development (pfdd) (1); clinical reasoning (cr) (1); implementation science (is) (1); advanced cardiac life support (acls) (1); clinical research professionals (crps) (1); systems medicine (sm) (1); preventive maintenance (pm) (1); decentralized clinical trials (dcts) (1)"
"68-5","Data collection","15","ecological momentary assessment (ema) (11); sleep hygiene education (she) (1); emotional freedom techniques (eft) (1); multi-criteria decision-making (mcdm) (1); e-cigarettes/electronic nicotine delivery systems (ends) (1); strengths-weaknesses-opportunities-threats (swot) (1); social media listening (sml) (1); virtualization quality of services (qos) (1); team effectiveness model for science (tems) (1); multi-criteria decision making (mcdm) (1); mobile-based ecological momentary assessment (mema) (1); user-centered design (ucd) (1); first-generation college students (fgcs) (1); serious games (sg) (1); science and technology studies (sts) (1)"
"70-0","Graph representation learning","30","brain network (21); heterogeneous information network (11); distributed research network (6); distributed research networks (5); networking (4); biomedical networks (3); federated networks (3); human drug network (2); medical knowledge network (2); knowledge network (2); data networks (2); memory network (2); network integration (2); information networks (2); communication networks (1)"
"71-0","Integrative review","22","meta-synthesis (10); oxidation-reduction (8); methyl ethers (3); polar transformation (2); neutralisation reaction (1); reactions (1); cross-conversion (1); sulfenylation reaction (1); hydroxamic acids (1); malonylation (1); transformations (1); solid mass (1); 2,5 dimethyl 1-h pyrrole (1); reaction (1); inductive coupling (1)"
"71-1","Diverse methods","5","self-assembly (2); fusion scheme (2); molecular self-assembly (1); g(4)s(3) linker (1); polyether ether ketone (1)"
"71-2","Solid-state NMR","2","solid-state nmr (2); 400 mhz (1)"
"71-3","Transition path theory","3","inner product (1); free energy calculation and decomposition (1); transition path (1)"
"71-4","Data annotation","2","product labeling (2); carbon neutrality (1)"
"72-0","Penalized regression","22","lasso regression (6); penalized regression (4); penalization (4); regularized regression (4); ridge regression (2); penalized support vector machine (2); elastic net regression (2); robust variable selection (1); penalized cox regression (1); non-negative least squares (1); tree lasso regression (1); penalized generalized estimating equations (1); non-negative least-squares regression (1); penalized logistic regression (1); regularized orthogonal forward regression (1)"
"72-1","Multiple kernel learning","11","support vector regression (18); kernel density estimation (6); kernel ridge regression (4); kernel regression (3); kernel principal components (2); kernel partial least squares (2); kernel machine regression (2); support vector machine recursive feature elimination (1); least squares support vector machine (1); support vector machine regression model (1); least squares support vector regression (1)"
"72-2","Ensemble learning","3","random forest regression (2); ensemble regression (1); random-forest regression (1)"
"72-3","Graph representation learning","3","hierarchical conditional random field (1); laplacian regularized least squares (1); joint graphical lasso (1)"
"72-4","Optimization methods","3","generalized method of the moments (4); arellano-bond estimator, generalized method of moments (1); general linear combination (1)"
"72-5","Penalized regression","7","distance regularized point regression (1); convolutional multivariate multiple regression (1); naive bayesian regression (1); regularized empirical bayes batch correction (1); multivariate adaptive regression splines (1); generalized moving least squares approximation (1); gaussian mixture regression (1)"
"72-6","Discriminant analysis","1","linear shrinkage covariance estimation (1)"
"73-0","Cost-benefit analysis","73","cost-benefit analysis (57); cost (42); economic evaluation (39); health economics (29); costs and cost analysis (26); cost-effectiveness analysis (18); costs (17); cost effectiveness (11); cost analysis (9); hospital costs (6); claims analysis (5); medical economics (5); decision modeling (4); healthcare economics (4); decision analysis (3)"
"74-0","Medical informatics","30","health it (29); organizational change and it (3); back (3); it (3); it adoption (2); qos (2); health it ecosystem (1); balance it (1); bring-your-own-device (1); it support (1); it mindfulness (1); big (1); and healthcare service innovation and it (1); less-is-more hypothesis (1); it identity (1)"
"74-1","Neural networks","13","sentiment (28); reading (9); thinking (3); if…then rules (2); factual (2); nature langue processing (1); sifting (1); implicit.” (1); forget gate (1); $q-t$   space learning (1); fake data (1); educated guess (1); sentiment polarity (1)"
"74-2","Trustworthy AI","15","trust (170); reading (9); his (8); good doctors website (1); trustfulness visualization (1); selfie (1); selfies (1); sustain talk (1); mattering (1); comprehend (1); story transportation (1); yelp (1); story (1); teach back (1); hard bed (1)"
"74-3","Integrative review","16","quitting (6); calm air (1); let (1); personomics (1); sounds app (1); poverty traps (1); go (1); life’s essential 8 (1); wisdom web (1); pay-what-you-want (1); the link king (1); mysnapp app (1); funet (1); do it yourself (1); enact (1)"
"75-0","bci painting system","22","web application (31); brain computer interface (22); graphical user interface (18); application programming interface (16); web-based applications (9); web-based application (7); web applications (6); application programming interfaces (6); graphical user interfaces (4); system interface (3); web accessibility (3); computer applications (2); brain computer interfaces (2); database interfaces (1); open-source web application (1)"
"76-0","Social dynamics analysis","20","normalization process theory (12); social exchange theory (3); institutional theory (3); social information processing theory (2); neo-institutional theory (1); transaction cost theory (1); program theory (1); social capital theory (1); strong structuration theory (1); diffusion of innovation theory (1); transactional distance theory (1); shared mental model theory (1); social role theory (1); social identity theory (1); resource dependence theory (1)"
"76-1","Educational methodologies","27","self-determination theory (20); learning theory (3); dual factor theory (2); deterrence theory (2); control theory (2); self determination theory (2); dual process theory (2); cognitive load theory (2); regret theory (2); behavioral change theory (1); tpb theory (1); attribution theory (1); balance theory (1); implicit theories (1); two-factor theory (1)"
"76-2","Social dynamics analysis","8","conspiracy theory (1); subjective logic theory (1); fairness theory (1); critical theory (1); belief theory (1); integrated information theory (1); trust theory (1); queer theory (1)"
"76-3","Extreme value theory","4","extreme value theory (2); cumulative prospect theory (1); queueing theory (1); multi-attribute utility theory (1)"
"76-4","Technology adoption models","6","technology acceptance theories (1); expectation-confirmation theory (1); use and gratification theory (1); reasoned action approach (1); gratification theory (1); technology acceptance theory (1)"
"77-0","Computer vision","41","motion (19); signal quality (18); artifact removal (13); motion artifacts (9); motion estimation (7); motion correction (5); artifact correction (4); motion artifact reduction (3); motion artifact (3); metal artifact reduction (2); motion artifact removal (2); motion compensation (2); artifact rejection (2); motion artifact (ma) (2); artifact detection (2)"
"78-0","Computational biology","55","web server (50); webserver (10); web platform (7); web tools (5); shiny web application (4); web-based bioinformatics tool (4); web-server (4); web tool (4); web-application (2); web-based software (2); web server antibody design tool (1); lavaa web application (1); gui-based desktop application (1); python-based application (1); interactive platform (1)"
"79-0","Penalized regression","66","logistic models (135); linear models (124); proportional hazards models (34); weights and measures (6); linear mixed model (6); random effects (5); generalized linear model (5); generalized method of moments (5); generalized linear models (4); mixed linear model (3); generalized additive model (3); mixed effects modeling (3); mixed-effects model (3); generalized estimating equations (2); hierarchical mixed model (2)"
"80-0","Computational biology","21","quantified-self (3); r-peak detection (3); symptom normalized output (1); psymate scale (1); covid-19, criteria optimization (1); mmseqs (1); -: fractal olive disease control model (1); 50+ individuals (1); orthonormal logratio coordinates (1); presence-absence matrices (1); synthetic control arm (1); alphafold-multimer self-assessment comparison (1); d-alanine: d-serine ligase (1); 0-1 coding (1); log fold change shrinkage (1)"
"80-1","Bayesian statistics","25","models, statistical (367); mean teacher (3); p-value combination (2); negative cycle (1); meangs (1); opposite sign test (1); non-negative deconvolution (1); act-r architecture (1); aczel-alsina aggregation operator (1); non-local means (1); se-residual block (1); semi-definite program (1); ψ-caputo fractional derivative (1); mean average precision (1); mean percentile ranking (1)"
"80-2","Integrative review","24","sdoh (7); no-show (5); n-of-1 trials (4); values clarification (2); no-shows (2); gold-standard corpus (2); no-show patients (2); n-of-1 trial (2); cost, tdabc (1); zero-day attack (1); wt-gan (1); log-in behavior (1); ∊-differential privacy (1); false positive learning (1); ati scale (1)"
"81-0","Computational biology","14","proline and tryptophan insertion effects (1); local structure constraint (1); location coordinate prediction (1); disulfide bonding pattern (1); domain structure visualization (1); secondary-structure segmentation (1); α-helix and β-strand detection (1); protein structure prediction variability (1); beta-sheet versus alpha-helix insertion effects (1); largest hydrophobic patch (lhp (1); per-residue predicted lddt (1); 3d-protein-structures (pdb) (1); structure-based protein homology detection (1); beta-sheet detection (1)"
"81-1","Feature disentanglement","14","sequence features (7); sequence-only prediction (1); amino acid proximity network (1); protein sequence representations (1); protein sequence features (1); cellular position prediction (1); amino acid composition profile (1); amino-acid sequence features (1); numbering schemes (1); biochemical similarity encoding (1); predicted peptide (1); amino acid hashing (1); prottrans embeddings (1); amino acid sequence descriptors (1)"
"81-2","Model visualization","14","domain-dependent feature (1); domain fusion (1); domain class (1); domain structure visualization (1); domain-specific summary (1); motif importance (1); protein motif detection (1); tea/atts domain (1); motif structure (1); conserved fragments (1); cognate-ligand domain mappings (1); motifbreakr (1); motif scanning (1); motif arrangements (1)"
"81-3","Sequence alignment","10","five-model-organism alphafold-database homologs (1); swiss-prot homologs (1); dna and amino acid sequence alignment to graphs (1); non-significant similarity hits (1); homology search (1); histone h3 as query (1); structure-based protein homology detection (1); homology-independent (1); remote homology discovery (1); sequence alignment for homologous trs (1)"
"81-4","Computational biology","7","rna–small molecule binding sites prediction (1); binding residues prediction (1); n-to-1 kinase dependency (1); site-specific e3-substrate relation (1); allosteric site-forming residues (afrs) (1); dna- and rna-binding residue identification (1); nucleic acid-binding residue identification (1)"
"81-5","Computational biology","3","coding-potential prediction (1); promoters identification (1); des-rna secondary structure associations (1)"
"81-6","Computational biology","3","secretion-signal map (1); protein subcellular localization extraction (1); signal peptide discrimination (1)"
"81-7","Computational biology","1","antibody and multi-enzyme cleavage peptide (1)"
"81-8","data representations","4","protein encoding (2); protein sequence classifier (1); protein subfamily (1); protein fingerprint (1)"
"81-9","Graph representation learning","5","structural similarity loss (2); similarity prediction (1); structural motif kernel (1); sequence and kinetic signals integration (1); black-box domain adaptation (bbda) (1)"
"81-10","Computational biology","1","cas proteins identification (1)"
"82-0","Drug delivery systems","18","needle-free injection (2); pulsating drug delivery (1); cell delivery (1); cell-penetrating (1); dual-hormone delivery (1); drug loading (1); offline drug delivery (1); smart nanosystem (1); administration, inhalation (1); microneedle device (1); drug delivery nano system (1); single needle insertion (1); respiratory drug delivery (1); sirna delivery (1); jet injection (1)"
"82-1","Drug delivery systems","7","microbubble (2); microbubbles (1); micro-pharmacokinetics (1); magneto cell permeabilization (1); bio-coating (1); conjugate bio-heat transfer (1); microdialysis (1)"
"82-2","Drug delivery systems","4","smart infusion pumps (2); wireless power delivery (1); tissue ablations (1); low-level light therapy (1)"
"82-3","Data collection","2","sterilizing immunization (1); tumor localization and tracking (1)"
"82-4","Sensor-based instrumentation","1","micro-rotation (1)"
"83-0","Graph representation learning","114","graph embedding (34); network embedding (14); knowledge graph embedding (12); graph regularization (7); graph convolution (6); graph classification (5); graph representation (5); network fusion (4); graph cuts (4); graph augmentation (4); graph literacy (3); graph pooling (3); heterogeneous network embedding (3); graph kernel (3); graphlets (2)"
"84-0","Query methods","57","database searching (46); databases, bibliographic (33); literature mining (17); internet search (12); search strategy (9); literature search (8); web search (6); bibliographic databases (5); health information search (5); systematic search (5); google search (4); internet searches (4); web-based search (3); heterogeneous data sources (3); bibliography as topic (2)"
"85-0","Neural networks","126","multi-layer perceptron (13); cnns (10); cnn-lstm (7); 3d-cnn (6); depthwise separable convolution (6); deformable convolution (4); convolutional block attention module (4); cnn-bilstm (3); lstm network (2); feature pyramid network (2); depth-wise separable convolution (2); rnn-lstm (2); lstm-attention network (2); cnn model (2); xgboost classifier (2)"
"86-0","Modular predictive framework","11","heart disease prediction (4); heart failure prediction (2); cardiac diseases classification (2); heart disease detection (1); hypertension prediction (1); cvd prediction (1); heart failure hospitalization prediction (1); coronary artery disease prediction (1); cad diagnosis (1); cads (1); cad severity (1)"
"86-1","Medical software devices","2","cad-cam (1); caries detection (1)"
"86-2","Discriminant analysis","7","diabetes classification (1); diabetes support (1); diabetes types classification (1); diabetic foot ulcer classification (1); diabetes trajectories (1); diabetes detection (1); diabetes determination (1)"
"86-3","Data collection","5","dementia caregiving (2); dementia prediction (2); dementia classification (2); dementia detection (1); dementia knowledge (1)"
"86-4","Ensemble learning","5","copd diagnosis (1); wheeze classification (1); copd epidemiology (1); respiratory diseases classification (1); hfnc failure (1)"
"86-5","Medical informatics","2","kidney disease knowledge (1); kidney disease awareness (1)"
"86-6","Sensor-based instrumentation","3","parkinson's disease diagnosis (6); stroke knowledge (2); mental health disorder detection (1)"
"86-7","Computer vision","1","hip fracture detection (1)"
"86-8","Medical informatics","4","multimorbidity network (2); vital status classification (1); health procedure classification modeling (1); risk factor discovery (1)"
"87-0","Medical image registration","68","medical image (56); medical images (31); ultrasound images (22); dermoscopic images (7); mri images (3); 3d medical images (3); biomedical images (2); mr images (2); 4d image (2); mri image (2); color burn wound image (1); third harmonic generation images (1); 3d mri images (1); high dimensional images (1); simulated mr images (1)"
"88-0","Neural networks","75","bidirectional encoder representations from transformers (24); transformer encoder (12); auto-encoder (8); encoder-decoder (7); graph auto-encoder (7); generative pre-trained transformer (6); encoder–decoder (5); decoder (5); generative pre-trained transformers (2); encoder–decoder framework (2); feature pyramid (2); dual-branch encoder (2); bidirectional encoder representation from transformers (2); graph attention auto-encoder (2); sentence-bidirectional encoder representations from transformers (2)"
"89-0","Cross-domain generalization","20","subject-independent (2); cross-population learning (1); cross-dataset robustness (1); cross-task supervision (1); cross-modal fusion (1); model-agnostic (1); cross-dataset integration (1); small-sample learning (1); group-personalized model (1); one-to-one mapping (1); cross-relabeling (1); cross-cell-line generalisation (1); single-source generalization (1); group-structured data (1); group-to-individual generalizability (1)"
"89-1","Neural networks","23","syntax-enhanced model (1); shared-weight-based multiheadcrossattention (1); geometric-enhanced (1); region-growing methodology (1); initial residual and identity mapping (1); neural re-ranking (1); participant-centric trials (1); attention-gated u-net (1); location-based games (1); multi-head scaled dot-product (1); region-aware thresholds (1); level-1 networks (1); level set evolution (1); regional-level attention (1); time-driven activity-based costing (1)"
"89-2","Generative modeling","4","score-based flow matching (1); conditional score-based diffusion (1); reference-augmented generation (1); pattern-specific formula (1)"
"89-3","Optimization methods","26","divide-and-conquer strategy (2); dual-space perturbation (1); single-level basis selection (1); accelerated flower pollination (afp) algorithm (1); quasi-simulated approach (1); scaling tool (1); divergent association rules (1); 2-step floating catchment area (2sfca) method (1); two-to-four-terminal data mapping (1); psnr and opposition based flower pollination optimization (1); reactive and proactive full capacity protocol (1); two-condition sequencing comparison (1); two-stage prediction tool (1); frequency-adaptive separation (1); triangulation principle (1)"
"89-4","data representations","8","reflective random indexing (1); deterministic anonymisation (1); k-anonymization (1); header-data separation (1); masked authenticated messaging, mam (1); pseudo label reweighting (1); archetype governance process (1); ordered binary decision diagram (obdd) and attribute revocation (1)"
"89-5","Diverse methods","14","best-worst scaling (2); concept drift in gene expression classifiers (1); fine-grained entity typing (1); virtual population generation (1); bayesian confirmation (1); pathology-based graph (1); patient similarity matching (1); coding potential (1); alphafold-based sampling (1); trajectory mapping (1); activeness prediction (1); logarithmic market scoring rules (1); complete and incomplete blink classification (1); box-counting (1)"
"89-6","Query methods","8","question-answering approach (1); bi-directional intention network (1); zero-shot and prompted benchmarking (1); extractive question/answering (q/a) system (1); collocation method (1); retrieval-augmented model (1); qualitative/nlp comparison (1); reference-augmented generation (1)"
"89-7","Prototype learning","26","fine-grained classification (8); indexing (5); classification tree (3); one class classification (2); single-sample network (2); sequential classifier (1); biclustering techniques (1); region-growing methodology (1); partition classification (1); multi-class imbalance (1); class-imbalance (1); hard sample mining (1); data-driven grouping (1); quantitative complexity management (1); variable selection in clustering (1)"
"89-8","Graph representation learning","3","network-based subtypes (1); rule-based methods for kg (1); pathology-based graph (1)"
"89-9","Self-Organizing Maps","4","temporal queries (1); contextual scalograms (1); temporal rule mining (1); trajectory mapping (1)"
"90-0","Modular predictive framework","53","survival prediction (48); nomogram (37); prognostic model (24); prognostic models (12); risk prediction model (10); mortality risk prediction (6); nomograms (6); prognostic factor (5); prognostic risk model (4); prognostic factors (4); nomogram model (2); mortality prediction model (2); prognostic modeling (2); survival risk prediction (2); lung cancer survival (1)"
"91-0","Data collection","56","research (148); reproducible research (20); research management (15); operations research (12); research network (8); research trend (4); research dissemination (4); research education (4); research translation (3); research collaboration (3); research study (3); research integrity (2); research waste (2); research landscape (2); research quality (2)"
"92-0","Medical image registration","19","fundus image (26); fundus photography (8); fundus image analysis (3); retinal image processing (2); eye fundus images (2); fundus photograph (2); fundus camera (2); retinal fundus photography (2); ophthalmic imaging (2); diabetic retinopathy image assessment (1); fundus image processing (1); ultra-wide-angle fundus imaging (1); retinal image generation (1); retinal imaging modalities (1); ophthalmic photography (1)"
"92-1","Optical coherence tomography","12","optical coherence tomography (71); optical coherence tomography (oct) (9); tomography, optical coherence (9); optical coherence tomography angiography (octa) (3); intravascular optical coherence tomography (2); optical coherence tomograph (1); spectral domain optical coherence tomography (1); optical coherence tomography b-scan (1); edi-oct (1); spectral-domain optical coherence tomography (1); retinal oct image classification (1); spectral domain-optical coherence tomography (1)"
"92-2","Fluorescence techniques","6","slit-lamp photographs (2); scanning laser ophthalmology (1); aberrometry (1); slit-lamp imaging (1); corvis st tonometer (1); corneal fluorescence staining (1)"
"92-3","Fluorescence techniques","2","fluorescein angiography (6); fluorescence fundus angiography (1)"
"92-4","Medical image registration","3","dermoscopy (32); dermoscopic imaging (1); dermoscopic (1)"
"92-5","Computer vision","2","vampire retinal image software (1); improved focal loss (1)"
"93-0","Diverse methods","22","methodology (49); methods (37); method (8); method comparison (3); method acceptability (3); methods selection (2); experimental study (2); procedure (2); method reliability (2); methods assessment (2); evaluation timing (1); method protocol (1); method of levels (1); method b (1); method a (1)"
"93-1","Diverse methods","7","extraction (11); joint extraction (3); vessel extraction (2); root extraction (1); art procedures (1); skeleton extraction (1); extraction force (1)"
"93-2","Sensor-based instrumentation","5","measurements (4); objective measurements (1); measurements validity (1); measurement artefacts (1); measurement index (1)"
"93-3","Electrochemical methods","8","materials testing (2); materiality (1); material fatigue (1); magnetic application (1); induction method (1); material model (1); material extrusion (1); material management (1)"
"93-4","Integrative review","3","diagnostic study (2); mrna design (1); assay methods (1)"
"93-5","Data collection","8","remote methods (1); shap method (1); movement evaluation methods (1); result release (1); analysis tracking (1); visual methods (1); electronic methods (1); results interpretation (1)"
"94-0","Integrative review","61","drug development (214); reference standards (71); medical device regulation (13); product surveillance, postmarketing (9); drug labeling (9); drug information (7); direct-to-consumer advertising (7); regulatory framework (7); regulatory compliance (7); drugbank (5); medical device legislation (4); risk evaluation (4); new media (4); drug classification (3); reference standard (2)"
"95-0","Porous media transport","82","macromolecular substances (33); cell separation (5); surface properties (4); brownian motion (3); joule heating (3); phase separation (3); protein phase separation (2); viscous dissipation (2); bio-heat transfer (2); reaction-diffusion (2); bioheat transfer (2); thermal convection (2); inert gas supersaturation (2); nonlinear thermal radiation (1); bone remodeling process (1)"
"97-0","causal artificial intelligence (causal ai)","46","artificial intelligence (2972); generative artificial intelligence (50); medical artificial intelligence (6); artificial intelligence agent (2); machine learning integration (2); machine reasoning (2); artificial intelligence algorithms (2); artificial general intelligence (2); intelligent agent (2); artificial intelligence—ai (2); artificial intelligence technology (2); machine intelligence (2); artificial intelligence - ai (2); wearable artificial intelligence (1); artificial intelligence development (1)"
"98-0","Clinical trials","51","clinical trials (266); phase ii trials (37); clinical and translational science (15); clinicaltrials.gov (8); adaptive clinical trial (8); clinical studies (7); pragmatic clinical trials (4); randomized clinical trials (4); remote clinical trials (4); phase iii trials (4); in silico clinical trials (3); virtual clinical trials (3); clinical trial accrual (2); clinical trial announcements (2); phase iv trials (1)"
"99-0","Dynamic time warping","19","dynamic time warping (18); parameter fitting (2); exponential moving average (2); prediction of object-pixel distribution (1); time warping (1); trajectory fitting (1); gaussian dynamic time warping (1); 3d curve-fitting (1); lorentzian fitting (1); curve fitting (1); data fitting (1); parameter estimation from experimental data (1); magnitude warping (1); spline fitting (1); flexible fitting (1)"
"99-1","Optimization methods","20","otsu thresholding (2); histogram modeling (2); intensity projection (2); unrolled iterative reconstruction (1); pixel refinement (1); inverse-forward interpolation (1); adaptative gamma correction (1); hankel spectral method (1); binning method (1); iterative proportional fitting (1); reference-free deconvolution (1); 3d noise filtering (1); improved phase correlation (1); point-wise offsets (1); mass scaling method (1)"
"99-2","Generative modeling","8","centerline correction (1); stable penalty parameter tuning (1); dipole fitting (1); sequential motion rate (1); constrained spherical deconvolution (1); surface fitting (1); subject-specific motion model (1); statistical respiratory motion model (1)"
"99-3","Medical image registration","2","rigid body modelling (1); non-rigid iterative closest point (1)"
"99-4","Diverse methods","5","cosine-score based iterative normalization (1); multi-head residual refinement (1); normalized temperature-scaled softmax (1); robust locally estimated scatterplot smoothing (loess) method (1); robust smoothing (1)"
"99-5","mesh-free based radial basis function","1","mesh-free based radial basis function (1)"
"99-6","Extreme value theory","1","extreme point deviation compensated clustering undersampling (1)"
"100-0","Time-domain spectroscopy","57","power spectral density (7); spectrogram (5); frequency domain (5); vectorcardiogram (5); power spectrum (5); spectrograms (4); mel-spectrogram (3); cross power spectral density (2); frequency response (2); spectral entropy (2); spectral feature (2); mel frequency cepstral coefficients (2); fourier descriptors (2); wavelet entropy (2); time-frequency spectrum (2)"
"101-0","Neural networks","69","supervised learning (53); interpretable machine learning (44); explainable machine learning (29); machine-learning (22); medical machine learning (5); quantum machine learning (4); federated machine learning (4); active machine learning (3); causal machine learning (3); and machine learning (2); traditional machine learning (2); on-device machine learning (2); trustworthy machine learning (2); informed machine learning (2); machine/deep learning (2)"
"102-0","Diverse methods","32","experience sampling (15); physician rating websites (11); physician-rating websites (5); physician rating website (4); physician-rating website (3); discussion board (2); guides checklist (2); appointment template (2); skip-change unit (1); outside test time adaptation (1); stage-1 meaningful use capability (1); shared decision making. (1); guidance sampling (1); message frame tailoring (1); stated preference modelling (1)"
"102-1","Optimization methods","15","instruction tuning (7); technology acceptance model extension (1); technology-task fit (1); capstone experience (1); curriculum mapping (1); persona validation (1); journal flipping (1); session key (1); matrix of change objective. (1); featuring learning (1); persuade study. (1); mentor-mentee matching (1); teammapps (1); training app (1); ai-assisted instructional content generation (1)"
"102-2","Optimization methods","28","consistency training (2); vantage point trees (1); decentralization feature (1); time standards (1); force-call efficiency (1); collaborative fusion (1); answer quality predicting (1); training stopping (1); preference elicitation software (1); group-mix attention (1); self-similar supervision loss (1); direct feedback alignment (1); pre-trained eeg (1); cold-start prediction (1); user rating prediction (1)"
"102-3","Human-computer interaction","17","guides checklist (2); paradigm shift (2); usability methods (2); inclusive design guideline (1); focusu(2)net (1); gamified design (1); think aloud session (1); user intent classification (1); gamification design (1); distractions elimination (1); hit design (1); fallback options (1); observation tool (1); clinician led design (1); help-seeking technology (1)"
"102-4","Social dynamics analysis","5","nominal group technique (5); participant observation (2); expert-layperson agreement (1); case studies klotho (1); expert interview (1)"
"102-5","Biomedical signal processing","2","daily life eeg (1); pre-trained eeg (1)"
"102-6","Virtual agents","6","behaviour modelling (2); volitional help sheet (1); after-hours work (1); behavior change technique taxonomy (1); activities of daily living dynamics (1); achievement conversion (1)"
"102-7","Optimization methods","5","team-based service demands (1); work triage (1); queueing (1); schedule automation (1); workload learning (1)"
"102-8","Personalized interventions","1","cognitive training apps (1)"
"103-0","Computational biology","68","computer simulation (819); computational modeling (38); numerical simulation (18); computer modeling (14); computational modelling (10); monte carlo simulation (9); monte carlo (8); agent-based simulation (8); numerical simulations (6); dynamic simulation (6); patient-specific simulations (5); computational simulations (4); numerical modeling (4); blood flow simulation (3); computer simulations (3)"
"104-0","Clinical trials","26","analysis of variance (54); anova (2); fisher's exact test (2); omnibus test (2); friedman test (1); wilcoxon signed-ranks test (1); mann-whitney test (1); paired statistics (1); student's t distribution (1); kruskal-wallis test (1); log-rank test (1); nonparametric tests (1); kolmogorov–smirnov test (1); student's t-test (1); mann–whitney u-test (1)"
"105-0","Dialogue systems","33","dialogue system (5); narratives (3); dialogue systems (2); context driven (2); personal knowledge graphs (2); health knowledge graph (1); dialog act modeling (1); large foundation model (1); positive-unlabelled learning (1); psychology-informed algorithm (1); sentiment evolution (1); multi-turn dialogue modeling (1); spoken dialogue systems (1); dialogue script (1); medical dialog generation (1)"
"105-1","Medical informatics","14","medical concept normalization (8); gender-affirming care (2); digital disability divide (2); definitions of health it (1); ehealth mediation (1); human activities recognition (1); caregiving app (1); family informatics (1); medical futures (1); ehealth literacy definition (1); companionship demand (1); social support introduction (1); sharing nurse (1); gender digital divide. (1)"
"105-2","Online learning","10","distance education (9); learning ecosystem (2); mentoring up (2); mind maps (2); learning communities (1); learning collaborative (1); teacher–student network (1); meditation app (1); mental time travel (1); beginning teachers (1)"
"105-3","Team science","35","team science (83); human factors engineering (16); diversity equity inclusion (3); teamstepps (2); interpro relationships (1); stakeholder narrative (1); stakeholder personas (1); unified theory of acceptance and use of technology sub-saharan africa. (1); stakeholder insights (1); status quo bias theory (1); human-technology relationship (1); interviewing (1); human factors methods (1); women empowerment (1); socio-ethical and cultural requirement (1)"
"105-4","Social dynamics analysis","25","shared task (6); group processes (6); social media influencer (3); social robot (3); loyalty cohort (2); social work notes (2); participatory web (1); social question-and-answer community (1); peer-to-peer architectures (1); communal load sharing (1); social context dependency (1); social network addiction (1); social implementation (1); persona methodology (1); group authentication (1)"
"105-5","Personalized interventions","29","experience (38); behavior change wheel (9); shared task (6); feedback, psychological (5); persuasiveness (2); interpro relationships (1); combating disinformation (1); quantitative collaboration (1); challenges in persuasion technologies (1); fact implementation (1); aligned incentives (1); positive-unlabelled learning (1); status quo bias theory (1); psychology-informed algorithm (1); attitude estimation (1)"
"105-6","Team science","27","team science (83); facilitators (40); shared task (6); researcher investment (2); efficiency organizational (2); learning ecosystem (2); professional capital (2); teamstepps (2); interpro relationships (1); teaching arg concepts (1); richness of knowledge base (1); business maturity (1); firm dynamics (1); interviewing (1); temporal leadership (1)"
"106-0","Ensemble learning","71","ensemble classifier (16); random forest classifier (9); ensemble classifiers (7); fuzzy k-nearest neighbor (7); svm classifier (5); naïve bayes classifier (3); precision and recall (3); fuzzy k-nearest neighbors (3); ensemble of classifiers (3); voting classifier (3); ls-svm classifier (2); stacked ensemble classifier (2); classifier combination (2); classifier algorithms (2); bayesian classifier (2)"
"107-0","Biomedical signal processing","44","computer communication networks (102); body sensor networks (18); wireless sensor networks (14); distributed systems (9); embedded systems (9); wireless sensor network (6); wireless sensing (3); medical cyber-physical systems (3); autonomous systems (2); autonomous vehicles (2); cyber-physical systems (2); wireless eeg sensor networks (1); wearable wireless body sensor networks (1); 5g mobile networks (1); biomedical clouds (1)"
"108-0","Team science","22","interdisciplinarity (3); collaborative work (2); collaborations (2); collaborate (1); network community (1); collaboration planning (1); interlaced collaboration (1); collaborating (1); collaborative control (1); multi-student network (1); creative co-design (1); and scientific collaboration (1); academic collaboration (1); collaborative idea generation (1); academic industry collaboration (1)"
"108-1","Human-computer interaction","14","cooperative work (2); computer-supported collaborations (1); informationist (1); openehr task planning (1); hl7 fhir implementation guide (1); physician directory (1); open recruitment (1); access control and data governance (1); in-house development (1); collaboration support system (1); federal trusted exchange (1); computer supported cooperative work (1); computer-supported cooperative work (1); the librarian infobutton tailoring environment (1)"
"108-2","Team science","6","xai evaluation framework (1); multi-modal collaboration module (1); clinician supervision of ai (1); support for agent coordination (1); large-scale foundation model (1); human–ai collaboration protocols (1)"
"108-3","Team science","13","research infrastructure (10); responsible research and innovation (3); management, technology (1); technical infrastructure (1); innovation infrastructure (1); delegation and execution (1); disciplinary infrastructure (1); research–operations partnerships (1); research infrastructures (1); agile project management (1); investigator education (1); research proposal success (1); infrastructure review (1)"
"108-4","Clinical trials","10","applied biostatistical sciences network (2); medical technology innovation (1); preclinical research and development service (1); clean plant program (1); collaborative pathology (1); trial innovation center (1); crew resource management, healthcare (1); consulting laboratory (1); medical consortiums (1); hospital collaboration (1)"
"108-5","Educational methodologies","4","international training community (1); recruitment innovation center (1); diversity initiatives (1); equity, informatics (1)"
"108-6","Funding for pilots","3","pilot funding (3); community grants (1); crowdsourcing competition (1)"
"109-0","Data collection","62","program evaluation (90); pilot study (19); intervention development (18); delphi study (16); instrument development (6); questionnaire validation (5); usability study (5); interview study (4); questionnaire development (4); implementation outcomes (4); system implementation (3); instrument validation (3); feasibility assessment (3); real-world application (3); implementation study (2)"
"110-0","Integrative review","13","functional capacity (3); frailty status (2); fried frailty phenotype (2); nursing dependency index (1); generalized aggregation index (1); multidimensional prognostic index (1); shared frailty (1); frailty phenotypes (1); frailty index (1); frailty phenotype (1); personalized frailty scores (1); recovery and exacerbation index (1); frail syndrome (1)"
"110-1","Data collection","13","cognitive load (16); genetic risk score (12); risk factor identification (3); socioeconomic disadvantage, risk estimation (1); risk indexes (1); genetic risk scores (1); risk factors,risk prediction (1); incidence rates (1); case-fatality rate (1); ace polymorphism (1); risk standardized mortality rate (1); disease index (1); environmental risk score (1)"
"110-2","Medical informatics","5","health utility functions (1); healthy behavior index (1); bioenergetic health index (1); health indices (1); healthy eating index (1)"
"110-3","Illness severity index","13","severity of illness index (39); baidu index (6); performance index (2); quadas-2 (2); domain index (1); saps-2 (1); mendability index (1); hematological discrimination indices (1); sound quality index (1); satisfaction index (1); social indices (1); skin cancer risk scale (1); organizational index (1)"
"110-4","information criteria","10","interestingness measures (3); symptom onset time (1); molar-adjusted eye score (1); tanner-whitehouse (1); adjusted rand index (1); davies-bouldin index (1); data characteristics of physical indicators (1); reliable change index (1); mindfulness dose-response (1); ari index (1)"
"110-5","Optimization methods","2","composite prioritization score (1); preference cutting score (1)"
"111-0","Illness severity index","33","mdd (5); depression screening (3); depression prediction (3); autism screening (2); medical abuse detection (2); cognitive communication (2); mental state classification (2); substance abuse detection (2); stress monitoring (2); comorbidity identification (1); depression analysis (1); clinical sense inventory (1); mental health symptom detection (1); mental health training (1); suicide-risk identification (1)"
"111-1","Sensor-based instrumentation","2","cognitive behavioral therapy, insomnia (1); assessing sleep (1)"
"111-2","Data collection","5","social phenotype (1); psychosocial educational (1); violence intervention (1); social needs screening (1); domestic violence screening (1)"
"111-3","Medical informatics","5","physical activity classification (1); neonatal pain speech database (1); neonatal pain classification (1); malnutrition assessment (1); pain typology (1)"
"111-4","Medical informatics","8","tcm pulse diagnosis (1); fact-b (1); disorder identifciation (1); constraint satisfaction problems (1); diagnostic related group (1); ctsas (1); svm life status assessment method (1); naq-r assessment (1)"
"111-5","Illness severity index","11","symptom tracking (7); resilience training (3); posttreatment predictors (1); satisfaction index model (1); therapy outcome assessment (1); psychotherapeutic aftercare (1); motivational indicators (1); symptom severity classification (1); symptom severity identification (1); symptom prediction (1); rehabilitation session assessment (1)"
"112-0","Sensor-based instrumentation","75","wearable sensors (155); radio frequency identification device (71); inertial sensors (23); inertial measurement unit (15); inertial sensor (9); inertial measurement units (9); inertial sensing (4); eye-tracking technology (3); wearable system (3); wearable health monitoring (3); head-mounted wearable device (2); wearable monitoring system (2); wearable internet-of-things (2); wearable motion sensors (2); depth sensors (2)"
"113-0","Wavelet transforms","57","wavelet transform (32); continuous wavelet transform (17); wavelets (15); hilbert transform (9); curvelet transform (6); wavelet transformation (5); stationary wavelet transform (5); wavelet decomposition (5); sine cosine algorithm (4); wavelet transforms (4); wavelet scattering transform (4); empirical wavelet transform (4); hilbert huang transform (4); dual tree complex wavelet transform (3); wavelet packet decomposition (3)"
"114-0","Computer vision","44","motion analysis (14); recurrence quantification analysis (10); equipment failure analysis (10); acoustic analysis (9); biomechanical analysis (4); statistical shape analysis (4); scientometric analysis (3); human motion analysis (3); human motion data analysis (2); volumetric analysis (2); 3d analysis (2); static analysis (2); surgical video analysis (2); mobile gait analysis (2); femoral coordinate system (1)"
"115-0","Knowledge distillation","23","knowledge distillation (69); self-distillation (5); distillation (3); model distillation (2); multi scale feature distillation (1); multi-stage knowledge distillation (1); feature distillation (1); multi-task distillation (1); clustered knowledge distillation (1); multi-modal distillation (1); black-box distillation (1); ensemble distillation (1); cross-modal distillation (1); multimodal distillation (1); features distillation (1)"
"115-1","Liquid-liquid phase separation","6","liquid–liquid phase separation (6); chromatography, high pressure liquid (5); liquid-liquid phase separation (5); chromatography (4); water purification (1); degree of separation (1)"
"115-2","Optimization methods","4","laser powder bed fusion (3); autoverification (2); decarbonization (1); hybrid process (1)"
"116-0","Medical image registration","57","tomography, x-ray computed (93); ct (32); ct scan (16); chest ct (10); ct scans (8); computer tomography (6); ct perfusion (5); lung ct (4); x-ray computed tomography (3); 4d ct (3); abdominal ct (3); brain ct (2); computerized tomography (2); tomography, spiral computed (2); spiral computed tomography (2)"
"117-0","Graph representation learning","44","non-negative matrix factorization (31); matrix factorization (21); nonnegative matrix factorization (13); tensor decomposition (11); tensor factorization (11); singular value decomposition (10); collaborative matrix factorization (3); eigenvectors (2); probabilistic matrix factorization (2); graph factorization (2); sparse non-negative matrix factorization (1); embedding principal components (1); approximate joint diagonalization (1); cur matrix factorization (1); semi-nonnegative matrix factorization (1)"
"117-1","Empirical mode decomposition","12","empirical mode decomposition (17); ensemble empirical mode decomposition (6); multivariate empirical mode decomposition (3); hilbert vibration decomposition (3); multivariate variational mode decomposition (2); complete ensemble empirical mode decomposition (2); noise-assisted empirical mode decomposition (1); variation mode decomposition (1); robust variational mode decomposition (1); time varying filter-empirical mode decomposition (1); bivariate empirical mode decomposition (1); bi-dimensional empirical mode decomposition (1)"
"117-2","Self-Organizing Maps","26","dimensionality reduction (77); dimension reduction (26); singular value decomposition (10); linearization (2); near-orthogonal components (1); nonperiodic feature space (1); dimensionality expansion (1); higher order singular value decomposition (1); scalar modulation factor (1); cylindrical parametrization (1); euler–lagrange euler-rotation (1); hermite basis functions (1); dimensionality data reduction (1); sparse principal components (1); higher-order singular value decomposition (1)"
"117-3","Statistical dependence measures","3","hilbert schmidt independence criterion (1); partial information decomposition (1); hilbert‒schmidt independence criteria (1)"
"118-0","Clinical trials","39","case study (38); study design (18); real-world study (7); retrospective cohort study (6); exploratory study (4); quasi-experimental study (4); quantitative study (4); descriptive study (4); web-based study (3); design-based research (2); comparative case study (2); cross-linguistic study (2); pre-post study (2); questionnaire study (2); study selection (2)"
"119-0","Sensor-based instrumentation","78","wearable sensor (34); sensor fusion (24); wearable sensing (14); fnirs (12); motion sensor (6); smart device (5); remote sensing (5); smart sensing (5); smartphone data (5); indoor localization (4); sensor informatics (4); digital sensor (4); wearable tracker (4); sensor network (4); pressure sensor (4)"
"120-0","Medical faculty careers","8","faculty, medical (3); junior faculty (2); underrepresented faculty (1); academic promotion and tenure (1); academic placement (1); clinical faculty (1); underrepresented minority faculty (1); career progression (1)"
"120-1","Medical education","18","education, medical, undergraduate (8); education, medical, graduate (7); education, graduate (6); education, nursing, graduate (3); medical graduate (3); md-phd (2); doctoral education (1); nursing education post graduate (1); postgraduate program (1); nursing education graduate (1); dental education graduate (1); postsecondary (1); master’s degree (1); 1 year msc programme (1); medical ai training (1)"
"120-2","Educational methodologies","14","undergraduates (6); university student (4); postsecondary students (3); graduate students (2); pharmacy students (2); undergraduate students (2); graduate student (1); psychology students (1); undergraduate research experiences (1); undergraduate medical students (1); dentistry students (1); undergraduate nurse (1); undergraduate reu program (1); university course (1)"
"120-3","Educational methodologies","2","international students (2); malaysia, diploma students (1)"
"120-4","Medical education","2","internship and residency (37); internship (2)"
"120-5","Educational methodologies","4","mentor (4); library workers (1); community college (1); higher education students (1)"
"121-0","Multiple testing corrections","5","false discovery rate control (2); multiple testing correction (2); multiple-testing correction (1); bonferroni correction (1); benjamini-hochberg correction (1)"
"121-1","Multiple testing corrections","7","batch-effect correction (3); confounder correction (1); bias correction (1); heterogeneity correction (1); drift correction (1); covariate correction (1); batch-effects correction (1)"
"121-2","Outlier removal","2","outlier removal (2); outlier analysis (1)"
"121-3","Multiple testing corrections","5","attenuation correction (2); scatter correction (2); data correction (1); peak error correction (1); spectrum correction (1)"
"121-4","imputation quality metric","1","imputation quality metric (1)"
"121-5","Statistical dependence measures","1","spurious correlation (1)"
"122-0","Working memory","8","working memory (7); attention-enhanced bi-directional long short-term memory (1); time-aware long short-term memory (1); bidirection long-short term memory (1); dual model accessed optimized long short-term memory (1); temporal relative encoding (1); stacked long short-term memory (1); lexical feature based bidirectional long short-term memory (1)"
"122-1","data representations","13","semantic integration (5); semantic similarity and relatedness (3); semantic enhancement (2); semantic representation (2); semantic retrieval (2); semantic encoding (1); linguistic representation (1); semantic contrastive learning (1); semantic signal processing (1); emotional semantic information (1); meta-path semantic encoding (1); semantic information retrieval (1); enhanced representation through knowledge integration (1)"
"122-2","data representations","3","implicit neural representation (7); neural implicit representation (2); implicit image representation (1)"
"122-3","Graph representation learning","3","attentions at neighbor-type level and at network level (1); attention-enhanced topological representation (1); attentions at representation level and at attribute level (1)"
"122-4","bci painting system","3","multisensory integration (2); motor imagery of articulation (1); sequential motor imagery (1)"
"122-5","Complex event processing","5","complex event processing (2); stimulus-following neural response (1); causality in target modulation (1); cross-level information processing (1); event-driven processing (1)"
"122-6","data representations","4","distributed representations (1); shared and specific representations (1); contextual feature integration (1); context-aware knowledge retrieval (1)"
"122-7","explaining classifier’s predictions","1","explaining classifier’s predictions (1)"
"122-8","offline reinforcement learning","1","offline reinforcement learning (4)"
"123-0","Medical informatics","53","data management (146); information management (92); data linkage (42); medical data management (10); clinical data management (9); biobanking (9); clinical data repository (6); research data management (6); medical data analysis (4); clinical data integration (4); clinical text data (3); data storage (3); data management plan (3); resource coordination (2); dna data storage (2)"
"124-0","Neural networks","15","pre-trained language model (22); pre-trained language models (10); pre-trained model (10); pre-trained models (7); pretrained model (3); pretrained models (2); pre-trained network (1); pre-trained protein model (1); pretrained cancer reference models (1); multimodal pre-trained model (1); pre-trained protein language model (1); pretrained large model (1); ehr pre-trained model (1); large-scale pre-trained model (1); pre-trained protein-bert model (1)"
"124-1","Modular predictive framework","10","blood culture prediction index (bcpi) model (1); histology-to-gene expression prediction (1); gene-model-free predictors (1); gene expression prediction model (1); pan-specific prediction model (1); gene-model-based predictors (1); calibration of pathogenicity scores (1); grey prediction models (1); out-of-sample prediction (1); alertness-prediction model (1)"
"124-2","Modular predictive framework","16","prediction model (203); weakly supervised model (3); ml-based models (1); score-based model (1); lower-ranked predictors (1); cross-prediction (1); linear regression-based prediction (1); white-box predictive modeling (1); data-based algorithms or models (1); ensemble prediction machine (1); seq-to-cluster model (1); cross-validation hyper-parameter tuning (1); cross-population train/test models (1); semi-supervised model (1); ensemble prediction (1)"
"124-3","Neural networks","3","fine-tuned resnet50 model (1); pre-trained diffusion model (1); narnn model (1)"
"124-4","Cross-domain generalization","1","cross-lingual pre-trained language model (1)"
"125-0","Biomedical signal processing","35","depression recognition (8); epilepsy detection (5); acute ischemic stroke segmentation (2); alzheimer's disease detection (2); abnormal behaviour detection (1); signle-eeg (1); semantic severity (1); speech impairment detection (1); seizure onset detection (1); abnormality localization (1); dysfunction module (1); mild cognitive impairment classification (1); sleepiness level estimation (1); suicide attempt prediction (1); abnormalities detection (1)"
"125-1","Computer vision","17","bleeding detection (3); chest abnormal imaging signs extraction (1); risk factors detection (1); hypotenstion prediction (1); cardiac events segmentation (1); stenosis classification (1); cardiac event delineation (1); follow-up mra (1); endpoints focusing (1); cardiac disease and diabetes modeling (1); emboli transport (1); abnormal blood pressure data analyzing (1); severe and non-severe prediction (1); misclassifications detection (1); ischemic classifiers (1)"
"125-2","Cough classification","4","cough classification (2); lung involvement detection (1); airway narrowing detection (1); cough/respiratory sound classification (1)"
"125-3","Optical coherence tomography","3","glaucoma stage (1); visual field progression prediction (1); intraocular pressure detection (1)"
"125-4","Computer vision","4","pediatric wisdom teeth segmentation (1); pheochromocytoma segmentation (1); dermatology imaging (1); oral cancer segmentation (1)"
"125-5","Biomedical signal processing","2","ovulation day detection (1); uterine contractions detection (1)"
"125-6","Medical informatics","60","persistent homology (10); features fusion (5); hyperdimensional computing (3); echo state network (2); voice pathology detection (2); disease cognition (2); disease tracking (2); treatment entity normalization (1); trauma tracking (1); pathological voice conversion (1); features screening (1); modality missing (1); drug-side effect frequencies (1); symptoms impact (1); medical abbreviations (1)"
"125-7","brute-force attack","1","brute-force attack (1)"
"126-0","Infrared spectroscopy","14","molecular biology (48); biophysical methods (42); molecular biophysics (36); biophysics (22); structural biology (20); analytical biochemistry (16); biophysical chemistry (13); nuclear magnetic resonance, biomolecular (12); membrane biophysics (7); plant molecular biology (3); phage biology (2); rna biology (1); brain biophysics (1); protein biophysics (1)"
"126-1","Computational biology","1","genomic research (2)"
"126-2","Raman spectroscopy","8","chemical biology (11); biocatalysis (7); catalysis (3); chemical engineering (2); synthetic chemistry (1); analytical chemistry (1); chemical libraries (1); chemistry, organic (1)"
"126-3","Computational biology","7","computational biology and bioinformatics (232); computer science (112); computational science (64); information science (56); genomics and bioinformatics (1); computational biology/methods (1); computational chemistry (1)"
"126-4","Biomedical signal processing","7","biomedical engineering (121); synthetic biology (104); molecular engineering (48); protein engineering (40); biomedical engineering/biotechnology (11); electrical and electronic engineering (10); computational protein engineering (1)"
"126-5","Solid-state NMR","3","nuclear magnetic resonance, biomolecular (12); quantum chemistry (4); quantum biology (1)"
"126-6","Fluorescence techniques","5","cell culture (22); biology (12); biological microscopy (11); biological sciences (5); basic science research (1)"
"127-0","Evaluation frameworks","41","evaluation framework (16); theoretical domains framework (10); framework analysis (6); ethical framework (4); architectural framework (3); clinical adoption framework (3); competency framework (3); accountability framework (2); integrated framework (2); ai evaluation framework (2); integrative framework (2); benchmarking framework (2); competency frameworks (2); informatics framework (1); implementation science framework (1)"
"128-0","Dimensionality reduction","46","principal component analysis (152); independent component analysis (20); canonical correlation analysis (13); principal components analysis (8); multifactor dimensionality reduction (7); sparse canonical correlation analysis (5); multidimensional analysis (3); principle component analysis (3); high-dimensional mediation analysis (3); locality sensitive discriminant analysis (3); kernel principal component analysis (3); partial correlation (3); multiple correspondence analysis (2); factorization (2); incremental principal component analysis (2)"
"129-0","Optimization methods","37","adaptive filter (7); adaptive thresholding (5); adaptive sampling (3); adaptive filtering (3); adaptive weighting (2); adaptive enhancement (2); adaptive fusion (2); adaptive feature (2); meta adaptive weighting network (1); adaptive elastic net (1); adaptive loss balancing strategy (1); adaptive structure aware pooling (1); adaptive token selection (1); competitive adaptive reweighted sampling (1); adaptive linear activity classification (1)"
"129-1","Dynamic time warping","6","dynamic prediction (9); multi-target domain adaptation (2); dynamic classifier (1); automatic subject adaptation (1); incremental clustering (1); dynamic ensemble selection (1)"
"129-2","Optimization methods","13","stochastic pooling (1); differential evolution strategy (1); weighted attributes (1); slot allocation (1); optimal allocation (1); weighted distance (1); adversarial optimisation (1); nonlinear prediction (1); matching heuristic (1); proximal policy optimization (1); weighted attribute (1); approximate temporal functional dependency (1); weighted threshold (1)"
"129-3","differential privacy","1","differential privacy (29)"
"129-4","Time-series analysis","4","cross-approximate entropy (1); integrated imputation (1); local estimation (1); generalized partial directed coherence (1)"
"130-0","Evaluation frameworks","10","task performance and analysis (45); bias detection and mitigation (1); calibration and discrimination (1); model test and verification (1); real-time model validation and updating (1); causal reasoning and diagnostics (1); performance evaluation and validation (1); analytical model and evaluation (1); evaluation and verification (1); evaluation and performance (1)"
"130-1","Data validation","8","data validation and verification (2); checkpointing and batch-processing for reproducibility (1); extraction, transformation, and loading (1); data validation and conversion (1); reproducibility in data processing (1); process mining and comparison (1); preprocessing and annotation (1); preprocessing and cleaning (1)"
"130-2","Neural networks","17","pattern recognition and classification (3); classification and prediction (3); feature representation and mining (2); feature selection and classification (1); classification and clustering (1); detection and tracking (1); prediction and classification (1); clustering and classification (1); signal analysis and recognition (1); classification and visualization (1); pattern recognition/detection (1); classification & clustering (1); covariate selection and ranking (1); feature analysis and prediction (1); detection and prediction (1)"
"130-3","Computer vision","8","segmentation and localization (1); image decomposition and classification (1); superpixel feature extraction and selection (1); difference quantification and localization (1); stroke lesion segmentation and classification (1); skin lesion segmentation and classification (1); image processing and classification (1); morphology delineation and analysis (1)"
"130-4","Data collection","5","integration and search (1); retrieval and visualization (1); sentence extraction and ranking (1); content extraction and recognition (1); information storage and retrieval/methods (1)"
"130-5","Generative modeling","11","simulation and modeling (3); modelling and simulation (3); modeling and simulation (2); scoring and scaling (1); rna-seq error sources and modeling (1); quantification and estimation (1); modeling and recognition (1); modeling and prediction (1); prediction and modeling (1); exploration and prediction (1); molecular docking and scoring (1)"
"130-6","Requirements engineering","7","requirements analysis and design (4); system control and identification (1); programs and algorithms (1); design and development (1); systems analysis and design (1); optimization and allocation (1); scheduling and optimization (1)"
"131-0","Computational biology","27","saxs (3); pdb (2); macro domain (2); folding type (2); ensemble mutation (1); 3d multi-conformational surface point cloud (1); near-native model identification (1); protein de novo design (1); prediction stability (1); rmsd prediction (1); asymmetric alignment (1); cα-only structure graphs (1); protein folding framework (1); protein visualization (1); multimeric interaction geometries (1)"
"131-1","Molecular docking methods","19","pharmacophore (14); reverse docking (2); induced-fit docking (2); binding pose (2); induced fit docking (2); molecular docking enrichment (1); molecular docking automation (1); mechanistic annotation (1); molecular pathway structure (1); molecular docking and mds (1); docking benchmark (1); molecular validity (1); structural interaction fingerprint (1); docking model scoring (1); molecular docking, hla (1)"
"131-2","Computational biology","10","protac-mediated dimers (1); multi-functional therapeutic peptides prediction (1); drug-like peptide generation (1); alphafold2-multimer recycling (1); paratope prediction (1); in silico protac design (1); epitope classification (1); multidomain selective feature fusion (1); affinity maturation simulation (1); antibody-antigen binding affinity prediction (1)"
"131-3","Cross-domain generalization","9","unlabeled data (2); complex association (1); sequence and angle-based structure encoding (1); entropy rate bound minimization (1); motif regex framework for glycans (1); energy metric prediction (1); descriptors selection (1); substructure learning (1); benchmarking tcr cdr3 encoding (1)"
"131-4","Molecular docking methods","9","scaffold hopping (2); protein docking framework (1); inverse allosteric ribozyme generation (1); blockchain architectures (1); d structure database (1); state refinement module (1); affinity for technology interaction scale (1); simulation of entry (1); liftover coordinate conversion (1)"
"132-0","Evaluation frameworks","33","digital peer support app (2); web-based tailoring (2); app rating (2); app prescription (2); nhs apps library (2); virtual health assistant (1); app integration (1); multiple computer tailoring (1); digital health apps usability (1); health apps assessment (1); smart contacts (1); self-guided cbt-based apps (1); self-help application (1); calorie counting apps (1); translation apps (1)"
"132-1","Integrative review","18","tele-icu (5); telephone nursing (1); tidier-telehealth checklist (1); telehealth adaption (1); telemedicine security (1); tele-yoga (1); telemedicine trials (1); e-consultation volume (1); telenursing care (1); tele-neurology (1); telehealth adoption (1); telework (1); tele-speech (1); telehealth prescribing (1); tele-obstetrics (1)"
"132-2","Medical informatics","22","ehealth literacy (97); ehr use (3); ehealth design (2); medical it-security (1); it system (1); hit/e-health (1); ehealth competencies (1); ehr replacement (1); internet-of-things healthcare (1); health information technology (hit) functionalities (1); ehealth usage (1); e-readiness (1); ehr-to-edc (1); connected health and computer vision (1); it-adoption (1)"
"132-3","Integrative review","13","mhealth literacy (3); mhealth solution (2); hmo-mhealth adoption (1); mhealth module (1); nurseconnect (1); mobile-gis (1); mhealth adaptation (1); m-health application (1); mobile integrated health-community paramedicine (1); mobile health portal innovativeness (1); road to health app (1); mhealth, concussion (1); mobile training (1)"
"132-4","Medical informatics","4","internet hospitals (5); internet-based fitness (1); online information needs (1); internet skill (1)"
"132-5","Medical informatics","4","social networking service photo (1); the joypop app (1); peer-to-peer healthcare (1); healthcare chat group (1)"
"132-6","Medical informatics","11","mental ehealth literacy (1); computer-mediated care (1); digital health interventions scoring (1); technological surrogate nursing (1); computer anxiety (1); task technology fit (1); technology-aided reviews (1); digital mental health phenotyping (1); technology assisted care (1); mindspace framework (1); daily health informatics (1)"
"132-7","e-cigarette regulation","1","e-cigarette regulation (1)"
"133-0","Distributed algorithms","84","bayesian networks (36); heterogeneous network (25); complex networks (11); dynamic bayesian networks (11); heterogeneous networks (7); dynamic bayesian network (6); hierarchical network (5); graph networks (4); hypergraph neural networks (4); generative networks (3); local area networks (3); semantic networks (3); interpretable neural networks (3); heterogeneous graph neural networks (3); semantic network (3)"
"134-0","data representations","70","data reuse (23); digital object identifier (6); wiki (5); wikis (5); xml (4); fastq (4); linked open data (3); metadata update (3); publication-ready figures (2); metadata repository (2); log files (2); machine-readable data (1); large data files (1); web crawl data (1); machine readable dataset (1)"
"135-0","Medical informatics","68","information services (41); short message service (32); wikipedia (26); internet access (21); web services (13); world wide web (12); advertisement (12); mobile healthcare (11); information exchange (9); web survey (7); telepathology (6); internet information (5); eprescribing (5); user profiles (3); podcasts (2)"
"136-0","Graph representation learning","75","word embeddings (33); contextual embeddings (5); graph embeddings (5); protein language model embeddings (5); contextualized embeddings (3); sequence embeddings (2); point clouds (2); sentence embeddings (2); semantic tags (2); general equivalence mappings (1); function embeddings (1); time-frequency dictionaries (1); transformative embeddings (1); language embeddings (1); ensemble of profile hmms (1)"
"137-0","Medical informatics","72","information storage and retrieval (474); interoperability (263); health information interoperability (107); computational platforms and environments (64); data interoperability (19); hardware and infrastructure (10); collaborative work practices and information technology (7); teleoperation (4); health data interoperability (4); interoperability standards (4); ehr data reuse (2); findability, accessibility, interoperability, and reusability (2); health information interoperability/standards (2); cross-platform compatibility (2); health information system interoperability (1)"
"138-0","Sequence alignment","6","biological sequence analysis (3); molecular data (2); sequence statistics (1); molecular biology data (1); allele collection (1); molecular genetics information (1)"
"138-1","Purification techniques","7","protein purification (7); separation and purification (7); antibody isolation and purification (2); phosphosite characterization (1); ligand preparation (1); lc/ms data (1); mass spectrometry data (1)"
"138-2","Purification techniques","3","specimen handling (4); structurally complex data (1); cryo-et data analysis (1)"
"138-3","Medical software devices","8","biomedical instrumentation (3); data structures (2); software/instrumentation (1); key information section (1); text extraction from supplementary materials (1); work resources (1); supporting factors (1); asymmetric data integration (1)"
"138-4","Data annotation","1","product labeling/methods (1)"
"140-0","Ensemble learning","69","machine learning (6085); support vector machine (435); supervised machine learning (129); machine learning algorithms (84); support vector machines (63); unsupervised machine learning (53); extreme learning machine (18); kernel extreme learning machine (12); automated machine learning (11); machine learning algorithm (11); machine learning techniques (8); multimodal machine learning (4); machine learning classifier (4); machine learning operations (4); machine learning classifiers (4)"
"141-0","Medical informatics","9","biomedical data (18); biomedical datasets (2); synthetic medical data (2); exposome data (1); biomedical data set (1); multiple datasets (1); biological dataset (1); empirical datasets (1); environmental datasets (1)"
"141-1","data representations","18","multi-source data (11); biomedical multi-view data analysis (1); multi-resource genomic data (1); multimodal information data (1); multi-omics and imaging data (1); multiomics data (1); meta-omics (1); multi-dimensional data (1); cell line multi-omics data (1); heterogeneous biological data (1); heterogeneous data sets (1); heterogeneous datasets (1); multi-source association data (1); multi-source dataset (1); spatial single-cell data (1)"
"141-2","Medical informatics","4","microarray data classification (1); time-series microbiome data (1); clustering of omics data (1); gene expression data clustering (1)"
"141-3","Sensor-based instrumentation","10","high-throughput data (3); high dimensional datasets (2); large-scale dataset (2); small-scale cell line data (1); massive datasets (1); large-scale datasets (1); large-scale single-cell data (1); high dimensional dataset (1); large-scale data (1); large natural data (1)"
"142-0","Graph representation learning","22","graph contrastive learning (33); graph learning (13); graph structure learning (4); geometric graph learning (2); node-level contrastive learning (1); graphical structure learning (1); connection-sensitive graph learning (1); multimodal graph learning (1); adaptive graph learning (1); dynamic graph learning (1); coarsened graph learning (1); multi-view graph learning (1); multi-graph learning (1); multi-view graph contrastive learning (1); self-supervised graph representation learning (1)"
"142-1","Graph representation learning","22","manifold learning (10); dictionary learning (10); feature representation learning (6); subspace learning (4); sparse subspace learning (2); latent representation learning (2); sparse learning (2); deep hashing learning (2); embedding learning (1); low-dimensional representation learning (1); data representation learning (1); sparse dictionary learning (1); context feature learning (1); joint representation learning (1); latent subspace learning (1)"
"142-2","Multitask learning","22","multitask learning (43); multi-view learning (18); multimodal representation learning (4); multi-view representation learning (2); multi-view contrastive learning (2); multiview feature learning (1); multi-grained feature learning (1); multi-task regression learning (1); multimodal graph learning (1); multi-level representation learning (1); multitask auxiliary learning (1); multi-view transfer learning (1); subtask-aware representation learning (1); hierarchical metric learning (1); multi-view attribute learning (1)"
"142-3","Multiple instance learning","13","multiple instance learning (40); multi-instance learning (8); multiple-instance learning (5); noisy label learning (2); imbalance data learning (1); class balanced learning (1); scribble-supervised learning (1); class-imbalance learning (1); partial-label learning. representation learning (1); multi-instance multi-label learning (1); data imbalance learning (1); resampling strategy and transfer learning (1); few-shot class-incremental learning (1)"
"142-4","Ensemble learning","6","robust network representation learning (1); adversarial transfer learning (1); adversarial representation learning (1); noise-immune extreme ensemble learning (1); adversarial consistency learning (1); robust representation learning (1)"
"142-5","Graph representation learning","14","multilabel learning (3); global dependency learning (1); sequential patch learning (1); sequence representation learning (1); dynamic embedding learning (1); recurrent inference machine (1); dynamic distance learning (1); mutual consistency learning (1); joint correlation learning (1); global topology learning (1); time-aware representation learning (1); time-series contrastive learning (1); successive subspace learning (1); temporal feature learning (1)"
"142-6","Metric learning","10","metric learning (16); pixel-level multiple instance learning (1); pair-wise learning (1); pairwise local feature learning (1); prototypical feature learning (1); metric meta-learning (1); partition-level similarity learning (1); rank-based learning (1); metric transfer learning (1); kiss metric learning (1)"
"143-0","Team science","60","bioethics (30); knowledge base (27); regulatory science (15); academic medicine (13); sustainability science (8); network science (7); science of science (5); health data science (5); complexity science (4); systems science (3); tobacco regulatory science (2); scholarly (2); science and technology studies (2); basic science (2); delivery science (2)"
"144-0","Biomedical signal processing","9","coronary artery segmentation (2); coronary-geometric refinement (1); coronary artery semantic labeling (1); coronary artery dynamics (1); coronary artery movement (1); tortuosity measure (1); coronary artery stenosis detection (1); side branch ostium detection (1); lumen detection (1)"
"144-1","Medical image registration","7","left atrial appendage occlusion (1); unbalanced atrial targets (1); left atrial segmentation (1); left atrial appendage excision (1); left atrium delineation (1); left atrial appendage inversion (1); mitral annulus segmentation (1)"
"144-2","left ventricle myocardial scar segmentation","1","left ventricle myocardial scar segmentation (1)"
"144-3","left ventricle myocardial scar segmentation","1","pulmonary artery–vein separation (1)"
"144-4","Neural networks","1","dilated residual network (1)"
"145-0","Modular predictive framework","25","early warning system (11); monitoring system (7); early warning systems (5); medication alert system (4); early warning model (3); screening system (3); medication alerts (3); computerized alerts (2); medication alerting system (2); monitoring systems (2); risk warning model (1); medication alerts systems (1); patientidentification systems (1); decision system (1); telemonitoring systems (1)"
"145-1","Reminder systems","14","reminder systems (71); alarm system (5); notifications (5); alert systems (4); alarms (2); notification system (1); warning system (1); automated alert system (1); warnings (1); alerting system (1); alert system (1); alarm systems (1); automated alerts (1); automatic alerts (1)"
"145-2","human error assessment and reduction technique (heart)","4","educational email alerts (1); emergency response system (1); safety critical systems (1); classroom response system (1)"
"145-3","Medical software devices","2","notified bodies (1); unique device identification (1)"
"145-4","Data validation","2","gst warning system (1); spelling correction system (1)"
"146-0","Chaotic maps","39","critical transition (4); lyapunov exponents (3); transition probability (3); critical state (3); energy function (3); phase singularity (2); transition temperature (2); vorticity (2); largest lyapunov exponent (2); bistability (2); resonant frequency (2); force-velocity (1); ensemble average propagator (1); scaling exponent (1); characteristic time (1)"
"146-1","Diverse methods","5","quantization parameter (1); unconstrained (1); maximally stable extremal regions (1); central hermite multiple relaxation time (1); local isothermal surface (1)"
"146-2","Social dynamics analysis","3","transfer entropy (3); generalization error upper bound (1); voting mechanism (1)"
"146-3","Mass spectrometry imaging","1","rate constant estimation from metabolic labeling with heavy water followed by liquid chromatography – mass spectrometry (lc–ms) (1)"
"147-0","Medical image registration","64","nuclei segmentation (22); ultrasound image segmentation (7); masked image modeling (6); edge enhancement (4); histopathology image segmentation (3); biomedical image (3); volume visualization (2); image decomposition (2); fundus image segmentation (2); image processing techniques (2); image thresholding (2); surgical image segmentation (2); speckle noise reduction (2); microscopy image segmentation (2); image clustering (2)"
"148-0","Mass spectrometry imaging","72","mass spectrometry (356); tandem mass spectrometry (95); spectrometry, mass, matrix-assisted laser desorption-ionization (14); phosphoproteomics (9); gas chromatography-mass spectrometry (7); subtractive proteomics (5); peptide mapping (4); lc-ms (4); mass detection (4); peak detection (4); hydrogen deuterium exchange-mass spectrometry (4); doubly labeled water (3); maldi-tof ms (3); gas chromatography (2); liquid chromatography (2)"
"149-0","Computational biology","31","neural networks for sequence analysis (1); dataset size effects on predictive performance (1); benchmarking against telseq and telomerehunter (1); combining microarray datasets (1); benchmark datasets for biomedical nlp (1); benchmarking against curated human tf datasets (1); clinvar and varibench benchmarking (1); benchmarking of network inference (1); generalization to unseen tissues (1); genomic benchmarks (1); benchmarking cnv callers (1); benchmarking vs platypus and gatk (1); benchmarking causal gene ranking (1); benchmarking challenges in computational genomics (1); motif discovery algorithms (1)"
"149-1","Computational biology","8","accuracy benchmarking in rna-seq (1); assembly benchmarking (1); fast rna structure prediction (1); assemble algorithm for tell-seq platform (1); isoform reconstruction benchmarking (1); comparison with eukaryotic transcriptome assemblers (1); annotation workflow benchmarking (1); alignment benchmarks (1)"
"149-2","Computational biology","2","metagenomic annotation tools benchmarking (1); metagenomic benchmarking (1)"
"149-3","Medical informatics","8","integrating datasets (1); combining microarray datasets (1); integrate multiple data sets (1); similarity-based embedding for novel cell lines (1); unsupervised integration of numerical omics datasets (1); integration of variant calling and phasing (1); multi-omics clustering,attention fusion,contrastive learing (1); mega-analysis across genotyping platforms (1)"
"149-4","Computational biology","6","machine learning for phylogenetics (1); yeast and human network benchmarks (1); structure prediction benchmarking (1); scalability for large phylogenomic datasets (1); phylogenetic inference benchmarking (1); graph neural networks for proteins (1)"
"149-5","Evaluation frameworks","4","comparison with sequence alignment methods (1); benchmarking against hisat-3n bsmap bismark slam-dunk (1); benchmarking against telseq and telomerehunter (1); comparison of enzyme classification systems (1)"
"149-6","Computational biology","7","scalable indexing for short-read datasets (1); partitioning and sorting of hashes (1); visualization of genomic interactions (1); metadata-aware filtering and alignment-based similarity search (1); reducing manual curation time (1); auditing bioportal ontologies (1); data compression of large sequence collections (1)"
"149-7","Data annotation","4","data augmentation for biological sequences (1); expanding training datasets (1); pretraining on reference genome sequences (1); machine-assisted pre-annotation (1)"
"149-8","differential privacy","1","cryptographic methods on genomic data (1)"
"149-9","Cross-domain generalization","1","cross-domain nlp-bioinformatics (1)"
"150-0","Computational biology","63","patient-specific modeling (16); agent-based modeling (15); multiscale modeling (11); data-driven modeling (8); multi-scale modeling (7); reduced-order modeling (6); agent-based modelling (4); genome-scale metabolic modeling (4); patient-specific modelling (3); attention-based modeling (2); image-based modeling (2); rule-based modelling (2); multiscale modelling (2); data-driven modelling (2); constraint-based modeling (2)"
"151-0","Additive manufacturing","1","aeronautical engineering (1)"
"151-1","audio-based aal applications","3","acoustics (10); chest acoustics (1); bio-acoustics (1)"
"151-2","Biomedical signal processing","7","biometry (33); medical robotics (5); biomedical telemetry (2); biomedical enhancement (1); myoelectric interfaces (1); mechatronics (1); bionic engineering (1)"
"151-3","Reverse vaccinology","6","reverse vaccinology (11); computational vaccinology (2); vaccinology (2); structural vaccinology (2); immunoinformatic (1); immunometabolism (1)"
"151-4","Diverse methods","9","multiomics (91); lipidomics (26); glycomics (21); molecular epidemiology (10); cytogenetics (7); mass cytometry (4); molecular pathological epidemiology (1); computational peptidology (1); pan-genomics (1)"
"151-5","Mass spectrometry imaging","7","radiomics (108); computational pathology (31); radiomics analysis (3); neurodynamics (2); deep radiomics (2); delta radiomics (1); neuro-imaging (1)"
"151-6","Fluorescence techniques","5","soil microbiology (3); clinical metagenomics (2); microinterventions (2); food microbiology (1); rhinocytology (1)"
"151-7","Drug delivery systems","4","nanobiotechnology (11); nanomedicine (7); nanoswimmers (1); nanocellulose (1)"
"151-8","Discriminant analysis","6","altmetrics (10); teleophthalmology (4); teleoncology (4); teleneurology (3); telerheumatology (1); teleotolaryngology (1)"
"151-9","Pharmacometrics methodology","6","pharmacometrics (3); chronotherapeutics (2); nutrition analysis (1); pharmacomicrobiomics (1); pharmacometabonomics (1); computational pharmaceutics (1)"
"151-10","Computational biology","3","brain chemistry (2); cole modeling (1); brain modelling (1)"
"151-11","Optimization methods","10","metaheuristics (9); haptics (6); chemometrics (4); rheology (2); metrology (1); magneto-hemodynamics (1); magnetic forces (1); textile technology (1); thermal physiology (1); geodesics (1)"
"151-12","sickle cell","1","sickle cell (3)"
"152-0","Lightweight networks","22","network analysis (112); integrative analysis (16); citation network analysis (2); weighted correlation network analysis (2); centrality analysis (2); complex network analysis (2); modularity analysis (2); community network analysis (1); complex brain network analysis (1); topological analysis (1); multi-layer network analysis (1); semantic network analysis (1); multi-network analysis (1); higher-order network analysis (1); interactive network analysis (1)"
"152-1","Social dynamics analysis","6","dynamical analysis (1); temporal-dependency complexity analysis (1); burst family analysis (1); delay differential analysis (1); longitudinal network analysis (1); dynamic network analysis (1)"
"152-2","Wavelet transforms","10","nonlinear analysis (6); multiscale analysis (6); complexity analysis (2); fractal analysis (2); multiscale entropy analysis (2); nonlinear signal analysis (2); entropy analysis (2); tensor spectrum singularity analysis (1); information-theoretic analysis (1); multiscale multifractal analysis (1)"
"152-3","Feature disentanglement","15","feature analysis (7); machine learning analysis (3); integration analysis (2); feature-based resolution analysis (1); feature-based sentiment analysis (1); manifold analysis (1); texture feature analysis (1); sequential feature analysis (1); forward-stepwise-selection association rule analysis (1); autoencoder survival analysis (1); unsupervised sentiment analysis (1); feature sensitivity analysis (1); model-agnostic analysis (1); integrated network analysis (1); signal-level analysis (1)"
"152-4","Statistical dependence measures","7","direct coupling analysis (2); privacy-preserving survival analysis (1); component network meta-analysis (1); sparse correlation analysis (1); bayesian network analysis (1); privacy-preserving regression analysis (1); directed coupling analysis (1)"
"152-5","Optimization methods","6","local similarity analysis (1); large-network scalability analysis (1); hybrid multi-criteria decision analysis (1); global stability analysis (1); domain/grouped correlation analysis (1); multispecies pathway analysis (1)"
"153-0","Neural networks","71","cross-attention (14); spatial attention (10); multi-head self-attention (8); cross attention (8); cross-modal attention (5); hierarchical attention (5); dual-attention (4); transformer-based attention (3); attribute-level attention (2); global attention (2); dual attention (2); multi-scale triplet attention (1); cross modal attention (1); frequency-domain self-attention (1); cross modal-attention (1)"
"154-0","Personalized interventions","55","digital health interventions (37); lifestyle intervention (23); digital mental health interventions (23); brief intervention (10); digital behavior change intervention (8); behavior modification (8); brief interventions (5); mindfulness-based intervention (5); alcohol intervention (4); educational intervention (4); internet- and mobile-based intervention (4); technology-based interventions (4); lifestyle interventions (3); mindfulness-based interventions (3); mental health intervention (3)"
"155-0","Computational biology","15","functional genomics (70); network biology (15); system biology (6); mathematical computing (6); computational systems biology (3); integrative bioinformatics (2); biological computing (2); mathematical biology (2); theoretical biology (1); integrated bioinformatics and statistical approaches (1); bioinformatics algorithms (1); integrative systems biology (1); bio-informatics (1); regulatory genomics computational methods (1); veterinary systems biology (1)"
"155-1","Pharmacometrics methodology","10","systems pharmacology (14); computational intelligence (11); computational pharmacology (4); proteomics machine learning (1); artificial intelligence computational methods (1); machine learning and data analytics (1); machine learning predictive analytics (1); genomics machine learning (1); computational machine learning (1); immunoinformatics approaches (1)"
"155-2","Brain parcellation","4","computational neuroscience (66); neuroinformatics (5); computational physiology (1); computational mechanobiology (1)"
"155-3","Information behavior","8","information behavior (9); cognitive computing (5); behavioral models (2); computational ethnography (2); natural language processing for bioinformatics (1); natural language processing for biology (1); computational behavioral science (1); psychoinformatics (1)"
"155-4","Diverse methods","10","computing methodologies (34); systems medicine (10); systems engineering (3); computational framework (1); data science applications in education (1); computational and mathematical approaches (1); biomedical software index (1); computational frameworks (1); computational flow cytometry (1); computational technologies (1)"
"156-0","Computational biology","4","zebrafish-human orthology (1); cross-viral homologous relationships (1); sequence identity threshold 98% (1); twilight zone sequence identity (1)"
"158-0","Statistical dependence measures","78","shear stress (8); wearability (5); soft tissue deformation (5); mechanical properties (4); tissue deformation (3); mechanical stimulus (3); force plate (3); elastic modulus (3); contact mechanics (2); viscoelastic material (2); water immersion (2); young’s modulus (2); pull-out strength (1); mechanical perturbation (1); shear load (1)"
"159-0","Cloud-based platforms","101","data warehouse (39); web 2.0 (22); web service (7); information infrastructure (5); semantic web technology (4); semantic web technologies (3); digital infrastructure (3); massive open online course (3); data infrastructure (3); openehr archetypes (3); integrated data repository (2); enterprise data warehouse for research (2); telehealth platform (2); european interoperability framework (2); informatics platform (2)"
"160-0","Data collection","75","real-world evidence (57); measurement-based care (8); behavior change support systems (7); decision-making support (4); learning outcomes (4); decision support technique (3); persuasive system design (3); coaching systems (2); communication tool (2); communication outcomes (2); quality principles (2); persuasive system (2); expert recommendations for implementing change (2); planned risk information seeking model (2); persuasive systems (2)"
"161-0","Sensor-based instrumentation","77","nanopores (90); 3d printing (26); microfluidics (15); biosensing techniques (7); optical tweezers (4); imaging and sensing (4); biosensing (3); electronic devices (3); bioprinting (2); flexible electronics (2); biosensor system (1); dna origami (1); molecular logic gate (1); electrochemical techniques (1); organ-on-a-chip (1)"
"162-0","data representations","17","deeplabv3+ (5); siamese network architecture (1); sim2real adaptation (1); model-drivel communication (1); large language models, deepseek r1, chatgpt o3 (1); bioinspired mavs (1); mamba architecture (1); efficientnetv2 (1); split federated learning (1); xgboost-shap (1); alexnet cnn (1); secure ai (1); inception module (1); deeplab v3+ (1); v3+ framework (1)"
"162-1","Medical informatics","14","bioinformatics courses (2); bioinformatics acceleration (1); mobilelungnetv2 (1); emrs use (1); sam-med3d (1); encrypted emr (1); vcf.gz performance comparison (1); digital learning object (1); loinc code mapping (1); phenopackets schema (1); bioinformatics competencies (1); careflow mining (1); clinical decision support systems. (1); clinical datawarehouse (1)"
"162-2","Data collection","16","enterprise service bus (3); hpc and cloud deployment (2); external domain knowledge fusion (1); cloud ehr (1); distributed comp- uting (1); cloud and hpc deployment (1); data integration ecosystem (1); csv/excel data import (1); storage gateway (1); network data exchange standard (1); computer access. (1); read identifier retrieval (1); data lake infrastructure (1); data warehourse (1); distributed databases. (1)"
"162-3","Open access policies","6","apache 2.0 license (1); license-free spectrum (1); open-source lgpl (1); gplv3 license (1); cc-by 4.0 license (1); gpl-3 license (1)"
"162-4","REST API design","19","rest api (3); page ranking (2); tools comparison (1); wechat communication index (1); sunburst visualization (1); rest architecture style (1); c++11 implementation (1); collaboration feature interaction (1); walktrap module (1); server decay (1); publish/subscribe pattern (1); server failure (1); wechat version (1); galaxy api (1); django rest framework (1)"
"162-5","Cloud-based platforms","16","platform x (2); external domain knowledge fusion (1); network calibration (1); informatics capability maturity (1); broadband china policy (1); information system success (1); information systems success (1); platform governance (1); software sustainability (1); platform owners (1); network developing (1); information technology assimilation (1); knowledge systematization (1); platform research (1); informatics profession (1)"
"162-6","Diverse methods","9","iphone sensor (1); smartmoms canada (1); smart servicescape wheel (1); multicryoprobe (1); dymola simulation environment (1); pgs catalog integration (1); dymola modeling environment (1); blockchain adoption (1); mobile operating system differences (1)"
"163-0","Open access policies","11","github repository (5); cran and github availability (2); open-source agents (1); github rosenet implementation (1); sourceforge (1); open-source r package sumo (1); open-source software (gplv (1); open-sourced (1); free open source software foss (1); open-source implementation github (1); open-source software github (1)"
"163-1","Human-computer interaction","15","user (21); interface terminology (4); user modelling (2); user data (2); user profiling (2); user interface optimization (1); user interface requirements (1); user requirements engineering (1); user dependent (1); user independent (1); user experience workflow (1); graphical user interface evaluation (1); user profiling structure (1); user classification (1); user interface evaluation (1)"
"163-2","Model visualization","6","interactive html report (2); graphical connectivity (1); graphical sparql (1); visualization application domains (1); graphical tasks (1); interactive feature aggregation (1)"
"163-3","Model visualization","29","simulation tool (3); software requirements specification (2); documentation platform (1); user-space filesystem (1); downloadable results (1); matlab mobile (1); application mobile (1); g-code generator (1); api implementation (1); workflow recognition (1); computer applications software (1); computer application roaming (1); computable representation (1); webbased model (1); code hierarchy (1)"
"163-4","Modular predictive framework","2","r implementation glmmtmb (1); r programming (1)"
"163-5","Data collection","6","web server availability (1); website traits (1); website trust (1); website traffic (1); website analysis (1); static web page generator (1)"
"163-6","Computer vision","3","graphics processing unit computing (1); portable information processing gateway (1); work computer (1)"
"164-0","Social dynamics analysis","31","seir model (5); epidemic models (4); disease progression model (2); epidemiological model (2); disease progression modeling (2); sir model (2); epidemic simulation (2); dynamic epidemic model (1); outbreak prediction model (1); epidemic ode model (1); propagation models (1); stochastic sivr model (1); disease spread modeling (1); epidemic forecasting model (1); spatiotemporal point distribution model (1)"
"164-1","Diverse methods","27","hybrid model (22); ensemble model (18); dynamic model (5); parametric model (3); global context modeling (1); deterministic model (1); hurdle model (1); random direction mobility model (1); gridded distribution rate (1); discrete model (1); queuing model (1); multi-zone uncertainty estimate (1); hurdle models (1); long-term dependency modeling (1); state-space modelling (1)"
"164-2","Generative modeling","11","topic modeling (137); arima model (3); forecasting models (2); temporal topic modelling (1); bert models (1); predication model (1); forecasting model (1); temporal topic model (1); utility-based consent rate model (1); deep generation model (1); joint ner and re model (1)"
"164-3","Medical informatics","13","diagnostic model (9); patient progression model (2); chromosome modeling (2); survival path mapping (sp) model (1); gene regulation modeling (1); breast cancer estimation model (1); gastrointestinal disease modeling (1); precision model (1); robust skin cancer diagnostic model (1); latency-dose-response-cardiovascular model (1); treatment selection model (1); mortality model (1); ehr modeling (1)"
"164-4","Generative modeling","3","multiple species flocking model (1); ecological network model (1); badger model (1)"
"164-5","Modeling approaches","3","addie model (1); robust spoof trace model (1); accident causation model (1)"
"165-0","Medical informatics","95","mortality prediction (65); outcome prediction (25); seizure prediction (18); early prediction (17); prognosis prediction (16); clinical outcome prediction (14); fall prediction (8); event prediction (7); progression prediction (6); risk classification (6); epileptic seizure prediction (6); stroke prediction (6); patient outcome prediction (5); severity prediction (4); patient-level prediction (4)"
"166-0","Evaluation frameworks","15","dass-21 (2); edinburgh postnatal depression scale (2); chinese warwick-edinburgh mental well-being scale (1); korean mood disorder questionnaire (1); beck depression inventory (1); yale-brown obsessive-compulsive scale (1); the negative acts questionnaire-revised (1); bdi scales (1); bdi-ii (1); beck anxiety inventory (bai) (1); autism behavior checklist (1); state-trait anxiety inventory (1); symptom checklist 90 (1); warwick-edinburgh mental well-being scale (1); suicidal ideation response inventory (1)"
"166-1","Evaluation frameworks","9","visual analog scale (3); braden scale (2); electronic visual analog scale (1); constant-murley scale (1); numerical rating scale (1); discomfort rating scale (1); pain sensitivity questionnaire (1); pain scale (1); visual analogue scale (1)"
"166-2","Health measurement instruments","8","health literacy questionnaire (2); adherence scale (1); csq-8 (1); global physical activity questionnaire (1); diabetes distress scale (1); knowledge questionnaires (1); mentoring scale (1); health education impact questionnaire (1)"
"166-3","Health measurement instruments","9","mobile app rating scale (22); system usability scale (10); online symptom checkers (2); user engagement scale (1); korean smartphone addiction proneness scale (1); german mhealth app usability questionnaire (1); internet addiction test (1); online symptom checker (1); technology adoption and readiness scale (1)"
"166-4","Health measurement instruments","3","big five personality traits (1); personality inventory (1); mbi-hss chinese version (1)"
"166-5","Health measurement instruments","3","social distancing measures (1); chinese version of the pemat-p (1); covid-19 screening tool (1)"
"166-6","data representations","6","shapley value (5); shapley values (3); rating scale (3); subjective scales (1); rating scales (1); generalized coherence factor (1)"
"167-0","Position-specific scoring matrices","18","position-specific scoring matrices (40); position-specific scoring matrix (5); position specific scoring matrix (2); computational prediction models (2); sequence-to-sequence modeling (1); bigram position specific scoring matrix (1); model interpretability in protein sequence analysis (1); protein function predictive models (1); data-driven protein modeling (1); alignment-free sequence analysis (1); multi-database protein sequence retrieval (1); protein language model residue probabilities (1); generalization to unseen residue combinations (1); sequence-to-structure modeling (1); nlp for protein interface prediction (1)"
"167-1","Computational biology","12","fragment interaction modeling (1); ga-based structural modeling (1); energy-based refinement (1); model selection for protein structures (1); template-based refinement (1); fragment-based modeling (1); thermodynamic-based modeling (1); template-based construction (1); template searching (1); rosetta scoring function (1); structure-guided template matching (1); cross-mapping of domain structural instances (1)"
"167-2","Molecular docking methods","9","autodock vina (4); target-specific scoring function (1); automated docking toolkit (1); docking scoring functions (1); scoring protein–protein docking poses (1); target-specific scoring functions (1); docking scoring function (1); docking programs haddock, ftdock and zdock (1); zdock protein docking benchmark (1)"
"167-3","Modeling approaches","4","contact modeling (2); structural matching of protein pairs (1); computational prediction of protein complexes (1); topology-informed ppi modeling (1)"
"167-4","Computational biology","3","ligand similarity search (1); pharmacophore-based screening (1); ligand-based vs and proteochemometric modelling (1)"
"167-5","Computational biology","4","rna structure algorithms (1); rna-based computing (1); disorder prediction algorithms (1); bioinformatics tool for llps (1)"
"167-6","Computational biology","5","evolution- versus reaction-based enzyme classification (1); high-accuracy decoys (1); ensemble model with grid search (1); computational mutagenesis across five protein structures (1); refining cluster results (1)"
"168-0","Sensor-based instrumentation","14","cuffless blood pressure (12); home blood pressure monitoring (6); blood pressure variability (5); blood pressure control (4); self-monitored blood pressure (1); blood pressure self-monitoring (1); oscillometric blood pressure (1); remote blood pressure (1); peripheral artery pressure (1); brachial pressure (1); non-invasive blood pressure (1); self-measured blood pressure (1); cuff-less blood pressure (1); finger blood pressure (1)"
"168-1","Medical informatics","1","idh: intradialytic hypotension (1)"
"168-2","Glycated hemoglobin","2","glycated hemoglobin (12); glycated haemoglobin (1)"
"168-3","Boundary conditions","1","barometric pressure (1)"
"169-0","Cognitive behavioral therapy","44","cognitive behavioral therapy (169); internet-based cognitive behavioral therapy (26); behavior therapy (25); psychoeducation (21); cognitive behavioural therapy (6); psychological treatment (5); psychological techniques (3); cognitive behavioral therapy for insomnia (3); blended cognitive behavioral therapy (3); psychological therapy (3); psychotherapeutic processes (3); mindfulness-based cognitive therapy (3); web-based treatment (2); internet-based cognitive behavior therapy (2); mind-body therapies (2)"
"170-0","Prototype learning","12","few-shot learning (47); supervised fine-tuning (6); model recalibration (2); zero-shot prompting (2); post-coordination (2); iterative prompt refinement (1); combination and learn model (1); multitask training (1); automatic structuring (1); split-learning (1); prior-embedding (1); adaptive refinement prompting (1)"
"170-1","Query methods","14","matched filtering (2); re-ranking (2); variable ranking (2); balanced accuracy (2); exact algorithm (2); content based filtering (1); hybrid collaborative filtering (1); maximal exact match (1); zero-shot re-ranking (1); pointwise ranking (1); sequential filtering (1); flexible filtering and counting (1); one-pass ranking (1); random follower search (1)"
"170-2","Neural networks","13","loop unrolling (1); targeted hidden nodes initialization (1); two-stage successive over-relaxation (1); minibatch scaled conjugate gradient (1); fixed skip connection (1); algorithm unrolling (1); two-step retracing (1); multihead self-attention (1); logical-function parameterization (1); layer overwriting (1); regularized dropout (1); effective channel attention (1); low-rank (1)"
"170-3","Data validation","16","step counting (3); de-deduplication (1); event-log re-ordering (1); labeled sequential pattern (1); consistency loss (1); weakly supervised localization (1); automatic structuring (1); similar training data selection (1); data fading (1); duplicate identification (1); classification of obtained results (1); explainable prediction (1); human-related error (1); conformance checking (1); annotation cost reduction (1)"
"170-4","Diverse methods","22","matched filtering (2); alert overriding (2); peak-valley detection (1); dehazing algorithm (1); automatic pill search (1); antibody-optimized identity thresholds (1); cds/non-cds threshold optimization (1); payoff matrix (1); polygon-fitting (1); candidate templates (1); reversible watermarking (1); asynchronous control protocol (1); dynamic candidate solution (1); 2-way texting (1); parasail comparison/reference implementations (1)"
"171-0","Virtual agents","9","semantic technologies (3); intelligent technology (3); ai technology (2); semantic technology (2); ai-driven technology (1); intelligent service (1); neuroscientific technology (1); ai-based technology (1); artificial intelligence–based technology (1)"
"171-1","Medical informatics","17","medical technology (9); mhealth technology (3); remote measurement technology (3); advanced technologies (3); remote measurement technologies (1); ehealth technology (1); connected medical technology (1); mobile health (mhealth) technology (1); 3d technology (1); advanced (clinical) technology (1); medical platforms (1); remote patient care technologies (1); substitutable medical applications reusable technologies (1); emerging medical technology (1); medical technologies (1)"
"171-2","Sensor-based instrumentation","19","remote sensing technology (52); sensor technology (10); remote technology (2); sensor technologies (2); ambient listening technology (2); vision technology (1); sensing technologies (1); rfid technology (1); facial recognition technology (1); hyperspectral imaging technology (1); ambient voice technology (1); ultra wideband technology (1); iot technology (1); iot technologies (1); sensorimotor technology (1)"
"171-3","differential privacy","6","privacy-enhancing technologies (4); privacy enhancing technologies (2); privacy-preserving technologies (2); key enabling technologies (1); enabling technology (1); enabling technologies (1)"
"171-4","Modeling approaches","50","wireless technology (73); educational technology (24); smart technology (12); blockchain distributed ledger technology (9); distributed ledger technology (9); disruptive technology (5); technological innovations (5); new technologies (5); emerging technologies (4); voice-activated technology (2); smart systems (2); technology integration (2); technology platforms (2); cloud technology (2); emerging technology (1)"
"172-0","Medical informatics","76","functional data analysis (19); topological data analysis (12); protein array analysis (9); multi-omics analysis (8); omics data analysis (7); transcriptomic analysis (5); microarray data analysis (4); proteomics data analysis (4); genomic data analysis (4); high-throughput data analysis (3); large-scale analysis (3); high-throughput analysis (3); bioinformatic analysis (3); rna-seq data analysis (3); sequencing data analysis (3)"
"173-0","Medical image registration","4","prostate mri (2); mp-mri (1); prostate multi-parametric mri (1); biparametric prostate mri (1)"
"173-1","Brain parcellation","2","fetal mri (2); brain mr (1)"
"173-2","Medical image registration","2","breast mri (4); breast dce-mri (1)"
"173-3","left ventricle myocardial scar segmentation","8","cardiac mri (11); myocardial perfusion imaging (6); cardiac cine mri (3); pc-mri (3); cardiac cine-mri (1); late gadolinium-enhanced cardiac mri (1); cine-cmr (1); lge-mri (1)"
"173-4","Medical image registration","2","lung dce-mri (1); lung mri (1)"
"173-5","contrast-enhanced liver magnetic resonance imaging","1","contrast-enhanced liver magnetic resonance imaging (1)"
"173-6","MRI site distribution","3","knee mri (2); wrist mri (1); lumbar spine mri (1)"
"173-7","Optical coherence tomography","1","retinal vessels enhancement (1)"
"173-8","Computer vision","1","polyp image enhancement (1)"
"173-9","pet/mr","1","pet/mr (1)"
"173-10","Computer vision","22","image enhancement (32); dce-mri (12); contrast enhancement (10); dwi (3); dw-mri (2); phase enhancement (1); tumor conspicuity enhancement (1); vessel enhancement (1); heterogeneous spatial enhancement (1); t2 contrast (1); dynamic contrast-enhanced us (1); quantitative and semi-quantitative dynamic contrast enhanced (dce) parameters (1); contrast enhanced mri (1); texture enhancement (1); vascular enhancement (1)"
"174-0","Quantum methods","12","quantum annealing (2); quantum circuit (1); liquid state machine (1); constrained cycle gans (1); self-distillation mechanism (1); soft disentanglement (1); binary metaheuristic (1); quantum measurement (1); quantum mechanic (1); quantum resilience (1); quantum motif identification (1)"
"174-1","X-ray diffraction","10","nanocrystallography (9); molecular featurization (3); mole tunnels (1); molecular orientation (1); quartet methods (1); stacking framework (1); fragment molecular orbital (1); fmo-dftb3 (1); atomization (1); molecular convergence (1)"
"174-2","Transition path theory","21","energy landscape (4); transverse isotropy (2); antisymmetry (1); antisymmetric mode (1); energy landscapes (1); inelasticity (1); solid stress (1); lattices (1); slip effects (1); helical distortion (1); tetragonal local octa patterns (1); symmetry principle (1); geometrical particle splitting (1); energy decomposition (1); graphene (1)"
"174-3","Porous media transport","15","confinement (3); casson nanofluid (2); galvanic coupling (2); electrostatic discharge (1); fluid–structure (1); dynamical transport (1); computational two-phase flow (1); lattice boltzmann (1); cold diffusion (1); thermal energy balance (1); blood casson fluid (1); natural transformation (1); thermal wave (1); freezing-driven ionic charge imbalance (1); magnetohydrodynamics (1)"
"174-4","Wavelet transforms","22","higher order spectra (2); excitable gap (1); optical inversion (1); circular fingerprints (1); photon transport (1); surface description (1); photo recognition (1); plane wave (1); magnetic data (1); material parameter (1); ultra narrow band (1); electromagnetism like mechanism (1); rayleigh wave (1); photovoice (1); scattering (1)"
"174-5","differential privacy","11","xacml (2); electronic identity (1); pseudo-bulk generation (1); off-chain solutions (1); quasi-static experiment (1); dna attack (1); laplace mechanism (1); debunking mechanism (1); on-chain solutions (1); cloud theory (1); pseudo-bulk (1)"
"174-6","Diverse methods","5","elementary flux modes (2); coordination ellipsis (2); core decomposition (1); quasi-conformal geometry (1); rotation quaternions (1)"
"175-0","Computer vision","17","landmark detection (20); pose estimation (19); human pose estimation (4); facial-landmark detection (1); junction point detection (1); human pose tracking (1); orientation determination (1); pose estimation accuracy (1); continuous joint kinematics estimation methods (1); 2d human pose estimation (1); 3d pose estimation (1); centroid initialization (1); hand pose estimation (1); facial feature detection (1); head pose estimation (1)"
"175-1","Computer vision","13","motion tracking (7); motion detection (3); human motion tracking (2); feature tracking (1); dynamic tracking (1); motion transformation (1); time delay estimation (1); location-tracking (1); motion sensing (1); displacement estimation (1); target tracking (1); camera pose compensation (1); motion trajectory prediction (1)"
"175-2","Medical image registration","4","registration similarity estimation (1); center line extraction method (1); depth estimation method (1); vessel centerline extraction (1)"
"175-3","Computer vision","7","edge detection (9); saliency detection (3); saliency segmentation (1); segmentation error prediction (1); adaptive intensity threshold (1); signal segmentation (1); temporal segmentation (1)"
"175-4","Computer vision","7","fiber tracking (2); forearm landmark detection (1); vertebral landmark detection (1); fetal anatomical structure few-shot detection (1); pose-aware tooth detection (1); needle tip tracking (1); tipping-point detection (1)"
"175-5","Biomedical signal processing","13","source localization (5); eeg signal classification (4); eeg channel selection (3); signal reconstruction (3); spike detection (3); signal classification (3); sound event detection (2); robust electrogram estimation (1); breathing cycle-aware segmentation (1); spatial spike detection (1); signal quality classification (1); bci training (1); respiratory signal prediction (1)"
"175-6","Computer vision","6","object detection (66); motion abnormality detection (1); local anomaly detection (1); small object detection (1); template estimation (1); sensor anomaly detection (1)"
"176-0","Modeling approaches","54","automated diagnosis (14); automatic detection (9); automated screening (6); automated classification (4); automated detection (4); automatic assessment (4); automated assessment (3); automated algorithm (3); automated mapping (2); automatic annotation (2); automated algorithms (2); fully automated (2); automatic coding (2); automated annotation (2); automated decisions (2)"
"177-0","Biomedical signal processing","29","ballistocardiography (bcg) (5); chest x-ray (cxr) (4); phonocardiography (pcg) (4); wireless capsule endoscopy (wce) (3); electrocardiograph (ecg) (2); electrocardiogram(ecg) (2); left atrial appendage (laa) (2); freehand ultrasound (us) (1); total body photography (tbp) (1); intracoronary ultrasound (icus) (1); micro-doppler signature (m-ds) (1); chest radiograph (cxr) (1); computer aided cardiac diagnosis (cacd) (1); computer-assisted diagnostic (cad) (1); digital volume pulse (dvp) (1)"
"178-0","Clinical trials","50","randomized controlled trial (450); randomized controlled trials (194); randomized (21); randomized clinical trial (17); controlled trials (11); pragmatic clinical trial (11); pragmatic trial (10); randomised controlled trial (7); randomized control trial (5); randomized trials (5); pragmatic trials (4); micro-randomized trial (3); microrandomized trial (3); pilot randomized controlled trial (2); web-based trials (2)"
"179-0","Neural networks","10","ai model (6); ai models (4); x-ai (1); ai solutions (1); ambient ai scribes (1); ai aversion (1); ai bias (1); ai store (1); fdi notation (1); ai explanation (1)"
"179-1","Neural networks","12","1d-cnn (5); r-cnn (2); 1d cnn (1); 2d cnn (1); cycle-gan (1); scaled yolov4 (1); alphapose (1); refine-cnn (1); idcnn-crf (1); pixelcnn (1); c2dcnn (1)"
"179-2","Optimization methods","32","alpha shape (3); epsilon-tube (2); kl divergence (2); max pooling (2); two-stage gauss-seidel (1); maxt permutation (1); τ² (1); l-curve (1); ga(2)m (1); lambda fuzzy (1); l0 segmentation (1); half quadratic (1); x domain (1); x-space (1); betweenness (1)"
"179-3","Wavelet transforms","13","1/f process (1); delta band (1); textural feature exraction (1); legendre wavelet (1); pds segmentation (1); delta brush (1); delta leaping (1); fuzzy c mean (1); legendre moment (1); s-transform (1); 1d_lbp-stft (1); r peak (1)"
"179-4","Medical informatics","16","delta variant (3); e-patients (2); e-cohort (1); y rna (1); d&m model (1); d conformations (1); te distribution (1); e-pathways (1); d-net (1); q-marker (1); e-cube (1); brain i-nodes (1); g force (1); n reads (1); k-operator (1)"
"179-5","Optimization methods","69","k-means (19); label fusion (6); six sigma (3); first responder (3); nextflow (3); xgb (2); q-uel language (2); c implementation (2); c++ api (1); k-svr (1); $p$ -spline (1); first principle (1); desde-and (1); m-svm (1); fs-lssvm (1)"
"180-0","Cloud-based platforms","35","online systems (50); online platform (16); online communities (15); online forum (11); online consultation (10); online support (10); online reviews (10); online tool (9); online program (4); online communication (3); online search (3); online data (3); online databases (3); online system (3); online source (2)"
"181-0","Sensor-based instrumentation","11","handheld (4); ultra-low power (2); unobtrusive monitoring (2); patch-free (1); admissible pressure (1); resource constrained devices (1); non-invasive interface (1); low computation (1); non-imaging information (1); noncontact information (1); low-cost design (1)"
"181-1","Diverse methods","8","end-to-end (14); near-live (1); standalone (1); efficient verification (1); end-to-end system (1); testing in production (1); remote operation (1); client-side deployment (1)"
"181-2","Ensemble learning","11","cost-sensitive classification (2); high precision (1); cost-sensitive classifier (1); improved accuracy (1); high throughput (1); hand-crafted method (1); fast and accurate deconvolution (1); maximum achievable accuracy (1); interpretable prediction (1); generalizable and robust predictions (1); desirable features (1)"
"181-3","Lightweight networks","2","lightweight model (12); lightweight self-attention (1)"
"181-4","label-free","1","label-free (1)"
"181-5","Wavelet transforms","8","large-scale (4); very large-scale integration (1); scaling-up (1); ultra scale-down (1); scaling up (1); multiscale product (1); large scale (1); coarse-grained (1)"
"181-6","Reuse in methodology","4","reuse (5); reuse strategy (1); secondary reuse (1); reusable (1)"
"181-7","Cloud-based platforms","3","commercial solutions (1); cran-compliant (1); commercial system (1)"
"181-8","robust control","1","robust control (1)"
"181-9","Time-series analysis","3","under-utilized time (2); time-sensitive (1); over-utilized time (1)"
"181-10","Cloud-based platforms","2","reliable storage (1); user-operated (1)"
"181-11","data representations","8","lossless compression (4); fully automatic (2); work simplification (2); non-redundant (1); flexible antenna (1); long tail effect (1); automated home (1); quick approximation (1)"
"182-0","Clinical trials","38","clinical research (130); action research (10); clinical research professional (7); clinical research professionals (7); clinical intervention (5); intervention research (5); research trends (5); research assessment (3); research domain criteria (3); research evaluation (3); research agenda (3); clinical databases (2); clinical research enrollment (2); clinical systems (2); research evidence (2)"
"183-0","Medical image registration","47","mri reconstruction (17); multimodal mri (7); 4d flow mri (7); cine mri (5); multi-sequence mri (4); multi-contrast mri (3); magnetic resonance imaging, cine (3); multi-modal mri (3); multi-parametric mri (3); 3d mri (2); 4d-flow mri (2); multi-modality mri (2); 4d-mri (1); spin echo (1); arterial spin label (asl) mri (1)"
"184-0","Graph representation learning","43","graph attention network (46); graph attention networks (16); heterogeneous graph neural network (8); long short-term memory networks (5); heterogeneous graph attention network (4); hierarchical attention network (4); bidirectional long short-term memory networks (2); hierarchical attention networks (1); neural subnetworks (1); multi-task synergetic network (1); disentan- glement neural network (1); auto-encoding neural network (1); graph diffusion network (1); spatiotemporal neural network (1); bidirectional long short-term memory (bilstm) neural network (1)"
"185-0","Wavelet transforms","14","super-resolution (25); blind super-resolution (2); patch-based super-resolution (1); reference-based super-resolution (1); ultrasound image super-resolution (1); superresolution (1); spatiotemporal super-resolution (1); super-pixel (1); super resolution (1); arbitrary-scale super-resolution (1); unpaired super-resolution (1); arbitrary scale super-resolution (1); single image super-resolution (1); ultra high-resolution (1)"
"185-1","Computer vision","57","ca2+ imaging (23); time-lapse imaging (22); optical mapping (4); parallel imaging (3); linked color imaging (2); vector flow imaging (2); bright field imaging (2); live streaming (2); bioimaging (2); source imaging (2); microscopy, video (2); wound imaging (2); microscopy imaging (1); elemental imaging (1); ultrasonic image (1)"
"186-0","Modeling approaches","60","simulation (155); simulations (13); computational method (12); matlab (11); simulation study (10); mathematical morphology (9); numerical model (6); computational simulation (5); computation (5); dynamics simulation (4); computational hemodynamics (4); hybrid simulation (3); numerical data (3); simulation studies (3); computational design (2)"
"187-0","Computational biology","13","microbiome analysis (3); longitudinal microbiome (2); microbial taxonomy (1); microbial dysbiosis (1); virome analysis (1); microbial re-annotation (1); microbial community classification (1); multitaxonomic analyses (1); microbial community modeling (1); microbial functional traits (1); genome-centric metagenomics (1); microbiota profiling (1); microbiome–metadata correlations (1)"
"187-1","Purification techniques","4","metaproteomics (4); kinome profiling (2); thermal proteome profiling (1); glycopeptidomics (1)"
"187-2","Computational biology","2","metatranscriptomics (3); metatranscriptomic (1)"
"187-3","Computational biology","3","untargeted metabolomics (2); urine metabolomics (1); metabolite clustering (1)"
"187-4","lofreq","1","lofreq (1)"
"187-5","Biomedical signal processing","1","tissue profiling (1)"
"188-0","Sequence alignment","14","rna, messenger (134); rna, untranslated (43); rna, small interfering (28); rna, viral (16); rna processing, post-transcriptional (9); rna, ribosomal (8); rna, small nucleolar (3); rna binding protein (rbp) (2); chimeric rna (2); rna, mitochondrial (1); ncrna transcription (1); sense-antisense (1); rna, nuclear (1); alternative transcription units (1)"
"188-1","Sequence alignment","4","receptor binding domain (rbd) (2); sars-cov-2 plpro (1); nucleocapsid c terminal domain (n-ctd) (1); nsp1 (1)"
"188-2","Boundary conditions","1","tad boundary (2)"
"188-3","Computational biology","1","lac operon (2)"
"188-4","Insertional mutagenesis","2","mutagenesis, insertional (10); electrophoresis, gel, two-dimensional (3)"
"188-5","information criteria","2","tf-idf (3); tf–idf (1)"
"188-6","data representations","2","mark4 (1); hevc encoder (1)"
"189-0","Computer vision","10","dilated convolution (8); 3d cnn (7); 3d convolution (3); dilated causal convolution (1); 3d filtering (1); tridimensional images (1); 3d patch (1); ghost convolution (1); spherical sampling (1); 3d feature (1)"
"189-1","Computer vision","34","tooth segmentation (6); appearance (2); lesion annotation (2); tooth instance segmentation (2); orbit segmentation (1); needle aperture feature (1); peri-tumoral width selection (1); crown segmentation (1); zone segmentation (1); occlusal fingerprint (1); trabecular boundness (1); vertebrae localization (1); mesh validation (1); ureter position detection (1); retinal artefacts extraction (1)"
"189-2","Computer vision","32","bilateral filter (4); light gradient boosting (3); gan inversion (3); bloom filter (3); contrast stretching (2); trca (1); drift problem (1); overlapping spike (1); illumination normalization (1); shadow module (1); thresholding signal (1); noise elimination (1); deconvolutional (1); limited penetrable difference visibility graph (1); boundary aware (1)"
"189-3","Metric learning","43","label propagation (11); mapping adaptation (3); position embedding (3); label smoothing (2); contour regression (2); position encoding (2); space squeeze reasoning (1); visibility algorithm (1); geometric prior (1); radius estimation (1); position independent (1); bregman method (1); filter methods (1); position weights (1); motion magnification (1)"
"189-4","Computer vision","11","landmarks (4); landmark localization (3); landmarks detection (1); landmark fitting (1); epipoint geometry (1); pose variation (1); face landmarks (1); roi indicator (1); region cues (1); text region embedding (1); plane localization (1)"
"189-5","Computer vision","3","tooth segmentation (6); tooth instance segmentation (2); occlusal fingerprint (1)"
"189-6","Time-series analysis","7","scalogram (7); block imaging (1); vocal dosimetry (1); tridimensional images (1); imaged- eeg (1); temporal compression (1); axonal odf (1)"
"190-0","Cough classification","20","lesion classification (7); diagnostic classification (3); tooth classification (2); polyp classification (2); radiological information procedure (1); abnormality classification (1); segment classification (1); low bmd classification (1); breast mass classification (1); teeth classification (1); fracture grading (1); a/v classification (1); fracture classification (1); degeneration classification (1); nuclear cataract classification (1)"
"190-1","MIMIC-III NLP","16","mimic-iii (20); clinical nlp (14); clinical texts (2); entity identification (2); clinical classification software (2); mimic-ii (2); mimic iii (1); mimic iii database (1); mimic- iii (1); clinical note text (1); cda entry level (1); discern criteria (1); clinical entity identification (1); clinical gls (1); entity classification (1)"
"190-2","Biomedical signal processing","6","seizure classification (3); epilepsy classification (1); nph classification (1); event classification (1); traumatic brain injury triaging (1); pseudo progression (1)"
"190-3","Discriminant analysis","3","gait classification (3); pathological gait classification (1); upper limb movement classification (1)"
"190-4","Neural networks","26","type 2 (13); early classification (3); type 1 (3); decision-level fusion (3); multimodal classification (2); classifications (2); intent classification (2); selective classification (2); functionally graded material (2); refined classification (1); multilevel classification (1); rehabilitation correction system (1); state classification (1); complex classification (1); iou score (1)"
"190-5","Neural networks","21","sperm head classification (4); treatment evaluation (1); stethoscope sound classification (1); pain point (1); severity classification (1); grading of hr (1); polarity classification (1); complex pain (1); triad classification (1); fault diagnosis (1); prognosis, china (1); risk presentation (1); burn diagnosis (1); risk level classification (1); cell-type classification (1)"
"191-0","Neural networks","89","convolutional neural network (489); convolutional neural networks (317); deep neural network (118); artificial neural network (76); deep neural networks (62); convolution neural network (39); deep convolutional neural network (27); fully convolutional network (11); graph convolutional neural network (10); 3d convolutional neural network (9); convolution neural networks (9); fully convolutional neural network (5); fully convolutional neural networks (5); convolutional network (4); deep learning network (3)"
"192-0","Ablation techniques","15","catheter ablation (8); radiofrequency ablation (6); thermal ablation (5); cryoballoon ablation (1); epicardial ablation (1); concentric needle electrode (1); pulsed field ablation (1); conformal ablation (1); focal ablation (1); ablative lasers (1); radiofrequency ablations (1); radiofrequency catheter ablation (1); laser therapy (1); abdomen percutaneous ablation (1); radiofrequency ablation (rfa) (1)"
"192-1","Empirical mode decomposition","2","electric stimulation therapy (1); extracorporeal shock wave therapy (1)"
"192-2","Ablation techniques","4","ablation efficacy (2); ablation techniques (2); ablation time (1); ablation power (1)"
"193-0","Data validation","36","external validation (32); cross-validation (20); cross validation (5); internal validation (5); 10-fold validation (4); nested cross-validation (3); internal and external validation (2); ten-fold validation (2); leave-one-subject-out (2); bootstrap resampling validation (1); external cross-validation (1); k-fold cross-validation test (1); cross-species validation (1); hold-out validation (1); multi-laboratory cross-species validation (1)"
"194-0","Time-series analysis","14","censoring (3); survival time prediction (1); survival tree (1); survivalmeth (1); survival interaction (1); mortality estimation (1); causal survival forest (1); survival time classification (1); severity of illness models (1); survival ensemble (1); incremental los (1); survival period prediction (1); survival extrapolation (1); kaplan-meier plotter (1)"
"194-1","imputation quality metric","6","imputation (69); absolute imputation (1); relative imputation (1); imputation assessment (1); imputation missing mechanism (1); regression imputation (1)"
"194-2","causal artificial intelligence (causal ai)","19","informative observation (1); risk-adjusted control chart (1); meta-path enhancement (1); risk model surveillance (1); propensity score representation learning (1); adapt-itt (1); age appropriate design code (1); treatment outcome simulation (1); conditioned group risks prediction (1); multimethods approach (1); median-effect equation (1); counterfactual path elimination (1); generalizable model design (1); treatment effect prediction (1); age stratification theory (1)"
"194-3","explaining classifier’s predictions","13","shapley additive explanations (23); shapley additive explanation (7); u-net model (2); logit adjustment (1); logistic-beta (1); mean adjustment (1); regularized-ncut (1); baseline-model integration (1); modified group delay function (1); mean teacher model (1); multivariate adaptive regression spline (1); ai model generalizability (1); logitboost (1)"
"194-4","Dynamic time warping","9","trajectory inference (6); wave two (4); discrete events simulation (2); moving horizon estimation (2); rolling horizon scheduling (1); cross-lagged panel network (1); sequential data (1); event time series prediction (1); longitudinal simulation (1)"
"194-5","Computational biology","3","polygenic scoring (1); genetic relationship matrix (1); weighted micrornas (1)"
"194-6","data representations","39","representativeness (7); weighting (6); augmented estimation (2); logistic map (2); probability calibration (2); continuous prediction (2); weighted ecif (1); weighted micrornas (1); individual-level (1); event-level (1); weighting matrix (1); zero-inflation handling (1); density estimation (1); composite likelihood (1); interval prediction (1)"
"195-0","data representations","25","concept mapping (11); concept extraction (5); concept formation (5); structure learning (5); concept import (2); concept detection (2); concept embedding (2); ontology design patterns (1); concept activation vector (1); concept coverage (1); concept mining (1); schema mapping (1); concept post-coordination (1); typology development (1); concept discovery (1)"
"195-1","Generative modeling","13","text generation (9); content creation (3); content development (2); summarization network (2); paper note (1); article structure embedding (1); document creation time (1); critical evaluation of ai-generated content (1); institution-generated content (1); data summarization (1); graphic design (1); summarization model (1); template design (1)"
"195-2","Data annotation","11","corpus annotation (11); corpus construction (6); virtual data collection (2); training data (2); csv parsing (1); data wrangling (1); corpus building (1); synthetic tabular data evaluation (1); experimental data-guided training (1); synthetic data creation (1); emerging data inputs (1)"
"195-3","Modeling approaches","8","business process model and notation (2); process clustering (1); data-driven process simulation (1); process steering software (1); scenario-building (1); process mapping (1); process alignment (1); interactive process discovery (1)"
"195-4","Multitask learning","23","collaborative filtering (14); it design and development methodologies (12); iterative design (3); projections and predictions (3); numeric inputting (1); preparation phase (1); library collection development (1); two-part statistics (1); module perspective (1); auxiliary task (1); codebook approach (1); representation and simulation (1); versioning (1); startup (1); model architecture (1)"
"195-5","Modeling approaches","6","it design and development methodologies (12); iterative design (3); preparation phase (1); startup (1); domain selection (1); library collection development (1)"
"197-0","Biomedical signal processing","46","electroencephalography (186); electromyography (44); surface electromyography (19); magnetoencephalography (15); scalp eeg (5); electrocorticography (4); surface emg (4); visual evoked potentials (4); tms-eeg (3); electroencephalograph (3); surface electromyogram (3); multichannel eeg (3); multi-channel eeg (2); surface electromyograph (2); body surface potentials (2)"
"198-0","Modeling approaches","104","diffusion model (45); mathematical model (37); statistical shape model (10); compartmental models (7); stacking ensemble model (6); bidomain model (6); stochastic model (5); deformable model (3); elastic network model (2); mechanistic model (2); discrete diffusion model (2); mass-spring model (2); non-newtonian blood model (2); kirkpatrick model (2); power law model (2)"
"199-0","Ensemble learning","80","random forest (217); latent dirichlet allocation (47); unstructured data (24); conditional random fields (16); random survival forest (13); conditional random field (13); markov random field (11); random walk with restart (7); naive bayes (7); gibbs sampling (5); gaussian process regression (5); random walks (4); hyperparameters (4); hidden markov random field (2); rician noise (2)"
"200-0","Protein structure determination","42","cryoelectron tomography (28); structure determination (28); x-ray crystallography (19); crystallography, x-ray (12); cryo-em (11); cross-linking reagents (10); dna sequence (10); protein sequence classification (6); homology modelling (5); dna sequences (4); homology modeling (4); cryo-electron tomography (3); structural analysis (3); protein modeling (3); protein structure analysis (3)"
"201-0","Medical image registration","57","ultrasound imaging (61); lung ultrasound (12); breast ultrasound (8); 3d ultrasound (7); fetal echocardiography (6); ultrasonography, doppler (5); transthoracic echocardiography (5); contrast-enhanced ultrasound (4); endoscopic ultrasound (4); quantitative ultrasound (3); doppler echocardiography (3); b-mode ultrasound (3); endoscopic ultrasonography (3); transvaginal ultrasound (3); fetal biometry (2)"
"202-0","Neuropsychological testing","40","neuropsychological test (8); neuropsychological testing (8); neuropsychological tests (8); computerized adaptive testing (6); neuropsychological assessment (4); computerized adaptive test (4); computer adaptive testing (4); cognitive screening (3); trail making test (3); neurocognitive test (2); cognitive test (2); mental state examination (2); digital cognitive test (1); picture description test (1); neuropsychological screening (1)"
"203-0","Medical informatics","51","systematized nomenclature of medicine (55); common data elements (30); reporting guidelines (8); common data element (8); reporting standards (6); reporting guideline (5); checklists (3); nursing minimum data set (2); structured documentation (2); health information systems/standards (2); standardized terminology (2); electronic health records/standards (2); publishing guidelines (2); standard operating procedures (2); quality assessment of diagnostic accuracy studies version 2 (1)"
"204-0","Medical education","39","patient simulation (15); surgical simulation (8); medical simulation (6); virtual humans (5); virtual simulation (4); virtual physiological human (3); surgical simulator (3); virtual human (3); dental simulator (2); virtual reality simulation (2); clinical virtual simulation (2); cardiovascular simulator (2); virtual standardized patients (1); virtual patient simulator (1); web-based patient simulation (1)"
"204-1","Computer vision","12","augmented reality (82); virtual reality simulation (2); vr-based simulator (1); virtual reality simulator (1); simulated reality (1); haptic simulator (1); simulation to reality (1); simulated environment (1); augmented reality–based laparoscopic simulator (1); virtual reality medical simulator (1); high-fidelity simulation (1); virtual simulator (1)"
"204-2","Modeling approaches","7","computer model (8); virtual world (4); cad system (3); simulator system (1); environment simulator (1); virtual space (1); driving simulator (1)"
"205-0","Wavelet transforms","12","texture feature (8); texture features (5); textural features (4); texture descriptors (3); texture classification (2); texture complexity (1); morphological, geometric, and texture features (1); texture descriptor (1); texture generation (1); fine-grained granularity (1); surface features (1); statistical texture representation (1)"
"205-1","Radiomic feature extraction","5","radiomic features (4); radiomics features (2); radiomic feature (1); spectral signature extraction (1); hyperspectral signatures (1)"
"205-2","Radiomic feature extraction","8","geometric features (2); nodule's geometric properties (1); depth information (1); three-dimensional (3d) information (1); geometrical-features (1); geometrical features (1); shape classification (1); depth features (1)"
"205-3","Feature disentanglement","7","dynamic features (2); spatial features (2); spatial and spectral information (1); multi-resolution features (1); spatiotemporal feature (1); spatiotemporal enhanced feature (1); cross-layer feature enhancement (1)"
"205-4","Radiomic feature extraction","9","feature reconstruction (2); image features (2); image sharpness (1); feature anti-aliasing (1); color features (1); feature coloring (1); visual attributes (1); fuzzy color technique (1); clutter filtering (1)"
"205-5","Wavelet transforms","3","signal features (2); non-quantifiable local feature (1); acoustic features set (1)"
"205-6","Data annotation","1","textual features (1)"
"206-0","left ventricle myocardial scar segmentation","33","cardiac imaging (6); cardiac mri segmentation (4); cardiac mr (3); cardiac mapping (3); magnetic resonance cardiac triggering (1); echo chamber effect (1); cardiac ct segmentation (1); cardiac fiber architecture (1); respiratory and cardiac motion patterns (1); cardiac isochrones (1); cardiac motion simulation (1); cardiac mapping data (1); mr parameter mapping (1); cardiac imaging techniques (1); image-less ecg-imaging (1)"
"207-0","Medical informatics","37","computer-aided diagnosis (173); computer aided diagnosis (33); computer-assisted (26); computer-assisted diagnosis (25); computer aided detection (8); intelligent diagnosis (8); automatic diagnosis (8); computer assisted diagnosis (5); computer-aided (2); computer-assisted/methods (2); computer-aided early detection (2); computer-aided prediction (2); computerised interpretation (1); medical automatic diagnosis (1); intelligent assisted diagnosis (1)"
"208-0","Sentiment analysis","13","sentiment analysis (159); semantic analysis (6); aspect-based sentiment analysis (4); linguistic analysis (4); medical sentiment analysis (2); newspaper content analysis (1); topic modeling analysis (1); website content analysis (1); word structure analysis (1); free-text analysis (1); multi-modal sentiment analysis (1); unstructured text analysis (1); lexicon-based sentiment analysis (1)"
"208-1","Social dynamics analysis","8","social network analysis (66); sociotechnical analysis (3); sociometric techniques (2); sociotechnical evaluation (1); graph theoretical analysis (1); friendship network analysis (1); personal network analysis (1); social networking, network analysis (1)"
"208-2","Bibliometric analysis","4","bibliometric analysis (43); co-word analysis (8); meta-ethnography (3); bibliometrics analysis (1)"
"208-3","Association rule mining","2","market basket analysis (1); frequent itemset analysis (1)"
"208-4","Fuzzy-set QCA","4","fuzzy-set qualitative comparative analysis (2); grey relational analysis (1); fuzzy set qualitative comparative analysis (1); fuzzy delphi method (1)"
"208-5","Modeling approaches","23","systems analysis (27); interpretability analysis (9); fairness analysis (2); counterfactual analysis (2); saliency analysis (2); collaborative analytics (2); interpretability methods (1); values and preferences and decision analysis (1); econometric analysis (1); multi-level data analysis (1); quantitative context analysis (1); propositional analysis (1); prescriptive analytics (1); archetypal analysis (1); integrative analytics (1)"
"208-6","Time-series analysis","2","lifelog analysis (1); large-scale social media analysis (1)"
"208-7","Concept analysis","2","concept analysis (2); concept mapping analysis (1)"
"209-0","Clinical trials","58","clinical trial (153); clinical trials as topic (83); clinical study (17); controlled trial (11); clinical trial recruitment (10); trial (7); clinical trial matching (4); trial recruitment (4); clinical trial management (3); clinical trial transparency (2); clinical trial initiation (2); trial monitoring (2); clinical trial data (2); clinical trial efficiency (2); clinical trial methodology (2)"
"210-0","Participatory research","16","gender differences (9); gender bias (8); ethical issues (6); social justice (5); feminism (4); diversity, equity, and inclusion (4); relational ethics (3); empirical ethics (3); ethical frameworks (2); ethical challenges (2); ethical aspects (1); codes of ethics (1); feminist new materialism (1); critical realism (1); empirical bioethics (1)"
"210-1","Educational methodologies","11","pedagogy (5); constructivism (2); situated cognition (1); child counselling (1); children’s growth (1); connectivism (1); academic resilience (1); nursing theory (1); child life (1); bilingualism (1); life course methods (1)"
"210-2","Participatory research","10","citizen science (29); sociotechnical (18); participatory medicine (12); participatory epidemiology (3); embedded research (2); multilevel integration (1); sociotechnical approach (1); cooperative inquiry (1); participatory evaluation (1); situated research (1)"
"210-3","Concept analysis","13","phenomenology (5); cognitive engineering (5); embodiment (5); social neuroscience (2); psychoanalysis (2); health theories (1); human factor ergonomics (1); embodied cognition (1); lay theories (1); psychodynamic (1); quantitative social science (1); biopsychosocial dynamics (1); embodied experience (1)"
"210-4","Concept analysis","11","contextual factors (4); linguistic inquiry (2); medical humanities (2); digital humanities (1); contextual explanations (1); medical perspective (1); hermeneutics (1); social construction (1); discourse relations (1); sociological framework (1); socio-technical perspective (1)"
"210-5","Social dynamics analysis","22","social determinants (9); social communication (7); social work (6); identity management (3); social systems (3); social modeling (2); ecological perspective (1); economics of migration (1); social ecological (1); social exchange (1); social science (1); environmental social sciences (1); social issues (1); environmental context (1); humanity (1)"
"211-0","Biomedical signal processing","32","eeg signal (8); eeg classification (7); eeg decoding (3); non-invasive eeg (2); ear-eeg (2); eeg generation (2); eeg microstate (2); eeg data (2); epileptic eeg signal classification (2); mi-eeg (1); electroencephalography to image (1); electroencephalogram signal (1); eeg quantification (1); electroencephalography signals (1); montage optimization (1)"
"211-1","Biomedical signal processing","8","motor unit decomposition (2); emg decomposition (1); semg signals (1); emg decoding (1); semg/force relationship (1); electromyography signals (1); emg data (1); emg characterization (1)"
"211-2","Biomedical signal processing","12","extracellular recording (6); meg (2); recording (2); amplifiers, electronic (2); electrode shifts (1); recording configuration (1); neural recording (1); electrical parameters measurement (1); intracortical recording (1); videodisc recording (1); trace comparison (1); signal measurement (1)"
"211-3","Biomedical signal processing","8","electrical impedance tomography (6); ballistocardiograms (2); amplitude alteration (1); vng technique (1); uterine activity monitoring (1); ap-ms (1); electrical current distribution (1); hematology impedance histogram signals (1)"
"212-0","Evaluation frameworks","19","benchmarking (189); benchmarks (4); algorithm benchmarking (4); performance benchmarking (2); usability benchmarking (2); it benchmarking (1); sv benchmarking (1); esm-2 benchmarking (1); cafa benchmarking (1); community detection benchmarking (1); simulation benchmarking (1); binning benchmarking (1); tools benchmarking (1); benchmark 5.0 (1); benchmarking toolkit (1)"
"212-1","data representations","10","data dashboard (2); standards adoption (1); interoperability development (1); ehrs data modeling (1); data modernization (1); data-driven website generation (1); dashboard analysis (1); data architecture evaluation (1); inter-database generalization (1); data interoperability challenges (1)"
"212-2","Ontology quality assurance","6","ontology quality assurance (8); ontology auditing (3); family-based ontology quality assurance (2); structure-based domain instance evaluation (1); umls auditing (1); domain-independent ontology development methodology (1)"
"212-3","Trustworthy AI","5","domain adversarial training (1); adversarial testing (1); training data labeling for nlp (1); data augmentation for nlp (1); data augmentations (1)"
"212-4","Health measurement instruments","3","prescreening system (1); physician rating portals (1); global trigger tool (1)"
"212-5","Query methods","6","batch auditing (1); fastq indexing (1); network querying (1); privacy auditing (1); rule-based algorithm development (1); system-level anomaly detection (1)"
"213-0","Computer vision","12","image quality assessment (6); subjective video quality assessment (2); objective video quality assessment (2); retinal image quality analysis (1); ultrasound image quality assessment (1); fundus image quality assessment (1); oct quality analysis (1); blind/referenceless image spatial quality evaluator (1); motion quality assessment (1); objective and subjective video quality assessment (1); retinal image quality assessment (1); medical video quality evaluation (1)"
"213-1","Biomedical signal processing","4","ecg signal quality assessment (1); pulse quality assessment (1); signal quality assessment (1); ecg quality assessment (1)"
"213-2","left ventricle myocardial scar segmentation","2","segmentation evaluation (2); segmentation quality assessment (1)"
"214-0","Computational biology","10","biomarker discovery (40); target validation (15); biomarker detection (3); biomarkers identification (1); theranostic biomarker discovery (1); predictive signature (1); reference signature matrix (1); biomarkers discovery (1); biomarker classification (1); signature methods (1)"
"214-1","ROC AUC analysis","5","breast cancer subtypes classification (1); prognostic genes (1); prognostic associated module (1); breast cancer prognosis prediction (1); breast cancer survival prediction (1)"
"214-2","Pharmacometrics methodology","18","drug response prediction (23); drug synergy prediction (14); drug combination prediction (4); drug resistance prediction (2); drug-target interactions prediction (2); drug–drug interaction extraction (1); computational drug disco very (1); drug-drug interaction event prediction (1); drug–drug interactions prediction (1); clinical anticancer drug response prediction (1); drug-drug interactions prediction (1); therapy response prediction (1); drug-response prediction (1); therapeutic synergy score prediction (1); drugs prediction (1)"
"214-3","Variant interpretation","19","variant interpretation (7); genetic test reporting (2); variant pathogenicity predictors (1); colorectal cancer organoids (1); targetmine integration (1); hiv drug resistance analysis tools (1); driver regulators (1); clinico-genomics (1); brain disease gene prediction (1); cytohistological rna-seq explorer (1); hiv drug resistance interpretation algorithm (1); genetic variants database (1); variant effect prediction evaluation (1); high-confidence cells (1); somatic variant databases (1)"
"214-4","Digital phenotyping","5","ehr phenotyping (3); clinical pathway software (1); clinical pathways software (1); clinical pathway mining (1); clinical process discovery (1)"
"214-5","Association rule mining","11","association prediction (31); prediction tool (7); phenotype algorithm (2); virulence prediction (1); seizure network (1); disease relevance score (1); reference signature matrix (1); disease progression network (1); disorder prediction (1); disease phenotype network (1); signature methods (1)"
"214-6","Computational biology","1","bioinformatics tools for cfdna deconvolution (1)"
"215-0","Neural networks","29","channel attention (12); attention network (8); attention gates (4); attention map (3); attention gate (3); relation attention (2); attention learning (2); attention layer (2); attention modeling (2); category attention (2); attention residual (1); attention transfer (1); disease-related attentional unet framework (1); attention weights (1); attention features (1)"
"215-1","Sentiment analysis","14","affective computing (21); emotion classification (7); emotion dynamics (1); emotion covariance (1); emotions analysis (1); affect recognition (1); emotion variability (1); affect inference (1); emotion care (1); emotion transition (1); emotion modelling (1); emotion recogni- tion (1); emotion prediction (1); emotion accumulation (1)"
"215-2","Neural networks","5","memory bank (2); brain decoding (2); neural pde (1); consciousness detection (1); sleep seasonality (1)"
"215-3","Modeling approaches","11","theory (18); theories (4); speech foundation models (2); parser (2); dialogue volume (1); neural search (1); parser adaption (1); language inference (1); multi-task bioner (1); listening experiment (1); perspective integration (1)"
"215-4","Computer vision","3","eye model (1); object vision (1); vision sensing (1)"
"215-5","Neuropsychological testing","1","dyslexia detection (1)"
"215-6","Information behavior","1","issue-attention cycle (1)"
"215-7","Modeling approaches","3","behavior application (1); behavior understanding (1); human behavior recognition (1)"
"216-0","Pharmacometrics methodology","25","pharmacokinetics (35); auc (6); drug administration schedule (4); population pharmacokinetics (2); pharmacokinetic model (2); compartment model (1); compartment models (1); meal absorption model (1); ed50 (1); gastrointestinal tract modelling (1); taurocholic acid sodium (1); pharmacokinetics and pharmacodynamics model (1); pharmacokinetics (pk) (1); glucose–insulin (1); pharmacokinetic/pharmacodynamic model (1)"
"216-1","Health measurement instruments","6","body weight (54); skin temperature (5); ambient temperature (2); body surface temperature (1); body water (1); body surface potential (1)"
"216-2","Sensor-based instrumentation","8","values (3); endpoint determination (3); modified beer-lambert law (2); non maximum suppression (1); historical limits method (1); equivalent coefficient method (1); higuchi algorithm (1); water vapor flux (1)"
"216-3","Multiple kernel learning","3","analgesia nociception index (2); glucose–insulin (1); herbal combination model (1)"
"217-0","Optimization methods","65","multi-objective optimization (28); global optimization (15); parameter-efficient fine-tuning (8); multiobjective optimization (7); metaheuristic optimization (4); gradient-based optimization (3); convex optimization (3); multimodal multiobjective optimization (2); simulation-based optimization (2); privacy-preserving computation (2); recursive partitioning (2); adaptive optimization (2); constrained optimization (2); submodular optimization (2); multi-verse optimization (2)"
"218-0","Additive manufacturing","9","bone regeneration (2); bone allografts (1); bone sawing (1); biomechanical analysis of motion (1); bone surface reconstruction (1); cadaveric experiments (1); bone adaptation (1); bone reconstruction materials (1); bone compaction (1)"
"218-1","Additive manufacturing","11","universal design (3); slot filling (2); dental porcelain (1); dental technique (1); splint additive manufacturing (1); wear time (1); digital modeling for tooth preparation (1); prosthetic dentistry (1); impression formation (1); dental crown restoration (1); dental restoration (1)"
"218-2","Additive manufacturing","5","surgical instrumentation (1); removable implant (1); tooth movement techniques (1); implant accuracy (1); implant function assessment (1)"
"218-3","Diverse methods","6","variance reduction techniques (1); electrode loss (1); dimensional reduction (1); cross lingual models (1); motion loading method (1); distraction techniques (1)"
"219-0","Bias in research","83","bias (121); selection bias (25); oversampling (14); algorithmic bias (12); confounding factors (7); subgroup discovery (6); mediating effect (5); interaction design (4); dropout events (3); bias reduction (3); covariate shift (3); bias detection (2); misclassification bias (2); bias measurement (2); meta-predictor (2)"
"220-0","Pharmacometrics methodology","56","drug evaluation, preclinical (15); toxicity prediction (4); drug screening assays, antitumor (3); biological activity (3); ddi prediction (3); biofidelity (2); interspecies extrapolation (2); admet evaluation (2); admet analysis (2); ic50 (2); activity evaluation (2); drug potency (1); ehaels (1); reversal virtual screening (1); drug detection (1)"
"221-0","Cough classification","52","disease classification (18); breast cancer classification (7); activity classification (7); tumor classification (6); classification system (5); alzheimer's disease classification (4); cancer staging (4); thoracic disease classification (3); breast tumor classification (2); prostate cancer classification (2); lung cancer classification (2); epileptic seizure classification (2); melanoma classification (2); cervical cell classification (2); embryo grading (2)"
"222-0","Computer vision","66","image synthesis (20); image (13); image retrieval (13); image generation (10); images (8); data visualisation (6); image annotation (5); image augmentation (5); image matching (3); image representation (3); image dataset (2); image search (2); image grading (2); artificial image (2); image texture (2)"
"223-0","Clinical trials","25","consent (26); consent forms (7); anonymisation (6); consent management (3); online consent (2); patient consent (2); meaningful consent (2); opt-in consent (1); consent registry (1); consent policy (1); consent bias (1); consent rate (1); consent communication (1); consent implementation (1); passive consent (1)"
"224-0","Optimization methods","50","genetic engineering (117); gene editing (35); genetic techniques (34); gene targeting (32); metabolic engineering (28); plasmids (20); rna interference (15); rnai (13); genetic vectors (13); gene knockout techniques (11); genetic mapping (10); gene knockdown techniques (8); laboratory techniques and procedures (7); crispr/cas9 (6); tal effector nuclease (5)"
"225-0","Participatory research","49","community engagement (127); user engagement (52); community participation (26); public engagement (14); consumer participation (5); peer mentoring (5); user participation (3); public participation (3); participant engagement (3); end-user participation (3); end-user involvement (2); provider participation (2); stakeholder perspectives (2); community and stakeholder engagement (2); faculty mentoring (2)"
"226-0","Diverse methods","4","alignment-free methods (3); alignment-free method (2); free-alignment methods (1); alignment-based method (1)"
"226-1","Sequence alignment","8","sequence-based method (2); 3d structure-based methods (1); haplotype-based methods (1); haplotyping-based methods (1); structure-based methods (1); sequence-based methods (1); isoform-based methods (1); exon-based methods (1)"
"226-2","Distributed algorithms","5","network-based methods (2); graph-based methods (2); network-based approaches (1); ppi network-based methods and hybrid information-based methods (1); node-affinity-based methods (1)"
"226-3","Sequence alignment","5","quartet-based methods (1); tree-based methods (1); coevolution-based methods (1); entity distance-based method (1); phylogeny-aware methods (1)"
"226-4","Diverse methods","14","ensemble-based methods (1); similarity-based methods (1); deep learning-based methods (1); particle-based methods (1); physics-based methods (1); data-type agnostic approaches (1); particle-based computational methods (1); rule-based methods (1); cluster-quality-based methods (1); collapsing-based methods (1); assembly-free methods (1); kernel-based approaches (1); nature-inspired methods (1); descriptor-based methods (1)"
"226-5","Chromosome conformation capture","3","chromosome conformation capture-based methods (4); methylation-based deconvolution methods (1); paper-based methods (1)"
"227-0","robust control","32","motor control (22); passive sensing (19); adaptive control (3); control systems (3); robot control (3); force feedback (2); closed-loop control (2); pid controllers (1); joint kinematic control (1); network controllability (1); power auto-control (1); on-line adaptive control (1); force control (1); robust perfect adaptation (1); wireless control (1)"
"228-0","Lightweight networks","14","u-net (84); 3d u-net (7); elastic net (5); extra trees (2); biclique extension (1); black hole (1); simple-hgn (1); u-shaped network (1); hypergraph contrastive learning (1); double u-net (1); involution transformer (1); dense blocks (1); deepinversion (1); deep-supervision (1)"
"228-1","Modeling approaches","10","models, cardiovascular (53); first responders (6); baseline wander (5); drug embedding (2); feedback, physiological (2); immune-informatics (1); in-body (1); large airway (1); blood-brain barrier 8 (1); in situ strain (1)"
"228-2","Computer vision","9","fast fourier trans- form (1); curved channel (1); non local mean (1); reflected wave (1); blind inpainting (1); circle hough transform (1); despeckling noise (1); sobel filter (1); implicit surface (1)"
"228-3","Porous media transport","3","auxetic structure (2); different porosity (1); functionally graded porosity (1)"
"228-4","Time series analysis","7","cumulated phase (1); rose spiral curve (1); premature convergence (1); temporal point process (1); minimal path (1); levitated markers (1); cross-recurrence properties (1)"
"228-5","Complex event processing","11","middleware (3); side-channel attacks (1); af-multimer (1); minimizer-bucketing (1); ab off-lattice (1); nonfungible token standard (1); huggingface spaces (1); oblivious transfer (1); genesis-db (1); redaction (1); icon array (1)"
"228-6","explaining classifier’s predictions","113","models, cardiovascular (53); programming, linear (31); interpretable ai (9); solution (4); low-power (4); light-weight model (3); active appearance model (3); low power (3); intermediate fusion (2); reversible data hiding (2); fitspiration (2); few shot (2); ambient scribes (2); early stage (2); secondary flow (2)"
"229-0","Medical informatics","55","linked data (12); personal health data (12); routinely collected data (6); secondary data (4); time-to-event data (4); hospital data (4); registry data (3); electronic health records/statistics and numerical data (2); primary health care data (2); intensive longitudinal data (2); primary care data (2); neuropsychological data (2); epidemiological data (2); clinical event time-series (1); large national data (1)"
"231-0","Participatory research","36","qualitative (148); interviews as topic (73); interviews (43); qualitative interview (7); conversation analysis (4); discourse analysis (4); personal narratives (4); qualitative inquiry (3); personal narratives as topic (3); patient narratives (2); cognitive interviews (2); process description (2); appreciative inquiry (2); organizational ethnography (2); discourse themes (1)"
"232-0","Health measurement instruments","12","laboratories (17); living labs (3); university hospitals (2); clinical laboratories (2); da vinci research kit (1); charging (1); labtest checker (1); autonomous laboratories (1); healthcare diagnostics (1); sperm diagnostics (1); catalog (1); ukbiobank (1)"
"232-1","Sequence alignment","7","illumina (3); dna cryptography (1); gencrc (1); kas-analyzer (1); genorm (1); cellmarker (1); pacbio hifi (1)"
"232-2","Biomedical signal processing","11","biosignal (4); bio-heat (2); electronic devices bio-analogs (1); biopac (1); kubios software (1); biospeckle imaging (1); bio-ink (1); elecctrooculograpy (1); psicalc software (1); sensor kit (1); schmid filter bank (1)"
"232-3","Optimization methods","23","dbscan (2); federated analytics (2); softmax (2); microservice (2); jess software (1); begraph software (1); isoanalytics (1); hpip software (1); multilabel (1); stun software (1); srarima (1); bioasq (1); cobind (1); gpt-3 (1); hit platform (1)"
"232-4","Ransomware analysis","4","ransomware (6); malware (3); rxnorm and ndc (1); nist tests (1)"
"232-5","Fluorescence techniques","2","peptide discovery (1); rppa (1)"
"232-6","pet/mr","1","li-rads (1)"
"232-7","Equally weighted methods","2","alphafill (1); vwa (1)"
"233-0","Neural networks","104","temporal abstraction (13); disentangled representation learning (7); graph attention mechanism (6); semantic search (5); bilinear attention network (3); multi-view attention (3); neural style transfer (2); gated attention mechanism (2); attention maps (2); auditory attention decoding (2); contour attention map (1); entity-aware attention (1); perception-correspondence decoupling (1); multiple emotion classification (1); cross attention learning (1)"
"234-0","Bayesian statistics","15","bootstrap aggregation (2); bayesian filtering (1); best-of-n sampling (1); parametric bootstrap (1); log-normal label distribution learning (1); monte carlo (mc) dropout (1); distribution learning (1); bias-corrected coverage signatures (1); geodesic distance constraint (1); weakly mutually uncorrelated code (1); bi-profile bayes (1); two-stage prior lasso (1); small samples learning (1); ld score regression (1); log-gaussian cox (1)"
"234-1","Multiple kernel learning","15","multiview learning (9); global normalised cam (1); deconvolution network (1); joint histogram (1); dynamic mode decomposition power (1); resilience function reconstruction (1); joint embedding (1); residual module (1); decision analytic model hospital (1); principal component analysis network (1); shapley additive explanations and cnn (1); group graph convolution (1); hierarchical cnn (1); multidimensional combination attention (1); interaction-based residual blocks (1)"
"234-2","Integrative review","17","meta-analysis as topic (37); population segmentation (2); admixture outputs (1); deconvolution network (1); mmseqs2 api (1); trait dependencies (1); correlation alignment (1); combined signature (1); aggregate partial-area taxonomy (1); cell-type adjustment methods (1); cell-type proportion estimation (1); heritability inference (1); trend filtering (1); meta-gdbp (1); isotopic overlap subtraction (1)"
"234-3","Dimensionality reduction","31","low-rank representation (6); low-rank adaptation (4); sparse approximation (2); low rank representation (2); subsampling (2); weighted total variation minimization (1); delta rank matrix (1); bilateral mean clustering strategies (1); weighted mean of vectors algorithm (1); poisson sampling (1); statistical region merging (1); random domain intercept technology (1); weighted filter (1); biclustering evaluation (1); variable clustering (1)"
"234-4","Optimization methods","38","rank aggregation (4); correlation learning (3); orthogonal matching pursuit (2); conditional gan (2); regression forests (2); variance regularization (1); pairwise potential (1); design matrix singularity mitigation (1); least squares svm (1); residual module (1); relation weighted label (1); pairwise transform (1); estimated haralick feature (1); dissimilarity constraint (1); correlation filters (1)"
"234-5","data representations","26","subsampling (2); weighted total variation minimization (1); delta rank matrix (1); imputation methods comparison (1); group method data handling (1); weighted mean of vectors algorithm (1); poisson sampling (1); statistical region merging (1); sample-wise normalization factors (1); weighted filter (1); and uncertainty quantification (1); average pooling (1); step count prediction (1); average pooling limitations (1); gate method (1)"
"235-0","Data collection","16","case report form (4); electronic data (1); electronic patient-authored text (1); electronic information exchange (1); electronic information (1); electronic acknowledgment (1); national patient identifier (1); electronic fax (1); electronic request form (1); free-text data (1); electronic product information (1); electronic guideline authoring (1); electronic case report file (1); personal health identifier (1); laboratory information exchange (1)"
"235-1","Information behavior","15","information dissemination (220); information disclosure (6); multi-source information (5); information resources (5); information tools (4); information registration and retrieval (1); document handling (1); shared information (1); single source information system (1); information access (1); informational resources (1); sequence read archive (1); programmatic database access (1); structured information (1); distributed file systems (1)"
"235-2","Bibliometric analysis","9","open access to information (3); open knowledge (2); scientific publications (2); plain language summary (2); request for application (1); related articles (1); relevant information (1); open citation data (1); publication status (1)"
"235-3","Data collection","1","clickstream data (1)"
"235-4","Quantum methods","1","atomic charge (1)"
"236-0","Feature selection","38","feature selection (426); variable selection (32); unsupervised feature selection (5); two-step feature selection (4); non-parametric feature selection (2); permutation feature importance (2); wrapper feature selection (2); feature selection strategy (2); step length (2); two-step feature optimization (2); filter feature selection (2); correlation-based feature selection (2); feature selection method (2); feature optimization (2); subset selection (2)"
"236-1","Modeling approaches","7","model selection (11); automatic model selection (1); optimized model selection (1); selection algorithm (1); classifier selection (1); model selection criteria (1); optimal kernel selection (1)"
"236-2","Feature selection","3","multi-label feature selection (2); multi-objective feature selection (1); multi-view feature selection (1)"
"236-3","Feature selection","16","rfinca feature selector (1); k-mer length optimization (1); survival feature selection (1); randomly restarted incremental feature selection (1); distance-based negative sample selection (1); hybrid feature selection (1); dictionary selection (1); feature back-selection (1); meta-heuristic feature selection (1); optimal solution selection (1); optimal color selection (1); metaheuristic feature selection (1); cardinality constrained sample-feature selection (1); likelihood-based similarity selection (1); dynamic feature selection (1)"
"237-0","Integrative review","10","preferred reporting items for systematic reviews and meta-analyses (22); systematic review and meta-analysis (7); risk of bias (6); structured reporting (5); preferred reporting items for systematic reviews and meta-analyses extension for scoping reviews (3); risk-of-bias (2); preferred reporting items for systematic reviews and meta-analysis (2); strengthening the reporting of observational studies in epidemiology (1); transparent reporting (1); systematic review of systematic reviews (1)"
"238-0","Modeling approaches","24","choice architecture (3); consistency learning (3); relation prediction (2); heuristic rule (2); interference fit (2); agile methodology (2); bifs (1); ability expectation (1); gain framing (1); conditional incentive (1); change talk classifier (1); anchoring and adjustment heuristic (1); illusory control (1); regulation pattern (1); relation overlapping (1)"
"238-1","Information behavior","8","continuance intention (11); performance expectancy (3); effort expectancy (2); threat intelligence (1); intent and slot prediction (1); self-consistency loss (1); implicit bias education (1); intention decoding (1)"
"238-2","Neural networks","14","attention module (12); feature asymmetry (2); visual attribution (1); light attention (1); saliency prediction (1); spatial-fusion block (1); attentiveness calculation (1); attentive pooling (1); saliency transformation (1); view-adaptive (1); attention guided (1); eye color prediction (1); active attention features (1); target encoding (1)"
"238-3","Online learning","32","learning (67); pattern matching (5); consistency learning (3); chance constraints (3); pattern search (2); deep perceptual skip connections (1); temporal constraint (1); adaptive oscillator (1); recognition pattern (1); frequency constraint (1); symbolic pattern discovery (1); transfer learn-ing (1); arithmetic coding (1); onset-offset aware loss (1); addition and subtraction theory (1)"
"238-4","Computer vision","11","action observation (2); posture detection (1); action detection (1); signer independent action (1); pointing behaviour detection (1); human activity detection (1); gesture control (1); locomotion transition prediction (1); motor intent estimation (1); shoaling tracking (1); orienting frames (1)"
"238-5","Emotional state detection","9","emotional transition detection (1); mental state detection (1); state feedback (1); mental state prediction (1); activation prediction (1); valence detection (1); bci game (1); deception detection (1); emotiv epoch (1)"
"238-6","Dialogue systems","12","vocabulary, controlled (129); word sense identification (2); gender prediction (1); pitch shifting (1); sound envelope (1); pitch competition (1); speaker verification (1); stereotype activation (1); non-word error (1); entailment recognition (1); vowel classification (1); misspelling detection (1)"
"238-7","Haptic technology","21","card sorting (2); learning preferences (2); dream-global (2); quantified selfers (1); follower load (1); feedback canceller (1); position-aware (1); subjective experience phenotype (1); and force feedback (1); sensory stimulation environment (1); tactile internet (1); feedback resistance (1); self-adaptive weight fusion (1); position specific tendency (1); preference visualization (1)"
"239-0","Computational biology","13","gene expression analysis (55); differential analysis (8); differential binding analysis (1); differential regulation analysis (1); gene-based analysis (1); peptide-centric analysis (1); differential co-expression analysis (1); differential methylation region analysis (1); differential protein expression analysis (1); differential circadian analysis (1); asymmetric differential expression (1); differential coexpression analysis (1); comparative differential analysis (1)"
"239-1","Computational biology","31","pathway analysis (29); enrichment analysis (18); functional analysis (10); gene set enrichment analysis (9); gene set analysis (6); functional enrichment analysis (5); gene-set analysis (2); gene ontology enrichment (2); gene-set enrichment analysis (2); gene set overrepresentation analysis (1); overrepresentation analysis (1); enrichment of tca-cycle and ribosomal processes (1); functional pathway analysis (1); go and kegg pathways (1); psvv pathway analysis (1)"
"239-2","Computational biology","16","gene network analysis (2); pathway and network analysis (1); weighted gene co-expression network analysis (1); function analysis (1); protein structure network analysis (1); metabolite network analysis (1); cell-type-specific pathway analysis (1); edge gap analysis (1); biological networks analysis (1); weighted gene coexpression network analysis (1); gene-centric analysis (1); gene-set and differential expression analysis (1); network-based pathway analysis (1); weighted gene correlation network analysis (1); bibliometric network analysis, network analysis (1)"
"239-3","Computational biology","4","motif analysis (6); genome-wide motif disruption analysis (1); tf-idf and enrichment analysis (1); motifs analysis (1)"
"239-4","Computational biology","6","ingenuity pathway analysis (1); functional omics (1); pathway validation (1); downstream functional validation (1); visualization and statistical analysis of gene sets (1); comparative pathway visualization (1)"
"239-5","mutational signature analysis","1","mutational signature analysis (1)"
"240-0","ROC AUC analysis","35","roc curve (177); auroc (4); roc auc (3); mean shift (3); mahalanobis distance (2); correlation coefficient matrix (2); c-score (2); y-index (1); reliability of epro (1); b-values (1); specificity (sp) (1); order statistics concordance coefficients (oscoc) (1); root mean square error (rmse) (1); roc-auc improvement (1); maximal information coefficient (mic) (1)"
"241-0","Integrative review","45","evidence-based medicine (178); evidence-based practice (86); evidence-based (13); evidence based medicine (10); evidence-based nursing (7); evidence-based emergency medicine (3); good clinical practice (3); evidence-based interventions (3); evidence-based practices (2); current procedural terminology (2); evidence-based & research methodology (2); evidence-based pharmacy practice (2); evidence-based health care (1); evidence-based analysis (1); evidence-based innovations translational science (1)"
"242-0","Health measurement instruments","36","reliability (120); item response theory (13); psychometric properties (11); alpha testing (4); similarity measurement (2); psychometric property (2); reliability assessment (2); conceptual clarification (1); information validity (1); test characteristics (1); scale factor (1); factor importance (1); ceiling effect (1); internal variables (1); analytic fitting (1)"
"242-1","Evaluation frameworks","10","cfir (9); model generalizability (6); model checking (5); model fairness (3); correlation scale invariance (1); model orthogonality evaluation (1); multidimensionality (1); cfi (1); model stability (1); unidimensionality (1)"
"242-2","explaining classifier’s predictions","7","interpretability (126); conceptual clarification (1); credibility appraisal (1); quantitative explainability evaluation (1); understandability evaluation (1); flesch-kincaid readability (1); utility elicitation (1)"
"242-3","Three-factor authentication","2","three-factor authentication (1); three factor authentication (1)"
"243-0","Graph representation learning","31","network inference (17); network visualization (11); graph mining (8); pattern discovery (8); network algorithm (3); network comparison (3); molecular graph generation (2); data clustering (2); time series data mining (2); network construction (2); graph search (2); heterogeneous network mining (2); machine learning–driven discovery (1); local causal discovery (1); data-driven discovery (1)"
"243-1","Motif discovery","5","motif discovery (10); rna motif discovery (1); transcription factors motif discovery (1); motif mining (1); tf identification (1)"
"243-2","Protein enrichment","12","protein enrichment (5); domain identification (4); ontology modeling (4); ontology development (2); bio-curation (2); biological interpretation (2); topic tag prediction (1); bioinformatic approach (1); ontology visualization (1); ontology construction (1); over representation analysis (1); disease pathway mining (1)"
"243-3","Model visualization","9","tree visualization (2); text network analysis (2); text mining algorithm (1); vosviewer analysis (1); co-citation analysis (1); text similarity analysis (1); biological network visualization (1); component visualization (1); keyword co-occurrence analysis (1)"
"244-0","Radiomic feature extraction","24","quantitative evaluation (10); histopathological image analysis (9); pathological image analysis (4); histopathology image analysis (3); quantitative methods (3); skin lesion analysis (3); quantitative assessment (2); quantitative image analysis (2); morphological analysis (2); morphometric analysis (1); morphometry analysis (1); morphology analysis (1); microscopy image analysis (1); histological image analysis (1); quantified gait analysis (1)"
"245-0","Computational biology","51","scrna-seq data (20); transcriptomic data (6); spatial transcriptomics data (6); microbiome data (6); single-cell data (5); rna-seq data (4); transcriptomics data (3); metabolomics data (2); ngs data (2); long-read sequencing data (2); bulk rna-seq data (2); single-cell rna sequencing data (2); snp data (2); genotype data (2); sequencing data (2)"
"246-0","Medical informatics","29","bridge2ai-voice (2); datashield (2); teleteaching (1); telehome monitoring (1); medical education, neurophobia (1); blueprint personas (1); alphamissenser (1); lgbtqiapn+ (1); telepresence robot (1); medical entites extraction (1); command centre (1); teleneuro-vrrs (1); telepsychitatry (1); asmr videos (1); virtual hospital (1)"
"246-1","Neural networks","32","xgboost (72); capsule network (26); bilstm-crf (6); att-bilstm-crf (1); msrf-net (1); mimotope (1); am-pseaac (1); ienhancer-elm (1); deeprank-gnn-esm (1); multires u-net (1); u-net 2d (1); u-net 3d (1); nuclear norm (1); med-vqa (1); mraregress (1)"
"246-2","Computational biology","20","femtech (3); cibersort (1); flexsim healthcare (1); bionformatics (1); ualcan database (1); e-resnet (1); e-oncosalud (1); colabfold (1); mybirthplace (1); mlaprvfl (1); e-genetics (1); ai diagnostics (1); fhir® (1); ham1000 (1); diffractive block (1)"
"246-3","Medical informatics","8","epma (2); diabtets prediction (1); drugr+ (1); iclip (1); euresist network (1); surechembl api (1); pharmgkb (1); beacon v (1)"
"246-4","Complex event processing","20","rfid (10); elasticsearch (4); ehds (3); datathon (2); nivrscton (1); datastream (1); etl tool (1); power bi (1); ldsc (1); kmtricks (1); comicsart (1); etlstm (1); datamart (1); postgresql (1); sharepoint (1)"
"246-5","Dialogue systems","14","opensim (5); chat-gpt (2); emoticon sharing (1); knowledgepanel (1); comodule discovery (1); multiparty conversation (1); mir2pathway (1); huggingchat (1); claude 3.5 sonnet (1); scribe technology (1); rct tagger (1); referid+ (1); opencha (1); claude 3.5-sonnet (1)"
"246-6","Sensor-based instrumentation","7","hexoskin (1); enzymenet (1); hrc (1); smarthypnos x (1); biosignal pi (1); alphacrv (1); alpha gal (1)"
"246-7","Medical informatics","4","cido ontology (1); fhir® (1); fhir genomics (1); provcare ontology (1)"
"246-8","Concept analysis","31","umap (5); ai integration (4); ai tool (2); ureqa framework (1); ultraliser (1); systema (1); siascorenet (1); supportprim (1); scdrake (1); dmrichr adaptation (1); icanpredict (1); pbrtqc (1); ccsvi (1); gfcc (1); tweedie distribution (1)"
"247-0","Computational workflow management","21","snakemake workflow (4); snakemake pipeline (3); imagej plugin (3); module choice (2); modular pipeline (2); knime workflow (1); pip package (1); execution-time cig integration (1); wrapper (1); modular code (1); guideline execution engine (1); computational design tool (1); wrappers (1); protege plugin (1); executable verification templates (1)"
"247-1","Cloud-based platforms","7","docker (11); docker containerization (2); containerized pipeline (1); serverless model (1); containerized workflow (1); distributed edge server (1); on-board executable model (1)"
"247-2","Query methods","36","query expansion (12); interoperable (5); federated queries (3); web crawler (2); web crawling (2); query strategy (2); information retrieval query processing (2); spreadsheet staffing model (1); biosensor data streaming (1); process execution data (1); instance query (1); length-based file splitting (1); sequence parser (1); ehr inbox (1); user clustering (1)"
"247-3","Computational workflow management","13","python scripting (1); seed-free software (1); pip package (1); python algorithm (1); advanced parameter-setting-free harmony search (1); custom gpt (1); wrapper (1); cupy tensorflow numpy (1); multi-language implementation (python, c++, cython, r) with cwl (1); model customisation (1); python wrapper (1); wrappers (1); computational speed-up (1)"
"247-4","Computational biology","18","pseudotime (3); tskit_arg_visualizer (1); protege plugin (1); plink wrapper (1); knime workflow (1); scanpy anndata integration (1); client hashchain (1); biosensor data streaming (1); variant conversion tool (1); landing page aggregator (1); ehr inbox (1); sequence parser (1); research query tool (1); wsi format conversion (1); centralized operator access module (1)"
"247-5","data representations","16","layout algorithms (2); flexible input window definitions (1); annotation-optional input (1); dialog annotation scheme (1); graphical queries (1); javascript library (1); automatic browser (1); embeddable visualizations (1); igv-style track plots (1); one-line command (1); docking gui (1); data-driven gui generation (1); shiny visualization (1); rest apis (1); webapp (1)"
"248-0","Biomedical signal processing","53","heartbeat classification (12); heart rate estimation (8); body surface potential mapping (5); respiration monitoring (5); heart sound segmentation (4); respiratory rate estimation (3); heart rate complexity (2); rest-activity rhythm (2); acoustic signal of breath (1); heartbeat normalization (1); respiratory rate detection (1); acceleration/deceleration segmentation (1); fibrillatory frequency tracking (1); abdominal movement signal (1); laryngeal closure detection (1)"
"249-0","Reuse in methodology","34","patient generated health data (14); secondary use of data (6); privacy of patient data (4); secondary use of health data (3); public reporting of healthcare data (3); secondary use of clinical data (2); secondary use of patient data (2); secondary use of electronic health record data (2); public reporting of health care data (2); de-identified data (2); secondary use of healthcare data (1); secondary use of clinical routine data (1); population-based patient registries (1); secondary use of clinical data for research and surveillance (1); secondary research use of clinical data (1)"
"250-0","e-cigarette regulation","18","regulations (19); law of attrition (5); technology regulations (5); legal framework (2); laws (2); regulatory focus (2); legislation as topic (1); governance structure (1); community governance (1); licensing examination (1); administrative law (1); ethical innovation (1); legal e-health requirements (1); mandates (1); ai trustworthiness (1)"
"250-1","differential privacy","14","data privacy (82); patient privacy (24); genetic privacy (21); fair data principles (5); data sovereignty (4); health privacy (3); privacy risk (2); privacy act (2); data to action (1); privacy law (1); privacy leakage (1); health record banking (1); privacy and data risks (1); information privacy concern (1)"
"250-2","human error assessment and reduction technique (heart)","13","fraud detection (4); pervasive monitoring (3); misinformation correction (3); fault tolerance (3); safety net (2); safety-net (2); system crash recovery (1); driver sleepiness (1); safety science principles (1); safety assurance (1); communicating uncertainty (1); communicating risk (1); alarm safety (1)"
"250-3","Bias in research","10","fair principles (16); harmonization (9); fair data principles (5); machine learning fairness (2); harmonisation (2); unification (1); fair assessment (1); principal fairness (1); fair principle (1); conformity (1)"
"250-4","e-cigarette regulation","6","therapeutic affordances (2); poisons information (1); marketing denial orders (1); health law (1); medical norms (1); import ban (1)"
"250-5","Modeling approaches","11","decryption (1); security effectiveness (1); security factors (1); proof of authority (1); security examination (1); security and privacy threats (1); security enhancement (1); certificateless signature (1); security controls (1); security practice (1); property checking (1)"
"250-6","Cost-benefit analysis","5","price transparency (2); costing (2); revenue (2); sanction certainty (1); competition policy (1)"
"250-7","Bias in research","29","actionability (3); contamination (3); authenticity (3); responsible use (2); judgement (2); fraud identification (1); safeguard cost (1); appropriability regime (1); obfuscation (1); scientific claim validation (1); participant-patient duality (1); scientific freedom (1); disclosure risk (1); human engineering or usability (1); safe data spaces (1)"
"251-0","Health measurement instruments","19","rotarod performance test (2); tug test (2); pendulum test (2); open-field test (1); locomotion scoring system (1); positional testing (1); light-induced locomotor response (1); performance test (1); motor threshold (1); force platform (1); footstep pressure (1); modified tardieu test (1); foot force platform (1); y balance test (1); 2-minute step test (1)"
"251-1","Neuropsychological testing","6","clock drawing test (4); digital clock-drawing test (1); visual turing test (1); delay discounting rate (1); in-home behavior recording (1); behavioural tests (1)"
"251-2","Health measurement instruments","7","speech discrimination score (2); acoustic startle response (1); free-field voice test (1); pure tone average (1); subjective listening test (1); dynamic noise thresholds (1); pure tone (1)"
"251-3","Neuropsychological testing","2","electrical pulp test (1); pain threshold (1)"
"251-4","Oculomotor testing","2","head impulse test (1); hirschberg test (1)"
"251-5","Diverse methods","5","swallowing maneuver (1); closed testing (1); acute levodopa challenge test (1); sudomotor test (1); stress relaxation test (1)"
"252-0","Boundary conditions","39","finite element analysis (102); finite element method (42); finite element (28); finite element model (16); finite element modeling (11); computational fluid mechanics (4); biomechanical modeling (4); finite element modelling (4); biomechanical model (3); finite element simulations (3); finite element simulation (3); numerical solutions (2); finite element (fe) model (2); musculoskeletal modeling (2); numerical results (2)"
"253-0","Medical informatics","15","european health data space (12); iso/iec 11179 (5); iso/ieee 11073 (3); iso 13606 (3); iso/iec 25010 (2); w3c prov specifications (1); european norm/international organization for standardization 13606 (1); hl7 v2.6 (1); cdisc standards (1); cen iso/ts 82304-2 (1); iso/ieee 11073-phd (1); iso principle (1); iso en 13606 (1); d2.1 (software engineering) requirements/specification j.3 (life and medical sciences): health data provenance (1); iso/en 13606 standard (1)"
"253-1","Medical informatics","17","umls (39); i2b2 (20); cbioportal (4); umars (3); mgus (1); pharmacloud platform (1); nell2 (1); gdc data portal (1); geneset (1); nih dataset (1); ghana hiv/aids commission (1); iedb (1); hdv database (1); l1000 (1); cprd (1)"
"253-2","Health measurement instruments","5","covid19 (6); global covid-19 surveillance (6); trec-covid (3); genose c19 (1); 5g covid-19 (1)"
"253-3","Computer vision","13","vgg16 (6); inceptionv3 (3); vgg-19 (1); isic-2020 dataset (1); vgg19 (1); res2net-50 (1); capsnets (1); inpactor2 (1); region proposal network (1); iresnet50 (1); vgg-16 (1); isic challenge (1); detectron2 (1)"
"253-4","Medical informatics","5","chatgpt-4 (4); chatgpt-3.5 (2); ai for health (1); healthnlp (1); german nlp (1)"
"253-5","Modeling approaches","23","network toxicology (2); h.264/avc (2); ieee 802.15.6 wban (1); mffau-net (1); fpcit (1); sceeg-to-ieeg translation (1); esm2-t (1); adas1000 (1); bmri-net (1); region proposal network (1); sopc (1); ieee p802.15 channel model (1); awsfcm (1); sc2dat (1); mcncp (1)"
"253-6","Integrative review","6","pro-ctcae (4); amstar 2 (1); ctsatsa (1); casf-2016 scoring power (1); cpcssn (1); amstar-2 (1)"
"253-7","Diverse methods","3","jmir publications (2); jel classification i11 (1); iupac-condensed (1)"
"254-0","Health measurement instruments","10","photoplethysmography (ppg) (28); remote photoplethysmography (rppg) (7); camera-based photoplethysmography (cbp pg) (1); photoplethysmography(ppg) (1); pulse photoplethysmography (ppg) (1); camera-based photoplethysmography (cbppg) (1); photo-plethysmography (ppg) (1); photoplethysmographic (ppg) (1); strain plethysmography (spg) (1); neck reflectance photoplethysmogram (ppg) (1)"
"254-1","Force Myography","5","force myography (fmg) (4); high-density surface electromyography (hd-semg) (1); surface electro- myography (semg) (1); high-density electromyography (hd-emg) (1); force myography(fmg) (1)"
"254-2","Sensor-based instrumentation","4","impedance pneumography (ip) (1); bispectrum analysis (ba) (1); impedance pneumography (ipg) (1); bioimpedance spectroscopy (bis) (1)"
"254-3","Biomedical signal processing","8","radial artery pulse pressure waveform (ppwr) (1); pulse wave analysis (pwa) (1); continuous noninvasive blood pressure measurement (cnibp) (1); heart rate variability biofeedback (hrv-bfb) (1); cardiopulmonary exercise testing (cpet) (1); mechanocardiograpy (mcg) (1); t-wave alternans (twa) (1); mechanical alternans (ma) (1)"
"254-4","Sleep study methodology","3","polysomnography (psg) (3); pulmonary function test (pft) (1); computerized respiratory sound analysis (corsa) (1)"
"254-5","Sensor-based instrumentation","3","high-frequency accelerometer (hfacc) (1); whole-body vibration (wbv) (1); accelerometry (acc) (1)"
"254-6","Health measurement instruments","6","continuous glucose monitoring (cgm) (7); bladder non-destructive testing (ndt) (1); thematic apperception test (tat) (1); dual-energy x-rays absorptiometry (dxa) (1); electro dermal activity (eda) (1); platelet function assay (pfa) (1)"
"255-0","Medical image registration","7","xerograph (1); qct/fea (1); iu x-ray and mimic-cxr (1); adult and fetal echocardiography (1); endoscopic hsi (1); covid-19 x-ray (1); measuring bone defect sizes (1)"
"255-1","Time-series analysis","9","dynamic pedography (1); healthy spines whole-body vibration (1); pre-bending (1); three-axis accelerometer (1); foot pressure (1); toe-off detection (1); whole-body vibration (1); foot clearance (1); biomechanical assessment (1)"
"255-2","Health measurement instruments","6","stethoscope variability (1); manual auscultatory method (1); bed-egress analysis (1); palpation (1); medical percussion (1); bells test (1)"
"255-3","Sensor-based instrumentation","9","forced oscillation technique (2); meditation dose-response (1); breath-hold challenge (1); cold-water immersion (1); breath-prints (1); thermal conditioning (1); nasal airflow conditioning (1); water-immersion technique (1); thermal comfort (1)"
"255-4","Personalized interventions","4","st-36 (1); acupuncture stimulation (1); augmented cda (acda (1); galvano-magnetostimulation (1)"
"255-5","CTSA methodology","22","ctsa (86); ctsa evaluation (2); one-versus-rest (1); sequential testing (1); proximal-point algorithm (1); abric method (1); nonadaptive testing (1); stitching assessment (1); backtracking (1); multiparameter (1); cross-modal amalgamation (1); three-axis accelerometer (1); open test results (1); re-sampling technique (1); method validation, liver transplantation (1)"
"255-6","Participatory research","5","photo-elicitation (1); balint technique (1); tree-dissection methods (1); autoethnography (1); visual elicitation technique (1)"
"255-7","Sleep study methodology","16","relaxometry (3); noninvasive hemoglobin (1); fitbit data (1); fowlkes–mallows index (1); duodenogastric reflux (dgr) evaluation (1); crest time ratio (1); dental stress analysis (1); mcvs (1); hemo-rheology (1); passive measurement (1); aspiration efficiency (1); transducers, pressure (1); prior weight (1); inflation testing (1); passive inflation (1)"
"255-8","neuromuscular characterisation","1","neuromuscular characterisation (1)"
"256-0","Modeling approaches","63","structural equation modeling (38); mediation analysis (23); structural equation model (13); mediation (7); hierarchical model (5); mediation effect (5); structural topic modeling (5); measurement invariance (5); moderation (4); path analysis (4); hierarchical models (4); likelihood ratio (4); structural equation modelling (4); latent semantic analysis (3); latent variables (3)"
"257-0","Medical informatics","46","clinical prediction model (20); clinical prediction models (14); clinical risk prediction (13); clinical prediction rule (9); diagnostic test accuracy (8); clinical decision rules (7); diagnostic tools (6); detailed clinical models (4); predictive tool (4); clinical predictive modeling (3); prognostic tool (3); clinical information model (3); computer interpretable guidelines (3); clinical predictive models (3); clinical prediction rules (3)"
"258-0","Generative modeling","75","autoencoder (73); variational autoencoder (32); autoencoders (19); graph autoencoder (11); denoising autoencoder (10); convolutional autoencoder (8); deep autoencoder (8); masked autoencoder (7); sparse autoencoder (5); stacked sparse autoencoder (3); graph convolutional autoencoder (3); stacked sparse autoencoders (3); stacked autoencoder (3); graph variational autoencoder (2); stacked sparse auto-encoders (2)"
"259-0","Feature selection","58","patient selection (63); patient similarity (23); cohort identification (18); cohort selection (15); patient stratification (13); patient matching (13); patient perception (7); patient classification (7); patient pathway (5); case identification (4); patient review websites (3); cohort analysis (3); patient survey (3); case detection (3); patient cohort (2)"
"260-0","Health measurement instruments","16","respiratory mechanics (11); respiratory function tests (10); pulmonary function (4); airway resistance (3); breath tests (2); lung mechanics (2); plethysmography (2); pulmonary function test (2); lung function tests (2); copd assessment test (2); lung function testing (1); breath analysis (1); incentive spirometer (1); cold-air exposure (1); pulmonary gas exchange (1)"
"260-1","Sleep study methodology","3","sleep apnea (43); nocturnal desaturation (1); sleep screening (1)"
"260-2","Sleep study methodology","3","home sleep studies (1); home sleep test (1); home sleep testing (1)"
"260-3","Health measurement instruments","6","home blood sampling (1); home spirometry (1); home sperm test (1); at-home testing (1); home spirometers (1); at-home diagnostic testing (1)"
"260-4","Health measurement instruments","15","blood gas analysis (6); nutritional assessment (3); lactate dehydrogenase (2); urinary biomarkers (2); blood gas analyses (1); taste perception (1); sweat biomarkers (1); sweat analysis (1); nailfold capillaroscopy (1); physiological assessment (1); laboratory assessments (1); kidney function tests (1); blood chemical analysis (1); glucose tolerance test (1); glucose intolerance (1)"
"260-5","Reminder systems","2","medication compliance (7); heart function tests (1)"
"260-6","Health measurement instruments","4","hearing screening (6); hearing tests (3); skin tests (1); skin analysis (1)"
"261-0","Medical informatics","57","knowledge bases (197); biological ontologies (101); terminology as topic (88); biomedical ontologies (20); domain knowledge (17); classification and taxonomy (16); biomedical ontology (14); terminologies (9); medical terminologies (8); controlled vocabularies (6); biomedical terminologies (5); named entity (4); medical ontology (4); dictionaries (3); mesh headings (2)"
"262-0","Medical education","15","continuing education (16); continuing medical education (11); health professions education (6); postgraduate education (2); health profession education (1); anatomy education (1); medical didactics (1); continuous professional education (1); health professions training (1); continuing education learning (1); continuous professional development (1); educational institutions (1); postgraduate medical education (1); masters programs (1); academic medical education (1)"
"262-1","Medical informatics","10","informatics education (2); health informatics education (2); medical informatics/education (1); large language model, chatgpt, medical licensing examination, medical education (1); molecular pre-training (1); e-learning, medical students (1); medical vision-language pre-training (1); dall·e 3 and medical education (1); online bioinformatics education (1); bioinformatics education and training (1)"
"262-2","Educational methodologies","4","iscb student council symposium (1); graduate biomedical research education (1); research education & training (1); training life scientists (1)"
"262-3","Cost-benefit analysis","2","economics of training and education (1); socioeconomic challenges in scientific training (1)"
"262-4","Medical education","13","higher education (8); undergraduate medical education (6); mentoring skills (1); undergraduate education (1); communication partner training (1); nonprofessional education (1); decision-making in higher education (1); extracurricular education (1); postsecondary education (1); undergraduate health care education (1); student education (1); digital professionalism, continuing professional development (1); entrepreneurial training (1)"
"262-5","Medical education","6","nursing education (24); medical oncology/education (1); radiology education (1); endodontic education (1); geriatric education (1); breast cancer education (1)"
"263-0","Isotopic labeling","53","isotope labeling (13); rna modification (8); m6a (8); succinylation (4); rna modifications (4); multi-label protein subcellular localization (2); n6-methyladenosine (m6a (2); lysine lactylation (2); protein post-translational modification (2); m6a modification (2); lactylation (2); arginine phosphorylation (1); chemical modifications (1); n6-methyladenine (6ma (1); uv crosslinking (1)"
"264-0","Modular predictive framework","82","classification model (12); decision fusion (7); prediction algorithm (7); risk assessment model (6); level set method (5); algorithm validation (4); algorithm evaluation (3); scoring card method (2); threshold selection (2); algorithm selection (2); response prediction (2); risk visualizations (1); automated method assessment (1); diagnosis aid system (1); algorithmic discrimination (1)"
"265-0","Molecular docking methods","46","drug-target interaction (15); analytical validation (4); antifungal peptides (4); toxicity tests (3); taguchi method (3); proficiency testing (2); antioxidant activity (2); drug testing (2); minimum inhibitory concentration (2); antibacterial activity (2); antibacterial (2); antibiofilm activity (2); antioxidant capacity (2); toxic effects (2); compound identification (2)"
"266-0","data representations","86","semantics (335); semantic segmentation (54); semantic textual similarity (5); sentence classification (5); contextualized word embedding (4); sentence embedding (3); semantic rules (3); semantic standards (3); vision-language (3); author name disambiguation (3); domain-specific language (2); context-free grammar (2); annotated corpora (2); semantic subgraph (2); bag-of-words (2)"
"267-0","Medical image registration","50","medical imaging (265); medical image classification (41); medical image processing (34); medical image fusion (13); image recognition (10); biomedical image processing (9); medical software (5); medical image interpretation (4); medical image retrieval (4); medical image translation (3); medical imaging segmentation (2); medical segmentation (2); medical image generation (2); medical images segmentation (2); dicom viewer (2)"
"268-0","Optical coherence tomography","15","tomography, emission-computed, single-photon (5); region of interest (roi) (1); volumetric electron microscopy (vem (1); 3 dimensional (3d) (1); 3d modeling of is (1); volume under the surface (vus) (1); computed tomo-graphy (ct) (1); thermal region of interest (troi) (1); diagnostic region of interest (roi) (1); lesion region of interest (lroi) (1); whole slide (ws) (1); hyperpolarized (13)c (1); four-dimensional (4-d) (1); candidate target site (cts) (1); epiphyseal regions of interest (erois) (1)"
"268-1","Biomedical signal processing","18","ecg derived respiration (edr) (2); wall shear stress gradient (wssg) (1); continuous adventitious sounds (cas) (1); two-cycle duration (2cd) (1); quadriceps muscle (qm) (1); glottal closure instant (gci) (1); glottal opening instant (goi) (1); high-pass sigma-delta modulator (hpsdm) (1); lesion color texture (lct)–streax (str) (1); airflow and spo(2) (1); heart sound segmentation (hss) (1); electric-acoustic conversion ratio (e-acr) (1); accelerometer contact microphone (acm) (1); eye movement classification (emc) (1); textile sensor noise (tsn) (1)"
"268-2","Optimization methods","15","gated recurrent unit (gru) (3); attention gate (ag) (2); aggregated residual visual block (arvb) (1); lead asymmetric pooling (lap) (1); hyperdimensional computing (hdc) (1); super-twisting control (stc) (1); modified differential evolution (mde) (1); multiarmed bandit (mab) (1); integrated gradient (ig) (1); uncertainty quantification (uq) (1); gated linear units (glu) (1); enhanced bat optimization (ebo) (1); relation extraction (re) (1); short-time viterbi (stv) (1); lead random mask (lrm) (1)"
"268-3","Sequence alignment","9","sars-cov-2 m(pro) (2); poly(l-histidine) (1); pl(pro) (1); 3cl(pro) (1); inclusion (dei) (1); lysine crotonylation (kcr) (1); sars-cov-2 (covid-19) (1); indirect immunofluorescence (iif) (1); novel coronavirus (sars-cov-2) (1)"
"268-4","Clinical research methods","6","placental chorionic surface vascular network (pcsvn) (1); seizure prediction (sp) (1); microtesticular sperm extraction (mtese) (1); left atrial appendage occlusion (laao) (1); detailed clinical model (dcm) (1); pathological brain detection (pbd) (1)"
"268-5","Medical informatics","14","optimal transport (ot) (2); micro expression (me) (1); patient-targeted googling (ptg) (1); extract-transform-load (etl) (1); plithogenic hypersoft set (phss) (1); cpoe (up to 5) (1); omu specificity (os) (1); context-adjusted proportion of singletons (caps (1); virtual physiological human (vph) (1); region of non-interest (roni) (1); ddi extraction (ddie) (1); interoperability (iop) (1); compressive sampling (cs) (1); primary user-interference(pui) (1)"
"268-6","Optimization methods","4","method of lines (mol) (2); compact half-edge (che) (1); facet joint force (fjf) (1); collagen proportionate area (cpa) (1)"
"268-7","Discriminant analysis","1","lie detection (ld) (1)"
"269-0","Computer vision","35","vision transformer (76); lightgbm (16); archetype (11); gans (10); quaternion (6); radar (6); conformer (4); gqs (3); bicoherence (2); dinov2 (2); gen3 (2); 3dcnn (2); weiner hammerstein (1); rumor propagation (1); hypergraphs (1)"
"269-1","Biomedical signal processing","24","edible grain (5); epro (5); dielectrophoresis (2); medical eponyms (1); biobrick chain (1); bioheat (1); eclaim (1); humo-lumo (1); emmetropization (1); bioblend (1); memm (1); biomedical passage retieval (1); dubs (1); lincs l (1); bio-micrograph (1)"
"269-2","Participatory research","28","hackathon (13); coproduction (5); bridge2ai (4); 510(k) (2); consortia (2); rbac (2); hippocratic oath (2); flamegpu2 (1); stack dmf (1); affordance (1); scholargpt (1); iso 19761 (1); frugal science (1); cede review (1); saml (1)"
"269-3","Funding for pilots","5","softbanks (1); astral (1); catalogs (1); spacex (1); spaceflight (1)"
"270-0","Concept analysis","57","analysis (26); emotion analysis (7); integrated analysis (7); behavior analysis (3); distributed analysis (3); cognitive task analysis (3); coword analysis (3); vulnerability analysis (2); failure analysis (2); lexical analysis (2); syntactic analysis (2); emotional analysis (2); security analysis (2); meta analyses (2); ethical analysis (2)"
"271-0","Generative modeling","18","large language model (285); language model (52); clinical large language models (2); large-language model (1); antibody language model (1); multilingual large language model (1); neural language model (1); context-specific models (1); clinical language models (1); domain-specific language model (1); character-level language model (1); pathways language model (1); context-aware language model (1); spanish language models (1); neural topic model (1)"
"271-1","Vision-language models","6","vision-language model (4); visual-language model (2); multimodal large language model (2); cross-modal framework (1); vision–language model (1); vision-language foundation models (1)"
"271-2","Attention models","20","attention model (3); teacher-student model (3); attention models (2); attention mechanism model (1); model integration (1); attention-based models (1); long-short term memory model (1); multi-task model (1); dynamic graph attention model (1); dual-view modeling mechanism (1); dual-rate model (1); unimodal model (1); actor model (1); generalization model (1); transfer learning models (1)"
"271-3","Modeling approaches","19","models, theoretical (340); explainable models (6); explainable model (4); mental model (4); fogg behavior model (3); utaut model (3); expectation confirmation model (2); expectation-confirmation model (2); dual model (2); decision-making model (1); acceptance model (1); contextual data model (1); integrative model of behavioral prediction (1); control-oriented model (1); lasswell’s 5w communication model (1)"
"271-4","causal artificial intelligence (causal ai)","12","counterfactual prediction (2); cascade model (1); causal loop diagram (1); adaptive nonharmonic model (1); shift model (1); granger causality framework (1); causal-loop diagram (1); causal diagram (1); causality-inspired model (1); representations of time (1); temporal foundation model (1); delay model (1)"
"271-5","Modeling approaches","6","genetic models (11); cellular potts model (2); brain network model (1); corticothalamic model (1); neurosymbolic modeling (1)"
"271-6","Modeling approaches","13","probabilistic information retrieval model (1); prophet model (1); lexical model (1); control-theoretic model (1); ontological model (1); numeracy in language models (1); relational similarity model (1); conceptual view (1); symbolic models (1); two-part model (1); spatial-channel-aware perspective (1); word similarity model (1); metaheuristic model (1)"
"272-0","Clinical research methods","29","clinical decision-making (148); computer-assisted decision making (14); multi-criteria decision-making (3); patient decision making (3); data-driven decision making (3); evidence-based decision making (3); group decision making (2); computer assisted decision making (2); multiple criteria decision making (2); computer-assisted decision-making (2); multi criteria decision making (2); evidence-informed decision-making (2); vaccine decision-making (1); group medical decision-making (1); surgery-related decision making (1)"
"273-0","Data collection","19","datasets as topic (81); data set (13); datasets (7); dataset shift (5); content coverage (2); source data verification (2); dataset augmentation (1); dataset expansion (1); dataset integration (1); dataset bias (1); dataset drift (1); analyses pipeline (1); dataset shifts (1); datasets integration (1); data sets as topic (1)"
"273-1","Data annotation","7","metadata standardization (4); metadata standards (2); metadata registry (1); metadata integrity (1); provenance metadata (1); metadata preservation (1); article metadata correction (1)"
"273-2","data representations","9","uci dataset (1); genotype data integration (1); protein data augmentation (1); origami data augmentation (1); sequencing data compression (1); sensor data exploration (1); clinical dataset adaptation (1); geo data curation (1); sequencing data segmentation (1)"
"273-3","Data collection","5","file version control (1); source fusion (1); database deployment (1); s3 genomic data lake (1); databases-security (1)"
"273-4","Graph representation learning","2","graph data augmentation (1); graph information bottleneck (1)"
"274-0","Optimization methods","11","enzyme turnover number (2); arrhenius integral (1); kinetics estimation (1); reaction knockout (1); maximum growth rate calculation (1); kcat prediction (1); custom reaction rate laws (1); kinetic constants estimation (1); conversion prediction (1); binding availability time (1); activation times (1)"
"274-1","Pharmacometrics methodology","6","flux modes (1); flux sampling (1); flux space sampling (1); cell-growth simulation (1); production prediction (1); uptake efficiency prediction (1)"
"274-2","Optimization methods","24","umbrella sampling (6); scattering transform (3); beam search (2); sublanguage analysis (2); transformer structure (2); function comparison (1); long-range dependency (1); additive stages (1); maximum output information (1); complex shearlet (1); simplified neutrosophic set (1); density based (1); complex shearlet scattering transform (1); branching complexity (1); scattering network (1)"
"274-3","Modeling approaches","26","large eddy simulation (3); perturbation effects (2); electric circuit analogue (1); transmission protocol (1); distance saturation (1); interface conditions (1); stress modelling (1); streaming potential (1); flow distribution (1); transmission trajectory prediction (1); e-flux algorithm (1); structural break scenarios (1); junction exponent (1); reflection wave (1); stress–strength interference (1)"
"274-4","Sensor-based instrumentation","19","textile strain gauge (1); surface dsc (1); persistent lifetime image (1); surface parameterization (1); effective atomic number image (1); synthesis distance matrix (1); spectral data simulation (1); density based (1); aerosol fingerprints (1); instrument-tissue interaction detection (1); model transportability (1); density classification (1); feature uncertainty (1); improved artificial potential energy field (1); load cell (1)"
"274-5","Modular predictive framework","14","fatigue prediction (4); bioheat equation (2); pssms (1); thermostability dataset (1); human flow experience (1); residue-level phase separation prediction (1); efficiency prediction (1); biological characteristic curve (1); rna decay rate estimation (1); human factors compliance (1); pump state classification (1); thermoregulation model (1); food flavor prediction (1); model order reduction (1)"
"274-6","Optimization methods","3","equilibrium optimizer (1); assignment theory (1); lion optimization technique (1)"
"274-7","Modeling approaches","1","acoustic foundation model (1)"
"275-0","Statistical dependence measures","61","confidence intervals (23); summary statistics (7); confidence interval (6); pearson correlation coefficient (4); standard deviation (3); pearson correlation (3); robust statistics (2); limits of agreement (2); root mean square deviation (2); coefficient of variation (2); correlation coefficient (2); root mean square (2); pearson's correlation coefficient (2); mean square error (1); squared correlations (1)"
"276-0","Modeling approaches","9","transformer models (7); cross lstm (1); densenets (1); rnn models (1); fc-densenets (1); encoder–decoder models (1); 1d models (1); coloured stochastic/continous/hybrid petri nets (1); single classifiers (1)"
"276-1","Dilated convolutions","7","dilated convolutions (4); asymmetric convolutions (1); parallel convolutions (1); temporal convolutions (1); dynamic convolutions (1); acs convolutions (1); atrous convolutions (1)"
"276-2","data representations","10","embeddings (17); vector spaces (2); d embeddings (2); input embeddings (2); embedding vectors (1); vector representations (1); hyperbolic embeddings (1); esm embeddings (1); embedding distributions (1); chemberta embeddings (1)"
"276-3","Graph representation learning","7","gnns (2); mesh nodes (1); manifolds (1); geometric vector perce ptrons (1); bag of centroids (1); manifold projections (1); node embeddings (1)"
"276-4","t-invariants","1","t-invariants (1)"
"276-5","Computer vision","15","active contours (13); noisy labels (7); coupled level sets (2); compact models (2); pairwise logratios (1); dividing sequences (1); iterated maps (1); polynomial features (1); non-circular orbits (1); edr and hrv signals dictionaries (1); discrete transforms (1); spd matrices (1); neighborhood rough sets (1); probabilistic metric spaces (1); sparse signals (1)"
"276-6","Boundary conditions","2","terms (2); asymmetric channel walls (1)"
"277-0","Radiomic feature extraction","6","texture analysis (15); color analysis (2); capillary network analysis (1); hep-2 computer assisted analysis (1); color texture analysis (1); textural analysis (1)"
"277-1","Metabolic flux analysis","4","metabolic flux analysis (22); flux balance analysis (8); metabolic analysis (1); conditional flux balance analysis (1)"
"277-2","Social dynamics analysis","4","netnographic analysis (3); quantitative content analysis (2); conventional content analysis (2); typological analysis (1)"
"277-3","Penalized regression","20","least-squares analysis (33); spectral analysis (15); spectrum analysis (8); normal mode analysis (4); multi-sample analysis (2); spectral data analysis (1); distributional data analysis (1); spatiotemporal differential analysis (1); multisample analysis (1); multi-parametric analysis (1); statistical classifications spectrum analysis (1); high dimensional analysis (1); high-dimensional analysis (1); singular spectrum analysis (1); spectral analysis frequency dependent resolution (1)"
"277-4","Microstate analysis","2","microstate spectral analysis (1); microstate analysis (1)"
"277-5","wet bench analysis","1","wet bench analysis (1)"
"279-0","Penalized regression","12","linear regression (18); linear regression analysis (5); stepwise regression (3); multiple linear regression (3); standardized root mean square residual (1); curvilinear regression (1); linear least squares regression (1); multiple linear regressions (1); partial least square regression (1); multiple regression (1); partial least squares regression (1); multivariate linear regression (1)"
"280-0","Evaluation frameworks","15","usability testing (49); usability evaluation (31); user evaluation (5); usability analysis (4); usability test (3); system usability (3); completion rate (3); usability assessment (2); usability tests (2); system usability evaluation (1); usability improvements (1); usability questionnaire (1); web-based testing (1); mobile usability testing (1); iterative prototype testing (1)"
"280-1","Human-computer interaction","10","user acceptability (4); user perspectives (4); user experience evaluation (2); user ratings (2); consumer satisfaction (2); user surveys (1); consumer ratings (1); usability and user satisfaction questionnaire (1); user rating (1); usability attributes (1)"
"280-2","Evaluation frameworks","6","readability assessment (4); content evaluation (2); content validation (2); trustworthiness evaluation (1); content rating (1); content validity assessment (1)"
"280-3","Evaluation frameworks","6","delphi survey (3); expert ratings (2); expert elicitation (2); participant feedback (1); workshop discussions (1); qualitative vignettes (1)"
"281-0","Motif discovery","57","catalytic domain (16); protein sorting signals (7); disulfides (7); dna-binding residues (4); nuclear export signals (3); translation initiation site (2); rna-binding residues (2); cryptic binding sites (1); cdr-h3 loop conformations (1); coa-binding residue (1); disulfide bond (1); invariant residues (1); protein functional site (1); cleavage site (1); metal coordination site (1)"
"282-0","Large language models","27","large language models (441); language models (33); pretrained language model (11); pretrained language models (10); transformer-based language models (5); transformer language model (3); ai language model (2); generative language models (2); generative language model (2); neural language models (2); domain-specific language models (1); bert-like enhancer language model (1); domain-specific small models (1); generative large language models (1); contextual embedding models (1)"
"282-1","Large language models","17","protein language model (29); protein language models (23); protein large language model (3); biomedical language models (2); medical language models (2); genomic language models (2); biological language models (2); physiologically coupled language models (1); biological deep language model (1); large protein language models (1); genomics-informed large language models (1); radiology language model (1); pretrained protein language model (1); chemical language model (1); protein large language models (1)"
"282-2","Vision-language models","5","multimodal large language models (8); vision-language models (5); large vision-language models (2); vision language model (1); vision language models (1)"
"282-3","Generative modeling","11","topic models (11); network models (6); knowledge models (2); word embedding models (1); graph-based models (1); semantic modeling (1); semantic annotation models (1); graph neural topic model (1); graph network models (1); knowledge graph embedding models (1); time-aware neural topic model (1)"
"282-4","Modeling approaches","12","statistical shape models (3); rule-based models (2); domain models (1); inference rules (1); constraint-based metabolic models (1); optimizing large language models (1); computational disease models (1); evolutionary models (1); active shape models (1); genetic-programming-evolved string-similarity patterns (1); predictive modelling, machine learning, language models (1); executable models (1)"
"282-5","Trustworthy AI","3","fairness in large language models (1); explainability in large language models (1); privacy-preserving language models (1)"
"283-0","Medical informatics","47","ai (artificial intelligence) (4); compute unified device architecture (cuda) (3); service-oriented architecture (soa) (2); natural language processing (computer science) (2); resource description framework (rdf) (2); big data to knowledge (bd2k) (1); knowledge representation (computer) (1); scalable vector graphics (svg) (1); plain language summary (pls) (1); biomedical and biological ontology (bio-ontology) (1); spart formats (spart-xml (1); vision large language model (vllm) (1); dublin core metadata element set (dc metadata element set) (1); systems biology graphical notation (sbgn) (1); data visualization (mesh) (1)"
"284-0","Kalman filtering","46","kalman filter (11); unscented kalman filter (6); kalman filtering (6); nonlinear bayesian filtering (3); extended kalman filter (3); gabor filter (3); marginalized particle-extended kalman filtering (2); nonlinear filter (2); wiener filter (2); kalman filters (2); extended kalman filtering (2); adaptive noise cancellation (2); kalman smoothing (1); band-pass filter (1); time-adaptive filtering (1)"
"285-0","Clinical research methods","21","tissue culture (7); academia (4); academic research (4); oxford nanopore technology (2); oxford nanopore technologies (2); aaclust (1); national institutes of health research (1); synchrotron radiation (1); dna nanotechnology (1); us national institute of mental health (1); medical research council (1); united states department of agriculture (1); biomedbridges (1); national academies of science (1); netwellness.org (1)"
"285-1","Participatory research","6","science communication (9); scientific communication (5); science communications (2); web science (1); public reports (1); public communication (1)"
"285-2","Electrochemical methods","9","chemical tools (47); scientific research (9); web of science (5); financial resources (2); national cyberinfrastructure (1); r&d (1); research and technology (1); r-studio (1); natural science (1)"
"285-3","Lightweight networks","4","satellite communications (3); cyber threats (2); radio communication (2); quantum communication (1)"
"285-4","Social dynamics analysis","14","international cooperation (15); california (14); london (10); north america (9); san francisco (2); silesian university of technology (1); san diego (1); global research trend (1); university of colorado (1); european research (1); waddington (1); international research (1); jurisdiction (1); washington, dc (1)"
"286-0","Medical informatics","59","forecasting (207); time series forecasting (20); time-series forecasting (5); pandemic preparedness (5); demand forecasting (3); short-term forecasting (2); disease forecasting (2); seizure forecasting (2); epidemic forecasting (2); influenza forecasting (2); demand forecast (2); glucose forecasting (2); health forecasting (2); regional influenza forecasting (1); spatiotemporal forecasting (1)"
"287-0","Cross-domain generalization","10","transfer learning (384); transfer-learning (3); inductive transfer learning (2); active transfer learning (2); cross-subject transfer learning (1); knowledge transfer learning (1); domain-specific adaptation (1); two-stage learning (1); domain-incremental learning (1); dual-task learning (1)"
"287-1","Meta-learning","7","meta-learning (33); meta-transfer learning (2); dynamic learning (2); fast learning (1); many-shot in-context learning (1); rapid learning (1); evolutionary learning (1)"
"287-2","Multitask learning","13","multi-task learning (141); class-incremental learning (5); progressive learning (5); self-paced learning (3); auxiliary learning (2); sequential learning (1); auxiliary-task learning (1); multi-tasking complementary learning (1); domain-incremental learning (1); prior-guided learning (1); task-incremental learning (1); corrective learning (1); multi-tasking learning (1)"
"287-3","Graph representation learning","21","representation learning (95); sequence learning (3); semantic learning (2); dual-view representation learning (2); bimodal learning (2); dual-view learning (1); multimodal contrastive learning (1); retrieval-augmented learning (1); vision-language representation learning (1); example driven learning (1); multi-fidelity learning (1); generalized representation learning (1); exemplar learning (1); discrete representation learning (1); interpretable representation learning (1)"
"287-4","Supervised contrastive learning","12","contrastive learning (208); distance learning (9); mutual learning (3); contrastive representation learning (2); joint contrastive learning (1); multimodal contrastive learning (1); momentum-based contrastive learning (1); structure-enhanced contrastive learning (1); prototypical learning (1); distance-learning (1); dual-hop learning (1); prototypical contrastive learning (1)"
"287-5","offline reinforcement learning","6","reinforcement learning (96); imitation learning (2); inverse reinforcement learning (2); offline-reinforcement learning (1); implicit learning (1); mimic learning (1)"
"287-6","causal artificial intelligence (causal ai)","11","rule learning (3); causal learning (3); causal structure learning (2); sequence-to-sequence learning (2); zero-inflated graph attention collaborative learning (1); structural learning (1); symmetry-aware learning (1); sequence-structure learning (1); hippo-guided learning (1); geometric-order-learning (1); spatial correlations and global context learning (1)"
"287-7","Bayesian statistics","11","shallow learning (4); probability learning (3); pattern learning (2); model averaging in variational inference (1); robust learning (1); model learning (1); uncertainty aware learning (1); probabilistic learning (1); feedback error learning (1); fine-grained degradation learning (1); prior learning (1)"
"287-8","Online learning","10","adaptive learning (6); self-paced learning (3); contextual learning (2); self-regulated learning (2); self-guided attentive learning (1); global learning (1); content-noise complementary learning (1); global context-aware learning (1); local to global learning (1); boundary information learning (1)"
"287-9","Distributed algorithms","2","distributed learning (10); heterogeneity-resilient federated learning (1)"
"288-0","Electroanatomic mapping","30","electroanatomic mapping (3); electroanatomical mapping (2); intracardiac electrogram (2); electrophysiologic techniques, cardiac (2); electroanatomical voltage mapping system (1); multipolar pacing (1); electrical mapping (1); electroanatomical maps (1); omnipolar electrograms (1); cardiac ablation catheters (1); epicardial mapping (1); main atrial wave (1); 3d tee (1); atrial imaging (1); synthetic atrial electrograms (1)"
"288-1","Biomedical signal processing","4","persistent atrial fibrillation (2); multiple wavelet reentry (1); tachyarrhythmia (1); supraventricular tachycardia (1)"
"288-2","Wavelet transforms","9","t wave (3); t-wave morphology (1); t wave pseudonormalisation (1); t-wave (1); t-wave alternans (1); t-wave oversensing (1); t wave morphology (1); electrogram morphology (1); t wave changes (1)"
"288-3","Biomedical signal processing","2","electrogastrogram (1); multi-channel electrohysterogram (1)"
"289-0","Diverse methods","13","narration (22); abstractive summarization (5); vignettes (3); verbal autopsy (3); vignette (2); writing strategies (1); advance statements (1); impression summarization (1); excerpt (1); indicative summarization (1); realist autoethnographic reflective report (1); mirror exposition (1); medical dialogue summarization (1)"
"289-1","Data collection","15","expert testimony (3); letter writing (1); meeting records (1); progress notes (1); clinic expert information (1); progress note (1); document analyses (1); referability (1); case conceptualization (1); mesh subheadings (1); paper survey (1); scanned documents (1); case illustration (1); paper documentation (1)"
"289-2","Medical education","12","textmessaging (4); audio consultation (2); academic detailing (2); presentation (1); personalized content (1); video-rating (1); endoscopy-related videos (1); discussion groups (1); audio recording (1); decision boxes (1); e-detailing (1); telephony analysis (1)"
"289-3","Integrative review","9","rapid review (7); preprints (3); preprint (2); selective review (1); metareviews (1); review of digital twin projects (1); questionnairies (1); paper survey (1); topic labeling (1)"
"289-4","data representations","14","life logging (1); textual prompt (1); tabular (1); infolding (1); pain diagram (1); content features (1); pictorial structure (1); multilingual representation (1); timeline extraction (1); complementary spectrum (1); missing-view completion (1); content model (1); observation patterns (1); graphoelements (1)"
"289-5","Data validation","2","fact checking (2); fact sheet (1)"
"290-0","Generative modeling","11","generative ai (72); adversarial attack (9); generative adversarial net (2); universal adversarial perturbation (2); adversarial (2); trustworthy generative ai (1); generative ai chatbot (1); generative biological ai (1); ai(4) (1); causal survivalnet (1); general adversarial nets (1)"
"290-1","Bayesian statistics","9","naïve bayesian (2); bayes formula (1); probabilistic logic (1); bayesian trials (1); bayesian diagnosis (1); probability map (1); naive bayesian (1); bayesian u-net (1); probability graph (1)"
"290-2","Graph representation learning","25","heterogeneous graph (17); de bruijn graph (4); kolmogorov-arnold networks (3); kolmogorov-arnold network (3); signed network (2); temporal relational graph (2); random vector functional link (2); maximum clique (1); kolmogorov–arnold network (1); dijkstra algorithm (1); random walker (1); random convolution (1); bridging heterogeneous graph (1); personalized hypergraph (1); hypergraph model (1)"
"290-3","Optimization methods","24","dice loss (6); rank constraint (2); stochastic programming (2); elastic-net (2); pareto front (2); linear population size reduction mechanism (1); branch-and-bound strategy (1); inequality constraints (1); piecewise representation (1); invertible network (1); gentleboost ensemble (1); effective architecture (1); convex conjugate (1); constraint nmf (1); nonlinear ensemble (1)"
"290-4","Neural networks","10","residual network (16); residual learning (8); bidirectional lstm (7); nested lstm (1); neural fingerprint (1); residual ew-gcn (1); residual convolution (1); deformable self-attention (1); conditional encoding (1); boundary aware unit (1)"
"290-5","Fuzzy-set QCA","16","noisy label (2); boruta algorithm (2); type-ii fuzzy voter (1); fuzzy query (1); fuzzy decision (1); multimodal tree (1); grouping-proof (1); highly-convergent thresholding (1); imbalance learning (1); cycle-consistency constraint (1); noisy labelling (1); -matrix norm (1); fuzzy c-mean (1); multiview clustering (1); sense clustering (1)"
"290-6","differential privacy","9","privacy calculus (4); k-anonymity (3); privacy-utility equilibrium (1); somewhat homomorphic encryption (1); situational privacy calculus (1); local differential privacy (1); zero-knowledge proofs (zkps) (1); privacy parameter (1); probabilistic differential edges (1)"
"290-7","Biomedical signal processing","6","difference-of-gaussian (1); wiener estimation (1); wigner transform (1); heat kernel (1); vector calculus (1); pan-tompkins algorithm (1)"
"290-8","Chaotic maps","7","attractor (1); arcs motivation model (1); dynamical fusion (1); attractor reconstruction (1); chaos game (1); chaotic transform (1); coherent structures (1)"
"290-9","Optimization methods","11","hierarchical volterra series (1); symbolic aggregate approximation (1); t-invariants analysis (1); parametric structured mesh (1); unstructured pruning (1); global illumination (1); fairlie decomposition model (1); discrete mathematics (1); cascade method (1); dagm (1); unstructured mesh (1)"
"291-0","Large language models","15","bionlp (5); chatgpt 4.0 (3); chatgpt-4.0 (3); google gemini (2); open-source llms (2); google speech api (1); hyenadna large language model (1); openannotatepy (1); biom2 (1); bioadv (1); arx tool (1); openannotateapi (1); biogpt (1); bionlp challenges (1); openai gpt 3.5 turbo (1)"
"291-1","Neural networks","10","fasttext (2); mobilenetv3_large (1); resnet_se (1); inception networks (1); runge kutta (1); mobilenet-v3 (1); fisher vector encoder (1); fruitfly algorithm (1); inceptionresnetv2 (1)"
"291-2","Computational biology","12","mitdb (2); phyloinformatics tool (1); haplowebs (1); semmeddb database (1); microbiome modeling toolbox (1); virus knowledgebase (1); pdb biounits (1); database exobcd (1); gbif data queries (1); hivseqdb (1); hubmapr (1)"
"291-3","Protein structure determination","4","prott5 (1); protac (1); emdb annotations (1); haddock integrative modelling (1)"
"291-4","Computational workflow management","14","intel sgx (2); docker containers (2); multiuser (2); kad_scl_01 (1); mccs-docker (1); open-source software bsd-licensed (1); nih cloud lab (1); embl-ebi job dispatcher (1); learning platform (1); openncp (1); oratool web tool (1); servers (1); open software (1); multiserver (1)"
"291-5","Secondary data analysis","15","vosviewer (12); arden syntax (11); java (3); websocket (1); scikit-learn (1); crossref updates (1); rapidminer studio (1); uhf rfid class1 gen2 (1); sitespace (1); shiny webtool (1); webcmap (1); clusterv-web (1); zmpy3d software (1); r/shiny gui (1); jdispatcher-viewers (1)"
"291-6","Computational workflow management","5","integration with surfaces nrgrank isomif nrgten modeler suite (1); mcnpx code (1); integration with episcanpy/signac/archr (1); oratool web tool (1); dekois 2.0 (1)"
"292-0","Medical informatics","14","virtual patient (17); virtual patients (12); cardiac digital twin (2); virtual liver (1); virtual stent (1); virtual digital human (1); virtual lung (1); digital human twin (1); virtual twin (1); virtual crossmatch (1); digital-twin (1); digital patient twin (1); digital patient twins (1); digital proxy (1)"
"292-1","Medical informatics","11","telegram (5); telereview (1); virtual cardiology (1); full digital approach (1); mobile diagnosis (1); telepaediatrics (1); digitized exams (1); virtual consult (1); va video connect (1); digitally delivered (1); virtual triage (1)"
"292-2","Medical image registration","19","cameras (12); virtual staining (5); camera (5); medical illustration (3); stereolithographic (1); .virtual histology (1); 3dvw (1); dermascopic (1); digital slide (ds) (1); mp2rage (1); 3dra (1); virtual histology (1); radiographer (1); microsoft kinect (1); dental cad (1)"
"292-3","Digital phenotyping","26","digital divide (134); digital exclusion (10); digital scribe (8); coreference resolution (4); digital markers (3); digital footprint (2); extended monitor (1); edge acceleration (1); compressed bottleneck (1); digital marker (1); ai digital mourning (1); digital revolution (1); digitally delivered (1); digital pen (1); digital normal (1)"
"293-0","contrast-enhanced liver magnetic resonance imaging","14","magnetic resonance (4); tissue characterization (3); mag- netic resonance imaging (1); contrast-to-noise ratio (1); double inversion recovery (1); magnetization transfer ratio (1); cest mri (1); cest analysis (1); diffusion-relaxometry (1); mr relaxometry (1); superparamagnetic relaxometry (1); imaging parameters (1); mr spectroscopy (1); proton mrs (1)"
"293-1","Imaging biomarkers","8","quantitative imaging biomarkers (2); imaging biomarkers (2); magnetic resonance radiomics (1); imaging histological features (1); tumour radiomics (1); noninvasive quantification (1); quantitative elastographic features (1); imaging biomarker (1)"
"293-2","Clinical trials","4","acute ischemic stroke (19); neuroimaging biomarker (1); dopamine transporter scan (1); dopaminergic imaging (1)"
"293-3","Imaging biomarkers","6","tumor volume (2); tumor enhancement (1); metabolic tumour volume (1); nuclear medicine imaging (1); perfusion quantification (1); total-body parametric imaging (1)"
"293-4","Imaging biomarkers","3","ultrasound tissue characterization (2); bone heterogeneity (1); wrist pulse acquisition (1)"
"293-5","Imaging biomarkers","2","in vivo cell tracking (1); longitudinal imaging (1)"
"294-0","Bayesian statistics","46","gaussian processes (15); gaussian process (14); probability distribution (5); probability density function (5); power law (4); hurst exponent (4); beta distribution (2); long-tail distribution (2); dirichlet distribution (2); distributional representation (2); probability density (2); single-cell distributions (1); prior distributions (1); the long-tail distribution (1); probability distributions (1)"
"295-0","Feature extraction","59","feature extraction (238); feature fusion (124); features extraction (8); feature reduction (7); feature detection (2); embedded feature selection (2); feature classification (2); deep feature extraction (2); feature clustering (2); feature augmentation (2); feature generation (2); multi-scale feature extraction (2); statistical feature extraction (2); feature decomposition (2); feature extraction and fusion (1)"
"296-0","Social dynamics analysis","10","tweets (17); social media mining (8); twitter mining (3); twitter analysis (3); twitter analytics (1); social network mining (1); social networking site (sns) (1); data mining of social media (1); social network data (1); social media text mining (1)"
"296-1","Sentiment analysis","8","social media analysis (13); social media recruitment (3); social media campaign (2); social media monitoring (2); social media surveillance (1); social media marketing (1); social media literacy (1); social media public opinion (1)"
"296-2","Internet-based surveillance","9","google flu trends (4); blog search (2); media types (1); google trend (1); web surfing (1); digital media use (1); disease-related internet information (1); digital survey invitation (1); online news coverage (1)"
"296-3","data marketplace","1","data marketplace (1)"
"297-0","Health measurement instruments","36","validity (91); psychometrics (81); cross-cultural comparison (9); reliability and validity (6); content validity (3); psychometric testing (3); criterion validity (2); construct validity (2); psychometric validation (2); clinical validity (1); psychometric methods (1); measurement properties (1); comparative validity (1); measurement reliability (1); invalid instruments (1)"
"298-0","Medical informatics","95","clinical decision support systems (252); clinical decision support system (183); decision support systems (172); decision support system (81); point-of-care systems (47); decision-support systems (26); clinical decision-support systems (7); rule-based system (7); medical decision support system (6); knowledge-based system (6); computerized decision support system (5); knowledge-based systems (5); intelligent systems (4); computerized clinical decision support systems (3); rule-based systems (3)"
"299-0","Data annotation","13","named entity recognition (139); clinical named entity recognition (20); medical named entity recognition (7); entity recognition (6); medical relation extraction (4); medical entity recognition (4); drug named entity recognition (2); document relation extraction (1); clinical entity or attribute recognition (1); clinical entity recognition (1); named entity recognation (1); adverse drug event identification (1); clinical term recognition (1)"
"299-1","Medical informatics","12","radiology report summarization (1); clinical abbreviation disambiguation (1); radiology report labeling (1); clinical text summarisation (1); text report classification (1); medical report summarization (1); clinical natural language generation (1); biomedical document classification (1); biomedical relation classification (1); clinical text translation (1); clinical text generation (1); multilabel document classification (1)"
"299-2","Concept analysis","8","terminology mapping (8); medical device adverse event terminology (1); global abbreviation (1); structured taxonomy (1); terminology standard (1); terminology standardization (1); structured vocabulary (1); terminology management (1)"
"299-3","Chinese clinical NER","2","chinese clinical named entity recognition (4); chinese clinical entity recognition (1)"
"299-4","Medical informatics","3","clinical document architecture (4); hl7 clinical document architecture (2); hl7 consolidated clinical document architecture (1)"
"300-0","Emotional state detection","17","ecological momentary assessment (155); ecological momentary assessments (9); home assessment (2); ecologic momentary assessment (2); naturalistic observation diagnostic assessment (1); objective smartphone generated measures of stress (1); intensive longitudinal assessment (1); ecological moment assessment (1); ecological momentary (1); mobile cognitive assessment (1); daily life measures (1); remote cognitive assessment (1); mobile-phone-based assessments (1); mobile momentary ecological assessment (1); ecological home monitoring (1)"
"300-1","Neuropsychological testing","8","cognitive assessment (16); psychological assessment (3); clinical interview (2); cognitive interview (2); neurocognitive assessment (2); cognitive behavioral association (1); psychiatric assessment (1); iowa oral performance instrument (1)"
"300-2","Health measurement instruments","12","frailty assessment (2); pittsburgh sleep quality index (1); multilevel pain assessment (1); physical fitness assessment (1); image-assisted dietary assessment (1); healthy eating behavior evaluation (1); automatic pain assessment (1); sleep quality assessment (1); health status assessment (1); health behavior assessment (1); automatic dietary assessment (1); multimetric assessment (1)"
"300-3","Clinical research methods","5","alcohol monitoring (2); sexual network measurement (1); sexual risk assessment (1); alcohol assessment (1); alcohol risk assessment (1)"
"300-4","Clinical research methods","7","symptom assessment (22); trier social stress test (2); anxiety screening (1); continuous suicidal risk assessment (1); anxiety assessment (1); distress screening (1); suicide risk assessment (1)"
"300-5","Health measurement instruments","9","psychographic variables (2); self-reported measures (2); sociability measurement (1); behavioral indicators (1); behavioural assessment (1); youth activity profile (1); adherence measures (1); self-report measures (1); repetitiveness measures (1)"
"302-0","Time-series analysis","19","pulse wave velocity (13); oscillatory shear index (3); pulse wave (2); arterial pulse waveform (2); blood volume pulse (2); brachial pressure waveform (2); radial pulse wave (1); pulmonary artery acceleration time (1); radial blood pressure waveform (1); arterial pulse wave (1); aortic flow velocity (1); radial-tibial pwv (1); augmentation index (1); carotid augmentation index (1); 2d carotid standardized map (1)"
"302-1","Health measurement instruments","5","volume fraction index (1); partial area index (1); static sciatic index (1); center of pressure (1); tortuosity index (1)"
"302-2","Time-domain spectroscopy","3","thoracic impedance (2); transthoracic bioimpedance (1); transthoracic impedance (1)"
"302-3","Time-series analysis","2","fractional derivative (1); fractional integral (1)"
"302-4","Time-series analysis","1","time-dependent c-index (1)"
"303-0","Feature extraction","85","multi-scale feature fusion (14); multi-feature fusion (9); multi-information fusion (8); similarity network fusion (5); multi-view feature fusion (4); multi-modal feature fusion (4); feature-level fusion (4); multi-level feature fusion (3); multi-dimension feature confusion (2); predication-based semantic indexing (2); discriminative pattern mining (2); multi-source feature fusion (2); multi-view information fusion (2); weighted feature fusion (2); multi-view fusion network (2)"
"304-0","Health measurement instruments","25","measurement equipment (14); digital measures (12); distance measurement (5); thermometry (3); replicated measurements (2); repeated measurements (2); physiological measurements (2); non-invasive measurement (2); thickness measurement (2); motion measurement (2); non-contact measurement (2); digital measurement (1); noninvasive measurements (1); digital clinical measures (1); noninvasive measurement (1)"
"305-0","Fluorescence techniques","54","super-resolution microscopy (130); cryoelectron microscopy (103); multiphoton microscopy (47); light-sheet microscopy (39); microscopy, fluorescence (35); confocal microscopy (21); wide-field fluorescence microscopy (19); scanning electron microscopy (16); transmission electron microscopy (15); microscopy, confocal (11); electron microscopy (10); microscopy, electron (9); scattering, small angle (7); fluorescence microscopy (4); interference microscopy (4)"
"306-0","Data collection","60","design (93); behavioural methods (24); research methods (20); survey methods (18); questionnaire design (14); survey methodology (11); data collection methods (9); recruitment methods (9); data sources (7); low-resource setting (6); sampling (5); epidemiologic research design (4); longitudinal design (4); ethnographic study (3); health care setting (3)"
"307-0","Online learning","13","computer-assisted instruction (34); computer tailoring (18); personalized feedback (7); computer-tailoring (7); digital skills (6); computer game (2); computer-mediated (2); computer-aided instruction (1); ai-assisted learning (1); feedback technology (1); intelligent computer-assisted instruction (1); personalised modelling (1); computerized training (1)"
"307-1","Medical education","10","teaching anatomy (3); face-to-face therapy (1); interactive treatment (1); simulator-based training (1); computerized pain body map (1); mirror therapy (1); digital pain manikin (1); neuroanatomy education (1); image-based diagnostic reasoning (1); clinical engineering learning lab (1)"
"307-2","Educational methodologies","15","gaming (14); virtual coaching (4); virtual education (2); virtual assistance (1); interactive design (1); training virtual tool (1); virtual human narration (1); virtual training (1); interactive game (1); virtual assistants (1); virtual reality assessment (1); educational games (1); augmented reality games (1); technology-assisted coaching (1); digital group–based activity (1)"
"307-3","Educational methodologies","14","video-based (2); teaching methods (1); live teaching (1); learning technique (1); online stochastic scheduling (1); internet-assisted (1); video-based feedback (1); trauma-informed teaching (1); remote and unsupervised assessment (1); participant-facing materials (1); problem based curricula (1); on-site teaching (1); evaluation study as a topic (1); blended training (1)"
"307-4","Trustworthy AI","4","virtual adversarial training (3); reconstruction pre-training (1); targeted adversarial training (1); web-based model (1)"
"308-0","microdosimetry","32","doi correction (6); phantom (4); dose prediction (3); dose calculation (2); dose prediction methods (1); dosimetric characterization (1); pet attenuation correction (1); xcat digital phantom (1); ai-based dose calculation (1); benchmark dose calculation (1); photon counting ct (1); phantoms (1); breast digital phantoms (1); personalized uncertainty quantification (1); geometrical uncertainty (1)"
"309-0","Data collection","82","real-world data (112); multimodal data (29); ehr data (24); real world data (19); sensor data (11); log data (8); twitter data (4); passive data (4); crowdsourced data (3); mobility data (3); wearable data (3); multi-modality data (3); brain data (2); tumor data (2); skeleton data (2)"
"310-0","Health measurement instruments","37","heart rate variability (107); bioimpedance (9); bispectral index (4); pulse rate variability (3); heart rate variability analysis (2); heart rate determination (2); ecg signal analysis (2); pulse waveform analysis (2); waveform analysis (2); cardiac image analysis (2); impedance spectroscopy (1); respiratory measurements (1); hrv analysis (1); capnometry (1); cardiac sound analysis (1)"
"311-0","Biomedical signal processing","20","neuromodulation (11); electric stimulation (6); transcranial direct current stimulation (5); functional electrical stimulation (4); electrical stimulation (3); noninvasive brain stimulation (2); transcranial alternating current stimulation (2); electrical neuromodulation (1); non-invasive brain stimulation (1); high definition transcranial current stimulation (1); transcranial temporal interference stimulation (1); neurostimulation (1); spinal cord stimulation (1); non-invasive brain electrical stimulation (1); neuromuscular electrical stimulation (1)"
"311-1","Transcranial magnetic stimulation","3","multichannel transcranial magnetic stimulation (1); intermittent theta burst stimulation (1); repetitive transcranial magnetic stimulation (1)"
"311-2","Biomedical signal processing","4","cochlear implants (5); neural prostheses (2); intracortical brain-machine interface (1); intrafascicular electrical stimulation (1)"
"311-3","Fluorescence techniques","2","photic stimulation (1); optical stimulation (1)"
"311-4","Transcranial magnetic stimulation","3","thermoalgesic stimulation (1); multisensory stimulation (1); mechanical stimulation (1)"
"311-5","Electrochemical methods","1","kainic acid (2)"
"311-6","Biomedical signal processing","1","real-time functional magnetic resonance imaging neurofeedback (1)"
"312-0","Disease subtyping","15","disease subtyping (8); personalized diagnosis (2); patient subtyping (2); lung cancer subtypes (2); robust molecular classification (1); predicting primary cancers (1); subtype-specific prognostic genes (1); breast cancer subtype classification (1); cancer prediction models (1); cancer risk stratification (1); cancer patient subtyping (1); pan-cancer classification (1); breast cancer subtyping (1); multi-cancer evaluation (1); computational cancer subtyping (1)"
"312-1","Pharmacometrics methodology","9","anti-cancer drug response prediction (2); microbiome-based disease prediction (2); drug prioritization (1); pharmacogenomic analysis (1); clinicogenomics (1); pharmacogenomic modeling (1); predicting synergistic effects (1); anti-cancer drug sensitivity prediction (1); targetable molecular algorithm (1)"
"312-2","Variant interpretation","9","variant prioritization (5); genotype-to-phenotype (1); gene disease prioritization (1); predicting variant effects (1); genetics-based classification (1); gwas metrics (1); genomic classifier (1); protein candidate prioritization (1); disease-associated variant prioritization (1)"
"312-3","Digital phenotyping","12","phenotype prediction (9); computational phenotyping (5); phenotype algorithms (4); ehr-driven phenotyping (3); metabolic phenotyping (3); phenotypic screening (3); phenotyping algorithms (2); clinical phenotype modeling (2); longitudinal phenotyping (1); mining characteristic phenotypes (1); phenotype prioritization (1); ehr-based phenotyping (1)"
"312-4","Ensemble learning","10","disease risk prediction (8); disease risk model (3); disease outcome prediction (2); disease prediction algorithm (1); dynamic covid-19 risk assessment (1); disease risk assessment (1); cancer risk stratification (1); disease risk factor identification (1); disease progression subtyping (1); automated risk assessment (1)"
"312-5","Imaging biomarkers","7","biomarker identification (17); prognostic biomarker (10); candidate prioritization (1); actionable findings (1); association prediction tool (1); protein candidate prioritization (1); classification and association rules (1)"
"312-6","Medical informatics","3","remote autism diagnosis (1); direct-to-consumer genetics (1); exercise electrocardiogram fibrillation atrial cardiomyopathy deep learning convolutional neural network bi-directional long short-term memory early diagnosis (1)"
"312-7","Internet-based surveillance","1","innovative approaches to disease surveillance (1)"
"313-0","Dimensionality reduction","17","nonlinear dimensionality reduction (3); stochastic neighbor embedding (2); double greedy dimension reduction (1); self-supervised pose estimation (1); local linear embedding (1); latent feature representation (1); topology-preserving latent representations (1); high-dimensional regression (1); locally linear embedding (1); multilevel feature representation (1); high-dimensionality reduction (1); hierarchical feature reduction (1); high dimensionality spaces (1); low-dimensional embedding (1); manifold preserving projection (1)"
"313-1","Self-Organizing Maps","18","unsupervised anomaly detection (6); robust rank aggregation (2); deep subspace clustering (2); structure-preserving noise generation (1); joint sparse method (1); speeded-up robust feature descriptor (1); deep multi-view clustering (1); sparse residual entropy (1); deeply learned clustering (1); self-supervised pose estimation (1); uncertainty visualization in spatial transcriptomics (1); 2-tuple-based method (1); discriminative sparse representation (1); structural sparsity (1); machine-learned disambiguation (1)"
"313-2","Graph representation learning","9","topology learning based on meta-paths (1); multi-atlas graph fusion (1); balanced topological augmentation (1); unsupervised manifold alignment (1); structural deep network embedding (1); multi-scale permutation transfer entropy (1); dynamic graph embedding (1); hybrid variation-sparse representation (1); multi-hop neighborhood information (1)"
"313-3","Generative modeling","3","denoising diffusion probabilistic models (4); denoising diffusion probabilistic model (2); denoising diffusion implicit model (1)"
"313-4","Trustworthy AI","6","privacy-preserving predictive modeling (5); adversarial robustness (3); distributed privacy-preserving modeling (1); privacy-preserving clustering (1); scalable tree boosting (1); adversarial propagation (1)"
"313-5","Neural networks","7","deep matrix factorization (3); embedded compressive sensing (1); topic-enhanced word embedding (1); deep learning matrix factorization (1); deep auc maximization (1); deep compressive sensing (1); deep imbalanced regression (1)"
"313-6","Feature extraction","16","recursive feature elimination (9); multiscale entropy (5); multiscale sample entropy (2); iterative feature representation (1); feature subspace partitioning (1); ensemble feature boosting (1); multiscale computation (1); hierarchical feature reduction (1); bidirectional weighted feature fusion (1); bidirectional linear neighborhood label propagation (1); large-kernel volumetric convolution (1); multiscale feature fusion (1); local similarity-aware sampler (1); kernel-based data integration (1); multiscale feature interaction (1)"
"313-7","Equally weighted methods","3","extreme multi-label long text classification (1); spatial weighted cross-entropy loss (1); weighted multi-class cross-entropy (1)"
"314-0","Sequence alignment","18","genomics (1914); genetics (103); genetics research (75); medical genetics (20); glycobiology (14); genai (5); genetic research (5); plant genomics (3); plant sciences (3); fungal genomics (2); talen (1); fungiexpresz (1); viromics (1); integromics (1); neuroimaging genomics (1)"
"314-1","Brain parcellation","8","neuroscience (193); brain mapping (27); ieeg (6); radiomic (3); mobile imaging (2); neuroimage (1); neuroimaging genomics (1); brain radiology (1)"
"314-2","Medical informatics","19","ehealth (1455); virology (30); life sciences (14); science (9); microblog (4); lifelog (4); mychart (3); journalology (2); clinvar (2); synthetic text (1); drug informatics (1); scicnv (1); lifelog data (1); sport sciences (1); weblog (1)"
"314-3","Medical software devices","11","nanotechnology (6); biomedical domain (4); ieee 11073 (3); magnetics (2); clinical engineering (2); automata (2); med tech (1); recombat (1); cybernetics (1); dynacop (1); biomodme (1)"
"314-4","Multidisciplinary methods","3","cardiorenal (1); cell mechanobiology (1); pedorthics (1)"
"314-5","Chinese clinical NER","5","china (256); applied microbiology (4); clinactnet (1); international aspects (1); acta (1)"
"315-0","Statistical dependence measures","4","asian pacific econometrics (1); united states econometrics (1); central asia econometrics (1); african econometrics (1)"
"315-1","Data collection","16","data analytics (45); analytics (26); learning analytics (3); distributed analytics (3); graph analytics (3); network analytics (2); business modeling (2); fog analytics (1); network analyst (1); performance analytics (1); research analytics (1); behaviour analytics (1); decision analytics (1); predictive data analytics (1); call data analytics (1)"
"315-2","Medical informatics","21","healthcare analytics (11); health analytics (4); health data analysis (3); clinical analytics (2); practice analytics (2); medical forums (2); medical analysis (2); health care robotics (1); health disparity analysis (1); healthcare big data analytics (1); digital health analytics (1); health care data analysis (1); medical analytics (1); healthcare predictive analytics (1); healthcare data analytics (1)"
"315-3","Medical image registration","3","medical biometrics (3); private biometrics (1); multi-modal biometrics (1)"
"315-4","Data collection","5","social analytics (1); social data (1); archival internet research data (1); the tufts dental database (1); family justice data (1)"
"315-5","Multimodal analytics","8","visual analytics (29); text analytics (4); video analytics (1); sensor data analytics (1); temporal data analytics (1); gait analytics (1); speech analytics (1); semantic data analytics (1)"
"316-0","differential privacy","67","data sharing (166); access to information (104); privacy protection (39); protected health information (20); patient data privacy (20); data publication and archiving (17); data security and confidentiality (10); privacy policy (10); data access (9); personally identifiable information (8); privacy-preserving record linkage (5); health data sharing (5); medical data sharing (4); personal information (4); privacy preserving record linkage (3)"
"317-0","Medical image registration","12","marker placement (2); intra-operative registration (1); specimen preparation (1); suturing simulation (1); marker-less surgical registration (1); registration of the surgical tools (1); surgical telementoring (1); positioning (1); surgical innovation (1); surgical phantom (1); landmarking approach (1); placement (1)"
"317-1","Additive manufacturing","14","cranial implant design (3); tooth restoration design (2); implant design (2); prosthetic heart valve simulation (1); bone graft segmentation (1); scaffold fixation (1); bone allograft matching (1); dental implant navigation (1); implant simulation (1); esophageal stent design (1); stent design (1); space filling design (1); teeth crown (1); post and core technique (1)"
"317-2","Microinterventions","7","microintervention (3); needle deflection (2); needle steering (1); catheter placement (1); stimulation sites (1); guidewire artifact removal (gar) (1); electrode selection (1)"
"317-3","Feature extraction","3","pedicle recognition (2); femoral head representation (1); pedicle contours (1)"
"317-4","Optimization methods","32","style transfer (7); mesh generation (4); residual connection (4); weighted fusion (2); residual blocks (2); frame reduction (1); retrival augmented generation (1); maximal procedure (1); edge fusion (1); geometry adaptive radius (1); deep fusion (1); procedural (1); improved residual blocks (1); voice conversion (1); bonding (1)"
"317-5","Health measurement instruments","6","cuffless (2); clipping (2); cuff-less (1); primary angle closure suspect (1); acupuncture point localization (1); clip limit (1)"
"318-0","Molecular docking methods","39","molecular docking (196); pharmacophore modeling (6); flexible docking (5); protein–protein docking (5); free energy calculations (4); covalent docking (3); free energy calculation (3); quantitative structure–activity relationship (3); molecular docking and dynamics (3); pharmacophore modelling (2); protein docking (2); end-point binding free energy calculation (1); structure-based docking (1); and molecular docking (1); energy and atomic force calculation (1)"
"319-0","Medical education","17","education, medical (29); education, nursing (8); education, professional (7); education, continuing (7); education, medical, continuing (6); education, dental (4); schools, medical (2); education, public health professional (1); professional training<education (1); education, medical, graduate/methods (1); education, clinical (1); education, nonprofessional (1); higher education in emergencies (1); learned professions (1); students, premedical (1)"
"319-1","Healthcare leadership","12","burnout, professional (23); decision making, organizational (16); practice management, medical (9); alert fatigue, health personnel (3); e-professionalism (2); delegation, professional (2); academic vs. private practice (1); professional caregiving (1); acceptance, clinician burnout, communication, google glass, health care provider, patient, remote scribing, trust (1); economics, pharmaceutical (1); professional caregivers (1); public policy, decision making, organizational (1)"
"319-2","Educational methodologies","8","health knowledge, attitudes, practice (81); health information, consumer (1); electronic health record effects, outpatient office visit, patient-provider connection, student education, ehr specific communication skills (1); health knowledge, attitudes, practices (1); health information,consumer (1); gaming, internet (1); knowledge, attitude, practice (1); virtual health advisor (1)"
"319-3","Cost-benefit analysis","2","training, infection control (1); anesthesia, turnover time, case delay, case cancellation (1)"
"319-4","Medical faculty careers","7","physicians, family (11); societies, scientific (9); societies, medical (6); physician-scientist (4); co-researchers (1); retirees (1); survey of scientists (1)"
"320-0","Protein structure determination","48","amino acid sequence (322); protein structure, secondary (99); protein structure, tertiary (66); protein sequence (17); sequence homology, nucleic acid (12); protein function (10); secondary structure (10); protein sequences (5); protein sequencing (4); protein 3d structure (4); pfam domains (3); protein structure, quaternary (2); domain architecture (2); predicted protein structure (2); amphiphilic pseudo amino acid composition (1)"
"321-0","Time-series analysis","8","geography (25); geospatial (6); geospatial analysis (4); geospatial data (2); geospatial mapping (2); geospatial visualization (1); geospatial informatics (1); geospatial measures (1)"
"321-1","Data collection","4","environmental data (3); forest modeling (1); ecological modelling (1); arctic regions (1)"
"321-2","Data collection","3","global information (2); censuses databases (1); global region information (1)"
"321-3","Data collection","2","google maps (1); google maps reviews (1)"
"322-0","Computational biology","49","alternative splicing (115); protein folding (78); rna folding (22); protein biosynthesis (20); zinc finger nuclease (7); homologous recombination (6); alternative polyadenylation (6); rna processing (4); circrna-mirna interaction (3); drug–protein interaction (3); a-to-i rna editing (3); dna motif (2); trans-splicing (2); nucleic acid denaturation (2); exon skipping (2)"
"323-0","Human-computer interaction","13","internet (2309); privacy (435); apps (245); informatics (228); security (143); infrastructure (20); consumer informatics (7); developers (5); public value (2); user trust (2); informatics workforce (1); attribute reduction (1); informatics agenda (1)"
"323-1","Participatory research","8","equity (79); accessibility (60); ontario (24); hispanic (17); lmics (13); inequality (12); rural governance (1); equity informatics (1)"
"323-2","Cost-benefit analysis","14","advertising (26); incentives (17); economic (15); legislation (6); economy (4); hta (4); policies (4); payment (4); price (3); market (3); partnerships (3); markets (1); money (1); competition (1)"
"323-3","Educational methodologies","23","education (295); support (64); leadership (52); mentoring (42); sustainability (41); challenges (40); coaching (33); schools (32); stakeholders (17); pharmacist (9); sharing (8); advocacy (6); professionals (4); programs (2); managers (2)"
"324-0","Digital phenotyping","20","cross-modal generation (2); high-content screening (2); counting-based biomarker (2); game-based digital biomarkers (1); high-sensitivity detection (1); sensor-based tracking (1); cross-device generalization (1); ai-based diagnostic (1); image-based profiling (1); genotype-based inference (1); simulation-based biomarkers (1); user-centric monitoring (1); sensor-based activity recognition (1); single-case experiment (1); smartphone-based diagnostic (1)"
"324-1","Multimodal analytics","64","multi-scale fusion (14); literature-based discovery (14); enhanced sampling (4); reverse engineering (4); model-driven development (3); in-silico (3); multi-task prediction (2); re-sampling (2); opposition-based differential evolution (2); cross-mapping (2); model-driven engineering (2); hybrid system (2); co-embedding (2); ensemble-based system (2); imbalance-aware classification (1)"
"324-2","Multidisciplinary methods","8","orthogonal evaluation of variants (1); multi-target directed ligand (1); genotype-based inference (1); target-specific molecular generation (1); federated pseudo-labeling strategy (1); reference-guided analysis (1); fragment-based design (1); multi-modal sequencing (1)"
"324-3","Bibliometric analysis","6","literature-based discovery (14); team-based curation (1); ontology-driven exploration (1); literature-based reasoning (1); literature-curated validation (1); provenance-based ranking (1)"
"324-4","Digital identity technologies","9","ai-based hacking (1); voice-enabled analytics (1); catb-based ai-lab (1); radar-based identification (1); information-based identity verification (1); consumer-mediated hie (1); human-based computation (1); privacy-by-design (1); arm-based platform (1)"
"325-0","Feature extraction","20","colorization (3); color feature (2); color space (2); color moment (1); color deconvolution (1); color normalization (1); rgb color spaces (1); color identification (1); color transformation (1); colour space transformation (1); color spaces (1); colour activation mapping (1); colour feature (1); color correction (1); color-space (1)"
"325-1","Wavelet transforms","6","logarithmic space (1); gray-weighted distance (1); continuous representation (1); scale-space representations (1); grayscale features (1); scale-space (1)"
"325-2","Pseudo-labeling methods","6","pseudo-labeling (4); pseudo-labels (3); pseudo-label (2); pseudo-labelling (1); silver-standard labels (1); misaligned labels (1)"
"325-3","Model visualization","2","visualisations (2); symptom visualizations (1)"
"325-4","data representations","4","arbitrary scale (1); bar coding (1); arbitrary-scale (1); if-else pseudocode (1)"
"325-5","data representations","3","standardizing intensity scales (1); numerical representations (1); z-score scaling (1)"
"326-0","Time series analysis","42","temporal data mining (11); multivariate time series (9); spatio-temporal analysis (7); temporal data (7); spatiotemporal data (3); multivariate time-series data (3); cornea data-set (2); longitudinal microbiome data (2); temporal trends (2); region-level data (1); longitudinal multi-modal data (1); generalized data types (1); longitudinal dataset (1); longitudinal observational data (1); analysis of temporal data (1)"
"327-0","Feature extraction","21","speech recognition (24); speech recognition software (22); speech analysis (20); voice analysis (11); voice recognition (7); audio analysis (5); audio processing (2); speech patterns (1); voice recognition software (1); audio speech recognition (1); vocal signal analysis (1); biomedical voice analysis (1); speech understanding (1); speech-based diagnostics (1); temporal signal assessment (1)"
"327-1","Computer vision","6","eye tracking (41); facial expression analysis (3); face analysis (3); facial expression analyses (1); audiovisual cues video analysis (1); facial landmark analysis (1)"
"327-2","Discriminant analysis","3","ear biometrics (3); hearing aid evaluation (1); earcanal dynamic motion (1)"
"327-3","Health measurement instruments","6","objective structured clinical examination (2); voice disorder assessment (1); pathological voice quality assessment (1); laryngeal image analysis (1); swallowing kinematics (1); swallowing anatomical actions temporal analysis (1)"
"327-4","Dialogue systems","2","interactive voice response (9); heart rate variability biofeedback (1)"
"328-0","Neural networks","63","weakly supervised (10); feature aggregation (8); densenet (8); disentangled representation (5); hybrid attention (4); rotation forest (3); positional encoding (3); hybrid intelligence (3); local phase (2); dense retrieval (2); features aggregation (2); support vector (2); influence diagrams (2); dense block (2); ai methods (1)"
"328-1","explaining classifier’s predictions","13","explainable algorithm (1); explainable gene (1); existence uncertainty (1); aleatoric uncertainty (1); order uncertainty (1); reliability failure possibility (1); uncertain graph (1); explainable ml (1); connectivity uncertainty (1); error resilience (1); explainable modelling (1); reliable neighbors (1); uncertain demand (1)"
"328-2","Computational biology","24","environmental scan (11); spatial transcriptome (6); phenotyping error (3); spatial transcriptomic (2); function determinants (1); regulation perturbation (1); emerging occupations (1); composable ehr (1); laboratory trajectory (1); structure degree (1); temporally varying gene (1); entity typing (1); ingredient recognition (1); biological region prompt (1); biological relation extraction (1)"
"328-3","Computer vision","76","activity recognition (50); mechanical turk (4); controllable ai (2); deep unfolding (2); hybrid semantic (2); tactile enhanced (1); partitioned coupling (1); hybrid visual (1); optimization. (1); geographic routing (1); composition platform (1); geographical metadata (1); mosaic structure (1); spatial reduction (1); complex search (1)"
"329-0","Hypergraph neural networks","18","hypergraph regularization (2); edge prior (2); node embedding (2); hypergraph representation learning (2); graph neural architecture search (2); hypergraph representations (1); heterogeneous graph attention (1); hypergraph classifier (1); hypergraph convolution (1); the feature and topology graph (1); edge gateway (1); dual-scale fused hypergraph convolution (1); hypergraph laplacian regularization (1); hypergraph information bottleneck (1); node convolution (1)"
"329-1","Trustworthy AI","14","physical layer security (2); sparse annotation (2); adversarial examples detection (1); generative ai paradigm (1); adversarial discriminative (1); constrained classifier chain (1); generative ai usage (1); fuzzy c means (1); membership inference attacks (1); collaborative constraint gan (1); adversarial example (1); inference attacks (1); sparse label (1); adversarial noise (1)"
"329-2","CNN-based instance segmentation","16","faster r-cnn (10); cell instance segmentation (3); densenet201 (2); encoder-decoder structure (2); topology preserving (2); cnn bilstm attention (1); query patches (1); pso-featurefusion (1); k means segmentation (1); se-dnn network (1); cpu–gpu algorithm consistency (1); nodes framework (1); fully connected crf (1); input substitution (1); query template (1)"
"329-3","MIMIC-III NLP","6","instance position embedding (1); bag of words classification (1); bag of words clustering (1); sentence subgraph mining (1); token classification task (1); text similarity ensemble (1)"
"329-4","Graph representation learning","17","protein representation learning (9); label distribution learning (2); feature architecture mapping (1); prediction of mirna-disease associations involves the utilization of graph transformers (1); platform-agnostic (1); subgraph matching learning (1); fuzzy c-mean cluster (1); deep knowledge graph population (1); pairwise attribute encoding with detail complement (1); sensor networks mechanisms (1); abstraction network derivation (1); semantic ehr (1); symptom embedding representation (1); learning with noisyt label (1); knowledge-aware dice loss (1)"
"329-5","Association rule mining","12","extra trees classifier (2); maximal frequent itemsets mining (1); core objects clustering (1); k-nn query (1); all maximum scoring subsequences problem (1); set partitioning coding (1); evolutionary clustering algorithm star (1); sequential sets recommendation (1); nested pattern query (1); running length encoding (1); hierarchical features fusion (1); k-sums clustering (1)"
"329-6","Metric learning","22","similarity search (5); similarity searching (2); network consistency projection (2); similarity fusion (1); optimal biorthogonal filter bank (1); dimension-matching free (1); input method engine (1); ranking similarity regularization (1); attribute learning (1); weighted associative rule mining (1); optimal ruleset (1); similarity kernels (1); hyperparameter identification (1); rules inference (1); similarity principle of deep supervision (1)"
"330-0","Medical informatics","63","medical records systems, computerized (210); personal health information (19); medical records systems (18); electronic health record data (9); electronic personal health records (6); computerized medical records (6); electronic health data (6); problem-oriented medical records (5); computerized medical records systems (4); medical record systems, computerized (3); healthcare dataset (3); electronic health records data (3); administrative databases (2); national health insurance database (2); secondary use of ehr (2)"
"331-0","Medical informatics","64","health information technology (356); information technology (192); mobile technology (54); digital health technology (47); information and communication technology (41); health information technologies (20); information and communication technologies (19); health care technology (18); healthcare technology (11); mobile health technology (11); communication technology (9); information and communications technology (9); consumer health information technology (8); healthcare service innovation and information technology (8); wearable technologies (7)"
"332-0","Computer vision","15","real-time (22); real-time detection (4); real-time polyp detection (2); rapid detection (1); blood cell detection (1); real-time diagnostics (1); subtype-specific marker detection (1); diagnostic pcr markers (1); pathogen-specific fingerprints (1); cen17 and her2 signal detection (1); detection method (1); double-real-time (1); covid-19 detection methods (1); cfdna fragmentation (1); real-time stress detection (1)"
"332-1","Diverse methods","14","sequencing assay agnostic workflow (1); multi-assay (1); multiple assays (multi-assays) (1); selective sequencing (1); selective-sequencing (1); amplicon sequence variants (asvs (1); high-precision pcr (1); gene detection (1); per-well quality control (1); wes (1); well deep-well screening (1); mplex-flu assay (1); genotype mtbdrplus v2.0 (1); rt-stop method (1)"
"332-2","Medical informatics","6","multiplex community detection (1); user-friendly ngs analysis for hiv (1); reproducible analysis for vaccine and infection responses (1); cross-sample breakpoint detection (1); cross-technology applicability (visium, slide-seqv2, xenium (1); chi-square automatic interaction detection (1)"
"332-3","SELEX aptamer selection","2","selex aptamer technique (4); probe generation (1)"
"332-4","Multidisciplinary methods","3","co-opetition strategy (1); wi-fi fingerprinting (1); automated karyotyping (1)"
"333-0","Open-source software","35","open-source software (97); open source (40); open source software (25); open-source (21); open-source implementation (9); open-source mit-licensed software (3); open-source software pipeline (2); data and code availability (1); open-source bioinformatics (1); open-source agpl-3.0 software (1); open-source bioinformatics software (1); open-source ontology (1); open-source workflow (1); open-source software (gnu license (1); open-source emr software (1)"
"334-0","QSAR modeling","56","qsar (30); quantitative structure-activity relationship (14); drug-target affinity (7); drug-target binding affinity (5); 3d-qsar (5); 3d qsar (2); pharmacophore mapping (2); feature descriptors (2); pharmacophore model (2); 3d- qsar (1); structure-based descriptors (1); contour descriptors (1); molecular descriptors (1); extended log-barrier (1); 2d fourier descriptors (1)"
"336-0","Feature extraction","23","automatic data processing (11); computer aided analysis (4); computer assisted coding (2); computerized assessment (2); computerized text analysis (2); automated clinical assessment (2); computer-assisted coding (2); artificial intelligence-based data analysis (1); automatic meta-analysis (1); automatic data augmentation (1); automated speech and language analysis (1); computer-assisted signal processing (1); automatic processing (1); computer-assisted conversational analyses (1); automated data processing (1)"
"337-0","Medical image registration","22","image processing, computer-assisted (354); signal processing, computer-assisted (189); diagnosis, computer-assisted (143); imaging, three-dimensional (110); image interpretation, computer-assisted (102); decision making, computer-assisted (68); computers, handheld (52); drug therapy, computer-assisted (39); radiographic image interpretation, computer-assisted (36); therapy, computer-assisted (25); surgery, computer-assisted (11); radiotherapy planning, computer-assisted (6); angiography, digital subtraction (3); numerical analysis, computer-assisted (2); biopsy, fine-needle (2)"
"337-1","Additive manufacturing","1","printing, three-dimensional (2)"
"337-2","Assisted reproductive techniques","2","reproductive techniques, assisted (2); plants, genetically modified (1)"
"337-3","Clinical research methods","2","redcap, merkel cell carcinoma (1); roc curve: korean renal cell carcinoma (1)"
"338-0","Modeling approaches","9","defibrillation modeling (1); body surface potential map (1); hyperemia grading (1); plaque texture (1); hypotension detection (1); infarct protocol (1); whole heart segmen- tation (1); rfa simulation (1); four-chamber segmentation (1)"
"338-1","Boundary conditions","19","time pressure (4); stress prediction (4); flow matching (3); flow-vrt (1); patient flow modelling (1); flow visualization (1); flow signature (1); wall shear stress divergence (1); signed pressure force function (1); flow rate distribution (1); flow propagation (1); shear stress computation (1); hemodynamics model (1); gradient vector flow (1); doppler signal (1)"
"338-2","Computer vision","11","maximum absolute pooling (2); weight initialization (1); recovery gradient (1); controlled attenuation parameter technology (1); photon starvation (1); optical flow estimation (1); spectcmp method (1); tqwt method (1); elasticity ultrasound (1); total generalized variation (1); tongue characterization (1)"
"338-3","Optimization methods","16","fractional calculus (3); normalizing flow (2); proximal gradient descent (1); fractional filter (1); mean energy (1); energy concentration estimation (1); noninvasive data (1); proximal gradient (1); fractional differential (1); fractional caputo derivative (1); and beta weight function (1); fractional norm (1); normalizing flows (1); faster mrf (1); isotonic regression (1)"
"338-4","Modeling approaches","9","respiratory modelling (2); ventilator pressure prediction (1); intraoperative efficiency (1); patient-ventilator asynchrony detection (1); spo(2) estimation (1); respiratory prediction (1); lung ventilation classification (1); ventilation defect percentage (1); pressure damage (1)"
"338-5","Modeling approaches","5","creep experiment (1); ulcer simulation (1); dose difference prediction (1); dose dispersion (1); bleeding simulation (1)"
"338-6","Biomedical signal processing","9","conductivity estimation (3); impedance (2); calculated pulse rate detector (1); mpa model (1); impedance matching (1); body area system (1); impedance mismatching (1); dtav measurement (1); volume surrogate (1)"
"338-7","Computer vision","4","depth estimation (8); sizing (1); distance formula (1); diameter estimation (1)"
"338-8","Modular predictive framework","2","glucose model (1); bbb prediction (1)"
"339-0","Sequence alignment","39","polyploidy (18); fasta (5); fasttree (4); iq-tree (3); genome binning (2); species tree estimation (2); horizontally partitioned data (2); tree boost (1); dn/ds estimation (1); evolutionary model selection (1); lineage-level identification (1); reference-tree placement (1); phylogenetic profile (1); admixture history (1); clade-wise temporal signal (1)"
"340-0","Imaging biomarkers","39","positron emission tomography (18); positron-emission tomography (16); pet/ct (13); pet-ct (6); fdg-pet (5); pet imaging (5); positron emission tomography computed tomography (4); dynamic pet (3); spect/ct (3); bone scintigraphy (2); pet/ct scan (1); 18f[fdg] 4d pet (1); fdg pet/ct (1); dat spect (1); positron emission tomography-computed tomography (1)"
"341-0","Optimization methods","8","combinatorial optimization (5); mathematical optimization (3); hybrid optimization (2); derivative-free optimization (1); improved ant colony optimization (1); combination optimization (1); mathematical optimisation (1); alternate optimization (1)"
"341-1","Optimization methods","25","parameter optimization (11); process optimization (6); co-production (6); operational efficiency (5); workflow optimization (5); cost optimization (3); performance optimization (3); resource optimization (2); optimization design (2); medical product lifecycle (1); geometry optimization (1); battery optimization (1); sojourn time modeling and optimization (1); engineering optimization (1); process optimisation (1)"
"341-2","Optimization methods","9","bioreactors (2); antibody optimization (2); buffer condition optimization (1); metabolic engineering strategy optimization (1); assay optimization (1); bioprocessing (1); mobile phase optimization (1); enzyme optimization (1); bioprocess optimization (1)"
"341-3","Optimization methods","8","model optimization (4); screening optimization (2); model reusability (1); experimental optimization (1); sample size trade-off (1); experimental-design optimization (1); physical parameter identification (1); sequence optimization (1)"
"341-4","Reuse in methodology","5","reusability (5); suitability assessment of material (1); equipment reuse (1); storage optimization (1); supply optimization (1)"
"341-5","Optimization methods","1","influence maximization (4)"
"342-0","Modular predictive framework","35","deep learning framework (2); multi-network integration (2); scalable computational framework (2); end-to-end multi-task framework (1); fusion framework (1); resnet-based architecture (1); generic enhancement framework (1); multi-branch framework (1); visual interpretable framework (1); embedgem framework (1); signal processing framework (1); automatic framework (1); machine learning framework (1); multi-front-end framework (1); convnet-transformer hybrid framework (1)"
"342-1","Graph representation learning","4","graph-based systems (2); geometric framework (1); graph-based framework (1); graph-based random walk framework (1)"
"342-2","Modular predictive framework","3","multi-dimensional cfd framework (1); cfd computational framework (1); multi-dimensional computational framework (1)"
"342-3","Ontology quality assurance","3","semantic framework (1); ontology-driven data management (1); ontology-oriented programming (1)"
"342-4","Association rule mining","5","dictionary-based system (1); multimodal neuroimaging framework (1); error-tolerant data mining (1); genetic minimal cut sets (gmcs) framework (1); knowledge mining model (1)"
"342-5","Modular predictive framework","2","multiscale explainable framework (1); visual interpretable framework (1)"
"342-6","Evaluation frameworks","7","ranking framework (2); problem-based framework (1); multi-front-end framework (1); multi-domain coupled framework (1); service-oriented architectures (1); multi-objective framework (1); domain-specific benchmark framework (1)"
"342-7","Computational biology","4","nature-inspired computing techniques (1); adversarial framework (1); bio–inspired data processing (1); pathogen-agnostic framework (1)"
"342-8","Evaluation frameworks","3","constraint logic programming (1); fbat framework (1); eulerian framework (1)"
"342-9","Bayesian statistics","3","unified probabilistic framework (1); hierarchical bayesian framework (1); hierarchical framework (1)"
"342-10","Lightweight networks","1","multilevel iot architecture (1)"
"343-0","Medical informatics","36","phenome-wide association study (6); gene-based association study (2); transcriptome-wide association study (2); transcriptome-wide association studies (2); pan-cancer study (2); genome wide association study (1); family-based genetic association studies (1); korean genome and epidemiology study (1); rare variant genetic association studies (1); microbiome-wide association study (1); genome wide association studies (gwas) (1); family studies (1); genetics study (1); trio studies (1); genome-wide association study meta-analysis (1)"
"344-0","Computational workflow management","39","interactive visualizations (6); computational pipelines (5); workflows and human interactions (5); scientific workflows (4); visualizations (4); pipelines (3); automated workflows (2); bioinformatics workflows (2); intelligence pipelines (2); data visualizations (2); workflows (2); information visualizations (2); preprocessing pipelines (1); visualization toolkits (1); template-driven data pipelines (1)"
"345-0","Brain parcellation","30","multimodal analysis (6); quantitative susceptibility mapping (4); functional principal component analysis (2); task-related component analysis (2); brain analysis (2); brain connectivity analysis (2); resting-state analysis (2); brain mode decomposition (1); functional cluster analysis (1); dynamic functional connectivity analysis (1); neuroimaging, meta-analysis (1); voxel-based morphometry (1); regions-of-interest (1); time series analyses (1); single subject analysis (1)"
"346-0","mesh-free based radial basis function","12","delaunay triangulation (2); 3d point cloud (2); three-dimensional point cloud (1); synthetic image elements (1); voronoi-tessellation (1); shape modelling (1); 3d geometric mesh (1); volume tree representation (1); 3d patch-based (1); hexahedral mesh generation (1); cube clustering (1); 3d multi-edge overlapping (1)"
"346-1","Computer vision","5","region-based active contour (2); multiphase active contours (1); contour-based shape (1); active contour by level set (1); edge-based active contour (1)"
"346-2","Wavelet transforms","13","global second-order pooling (2); multiscale top-hat (1); gaussian-laplacian pyramid (1); two-dimensional convolution (1); augmented multiscale (1); multiscale bilateral filter (1); one-dimensional convolution (1); multiscale hessian-based (1); anisotropic 3d convolution (1); multiresolution decomposition (1); spatial-adaptive convolution (1); sparse random aperture compounding (1); pbwt-based smoothing (1)"
"346-3","Feature extraction","6","local phase quantization (2); scale invariant feature transform (1); orientation-free ring feature descriptor (1); ellipse descriptor (1); dense scale invariant feature transform (1); scale-invariant feature transform (1)"
"346-4","Dimensionality reduction","14","laplacian eigenmaps (3); low-dimensional disease representation (1); manifold clustering (1); laplace-beltrami shape descriptors (1); multi-dimensional tensor (1); statistical shape spaces (1); laplacian eigenmap (1); centroid-based representation (1); complex vector space (1); euclidean embedding (1); centroid matrix (1); binary embedding (1); low dimensional representation (1); high dimensional data space (1)"
"346-5","explaining classifier’s predictions","30","gradient-weighted class activation mapping (7); vector quantization (5); matrix reconstruction (2); vector representation (2); tensor total variation (2); svd-based matrix completion (1); center kernel alignment (1); deterministic binary block diagonal (dbbd) matrix (1); dual-normalized edge-orientation similarity (1); band-limited vector fields (1); tensor field interpolation (1); contextual vector quantization (1); generalized descent direction (1); laplacian edge detector (1); fused residual dynamic exemplar pyramid model (1)"
"346-6","Vision-language models","18","cross-modal alignment (4); k-core decomposition (1); feature warping (1); example-based xai (1); channel-wise multifusion (1); weakly-supervised registration (1); space–time filtering (1); superpixel-based mrf (1); 3d-2d feature mapping (1); angular margin-based softmax loss (1); covariance-based deconvolution (1); phase- space (1); domain discretization (1); multi-encoding fusion (1); adaptive channel weighting (1)"
"346-7","Generative modeling","2","denoising diffusion model (2); generative reconstruction (1)"
"346-8","Feature disentanglement","1","biological spectral unmixing (1)"
"346-9","Computer vision","10","circular hough transform (3); geometrical constraint using log-polar image (1); logistic 2d coupled map (1); fractal geometry (1); non-intrusive polynomial chaos expansion (1); top-down graphic gaussian model algorithm (1); choquet fuzzy integral-based ense- mble (1); chessboard distance metric (1); refined composite multiscale fluctuation-based dispersion entropy (1); complex vector space (1)"
"347-0","Healthcare predictive modeling","65","predictive value of tests (82); predictive models (80); decision tree (67); prediction models (58); patient-specific models (10); classification algorithms (10); classification algorithm (9); scoring system (7); prediction algorithms (6); predictive system (4); diagnostic system (4); personalized models (3); predictive algorithms (3); learning curves (3); growth charts (3)"
"348-0","Porous media transport","14","fluid dynamics (5); lattice boltzmann method (5); dissipative particle dynamics (2); two-dimensional transport (1); anomalous diffusion (1); fluid flow dynamics (1); fluid-solid interaction analysis (1); continuum solid mechanics (1); multiscale brownian dynamics (1); one-dimensional fluid mechanics (1); biofluid mechanics (1); thermal lattice boltzmann (1); fluid structure interaction analysis (1); continuum mechanics (1)"
"348-1","Quantum methods","12","quantum mechanics (4); density functional theory (3); quantum theory (3); quantum optimization (3); quantum annealing algorithm (1); quantum chemical techniques (1); quantum computation (1); semi-empirical quantum mechanical method (1); quantum mechanics/molecular mechanics (1); quantum information (1); variational quantum algorithms (1); atomic interaction (1)"
"348-2","Generative modeling","2","restricted boltzmann machine (2); restricted boltzmann machines (2)"
"348-3","Modeling approaches","11","hamiltonian monte carlo (2); topological properties (2); langevin dynamics (1); langevin theory (1); information based entropy theory (1); perturbation theory (1); topological energy entropy (1); moment scaling spectrum theory (1); geometric information theory (1); principal dynamic modes (1); vibrational resonance (1)"
"348-4","Computational biology","1","protein dynamics (3)"
"348-5","rhetorical structure theory","1","rhetorical structure theory (1)"
"349-0","Health measurement instruments","73","telemetry (45); physiological monitoring (14); activity monitoring (12); symptom monitoring (10); blood pressure monitoring, ambulatory (6); blood pressure monitoring (6); heart rate monitoring (5); digital monitoring (5); cardiac monitoring (5); noncontact monitoring (5); glucose monitoring (4); blood pressure monitors (3); cardiovascular monitoring (3); behavioral monitoring (3); digital patient monitoring (2)"
"350-0","Neural networks","23","bigru (4); tinyml (2); technophilia (2); dall-e (2); tinybert (1); stylegan (1); star operation (1); armax (1); macbert pre-training model (1); tedss (1); patchgan (1); fun cube (1); sotl (1); vignetting correction (1); hybrid rans-les (1)"
"350-1","Wavelet transforms","15","haar wavelet (3); inpainting (3); cryptanalysis (2); frangi filter (2); folksonomy (2); schur complement (1); r-peak detection. yolo. deep learning. ecg (1); mother wavelet (1); merscope (1); rediology (1); classicml (1); in-painting (1); rubik convolution (1); damnet (1); douglas-peucker algorithm (1)"
"350-2","Distributed algorithms","3","nand gate (1); elgamal cryptosystem (1); garbled circuit (1)"
"350-3","Medical informatics","8","semrep (5); semmeddb (4); rey-osterrieth complex figure (3); diploic vein (1); seurat integration (1); catastrophe triage (1); alphafold db (1); musculotendon modeling (1)"
"350-4","Feature extraction","21","ollivier-ricci curvature (2); coxph (2); ism band (2); tikhonov regularisation (2); devoted wavelet (1); martingale process (1); halbach array (1); cipros checklist (1); modified psd (1); fellegi-sunter model (1); stockwell transform (1); choi-williams distribution (1); de bruijn graphs (1); wigner spectrum (1); hermite interpolation (1)"
"350-5","Optimization methods","14","tucker decomposition (3); sarima model (2); fuzzy topsis (2); harris hawk algorithm (1); golden hawk optimization (1); stackelber game (1); stewart-gough platform (1); wiener–hammerstein. (1); puzzle optimization (1); temberture (1); harris hawks algorithm (1); qubo formulation (1); rough mount fuji fitness landscape (1); takagi–sugeno inference (1)"
"350-6","Diverse methods","30","influencer (4); epros (3); dew computing (2); ism band (2); mars tool (2); crowd-nms (1); volcano pipeline (1); milimbeeg dataset (1); 6g technology (1); moiré artifact (1); mundo methodology (1); eviction (1); personalome (1); outings (1); arabic apps (1)"
"351-0","Computational workflow management","45","algorithm development (6); additive manufacturing (6); reproducible workflows (5); master protocol (3); master protocols (3); hardware-in-the-loop (3); web-based experiment (2); optimal design of experiments (2); robotic process automation (2); workflow automation (2); rapid prototyping (2); system-on-chip (2); prototype development (2); total testing process (2); multi-stage system (1)"
"352-0","explaining classifier’s predictions","21","interpretable (11); machine learning interpretability (3); interpretable framework (2); local interpretable model-agnostic explanations (2); interpretable prediction model (1); intrinsically interpretable models (1); interpretable scoring (1); post-hoc interpretable framework (1); visual interpretability (1); interpretable clustering (1); feature interpretability (1); local interpretable model–agnostic explanation (1); filter-level explainability (1); high dimensional feature interpretability (1); interpretable predictive models (1)"
"352-1","Bias in research","5","algorithmic fairness (10); relative validity (4); machine learning trustworthiness (1); algorithm fairness (1)"
"352-2","Digital phenotyping","6","computable phenotype (10); computable phenotypes (4); developability (2); comprehensiveness (1); meaningful data work (1); data recoverability (1)"
"352-3","Medical informatics","2","medical text simplification (1); text and audio readability (1)"
"352-4","Modeling approaches","8","scalability (26); transferability (3); model transferability (3); generalizability of disease prediction models (1); class separability (1); transferable model (1); model scalability (1); transferability of spatial models (1)"
"352-5","Observability","3","observability (3); sparse observability (1); integrability (1)"
"353-0","Fluorescence techniques","9","fluorescent labelling (3); luminescent proteins (2); multiplexed immunofluorescence (1); multilabel mrna subcellular localization (1); single-molecule precision (1); multiplexed imaging cytometry (1); multi-label subcellular localization (1); optical dna mapping (1); dna nanostructure labeling (1)"
"353-1","Multidisciplinary methods","3","protein particle picking (2); cryo-et (2); direct phasing (1)"
"353-2","Solid-state NMR","2","2d correlation (1); reconstruction of multidimensional nmr spectra (1)"
"353-3","Sensor-based instrumentation","2","data-independent acquisition (4); data-dependent acquisition (2)"
"353-4","Computer vision","12","optical flow (15); structured light (1); two-stage detector (1); synthetic image sequences (1); single shot multibox detector (1); dense optical flow (1); multiple scattering (1); one-stage detector (1); shot multibox detector (1); structured edge detector (1); multiple object tracking (1); scanning line detection (1)"
"353-5","Sensor-based instrumentation","14","digital proximity tracing (4); single-channel extraction (1); angled helical injection (1); channel mixing (1); multiple laser probes (1); auto-gating (1); multipath channels (1); multislice integration (1); open-ended coaxial probe (1); single-element transducer (1); multi-type detectors (1); passive auto-focusing (1); spin detection (1); single-channel selection (1)"
"354-0","Secondary data analysis","22","electronic data processing (81); data processing (48); data envelopment analysis (9); downstream analysis (6); computational analysis (6); workflow analysis (4); reproducible data analysis (4); interactive data analysis (2); computer analysis (2); intelligent data analysis (1); computational analyses (1); reproducibility in data analysis (1); statistical prediction (1); interactive data manipulation (1); data analytic tool (1)"
"354-1","Feature extraction","2","computational text analysis (1); computational textual analysis (1)"
"354-2","Biomedical signal processing","8","bio-signal processing (2); sequencing data processing (1); electrophysiological data analysis (1); signal detection analysis (1); axion biosystems data processing (1); pulse signal processing and analysis (1); automated cell culture (1); sensor data analysis (1)"
"354-3","Information behavior","1","behavioral data analysis (1)"
"354-4","Computer vision","6","video analysis (14); visual data analysis (2); video processing (2); digital image collection (1); video motion analysis (1); video and image analysis (1)"
"354-5","Multimodal analytics","2","multiway data analysis (2); multimodal data analysis (1)"
"354-6","Requirements engineering","4","software development (10); web-based data analysis (2); computer analysis (2); software package (1)"
"355-0","Large language models","6","large language model (llm) (10); large language models, llms (1); bidirectional encoder representations from transformers (bert) (1); bidirectional encoder representations from trans formers (bert) (1); bert (bidirectional encoder representations from transformers) (1); extended bidirectional encoder representations from transformers (bert) (1)"
"355-1","explaining classifier’s predictions","2","ai explainability (xai) (1); local interpretable model-agnostic explanations (lime) (1)"
"355-2","Graph representation learning","9","knowledge graph (kg) (2); gene-gene weighted interaction network (gwin) (1); nearest neighbor graph (nng) (1); hemispheric relation inference network (hrinet) (1); graph isomorphism network (gin) (1); kolmogorov–arnold networks (kan) (1); global context modules (gcm) (1); shared nearest neighbor (snn) (1)"
"355-3","Computational biology","11","dynamic network biomarker (dnb) (3); dynamic cross-correlation matrix (dccm) (1); dynamic network biomarkers (dnbs) (1); drug–gene interaction (dgi) (1); dynamic evidential networks (dens) (1); dynamical network biomarker (dnb) (1); single-cell gene association entropy (sgae) (1); specific network information gain (snig) (1); gene regulatory network (grn) (1); amino acid descriptor (aad) (1); dynamic network biomarkers (dnb) (1)"
"355-4","Boundary conditions","8","partial differential equation (pde) (3); markov decision process (mdp) (2); multiscale markov transition field (mmtf) (1); box-jenkins model (bjm) (1); differential evolution (de) (1); ordinary differential equation (ode) (1); monoexponential (me) (1); boundary value ordinary differential equation (bvode) (1)"
"355-5","CNN-based instance segmentation","9","segment anything model (sam) (2); class activation map (cam) (2); pairwise rotation-invariant co-occurrence of local gabor binary pattern (pricolgbp) (1); filter bank cpm (fbcpm) (1); category attention module (cam) (1); texture appearance model (tam) (1); texture representation of image (tri) (1); active contour model (acm) (1); curvature scale space (css) (1)"
"355-6","Diverse methods","19","segment anything model (sam) (2); normalized information distance (nid (1); degree distribution (dd) (1); unstructured data (text) (1); statistical shape model (ssm) (1); temporal associative granulation (tag) (1); ordered weighted average (owa) (1); rayleigh probability density function (pdf) (1); intrinsic neural timescales (ints) (1); structural topic model (stm) (1); attribute-based signature (abs) (1); knowledge discovery from data (kdd) (1); common data model (cdm) (1); non-independently and identically distributed (non-iid) (1); short-term rényi entropy (stre) (1)"
"355-7","Biomedical signal processing","6","body area network (ban) (4); body area networks (ban) (2); fluid-structure interaction (fsi) (2); human-machine interaction (hmi) (1); functional qsm (fqsm) (1); fractional brownian motion (fbm) (1)"
"355-8","Modeling approaches","6","bp artificial neural network model (1); boolean network (bn) (1); long short-term memory(lstm) (1); bidirectional long short-term memory (lstm) (1); 3–d conditional random field (crf) (1); multi-scale attention mechanism module (msa) (1)"
"356-0","Medical informatics","37","medical informatics applications (156); mhealth applications (12); health care applications (3); other clinical informatics applications (3); medical informatics application (3); ai applications (3); big data applications (3); computer software applications (2); software applications (2); clinical ai applications (2); machine learning applications (1); smartwatch applications (1); medical informatic applications (1); web and mobile-based applications (1); e-health applications (1)"
"357-0","Integrative review","36","literature review (52); literature (30); review literature as topic (18); review literature (5); medical literature (4); literature screening (4); literature analysis (3); bibliographic metadata (2); literature recommendation (2); bibliography (2); literature databases (2); scientific literature (2); bibliographic correction (2); literature retrieval (1); clinical literature screening (1)"
"358-0","Cloud-based platforms","43","cloud computing (144); parallel computing (22); computational efficiency (15); distributed computing (13); soft computing (7); fog computing (6); computing (5); cloud storage (4); bioinformatics infrastructure (4); computational complexity (4); gpu computing (3); software availability (3); grid computing (3); computational infrastructure (2); hardware efficiency (2)"
"359-0","Feature selection","50","feature embedding (6); variable importance (6); feature weighting (5); feature transformation (5); features selection (4); feature mapping (3); gene data feature selection (2); network feature (2); feature descriptor (2); feature correlation (2); descriptors (2); goodness of feature (1); attribute classification (1); feature utilization (1); attribute prediction (1)"
"360-0","Cloud-based platforms","12","edge computing (22); iot cloud (3); docker deployment (3); cloud deployment (2); cloud tool (1); cloud environment (1); amazon web services private cloud (1); cloud workspaces (1); cloud database (1); mobile cloud (1); cloud healthcare api (1); cloud application (1)"
"360-1","Neural networks","16","gpu (11); mobilenetv2 (4); r shiny application (4); u-net architecture (3); hecktor21 (1); sparced framework (1); multireslinknet (1); tidy data interface (1); xception and mobilenet integration (1); mobilenetv3 (1); dsp platform (1); computing metodologies (1); scip framework (1); imagene platform (1); ai platform (1)"
"360-2","differential privacy","10","blockchain technology (11); genome privacy (2); privacy-preserving data publishing (2); web3 (1); multi-parties computing (1); federated data access challenges (1); linkability (1); genome security (1); blockchain platform (1); hyperledger fabric blockchain technology (1)"
"360-3","Open-source software","9","open standards (1); publicly available (1); chexpert dataset (1); openehr approach (1); portable genomics (1); nexus format (1); biodiversitypmc platform (1); galaxy integration (1); easycelltype (1)"
"360-4","Distributed algorithms","10","edge computing (22); computer (17); broadband internet (3); iot network (1); integrated gateway (1); 5g technology (1); iot workflow (1); broadband access (1); microsoft kinect v2 (1); iot integration (1)"
"360-5","Open-source software","20","open innovation (6); platforms (3); app based (2); reference architecture (2); mysql (2); multi-source data fusion (2); open data kit (2); restful api (2); open standards (1); it platform (1); internet browsers (1); dual dataflow pathways (1); open source governance (1); app repository (1); semantic web stack (1)"
"361-0","Computer security","68","computer security (297); data security (45); encryption (20); information security (15); privacy preserving (7); attribute-based encryption (6); image encryption (6); searchable encryption (6); user authentication (5); data privacy and security (4); cyber security (4); medical image authentication (2); data encryption (2); selective encryption (2); iot security (2)"
"362-0","Modeling approaches","15","agent-based model (12); network model (5); learning model (4); agent-based models (2); exponential random graph model (2); factor graph model (1); probabilistic graph model (1); between-pathway model (1); boolean model (1); adaptive graph model (1); bipartite local model (1); bond graph modeling (1); hybrid agent-based spatio-temporal model (1); interaction-driven contagion model (1); minimal model (1)"
"362-1","Generative modeling","23","generative model (21); deep generative model (7); transformer-based models (5); transformer-based model (3); molecular generative model (3); tree-based model (2); densenet model (1); visual auto-regressive model (1); heterogeneous skip-gram model (1); sequence-agnostic model (1); emg-driven model (1); similarity-based variational model (1); score-based diffusion model (1); generative large language model (1); character-level models (1)"
"362-2","Modeling approaches","33","multi-scale model (4); multiscale model (4); nonlinear model (3); state-space models (3); lumped models (2); state space models (2); neural mass models (2); hybrid models (2); reduced-order model (2); lumped model (2); lumped-parameter model (2); hybrid three-layer decomposition model (1); multi-proportion channel ensemble model (1); adaptive models (1); hybrid decomposition model (1)"
"362-3","Modeling approaches","45","common data model (52); lumped parameter model (7); vector space model (6); multiscale models (3); multimodal models (3); data-fusion model (2); multi-state model (2); efficient model (2); the three-point estimation approach (1); probabilistic graph model (1); sequencing error model (1); lumped parameter models (1); time adaptive model (1); stochastic approximation model (1); probabilistic tree space (1)"
"362-4","Ensemble learning","12","ensemble models (5); hybrid models (2); stacked models (1); hybrid forecasting model (1); multi-dimensional hybrid model (1); multi-objective optimization model (1); hybrid global-local representation model (1); hybrid three-layer decomposition model (1); hybrid-models (1); hybrid decomposition model (1); multi-task modeling (1); multi-model (1)"
"363-0","Medical image registration","55","image reconstruction (37); 3d reconstruction (27); volume rendering (7); phase space reconstruction (6); super-resolution reconstruction (6); dynamic mri reconstruction (4); maximum intensity projection (3); projection reconstruction (2); 3-d reconstruction (2); 3d volume rendering (2); reconstruction algorithm (2); fast reconstruction (2); iterative reconstruction (2); 4d image reconstruction (1); multi-contrast reconstruction (1)"
"364-0","MIMIC-III NLP","59","clinical reasoning (22); clinical prediction (17); clinical pathways (15); clinical concept extraction (14); clinical usability (5); clinical relevance (4); clinical prompt (2); clinical prediction tasks (2); clinical word vectors (2); clinical topic (2); clinical ai (2); clinical assignments (1); pulmonary dataset (1); clinical treatment process (1); clinical overview (1)"
"365-0","Personalized interventions","31","individualized prediction (3); risk visualization (2); adaptive trials (2); adaptive agent (1); personalized decompression (1); recommendation generation (1); clinically relevant stratification (1); early deterioration monitoring (1); therapy detection (1); personalized policies (1); personalized expertise recommendation (1); algorithmic dosing suggestions (1); progressive recognition (1); patient decisions aids (1); augmented care (1)"
"365-1","Healthcare predictive modeling","15","length of stay prediction (5); hospital admission prediction (2); wait time target (1); mechanical ventilation prediction (1); duty scheduling (1); surgery scheduling problem (1); supportive care pathway functions (1); anesthesiologist scheduling (1); care pathway modelling (1); preparation error (1); monitoring labour (1); clinic closure (1); procedure duration prediction (1); daily discharge prediction (1); patient admission scheduling problem (1)"
"365-2","Pharmacometrics methodology","15","warfarin dose prediction (3); medication directions (1); drug efficacy similarity (1); medication app (1); medication mapping (1); chemotherapy management software (1); drug analysis frameworks (1); medication combination prediction (1); prescription extraction (1); early drug-side effect screening (1); hypoglycemia early alarm (1); drug failure prediction (1); medication alerting (1); medication combination recommendation (1); designer drugs (1)"
"365-3","Medical informatics","17","point-of-care ultrasound (3); point of care diagnostics (2); teleconsultation questionnaire (1); pregnancy management app (1); telemedicine triage (1); first contact physiotherapy (1); pcm events (1); point of care randomisation (1); autonomous triage (1); point-of-care learning (1); emergency scenario (1); test–result management (1); point-of-care summaries (1); remote patient (1); remote diagnostic (1)"
"365-4","Surgical phase recognition","6","surgical phase recognition (4); surgical ontology (1); catheter status recognition (1); surgical action triplet recognition (1); spinal surgery education (1); perioperative informatics (1)"
"365-5","Prompt learning","26","prompt learning (19); prompt tuning (5); alert acceptance (3); missing modality (3); algorithm change protocol (2); cpoe adoption (2); preparatory tool (2); late acceptance hill climbing (1); regulatory-grade (1); safe ai (1); guideline interaction detection (1); monitoring tool (1); algorithm generalizability (1); alert optimization (1); cosmonest optimizer (1)"
"365-6","Medical informatics","14","cough recognition (2); diagnostic informatics (1); surgical ontology (1); targeted subregion identification (1); screening tool of older peoples prescriptions (1); early deterioration indicator (1); animal–human concordance (1); internal administration improve (1); swallowing template (1); screening power (1); guide tree (1); clinical term normalization (1); long-term eeg (1); sublingual image (1)"
"365-7","Healthcare predictive modeling","11","timeliness (8); healthcare cost prediction (2); cost variability (1); safety-net patients (1); medical treatment migration prediction (1); nondelivery schemes (1); pandemic modelling (1); readmission risk technology (1); hospital rating (1); hospital tool (1); minimum cost path (1)"
"366-0","Participatory research","46","qualitative study (86); mixed methods (75); qualitative methods (36); mixed-methods (17); mixed methods study (15); experience sampling method (7); mixed-methods study (4); qualitative research methods (4); mixed method study (4); experience sampling methodology (3); qualitative survey (2); mixed methods design (2); focus group study (2); mixed-method study (2); qualitative methodology (2)"
"367-0","Computer vision","19","rotated object detection (1); motion saliency detection (1); perceptual guidance (1); form perception (1); motion recognition (1); moving stimuli (1); face semantic segmentation (1); dynamic visual cue (1); spatial form (1); boundary perception (1); face detection (1); visual complexity (1); camouflaged object detection (1); visual storytelling (1); visual dynamics (1)"
"367-1","Computer vision","15","gesture recognition (20); hand gesture recognition (7); hand movement recognition (1); finger gesture recognition (1); motion intent recognition (1); human action intent recognition (1); motion intention recognition (1); online action detection (1); motion recognition (1); multiclass motor imagery (1); human recognition (1); human motion imitation (1); grasp intention recognition (1); gestural recognition (1); human action recognition (1)"
"367-2","Neural networks","12","automatic speech recognition (12); speech emotion recognition (6); context disambiguation (1); cross-corpus speech emotion recognition (1); automatic handwriting processing (1); arabic language processing (1); fine-grained chinese word segmentation (1); pronunciation error detection (1); word processing (1); textual emotion detection (1); multimodal speech recognition (1); coherence in speech (1)"
"367-3","Emotional state detection","7","eeg emotion recognition (6); p300 speller (3); multimodal emotion recognition (2); eeg-based speech recognition (1); multimodal emotion detection (1); eeg-based emotion detection (1); electroencephalogram (eeg)-based emotion recognition (1)"
"367-4","Diverse methods","4","blind monaural source separation (1); suprathreshold acuity in noise (1); binaural (1); auditory motion stimulation (1)"
"367-5","Computer vision","8","pattern recognition, visual (4); feature integration (3); temporal extraction (2); feature discriminator (1); event recognition (1); temporal pattern detection (1); error suppression (1); temporal pattern extraction (1)"
"368-0","Research goals","9","goals (28); hypothesis generation (12); aims (2); hypothesis (2); goal persistence (1); rationale (1); health information purpose (1); introduction (1); hypothesis free (1)"
"368-1","Observability","7","background noise (2); background elimination (1); background removal (1); background problem in ora (1); background identification (1); drug background data (1); background explanation (1)"
"368-2","Data collection","11","objective data (5); objective evaluation (2); objective knowledge (1); objective endpoint (1); objective analysis review (1); objective function (1); objective monitoring (1); objective push-type sleep feedback (1); objective feedback (1); objective information (1); objective features (1)"
"368-3","CNN-based instance segmentation","3","object localization (4); object identification (2); object deletion (1)"
"369-0","robust control","15","adaptive transfer function (2); sigmoid function (2); generalized transfer function (2); head-related transfer function (1); individualized transfer function (1); sigmoidal mapping function (1); multi-dimensional transfer function (1); adaptive sigmoid function (1); associated nonlinear function (1); nonlinear activation function (1); logarithmic hyperbolic secant function (1); directed transfer function (1); sigmoid entropy (1); transfer functions (1); s-shape transfer function (1)"
"369-1","Optimization methods","13","piecewise-linear criterion function (2); edge loss function (1); informative loss function (1); boundary feature loss function (1); cauchy loss function (1); mixing-loss function (1); re-weighting loss functions (1); regularized error function (1); weighted-loss function (1); weighting function (1); penalty function (1); physics-informed loss function (1); feature-weighted loss function (1)"
"369-2","Bayesian statistics","3","likelihood functions (100); survival functions (1); negative log-likelihood function (1)"
"369-3","Multiple kernel learning","8","radial basis function (8); kernel functions (3); kernel function (2); radial basis functions (2); mixed kernel function (1); neural tangent kernel (1); periodic b-splines (1); b-splines (1)"
"369-4","Penalized regression","6","polynomial fitting function (1); power-law with exponential cut-off (1); exponential series (1); least squares (1); linear fitting prediction (1); exponential function (1)"
"369-5","Dimensionality reduction","5","logarithmic rotation-moment relation (1); dimensionless parameters (1); scaling laws (1); logarithm scaling law (1); allometric scaling law (1)"
"369-6","Time-series analysis","5","ensemble of shape functions (1); distance functions (1); intrinsic mode function imf (1); intrinsic mode functions (1); cross-covariance function (1)"
"369-7","Statistical dependence measures","8","normalized advantage function (2); partial dependence plots (2); partial dependence plot (2); smoothing function (1); metric function (1); logging function (1); unconstrained membership function (1); slope sum function (1)"
"370-0","Modeling approaches","70","software (7335); software design (142); software tools (15); software engineering (8); software architecture (8); software tool (5); software agents (4); computer software application (3); visualization software (3); computer assisted (3); software algorithm (2); software application (2); software comparison (2); scalable software (2); computer systems evaluation (2)"
"371-0","Spatial analysis","49","spatial analysis (15); spatial clustering (7); common spatial patterns (7); common spatial pattern (6); geographic mapping (5); spatial information (4); network characteristics (4); spatial correlation (3); spatial statistics (3); spatial structure (2); spatial modelling (2); spatial data (2); mid-atlantic region (2); geographic visualization (2); location analysis (1)"
"372-0","Dialogue systems","25","question answering (27); medical visual question answering (6); medical question answering (6); question-answering (5); visual question answering (4); question answering systems (2); statistical question answering (1); question prompt list (1); extractive question answering (1); question-asking (1); medical question-and-answer post (1); consumer health question answering (1); question answering (information retrieval) (1); multiple-choice question (1); frequently asked question retrieval performance evaluation (1)"
"372-1","Data collection","16","interview, psychological (3); 7-point checklist (2); questions and answers (1); questionnaire adaptation (1); survey retention (1); surveys and questionaries (1); survey layout (1); questionnaire answering (1); answer-response behaviors (1); survey response times (1); elicitation tool (1); patient question sets (1); laboratory test item (1); shortened questionnaires (1); adaptive questionnaire (1)"
"373-0","Healthcare predictive modeling","17","lncrna-disease association prediction (6); biomarker and gene signatures detection (1); phewas associations (1); ncrna-drug resistance association prediction (1); microbe–drug associations prediction (1); herb-symptom association prediction (1); herb–disease association prediction (1); host-pathogen interaction prediction (1); mirna-disease associations prediction (1); disease co-occurrence prediction (1); chemical-disease interaction extraction (1); associations discovery (1); microbe-drug associations prediction (1); circrna-disease association prediction (1); disease mirna inference (1)"
"373-1","Computational biology","21","gene regulatory network inference (4); lncrna identification (4); mirna pharmacogenomic set (1); ontology-agnostic discovery (1); noncoding rna family classification (1); modelling cancer genes census (1); networks validation (1); gene-drug common modu-les (1); mirna-gene relation- ships (1); co-expression robustness (1); key genes (kgs) (1); gene regulatory networks inference (1); mutational signature attribution (1); local and global features network (1); gene ontology dag (1)"
"373-2","Pharmacometrics methodology","7","lincs l1000 connectivity map (1); drug perturbation signatures (1); drug-drug interac-tion prediction (1); drug pair representation (1); drug resistance signature reversal (1); synergy-prediction visualization (1); cmap and lincs l1000 (1)"
"373-3","Module biomarkers","16","module biomarker (3); mrna-dna methylation-mirna data integration (1); genetic module discovery (1); missing omics recovery (1); network-based gene expression imputation (1); metabolic flux inference (1); multi-omic simulator (1); dynamical network biomarker (1); genomic style signature (1); peptide level feature (1); complete ec number prediction (1); multilayer network biomarker (1); methylation level prediction (1); complexity prediction (1); long-read based antibiotic resistome risk assessment pipeline (1)"
"373-4","Spatial analysis","3","spatial regulatory network inference (1); tissue-region annotation (1); spatial trainscriptomics prediction (1)"
"373-5","Metabolic flux analysis","7","pathway-informed priors (1); gene ontology normalization (1); ontology-agnostic discovery (1); biological expression language (1); gene ontology dag (1); pathway activity inference (1); neural pathway mining (1)"
"373-6","Medical informatics","4","herb-symptom association prediction (1); herb–disease association prediction (1); chemical-disease interaction extraction (1); host-pathogen interaction prediction (1)"
"373-7","Human-computer interaction","2","humancomputer interaction (1); humancomputer interaction (hci), (1)"
"373-8","Association rule mining","4","phewas associations (1); associations discovery (1); disease-gene associations prediction (1); disease-drug associations prediction (1)"
"374-0","Biomedical signal processing","51","phonocardiogram (22); heart sound (16); ecg signal (12); ecg signals (6); electrocardiogram signals (3); respiratory signal (3); pulse waveform (3); cardiopulmonary signals (2); nasal pressure signal (2); blink artifact signals (1); phonocardiogram signal (1); ventilator waveform (1); phonocardiography signals (1); chronogram (1); oscillometric waveform (1)"
"375-0","Computational biology","70","network topology (12); complex network (10); ppi network (7); modularity (6); cerna network (6); similarity network (4); genome-scale metabolic networks (3); disease networks (3); node centrality (2); genetic regulatory networks (2); interaction network (2); edge information (2); metabolite exchange networks (1); personalized protein-protein interaction networks (1); correlation networks (1)"
"376-0","Computational biology","40","phylogenetics (16); phylogenetic analysis (13); phylogenetic tree (10); phylogenetic inference (5); phylogenetic trees (4); conservation analysis (3); phylogenetic network (2); ancestral sequence reconstruction (2); phylogenetic relationship (2); nucleotide substitution models (1); phylogenetic dating (1); genetic evolutionary analysis (1); snp-based phylogeny (1); rooted phylogenetic network (1); tree inference accuracy (1)"
"377-0","Sequence alignment","43","sequence alignment (471); multiple sequence alignment (19); local alignment (3); pairwise sequence alignment (2); sequence model (2); progressive alignment (2); 3d alignment (2); seed-and-extension alignment (1); rna structural alignment (1); sequence-alignment (1); multiple spliced alignments (1); alignment gap (1); backbone alignment (1); reference sequence alignment (1); gaps in sequence alignment (1)"
"378-0","Sequence alignment","20","dna barcoding, taxonomic (22); metabarcoding (3); species classification (2); species identification (1); taxonomic classification tools (1); dna metabarcoding (1); functional and taxonomic classification (1); medicinal plants misidentification (1); dna barcode classification (1); mag taxonomic classification (1); medicinal leaf and plant classification (1); microbial classification (1); synonyms (1); plants misidentification (1); species delimitation (1)"
"379-0","Wavelet transforms","44","discrete wavelet transform (dwt) (13); empirical mode decomposition (emd) (5); singular value decomposition (svd) (4); continuous wavelet transform (cwt) (3); dynamic time warping (dtw) (3); empirical wavelet transform (ewt) (2); adaptive fourier decomposition (afd) (2); dynamic mode decomposition (dmd) (2); stationary wavelet transform (swt) (2); wavelet transform (wt) (2); subband decomposition independent component analysis (ica) (sdica) (1); hilbert transform (ht) (1); pseudospectral time-domain (pstd) (1); spectral-normalized neural gaussian process (sngp) (1); differential transform method (dtm) (1)"
"380-0","Record linkage","23","record linkage (32); record systems (14); record (6); online record access (3); electronic record (2); pharmaceutical care record (2); publication record (2); document level (2); document-level (2); health record viewer (1); traditional paper record (1); vaccine record (1); digital record (1); nursing record (1); duplicate record (1)"
"382-0","Computational biology","18","scrna-seq data integration (2); spatial transcriptomics sequencing (1); single cell chip-seq simulation (1); scrna-seq data clustering (1); scrna-seq classification (1); snrnaseq (1); cellular indexing of transcriptomes and epitopes sequencing (1); linked-read deconvolution (1); spot-level gene expression estimation (1); scrna-seq smoothing (1); nanostring geomx dsp (1); snatacseq (1); scrna-seq and bulk rna-seq integration (1); single-cell dna methylation prediction (1); scrna-seq data classification (1)"
"382-1","Sequence alignment","20","personal transcriptome (3); bulk rna-seq deconvolution (2); gene expression programming (2); cdna dataset (1); read simulation (1); rna isoform visualization (1); gene expression rank (1); rna2vec (1); scrna-seq and bulk rna-seq integration (1); reads2graph (1); transcript counting (1); read correlations (1); gene expression deconvolution (1); paired-end read integration (1); x genomics chromium (1)"
"382-2","Computational biology","8","microarray gene expression data merging (1); microarray dataset (gse8440) (1); microarray segmentation (1); microrna sorting (1); heterogeneous non-coding rna database (1); holistic transcriptome (1); abide dataset (1); circrna2vec (1)"
"382-3","Secondary data analysis","11","wgbs (2); genomic style (1); filtering, metagenomic classifiers (1); heatmap regression (1); gsea (1); enrichmentmap (1); heatmap decoding (1); tf binding sites identification (1); genome annotation standardization (1); gene set library dependence (1); geo2r (1)"
"382-4","Data collection","8","ngs (16); snv calling (1); seq2phase (1); chipseq (1); gcgan-based data augmentation (1); seq2seq-attention (1); omicstide (1); seqgan (1)"
"382-5","brute-force attack","1","digital dna attacks (1)"
"383-0","CNN-based instance segmentation","38","brain tumor segmentation (54); tumor segmentation (18); breast tumor segmentation (5); liver and tumor segmentation (5); breast mass segmentation (4); tumour segmentation (3); brain tumour segmentation (2); nodule segmentation (2); kidney tumor segmentation (2); lung tumor delineation (1); lymph node segmentation (1); ct and mri volumes (1); pancreatic cancer pathology image segmentation (1); tumor saliency estimation (1); tumor tracking (1)"
"384-0","Medical informatics","88","information systems (261); database management systems (204); systems integration (152); information system (41); hospital communication systems (12); management information systems (10); system integration (7); workflow management (7); system identification (6); medical order entry system (6); vendors (5); software framework (4); database management system (3); ehr systems (3); ai system (3)"
"385-0","Optimization methods","17","l(1/2) penalty (2); annealing schedule (1); truncated nuclear norm regularization (1); polynomial aggregation (1); l(1) minimization (1); boundary constraint (1); dynamic entropy weight (1); equilibrium optimization (1); tv-l1 approximation (1); entropy bound (1); ℓ0 norm (1); grmhor algorithm (1); robusth(∞) (1); globally optimal (1); fast inertial relaxation engine (1)"
"385-1","Attention models","12","deformable attention (3); linear attention (2); lattice lstm (2); asymmetric convolution (2); decoupled convolution (1); polynomial classifier (1); sparse attack (1); squeeze-and-excitation module (1); lstm-gan (1); fknn (1); decomposble attention (1); large kernel (1)"
"385-2","Wavelet transforms","25","compressive sensing (8); laplacian pyramid (3); tensor completion (2); 1/f noise (2); morse wavelet (2); inverse folding (2); wiener-volterra series (1); curvelet moments (1); harmonic solution (1); complex convolution (1); integral transforms (1); sinc-convolution (1); riesz transforms (1); random speckle (1); morlet wavelet (1)"
"385-3","t-invariants","12","rotation invariant (2); power-law kernel (1); spd matrix (1); gqm approach (1); topologicalanalysis (1); shape complementarity (1); hypersphere manifold (1); geometry aware (1); symplectic geometry decomposition (1); inner product norm (1); moment invariant (1); t(1) mapping (1)"
"385-4","Quantum methods","15","hyperbolic dirac net (6); method of fundamental solutions (2); lyapunov function (2); lyapunov stability (2); numerical method of characteristics (1); kelvin-voigt material (1); dynamics etc (1); noise-sensitive constraint (1); thermodynamic framing (1); hyper elastic models of lung and lung tumor motion (1); dft and mep (1); vorticity transport (1); hyperbolic uncertainty (1); noise insensitivity (1); parabolic pde (1)"
"385-5","Modeling approaches","13","first-order logic (4); singularity container (2); approximate permutation (1); kolmogorov complexity (1); infinite mixture prototype (1); lempel and ziv complexity (1); deterministic translation (1); approximate matching (1); finite state machine (1); stochastic beam search (1); quantized inference (1); theorem proving (1); probability logic (1)"
"385-6","Fractional calculus","3","fractional order calculus (1); optimal fractional s transform (1); fractional-order calculus (1)"
"386-0","Ubiquitous computing","12","ubiquitous computing (23); mobile computing (20); pervasive computing (15); cloud-computing (4); serverless computing (3); ubiquitous and mobile computing (2); cloud-based computing (1); cloud computing for phylogenomics (1); pervasive computing/wearable computing (1); pervasive and mobile computing (1); vehicular cloud computing (1); mobile cloud computing (1)"
"386-1","Distributed algorithms","12","high-performance computing (15); high performance computing (6); parallel computation (5); heterogeneous supercomputer (1); multi-core processing (1); massively parallelized computation (1); multi-core computing (1); high-performance computing and storage (1); multicore parallel processing (1); multicore processing (1); high-performance-computing (1); parallelized computing (1)"
"386-2","Computer vision","3","gpu-acceleration (1); gpu-accelerated computing (1); gpu-accelerated genomics (1)"
"386-3","Neural networks","5","nature inspired computing (1); neuromorphic graph computing (1); neuromorphic computing (1); embedded neuromorphic computing (1); soft-computing (1)"
"386-4","Quantum methods","3","quantum computing (8); universal gate-based quantum computing (1); quantum-inspired computing (1)"
"386-5","Distributed algorithms","10","secure multi-party computation (7); secure multiparty computation (5); secure computation (3); multi-party computation (3); secure multi-party computing (2); privacy computing (1); multi party computation (1); privacy in cloud computing (1); multiparty computation (1); privacy preserving computation (1)"
"386-6","Distributed algorithms","5","collaborative computing (1); distributed mobile computing (1); heterogeneous computing (1); decentralized computing (1); distributed computation (1)"
"386-7","differential privacy","1","secure computation of genomic data (1)"
"386-8","Distributed algorithms","8","scalable computation (2); scalable processing (1); scalable data processing (1); computable algorithms (1); efficient computing (1); distributed statistical computation (1); real-time computation (1); scalable computation on clusters and laptops (1)"
"387-0","Medical informatics","53","medical records, problem-oriented (11); observational health data sciences and informatics (4); interdisciplinary communication, information systems, health information exchange, informatics, systems analysis (1); rheumatoid arthritis, digital health, mobile health (1); informatics, data security, data protection, data sharing (1); information management/systems/computerization ambulatory/physician office health information technology (1); decision making, education of patients, electronic health record, computer graphics, clinical laboratory information systems (1); named entity recognition, user study (1); health services research, 2-step virtual catchment area (2svca) method, 2-step floating catchment area (2sfca) method (1); system analysis, smart homes for health care services (1); remote monitoring<clinical documentation and communications<specific types<clinical information systems (1); professional-patient relations, primary health care (1); risk stratification, dementia (1); user-centred design, human-centred design (1); viewpoints on and experiences with digital technologies in health (1)"
"388-0","Modeling approaches","66","computational model (40); model interpretation (19); model development (11); parameter identification (6); simulation model (6); model updating (6); model uncertainty (6); in silico trials (5); prediction modeling (5); data models (5); ensemble technique (5); model construction (4); model predictive control (4); model robustness (3); model prediction (3)"
"390-0","Safety management","32","safety management (43); vaccine safety (6); monitoring and surveillance (5); safety surveillance (4); electronic monitoring (4); data monitoring (3); interim analysis (3); drug safety surveillance (3); study accrual (3); safety reporting (2); postmarket surveillance (2); study sponsor (1); data and safety monitoring board (1); vaccine monitoring (1); rare events (1)"
"391-0","Modeling approaches","45","multilevel analysis (8); multilevel modeling (6); mixture modeling (4); causal analysis (4); regression modeling (4); process modeling (4); multimodal modeling (3); hierarchical modeling (2); multivariate methods (2); spatial dependency modeling (2); autoregressive modeling (2); multilevel modelling (2); computational multilevel modeling (1); correspondence modeling (1); mixed-integer temporal modeling (1)"
"392-0","Technology adoption models","56","health literacy (303); computer literacy (29); persuasive technology (23); technology implementation (7); information technology healthcare evaluation (7); ehr implementation (5); health information technology implementation (4); mobile monitoring (3); digital governance (3); health information technology adoption (2); health care technology adoption (2); innovation adoption (2); continuous usage intention (2); telehealth monitoring (2); technology readiness (2)"
"393-0","Bayesian statistics","25","statistics as topic (96); topic model (13); topic modelling (12); concept drift (6); theme (3); topics distribution (2); topic mining (2); topic bursts (2); category keywords (1); topic taxonomy (1); topic hotspot (1); word evolution (1); topic detection (1); chronology as topic (1); thematic evolution (1)"
"393-1","Cross-domain generalization","6","domain adaptation (88); domain generalization (29); domain adaptive (3); domain detection (1); domain movement (1); domain translation (1)"
"393-2","Medical informatics","3","biomedical question answering (7); health topic familiarity (1); d2.1 (software engineering) requirements/specification j.3 (life and medical sciences): health model-driven architectures (1)"
"393-3","Concept analysis","10","concept normalization (6); term identification (2); term alignment (2); term familiarity (1); term discovery (1); term dependency (1); related term (1); term mapping (1); term normalization (1); term recognition (1)"
"393-4","Feature extraction","2","section classification (2); directories as topic (1)"
"393-5","Concept analysis","2","discipline evolution (1); research theme (1)"
"394-0","Self-Organizing Maps","68","k-means clustering (18); spectral clustering (13); deep clustering (12); consensus clustering (7); graph clustering (4); density-based clustering (4); subspace clustering (3); hierarchical agglomerative clustering (2); multi-view clustering (2); k means clustering (2); graph-based clustering (2); iterative clustering (2); attention guided-generalized intuitionistic fuzzy c-means clustering (1); density peak clustering (1); kernel-based clustering (1)"
"395-0","Optimization methods","7","inverse problem (19); inverse problems (5); inverse solution (3); optimization problem (2); analytical delay model (1); iterative optimization model (1); inverse ecg problem (1)"
"395-1","Fractional calculus","4","piecewise modified abc fractional derivative (1); fractional-order (1); fractional optimal control problem (1); fractional order derivative (1)"
"395-2","Boundary conditions","17","finite difference (3); galerkin approximation (1); implicit time-integrator (1); laplace transforms (1); laplace solution (1); poisson loss (1); nonlinear solving (1); incompressible analysis (1); laplace matrix (1); numerical hand model (1); boundary consistency (1); singularly perturbed problems (1); surface laplacian potential (1); boundary value problem (1); volumetric laplacian operator (1)"
"395-3","Optimization methods","31","hessian matrix (2); alternating direction method of multipliers (2); optimization problem (2); approximation algorithms (1); constrained variational problems (1); levenberg-marquardt scheme (1); linear matrix inequalities (1); parabola approximation (1); partial order constraint (1); lagrangian multiplier (1); variational approximation (1); time homogeneous systems (1); monomonokgap method (1); n-order (1); expression constraint simplification (1)"
"395-4","Optimization methods","11","positive semi-definite hermitian matrices (1); hyperbolic complex algebra (1); tensor algebra (1); matrix pseudo-inversion (1); low-rank matrix approximation (1); tensor nuclear norm (1); coupled matrix–matrix (1); higher order tensor (1); matrix computation (1); nonnegative matrix completion (1); coupled matrix–tensor (1)"
"395-5","Wavelet transforms","9","shearlet transform (2); generalized anscombe transformation (1); fourier–bessel sequences (1); gauss–hermite approximation (1); generalized pseudo-zernike moments (1); quadratic phase coupling (1); exponential pixelating integral (1); bit-plane decomposition (1); gaussian interaction profile (1)"
"395-6","Spatial analysis","10","riemannian geometry (7); hyperbolic space (4); dirac (3); von mises stress (3); triply periodic minimal surfaces (2); dirac notation (2); lagrangian coherent structures (1); equivalent dipole (1); forman ricci curvature (1); renormalization (1)"
"395-7","Optimization methods","14","approximate entropy (6); identifiability (3); polynomial chaos expansion (2); identifiability index (1); lyapunov׳s stability analysis method (1); fixed point theorem (1); zero-shot affinity estimation (1); singular entropy (1); second order moments (1); kolmogorov–arnold theorem (1); kolmogorov entropy (1); zeta function (1); polynomial kernel (1); single valued neutrosophic set (1)"
"395-8","Distributed algorithms","9","satisfiability problems (1); landau-vishkin algorithm (1); finite state machines (1); crc32 polynomials (1); finite and infinite mixture frameworks (1); boolean algebra (1); fixed-point theorems (1); approximations (1); generalized pagerank techniques (1)"
"396-0","Computational Fluid Dynamics","12","computational fluid dynamics (cfd) (12); finite element analysis (fea) (7); finite element method (fem) (4); finite element (fe) (2); computational fluid-particle dynamics (cf-pd) (1); finite difference method (fdm) (1); finite element methods (fem) (1); fluid-solid interaction (fsi) (1); computational fluid-dynamic (cfd) (1); computational fluid-particle dynamics (cfpd) (1); semi-analytical finite element (safe) (1); imaged-based computational fluid dynamics (cfd) (1)"
"396-1","Optimization methods","8","simultaneous and proportional control (spc) (1); efficient second-order minimization (esm) (1); closed-loop control (clc) (1); model predictive control (mpc) (1); high order sliding mode control (ho-smc) (1); model based smooth super-twisting control (mbsstc) (1); optimal control problem (ocp) (1); quantum krill herd optimization (qkho) (1)"
"396-2","Wireless communications","9","ultrawideband (uwb) (1); power line interference (pli) (1); tightly coupled convolutional trans- former(tcct) (1); multi-input multi-output (mimo) (1); flexible macroblock ordering (fmo) (1); binary phase-shift keying (bpsk) (1); multi-user interference (mui) (1); and radio frequency (rf) (1); hamming encoding digital transmitter (hedt) (1)"
"396-3","Computer security","5","differential privacy (dp) (1); full-quantum mechanics (fqm) (1); full-quantum mechanics (qm) (1); practical byzantine fault tolerance(pbft) (1); reformist feistel encryption (rfe) (1)"
"396-4","Time-series analysis","8","liquid–liquid phase separation (llps) (2); ftir-based imaging method (fim) (2); fiber bragg gratings (fbgs) (1); volumetric absorptive microsampling (vams) (1); electro-conductive biolpolymers (ecbps) (1); optically pumped magnetometers (opms) (1); multi-wavelength illumination optoelectronic patch sensor (mopes) (1); optically pumped magnetometers (opm) (1)"
"396-5","Medical informatics","2","optical character recognition (ocr) (1); biomedical question-answering (qa) (1)"
"396-6","Computational biology","6","virtual screening (vs) (2); compressive sensing (cs) (1); random field theory (rft) (1); nonnegative canonical polyadic decomposition (ncpd) (1); multi-source random walk (mrw) (1); canonical polyadic decomposition (cpd) (1)"
"396-7","Modeling approaches","5","heterogeneous multi-processing (hmp) (1); magnetohydrodynamics (mhd) (1); multi-body simulation (mbs) (1); discrete-event-simulation (des) (1); agent-based modeling (abm) (1)"
"396-8","programmable second order reversible cellular automata (rca 2)","1","programmable second order reversible cellular automata (rca 2) (1)"
"396-9","Wireless communications","1","wireless power transfer (wpt) (1)"
"397-0","Trustworthy AI","2","credible information retrieval (1); dynamic information filtering (1)"
"397-1","information criteria","8","information gain (3); information loss (2); redundant information (1); information enhancement (1); information chaos (1); information inequality (1); information accuracy (1); information distortion (1)"
"397-2","Information behavior","6","information avoidance (2); information behaviour (2); memory efficiency (2); information processing speed (2); information propagation (1); information continuity (1)"
"397-3","data representations","4","information display (10); information visualisation (4); information representation (3); tactile information (1)"
"397-4","data representations","9","information model (5); prior information (4); temporal information (3); intermediate information (1); multi-level information (1); target information (1); high-order information (1); order information (1); object information (1)"
"398-0","Clinical trials","43","humans (10612); clinical protocols (27); clinical validation (15); clinical utility (10); clinical application (10); clinical applications (7); clinical translation (7); proof-of-concept (6); clinical safety (5); clinical use (4); proof of concept study (4); clinical applicability (4); proof of concept (3); clinical efficacy (3); translational application (2)"
"399-0","Statistical dependence measures","13","multivariate (3); splines (3); nonlinear measures (2); log analysis (2); relevant variables (1); group statistics (1); continuous covariates (1); continuous and discrete covariates (1); multivariable distributions (1); continuous and binary outcomes (1); median (1); ancova (1); discrete test statistic (1)"
"399-1","Chi-square test","5","x2 contingency table (1); chi square (1); categorical features (1); categorical data (1); dichotomization (1)"
"399-2","Concept analysis","8","ordinal classification (3); ordinal response (2); ordinal pattern (2); ordinal pattern statistics (2); ordinal partitioning (1); ordinal/nominal multicategory phenotypes (1); ordinal data (1); ordinal scales (1)"
"399-3","Censored survival analysis","3","cox-snell residuals (1); right-interval censored data (1); right-censored data (1)"
"399-4","Bayesian statistics","2","ibd analysis for dichotomous traits (1); cis-mendelian randomization (1)"
"399-5","partial discrete logarithm","1","partial discrete logarithm (1)"
"399-6","Educational methodologies","1","sex education (10)"
"400-0","Module biomarkers","7","immunohistochemistry (23); fluorescent antibody technique (10); immunohistochemistry staining (1); immunological assay (1); immunity assay (1); immunofluorescence staining (1); multiplex immunohistochemistry (1)"
"400-1","Postmortem tissue processing","11","immersion (6); brain extraction (3); ffpe (2); post-mortem (1); human kidney biopsy (1); water loss (1); tissue shrinkage (1); necropsy (1); post mortem (1); tissue fixation/embedding (1); tissue preservation (1)"
"400-2","Tumor cell culture","11","tumor cells, cultured (7); organoids (5); in vitro (3); coculture techniques (3); rat portal vein spontaneous contractions in vitro (1); cone-and-plate chamber (1); cell dehydration (1); ex vivo (1); cell culture efficiency (1); in vitro measurement (1); tumor spheroids (1)"
"400-3","Clinical trials","8","in vivo (2); in vivo and real time (1); chick chorioallantoic membrane assay (1); neuromuscular characterization (1); field experiment (1); rat myocardium (1); in vivo electrophysiology (1); field experiments (1)"
"400-4","DNA damage assay","3","dna fragmentation (1); cell-free dna fragmentation (1); micronucleus (1)"
"400-5","Tumor cell culture","2","atp assay (1); mtt (1)"
"400-6","Scanning electron microscopy","3","sem (3); fluorodeoxyglucose f18 (2); reference electrode (1)"
"400-7","Microsimulation methods","19","microsimulation (6); control conditions (2); nakamura method (1); ko controls (1); controls (1); quantitative parameters (1); negative data (1); experimental method (1); mechanism investigation (1); quantitative methodology (1); negative control (1); indirect method (1); traditional methods (1); quantitative morphology (1); reversible techniques (1)"
"400-8","Clinical research methods","6","media–adventitia interface (1); polyp characterization (1); homogenization technique (1); phenylephrine (1); cervical lesions (1); contact area (1)"
"401-0","Data collection","44","evidence synthesis (21); evidence (13); level set (9); evidence-based dentistry (6); evidence map (3); clinical evidence (3); evidence appraisal (2); evidence dissemination (2); evidence generation (2); medicine-based evidence (2); evidence based practice (2); evidence based (2); evidence-based diagnosis (1); recommendation type classification (1); evidence retrieval (1)"
"402-0","Graph representation learning","71","dual-branch network (5); fusion network (5); encoder-decoder network (4); multilayer network (4); residual networks (3); bipartite graph attention network (2); transformer-based network (2); dual network (2); disjoint abstraction network (2); kolmogorov–arnold networks (2); boolean network dynamics (1); residual graph attention network (1); dual-path network (1); explainable neural network (1); higher-order tensor network (1)"
"403-0","Optimization methods","21","genetic algorithm (ga) (12); particle swarm optimization (pso) (7); competitive swarm optimizer (cso) (1); tuna swarm optimization (tso) (1); parrot optimizer (po) (1); genetic algorithm (ga) and glowworm swarm optimization (gso) (1); monarch butterfly optimization (mbo) (1); cuckoo search algorithm (csa) (1); multivariate intensified mine blast optimization (mimbo) (1); cuckoo search optimization (cso) (1); modified cuckoo search algorithm (mcsa) (1); enhanced african vulture optimization algorithm (eavoa) (1); adaptive genetic algorithm (aga) (1); manta ray foraging optimization (mrfo) (1); automatic region growing algorithm (arga) (1)"
"403-1","Optimization methods","5","multi-objective equilibrium optimization (moeo) (1); multi-objective modified using genetic algorithm (mom-ga) (1); multi-objective evolution (moe) (1); multi-objective optimization (moo) (1); archived multiobjective simulated annealing based technique (amosa) (1)"
"403-2","Self-Organizing Maps","17","gradient-weighted class activation mapping (grad-cam) (4); contrast limited adaptive histogram equalization (clahe) (1); dim target detection algorithm (dtda) (1); carnot cycle entropy-based global and local technique (c(2)ebgal) (1); alternative direction method of multipliers (admm) (1); 3d gradient weighted class activation mapping (3d-grad-cam) (1); multiscale class residual attention (mcra) (1); k-nearest neighbour's (knn) intrusion detection system (ids) (1); cross-level feature guidance (cfg) (1); neural architecture search (nas) (1); visual-based image reclamation (vbir) (1); spatial intuitionistic fuzzy c-means (sifcm) (1); denoise and contrast attention (dcam) (1); variational auto encoder (vae) (1); adaptive noise cancellation (anc) (1)"
"403-3","Generative modeling","7","unsupervised domain adaptation (uda) (2); synthetic minority over-sampling technique (smote) (2); synthetic minority oversampling technique (smote) (1); data augmentation (da) (1); synthetic minority oversampling (smote) (1); physics-informed data augmentation (pida) (1); synthetically minority oversampling technique (smote) (1)"
"403-4","Feature disentanglement","2","joint blind source separation (jbss) (1); convolutive blind source separation (bss) (1)"
"403-5","Optimization methods","5","set partitioning in hierarchical trees (spiht) (2); genomic optimal contribution selection (gocs (1); truncate intensity based operation (tibo) (1); sammon nonlinear map (nlm) (1); run-length encoding (rle) (1)"
"403-6","Digital identity technologies","4","extended secure searchable encryption (esse) (1); multiparty computation (mpc) (1); secure hash algorithm (sha) (1); error-correcting-output-coding (ecoc) (1)"
"403-7","Wireless communications","5","cohesive random-hash based security model (crhsm) (1); fuzzy analytic hierarchy process (fahp) (1); network coding based dynamic retransmit/rebroadcast decision control (nc-drdc) (1); network-based subject portrait approach (nspa (1); software-defined networking (sdn) (1)"
"403-8","Computational biology","3","gsmms enhanced with enzymatic constraints using kinetic and omics data (geckos) (1); liver cancer algorithm (lca) (1); molecular mechanics/generalized born model and solvent accessibility (mm/gbsa) (1)"
"403-9","Optimization methods","8","machine learning-based scoring function (ml-based sf) (1); optimized deep policy gradient (odpg) (1); fuzzy nonstandard finite difference (fnsfd) technique (1); gram-schmidt orthogonalization (gso) (1); nonnegative matrix factorization deconvolution (nmfd) (1); machine learning-based scoring function (mlsf) (1); adaptive focal cross-entropy loss (afce) (1); extreme gradient boost (xgboost) (1)"
"403-10","Data analysis methods","11","set partitioning in hierarchical trees (spiht) (2); profile-link-based search method (pl-search) (1); statistical process monitoring (spm) (1); complete ensemble empirical mode decomposition with adaptive noise (ceemdan) (1); singular spectral analysis – gaussian fitting (ssa-gf) (1); ensemble empirical mode decomposition with principal component analysis (eemd-pca) (1); hybrid input output automata (hioa) (1); double space-time transmit diversity(d-sttd) (1); seed-initiated correlation analysis (sca) (1); homotopy analysis method (ham) (1); cscd (covariance-based single-cell decomposition (1)"
"404-0","Medical image registration","66","whole slide image (24); whole slide images (20); image quality (13); whole slide imaging (13); microscopic images (8); image restoration (7); whole slide image (wsi) (5); whole-slide images (5); multi-magnification (4); image stitching (4); microscope images (3); whole-slide imaging (3); image cytometry (3); whole-slide image (3); imagej (3)"
"405-0","Optimization methods","11","feed-forward loop (2); pigeon-inspired optimization (1); human-like algorithm (1); structure-aware protein representations (1); nature-inspired algorithm (1); phylogeny-aware modelling (1); bat-inspired algorithm (1); nature-inspired control algorithm (1); structure-aware representations (1); snake model (1); bio-inspired processing (1)"
"405-1","Virtual agents","59","multi-agent system (10); multi-scale representation (5); hybrid architecture (4); multi-granularity (2); hybrid architectures (2); multi-layer fusion (2); hierarchical-gradient structures (1); 5-layer architecture (1); reorganizing feature pyramid network (1); two-tree-like diagrams (1); multi-granularity representation (1); multi-network embedding (1); dual-stream architecture (1); two-layer (1); dual-head architecture (1)"
"405-2","Modeling approaches","9","hybrid architecture (4); hybrid architectures (2); model-driven architecture (1); meminductor-inspired coupling (1); memristive crossbar array (mca) based model (1); configurable (bio)logic blocks (1); model-driven architectures (1); in-network system (1); component-based architecture (1)"
"405-3","Graph representation learning","19","distributed representation (5); multi-scale representation (5); network cycle-breaking (1); tree-structured intermediate representation (1); boolean logic gate (1); multi-network embedding (1); vector-symbolic architecture (1); fuzzy front-end (1); self-organized feature engineering (1); multi-view network (1); physics-inspired method (1); multiscale complexity (1); multi-view representation (1); fine-tuning strategies (1); multi-view modeling (1)"
"406-0","Data annotation","11","annotation tools (2); automatic database curation (2); rapid text annotation tool (1); variant annotation and database filtering (1); biomedical annotation tools (1); sequence editing tool (1); ontology tools (1); motif search tool (1); curation tools (1); automated annotation tool (1); public annotation databases (1)"
"406-1","Evaluation frameworks","3","benchmarking tools (1); benchmarking for clonotyping and software development (1); benchmarking computational tools (1)"
"406-2","Computational biology","8","web servers (3); search engine queries (2); public tools (1); browser-based bioinformatics tools (1); online analysis tools (1); visualization tools (1); command-line tools (1); accessibility of bioinformatics tools (1)"
"406-3","Computational biology","13","bioinformatics software (15); computational tools (9); computational tool (2); genomic tool suite (1); bioinformatics tool development (1); informatics tools (1); computational methods and software development (1); phenx toolkit (1); bioinformatic methods (1); data integration tools (1); large-scale and integrative computational tools (1); bioconductor workflows (1); bioinformatic tool (1)"
"406-4","Computational biology","12","lncrna prediction tools (1); variant calling tools (1); mass spectrometry data formats (1); peak-calling programs (1); variant callers (1); iedb tools (1); mutation-effect prediction tools (1); metabolomic analysis tools (1); functional prediction framework (1); prediction tools (1); docking tool (1); machine-learning tools (1)"
"406-5","Query methods","4","search engine queries (2); database queries (1); query languages (1); code sets (1)"
"407-0","Medical informatics","53","bi-rads (9); kl2 (8); lung nodule classification (3); gleason grading (3); node classification (2); tumor grading (2); pathological image classification (2); cad-rads (2); bi-rads classification (2); histologic subtype classification (2); two-stage classification (2); fuhrman grading (1); intraoperative frozen sections (1); kl-grade classification (1); pnlm-pca (1)"
"408-0","data representations","22","abstracting and indexing (38); text summarization (13); automatic summarization (6); automatic text summarization (4); text processing (3); automated text classification (2); automatic text summarisation (2); automated semantic annotation (1); structured text corpus (1); populating ontology from text (1); automated text mining (1); automated preprocessing and postprocessing (1); automatic article classification (1); unstructured clinical text (1); automatic text processing (1)"
"408-1","Data annotation","7","refined manual expert annotations (1); annotation of clinical text (1); multiple expert annotations (1); manual corpus annotation (1); annotating system (1); manual coding (1); clinical text annotation (1)"
"408-2","Computer vision","2","handwriting (6); creating images from text (1)"
"409-0","Sequence alignment","24","bulk rna sequencing (5); clip-seq (5); single cell rna-seq (3); airr-seq (2); seq2seq (2); scrna-seq analysis (2); combo-seq (1); methylcap-seq (1); high-throughput read counts (1); argonaute 1-enriched small rna high-throughput sequencing (1); rna-seq technology (1); rna seq (1); small rna-seq counting tool (1); iso-seq (1); read mapping to reference genomes and transcriptomes (1)"
"410-0","Time-series analysis","15","stability analysis (5); stress analysis (4); phase analysis (3); dynamic analysis (2); pseudotime analysis (2); variability analysis (2); phasor analysis (2); stance analysis (1); hysteresis loop analysis (1); periodicity analysis (1); metastability analysis (1); inflection point analysis (1); time-course analysis (1); hypnogram analysis (1); bifurcation analysis (1)"
"410-1","Spatial analysis","7","shape analysis (9); wsi analysis (1); body shape analysis (1); rigidity analysis (1); nonrigid shape analysis (1); sexual dimorphism analysis (1); statistical shape modelling (1)"
"410-2","Data analysis methods","28","shap analysis (7); signal analysis (6); statistical validation (4); visualized analysis (2); noise analysis (2); search log analysis (2); subject-scale analysis (1); cepstrum analysis (1); multi-view analysis (1); prediction analysis (1); infodemic analysis (1); differential variability analysis (1); poincaré plot analysis (1); metric analysis (1); variance ratio (1)"
"410-3","Data analysis methods","8","comparative analysis (15); gap analysis (2); swot analysis (2); system analysis (1); mlticriteria decision analysis (1); pareto front analysis (1); fuzzy micmac analysis (1); multicriteria analysis (1)"
"410-4","Metabolic flux analysis","7","flux variability analysis (3); deconvolution analysis (1); flow injection analysis (1); deconvolutive analysis (1); elementary flux mode analysis (1); compartmental analysis (1); transitivity analysis (1)"
"410-5","Computational biology","2","vcf-compatible analysis (1); accelerated telomere analysis (1)"
"410-6","Data analysis methods","2","sarpy analysis (1); palmprint and security analysis (1)"
"410-7","Feature disentanglement","2","sound analysis (1); harmonic-percussive source separation (1)"
"410-8","Data analysis methods","6","routine parameter calculation (1); two-terminal method (1); small sample processing (1); flop analysis (1); three-point analysis (1); software lifecycle (1)"
"411-0","Data validation","47","data quality (211); quality assurance (45); information quality (30); data completeness (16); key performance indicators (5); hospital quality (4); user compliance (3); quality standards (2); terminology quality assurance (2); quality by design (2); data quality control (2); protocol compliance (2); alarm system quality (2); data quality rule (2); system quality (2)"
"412-0","Cross-domain generalization","12","multi-source domain adaptation (2); multi-scale cnn (1); bidirectional cross-domain boosting (1); bimodal feature fusion cnn (1); cross-space information fusion (1); source free domain adaptation (1); multi-scale information aggregated (1); multi-granularity fusion (1); multi-views learning (1); multi-granularity embedding (1); cross-modal feature fusion (1); cross-anatomy domain shift (1)"
"412-1","Multimodal analytics","5","2d and 3d network fusion (1); dimensionality increasing (1); two-dimensional (2-d) matrix description (1); dimensionality reduction localization (1); 3d shape completion (1)"
"412-2","Attention models","14","fine-tuning bert (3); layer-wise relevance propagation (2); multi-scale fusion attention (1); large kernel attention (1); information-entropy attention (1); deformable self-attention detr (1); feature decorrelations (1); large separable kernel attention (1); neuron and normalized channel-spatial attention module (1); robustly optimized bidirectional encoder representation from transformers pretraining approach whole word masking (1); dual-domain transformer layer (1); long-distance relation identification (1); upsampling attention gate (1); time-dependent feature attribution (1)"
"412-3","Feature extraction","21","local information preserving (1); multiresolution co-occurrence texture (1); multi-type features fusion (1); fractional-order feature (1); fine-grained feature compensation (1); texture-constrained gan (1); feature space balancing (1); frequency space augmentation (1); learnable filterbank (1); frequency-space enhanced (1); information overlap (1); bivariate fast and adaptive emd (1); feature perturbation (1); scale invariant feature transform (sift) flow (1); geometry-consistent training (1)"
"412-4","Data annotation","9","cost-sensitive label distribution learning (1); one class classifiers (1); integer vs. one-hot encoding (1); fine-grained annotation guideline (1); static and dynamic data augmentation (1); training data heterogeneity (1); visualize analytic (1); binary labels creation (1); image-level label (1)"
"412-5","Neural networks","21","neural architecture search (11); hybrid features (2); optimization methods comparison (1); pixel-space attacks (1); multi-channel sensors fusion (1); visualization framing (1); machine learning systems frontiers (1); improved evolutionary clustering algorithm star (1); neural model aggregation (1); neural network search (1); fuzzy synchronization likelihood (1); machine learning deployment (1); model inversion attack (1); machine learning credibility (1); neural network inverse (1)"
"412-6","Multimodal analytics","4","simulated and experimental reads (1); high-frequency qrs (1); cnn eeg (1); multimodal analysis eeg (1)"
"412-7","Modeling approaches","5","state space modal (1); information overlap (1); multiregion input-output (mrio) tables (1); delone and mclean model of information systems success (1); temporal data representation (1)"
"413-0","Computational biology","10","single-cell rna sequencing (scrna-seq) (4); transcriptome-wide association studies (twas) (2); region-based cell sorting (resort (1); oxford nanopore technologies (ont) (1); rna sequencing (rna-seq) (1); metagenomic high-throughput chromosomal conformation capture (metahic) (1); third-generation sequencing (tgs) (1); long-read sequencing (ont (1); next-generation sequencing (ngs) (1)"
"413-1","Multimodal analytics","7","imaging mass cytometry (imc (1); multiplex fluorescent in situ hybridization (m-fish) (1); single-cell mass cytometry (cytof) (1); radiomics(2) (1); whole-slide imaging (wsi) (1); spatial transcriptomics (st) (1); imaging mass cytometry (imc) (1)"
"413-2","Module biomarkers","7","transcriptome-wide association studies (twas) (2); phenome-wide association study (phewas) (1); weighted gene co-expression network analysis (wgcna) (1); non coding rna (ncrna) (1); phenome wide association study (phewas) (1); rna interference (rnai) (1); mirna-disease association (mda) (1)"
"413-3","Molecular docking methods","8","structure-based virtual screening (sbvs) (3); quantitative structure–activity relationship (qsar) (2); liquid chromatography-mass spectrometry (lc-ms) (1); ligand-based virtual screening (lbvs) (1); proteolysis targeting chimera (protac) (1); high-throughput screening (hts) (1); protein binding microarray (pbm) (1); gold-linked electrochemical immunoassay (gleia) (1)"
"413-4","Computational biology","4","the cancer genome atlas (tcga) (3); clinical pathway analysis (cpa) (1); recurrence quantification analysis (rqa) (1); the cancer genome atlas (tcga (1)"
"414-0","Protein structure determination","23","rotamer library (1); alphafold2-multimer (1); protein structure viewer (1); protein structure search (1); template model (1); per-residue classification (1); alphafold2 refinement (1); sars-cov-2 3d database (1); 3d-structure (1); alphafold ted domains (1); protein cubic language model (1); alphafold2 structural coverage (1); nrgsuite-qt pymol plugin (1); alphafold structure data (1); protein structure representation (1)"
"414-1","Molecular docking methods","18","ca-ca-guided docking (1); gold docking engine (1); hex docking engine (1); molecular docking validation (1); docking method (1); parallelized docking (1); docking pose scoring (1); pocket alignment (1); piper docking engine (1); 3d pose prediction (1); ternary complex modeling (1); prediction of sialic acid binding (1); docking pose sampling (1); docking-based affinity (1); computational prediction framework (1)"
"414-2","cryo-EM refinement","5","model refinement (2); octree density grid (1); cryo-em maps (1); map-em (1)"
"414-3","Molecular docking methods","10","epitope mapping (5); active site identification (1); per-residue classification (1); solvent accessible surface area (sasa (1); protein contact map (1); catalytic site identification (1); pocket alignment (1); contact maps (1); full 3d interaction (1); residue contact map (1)"
"414-4","QSAR modeling","6","image-based molecule representation (1); in silico fragmentation (1); chemical complementarity scoring (1); pharmacophore fingerprint (1); e-pharmacophore modeling (1); in silico smiles sequences (1)"
"414-5","Modeling approaches","5","dual-domain (4); scaffold protein (1); streptococcus suis gz1, homology modeling (1); domain assembly (1); ternary complex modeling (1)"
"414-6","Multidisciplinary methods","11","d protein structure visualization (2); π-helixnovo (1); two-layered blockchain (1); rotate bounding box (1); asymmetric codec (1); molprobity score (1); mutation trees (1); simpath algorithm (1); d molecular structure modeling (1); network structure refinement (1); reversible molecular representation (1)"
"415-0","Modeling approaches","93","computational models (232); predictive modeling (147); mathematical modeling (39); predictive modelling (22); mathematical modelling (17); mathematical models (10); probabilistic modeling (9); data modeling (7); probabilistic models (5); infectious disease modeling (4); physiological modeling (4); mechanistic modeling (4); surrogate modeling (4); agent based modeling (4); epidemic modeling (3)"
"416-0","Brain parcellation","29","resting-state fmri (16); effective connectivity (13); brain connectivity (11); rs-fmri (8); functional brain network (6); functional brain networks (5); dynamic functional connectivity (4); brain connectivity networks (3); brain functional networks (3); multimodal neuroimaging (2); resting-state networks (2); functional neuroimaging (2); brain functional connectivity (2); structural brain network (2); brain functional network (2)"
"417-0","Neural networks","15","transformer networks (7); transformer network (4); adversarial attacks (3); encoder (2); recurent neural network (1); capsule networks (1); message passing networks (1); filter perceptron (1); generative artificial intellgience (1); meta–learner (1); private synthetic data (1); deep convo-lutional networks (1); neural operators (1); implicit nerual network (1); domain adversarial (1)"
"417-1","Distributed algorithms","24","networks (20); abstraction network (7); computer peripherals (2); portals (2); virtual agents (2); electrical network (1); patch network (1); bitrate gains (1); wireless imds (1); heterogeneousnetwork (1); ubiquitous systems (1); clouds (1); multiscaleness (1); geo-distributed clouds (1); static network (1)"
"417-2","Ontology quality assurance","4","semantic web (64); contextual autocomplete (1); string collections (1); lexicons (1)"
"417-3","Modeling approaches","1","business canvas model (1)"
"417-4","differential privacy","2","paillier crypto system (1); private synthetic data (1)"
"418-0","left ventricle myocardial scar segmentation","14","medical image segmentation (223); 3d medical image segmentation (6); biomedical segmentation (3); 3d instance segmentation (2); model-based segmentation (2); biomedical ct image segmentation (1); imbalanced medical image segmentation (1); deep learning deformable registration (1); 3d model-based segmentation (1); medical image instance segmentation (1); medical image classification and segmentation (1); 3d biomedical segmentation (1); 3d organoid segmentation (1); medical 3d image segmentation (1)"
"418-1","Multimodal analytics","4","incomplete multi-modality segmentation (1); cross-modality medical image segmentation (1); 3d multimodal segmentation (1); multimodal image segmentation (1)"
"418-2","Atlas-based segmentation","2","atlas-based segmentation (5); multi-atlas segmentation (4)"
"418-3","Atlas-based segmentation","40","multi-threshold image segmentation (8); semi-supervised segmentation (7); multi-class segmentation (4); weakly supervised segmentation (4); interactive image segmentation (3); weakly-supervised segmentation (3); semi-supervised semantic segmentation (2); small object segmentation (2); few-shot medical image segmentation (1); real-time semantic segmentation (1); deep learning-based segmentation (1); unsupervised image-to-image translation (1); dense instance segmentation (1); few-shot segmentation (1); universal image segmentation (1)"
"418-4","Atlas-based segmentation","35","nuclei instance segmentation (3); object segmentation (2); soft segmentation (2); binary segmentation (2); co-segmentation (2); real-time semantic segmentation (1); nuclei edge segmentation (1); coarse segmentation (1); hard region segmentation (1); direct 3d level-set segmentation (1); threshold segmentation (1); mass segmentation (1); object localization and segmentation (1); multilevel image segmentation (1); patch segmentation (1)"
"418-5","Computer vision","7","tracking and segmentation (1); classification and segmentation (1); motion-enhanced segmentation (1); free-form deformation (ffd)-based tracking (1); cell segmentation and tracking (1); motion estimation and extraction (1); iterative tracking and segmentation (1)"
"418-6","Atlas-based segmentation","5","multi-organ segmentation (10); multi-lesion segmentation (4); nuclei instance segmentation (3); spine image segmentation (1); multi-label tumor segmentation (1)"
"419-0","Medical informatics","76","abbreviations as topic (8); name entity recognition (6); entity linking (6); entity alignment (3); annotated corpus (3); medical entity linking (2); phenotype embedding (2); entity normalization (2); biomedical term relation prediction (2); named entity normalization (2); entity boundaries (2); drug name recognition (2); named entity linking (2); phenotype terminology (1); class hierarchy (1)"
"420-0","Medical informatics","95","knowledge graph (134); knowledge representation (63); ontologies (53); knowledge graphs (34); biomedical relation extraction (13); medical knowledge graph (7); ontology engineering (7); biomedical knowledge graphs (6); biomedical knowledge graph (6); semantic embedding (5); dictionaries as topic (5); entity extraction (5); knowledge embedding (4); named-entity recognition (4); clinical semantic textual similarity (4)"
"421-0","Risk stratification","40","risk stratification (55); risk score (17); risk model (10); risk calculator (6); risk models (3); bolus calculator (3); osteoporosis risk prediction (3); risk prediction models (2); risk scoring system (2); risk-stratification (2); insulin bolus calculator (2); pulmonary embolism severity index (1); risk score evaluation (1); master patient index (1); risk stratification index (1)"
"422-0","Diverse methods","101","thermodynamics (55); fluid-structure interaction (15); protein fold recognition (11); fluid–structure interaction (10); free energy landscape (5); solution-state nmr (5); binding energy (5); drug–target affinity (5); free energy (4); fluid structure interaction (3); thermodynamic stability (3); matthews correlation coefficient (3); solvent accessibility (3); electrostatic potential (2); protein electrostatics (2)"
"423-0","Clinical research methods","41","cross-sectional study (51); cross-sectional (44); cohort study (38); longitudinal study (35); cross-sectional survey (22); cross sectional (11); prospective cohort (4); cross-sectional analysis (3); case-control design (2); longitudinal observational study (2); case-control study (2); retrospective cohort (2); case-control (2); case-control samples (2); longitudinal cohort study (2)"
"424-0","Evaluation frameworks","52","user study (9); app evaluation (7); performance measurement (7); app quality (7); ontology evaluation (5); user perception (5); user perspective (5); performance comparison (5); expert evaluation (5); user perceptions (4); website evaluation (4); user feedback (4); user characteristics (4); tool comparison (3); work performance (2)"
"425-0","Brain parcellation","34","mri (132); neuroimaging (68); fmri (44); brain imaging (25); brain mri (17); structural mri (12); diffusion mri (9); functional mri (6); mri imaging (3); resting-state functional mri (3); task fmri (2); mri brain images (2); mri scans (2); mprage (1); head scanning (1)"
"426-0","Healthcare predictive modeling","7","antimicrobial resistance prediction (3); multidrug resistance (3); antibiogram (2); ceftriaxone resistance (1); amr gene prediction (1); antimicrobial resistance profiling (1); cefuroxime resistance (1)"
"426-1","Computational biology","6","phage lifestyle prediction (3); integrative and plasmidic elements (1); prophage detection (1); phage lifestyle classification (1); phage identification (1); phage classification (1)"
"426-2","Computational biology","5","bacillus thuringiensis toxins (1); antimicrobial peptides identification (1); biosynthetic gene clusters (1); phytase-producing bacteria (1); gene cluster mining (1)"
"426-3","Sequence alignment","2","cereal crop nitrogenase expression (1); nif gene classification (1)"
"426-4","Computational biology","5","genomic sequence t2t-chm13v2.0 (1); bacterial strain genome reconstruction (1); microbial genome quality (1); novel species and functional gene identification (1); strain-level identification (1)"
"426-5","Module biomarkers","4","marker identification (3); dna fingerprinting tools (1); marker gene identification (1); ncbi taxonomy queries (1)"
"426-6","Motif discovery","2","virulence factor prediction (1); virulence factor detection (1)"
"426-7","Motif discovery","4","pattern identification (3); omqa (1); phenotypic switching (1); unique metagenomic genes (1)"
"427-0","Evaluation frameworks","28","metrics (27); evaluation metrics (14); common metrics (10); performance metrics (5); performance metric (2); performance measurement metrics (1); cluster evaluation metrics (1); volumetric evaluation metrics (1); image fusion quality metrics (1); correlation metrics (1); segmentation metrics (1); usability task metrics (1); machine learning performance metric (1); cognitive metrics (1); model performance metrics (1)"
"428-0","Outlier removal","20","anomaly detection (63); abnormality detection (4); aberration detection (4); fault detection (3); anomaly prediction (2); change point detection (2); doublet detection (2); primary detection (1); drift detection (1); transition prediction (1); changing correlation (1); detection model (1); inconsistency detection (1); outlier system (1); robustness detection (1)"
"428-1","disease outbreak detection","16","disease detection (12); outbreak detection (8); hotspot detection (3); deterioration detection (3); failure prediction (2); epidemic prediction (1); progression trajectories (1); damage prediction (1); disease driver (1); rupture prediction (1); outbreak tracking (1); failure metric (1); deterioration path predictions (1); outbreak simulation (1); fracture detection (1)"
"428-2","Biomedical signal processing","16","seizure detection (36); lesion detection (6); human fall detection (3); tooth detection (2); fatigue detection (2); tremor prediction (2); scar detection (1); lameness detection (1); gait detection (1); physiological controller (1); kinetic preservation (1); tremor detection (1); chewing monitoring (1); tissue detection (1); lymphocyte tracking (1)"
"428-3","Radiomic feature extraction","17","lesion detection (6); boundary detection (4); tooth detection (2); scar detection (1); speckle removal (1); limb identification (1); texture awareness (1); delineation model (1); mask enhancement (1); texture sampling (1); tissue detection (1); melanoma asymmetry measurement (1); preparation margin line detection (1); boundary prediction (1); spots detection (1)"
"428-4","Computer vision","8","junction detection (2); crowding detection (1); obstacle detection (1); interaction detection (1); mobility prediction (1); congestion detection (1); proximity detection (1); location deviation (1)"
"428-5","Evaluation frameworks","24","permutation importance (2); clinical explainability (2); classification rate (2); feature interpretation (2); model monitoring (1); imbalance classification (1); feature stability (1); sv detection (1); intrinsic evaluation (1); inference time (1); identification model (1); profiling mechanisms (1); longitudinal visualization (1); peak attention (1); tool detection (1)"
"428-6","Time-series analysis","22","keystroke dynamics (9); community detection (6); temporal phenotyping (4); function detection (1); opinion spread rate (1); biomechanical signals (1); perturbation efficiency (1); linkage levels (1); symptom mapping (1); temporal pattern discovery (1); band detection (1); alignment mechanisms (1); sensor selection (1); path loss (1); sorting features (1)"
"429-0","Medical informatics","8","medical application (6); biomedical applications (2); pharmaceutical applications (1); bioengineering applications (1); innovative biomedical applications (1); biomedical application (1); computer-based biomedical applications (1); clinical and research applications (1)"
"429-1","Data analysis methods","6","innovative applications (1); generative artificial intelligence tools and applications (1); innovative application (1); generic applications (1); streamlit applications (1); technological applications (1)"
"429-2","Ubiquitous computing","4","portable electronic applications (3); 5g applications (1); stereoscopic applications (1); sensor systems and applications (1)"
"430-0","Computer vision","22","resnet50 (8); imaging genomics (3); resnet network (2); resnet101 (2); breast cancer. machine learning. image processing. structured literature review. deep learning (1); bioimage classification (1); resnets (1); cervical cell nucleus segmentation (1); 5g medicine (1); cell/domain detection (1); wrinkle database (1); social radiology (1); mutil-attribute (1); resnet152 (1); antiref dataset (1)"
"430-1","Imaging biomarkers","13","imaging genetics (8); neuron tracing (3); brain disorder identification (2); computataional psychiatry (1); neuropm lab (1); cell deconvolution (1); precision neurology (1); infant brain (1); brain community detection (1); brain classification (1); transition cell (1); brain topography (1); brain disorders detection (1)"
"430-2","Data analysis methods","25","exposome (8); cell typing (5); biological (1); genetic analysis workshop (1); clinical genomics ai (1); nucleome bioinformatics (1); edge biomarker (1); dnabert (1); microbiology bioinformatics (1); forensic bioinformatics (1); microbial bioinformatics (1); drug abuse ontology (1); systems pathology (1); biomedical triplet extraction (1); geneapp (1)"
"430-3","Medical informatics","14","diabetes technology (5); vaccine designing (3); global south (3); alcoholism detection (1); lifelogging (1); immune digital twin (1); medicine dataset (1); myoelectric interface (1); vaccine engineering (1); computational epidemiology (1); diabetes technologies (1); international study (1); symptom science (1); infection science (1)"
"430-4","Optimization methods","35","applied mathematics (9); science mapping (4); computational (4); edge intelligence (4); tensorflow (3); computational oncology (3); spectroscopy (2); machine learning [mesh] (2); cybercare (2); cybersickness (2); mathematical biosciences (2); underwater communication (1); nanonetwork (1); earthquake engineering (1); structure tensor (1)"
"430-5","Feature extraction","2","biometric recognition (3); biometrics protection (1)"
"431-0","Computational biology","61","post-processing (6); pre-processing (6); data pre-processing (4); particle filtering (3); demultiplexing (2); between-sample normalization (1); morphological processing (1); alignment thresholds and filtering (1); data-driven normalization (1); barcode design quality control (1); redundancy removal (1); binarization (1); two-step imputation workflow (1); comprehensive quality control: busco, yak k-mer completeness, blobtools (1); segmentation quality control (1)"
"432-0","Medical informatics","39","electronic records (8); medical terminology (6); medical database (4); medical text classification (3); medical imaging classification (3); biomedical document retrieval (2); medical relation classification (2); medical information retrieval (2); medical databases (2); patient classification system (2); medical entity (2); structured report (2); biomedical literature classification (2); database management (2); clinical document classification (2)"
"433-0","Educational methodologies","71","mentorship (22); pre-training (18); adversarial training (13); simulation training (10); mentor training (8); co-training (5); workaround (4); online training (4); course development (2); health informatics curriculum (2); mentee training (2); training tool (2); ehr training (2); mentorship education (2); consultation audio recording (2)"
"434-0","Medical image registration","85","dicom (21); multi-view (15); 3d visualization (8); cbct (7); image-to-image translation (5); superpixel (5); multi-view data (4); superpixels (3); 3d scanning (3); multi-view fusion (3); high-resolution feature (2); high frame rate ultrasound (2); dicom security (2); 3d classification (2); sinogram domain (2)"
"435-0","Health measurement instruments","41","photoplethysmography (117); polysomnography (51); remote photoplethysmography (17); electrohysterography (7); imaging photoplethysmography (5); phonocardiography (4); impedance cardiography (3); uterine electromyography (3); magnetocardiography (3); active dynamic thermography (2); respiratory magnetometer plethysmography (2); electroence- phalography (2); force myography (2); impedance plethysmogram (2); photoplethysmograph (2)"
"436-0","Neural networks","14","convolutional long short-term memory (3); deep graph infomax (2); deep cnn (2); graph-generative deep learning (1); deep feature representation (1); convolutional neural networks, transfer learning (1); deep learned features (1); deep learning lstm (1); deep convolution layer (1); deep ensemble cnn-rnn (1); transformer deep learning (1); attention guided deep learning (1); hybrid deep descriptor (1); deep hashing methods (1)"
"436-1","Deep feature fusion","8","deep feature fusion (3); deep integrated feature fusion (1); feature joint learning (1); feature convolution learning (1); affinity feature learning (1); mapreduce framework with a fusion algorithm (1); bimodal deep learning (1); fused deep learning (1)"
"436-2","offline reinforcement learning","3","deep q-learning (2); offline-deep reinforcement learning (1); deep q learning (1)"
"436-3","Neural networks","3","deep learning, class imbalance problem (1); deep learning, distributedactivation function (1); robust learning against noisy labels (1)"
"436-4","explaining classifier’s predictions","2","interpretable deep learning (15); transparent deep learning (1)"
"436-5","Multiple instance learning","5","weakly supervised semantic segmentation (3); neural network for drug-disease prediction (1); medical image segmentation,cnn,consistency learning (1); deep learning, shhs-1 (1); relation extraction - deep learning (1)"
"436-6","Feature extraction","1","human-in-the-loop, feature extraction (1)"
"436-7","Neural networks","4","deep learning method (2); deep learning, machine learning (1); ensemble target prediction method (1); machine learning, deep learning (1)"
"436-8","batch mode active learning","1","batch mode active learning (1)"
"437-0","Discriminant analysis","67","sensitivity and specificity (215); inclusivity (9); interfaces and usability (6); facilitators and barriers (5); rigor and reproducibility (1); methods of economic evaluation (1); rate of change (1); accessible design and implementation (1); consistency and robustness (1); inaccurate information (1); patients’ judgment (1); underrepresentation in science (1); cross-application discrepant identity recognition (1); needs and requirements (1); evaluation of efficiency and accuracy (1)"
"438-0","Biomedical signal processing","39","ecg denoising (7); wavelet denoising (3); ecg signal denoising (2); eeg denoising (2); low-dose ct denoising (2); pseudo label denoising (2); motion denoising (1); multiscale denoising (1); denoise (1); differential denoising (1); electroencephalogram (eeg) denoising (1); amyloid-β pet denoising (1); phase unwrapping (1); super-resolution and denoising (1); total variation denoising (1)"
"439-0","Feature extraction","28","relation extraction (83); relation classification (7); abstract screening (4); review of apps (3); argument mining (3); semiology (2); question classification (2); suggestion system (1); explanation evaluation (1); examination question (1); answer processing (1); explanation space (1); overviews (1); question quality (1); literature recommendation service (1)"
"439-1","Implementation science","22","problem list (18); re-aim (11); problem lists (4); review of apps (3); second life (3); inclusive design (3); expert opinion (2); legibility (2); biomedical question classification (2); exogenous data (2); subject awareness (1); profile management (1); athlete monitoring (1); hand taxonomy (1); clinician performance (1)"
"439-2","causal artificial intelligence (causal ai)","29","problem list (18); rule extraction (6); correctness (4); problem lists (4); value chain (2); causality discovery (2); causality mining (2); scientific hypothesis generation (2); double reduction (2); influence mechanism (2); time study (2); changepoints (1); promethee i method (1); mechanism exploration (1); benchmark study (1)"
"439-3","Sentiment analysis","23","opinion mining (7); problem (3); grade approach (3); opinion analysis (2); discern score (2); subject awareness (1); opinion dynamics (1); opinion leader (1); definition analysis (1); tic review (1); popularity quality (1); methodological issue (1); value transfer (1); restoration repair (1); listen method (1)"
"440-0","Human-computer interaction","15","human–computer interaction (23); human computer interaction (23); human-smartphone interaction (5); computer-human interaction (2); hands-free human-computer interaction (1); gestural interface (1); human computer-interaction (1); user-system interaction (1); man-machine interaction (1); bimanual interaction (1); user-device interaction (1); human robot interaction (1); movement-based interaction (1); face-to-face interaction (1); human–computer-interaction (1)"
"440-1","Human-computer interaction","9","human-robot interaction (10); human motion (4); human-machine system (3); imagined body kinematics (1); human–avatar interaction (1); physical human-robot interaction (1); human–robot interaction (1); human-machine interfacing (1); human-robot interactions (1)"
"440-2","Human-computer interaction","6","human–artificial intelligence interaction (2); virtual conversational agent (1); human-technology interaction (1); human technology interaction (1); adaptive human-agent interaction (1); human–automation interaction (1)"
"440-3","Medical informatics","2","clinician-ai interaction (2); doctor-patient-computer interaction (1)"
"440-4","Molecular docking methods","1","molecular-level interaction (1)"
"441-0","Prompt learning","30","self-tracking (25); time-aware (3); self-delivered (2); group practice (2); knowledge-enhanced (1); teaching modes (1); prompt-learning (1); self-led (1); audience-centered (1); participant-centered (1); knowledge-enhanced model (1); near-peer mentors (1); text-guided attention (1); mixed-modality (1); teamwork challenges (1)"
"441-1","Diverse methods","14","intervention–behavioral (1); reminder-recall (1); gender affirming care (1); rca-pdca nursing method (1); therapist assisted (1); ambient-assisted living (1); cognitive behavioral therapy–enhanced (1); medical maximizing-minimizing (1); mother-daughter intervention (1); male-assisting-female-training (1); physical education lesson (1); clinician-scientist (1); psychoeducational (1); just-in-time intervention (1)"
"441-2","Trustworthy AI","14","human-centered ai (8); e-coaching (4); time-aware (3); e-rehabilitation (2); knowledge-enhanced model (1); technology-mediated (1); self-contained approach (1); text-guided attention (1); knowledge-enhanced (1); mixed-modality (1); knowledge-informed (1); tech-based (1); cross-modal self-supervised (1); prompt-learning (1)"
"441-3","Implementation science","4","facilitating conditions (3); community driven (1); culturally aware mentoring (1); empathy-training (1)"
"441-4","Three-factor authentication","2","role-based access control (2); access-control (1)"
"441-5","Bias in research","10","fact-checking (4); active disturbance rejection control (1); competency-based jobs (1); soft-skills (1); cluster-re-supervision (1); feedback (learning) (1); work-focused (1); it skills competence (1); positive technology (1); personalized training (1)"
"442-0","Qualitative research","22","qualitative research (491); research methodology (13); survey research (13); quantitative research (7); mixed methods research (7); research techniques (6); mixed-methods research (5); evaluation research (4); empirical study (4); exploratory research (2); nursing methodology research (2); literature research (1); descriptive research (1); acceptance research (1); case study research (1)"
"442-1","Medical informatics","9","information systems research (2); health data research (2); digital healthcare research (1); iot-based health research (1); mhealth research (1); social media research (1); in situ research (1); remote online research (1); digital qualitative research (1)"
"442-2","Nursing research","4","nursing research (5); nursing education research (2); nursing methodology research (2); education research methods (1)"
"442-3","Multidisciplinary methods","5","interdisciplinary studies (23); interdisciplinary research (10); multidisciplinary research (4); convergence research (2); socio-technical research (1)"
"442-4","Qualitative research","9","social and behavioral research (1); user experience research (1); social sciences research (1); organizational research (1); behavioral research/methods (1); life course research (1); behavioral study (1); usability research (1); dyadic research (1)"
"442-5","Research reporting","4","research report (25); market research (2); dissemination science (1); research findings (1)"
"442-6","Generative modeling","2","research data modeling (1); latent space research (1)"
"442-7","Preclinical research","4","preclinical research (71); simulation-based research (1); multisite clinical research (1); simulation research (1)"
"442-8","Bias in research","1","unreliable research (2)"
"443-0","Computational biology","35","bioinformatics (470); bioinformatics tools (18); bioinformatics education (9); bioinformatics tool (7); bioinformatics training (6); clinical bioinformatics (6); reproducible bioinformatics (3); dna computing (2); bioinformatics models (2); computational immunology (2); bioinformatics service (2); bioinformatics resource (2); bioinformatics study (1); bioinformatics reporting (1); database and informatics methods (1)"
"443-1","Chromosome conformation capture","8","3d genomics (3); genome visualization (3); molecular genomics report (1); genomics features (1); genome reduction (1); genomics analysis (1); genetic subsystem discovery (1); genomics bioinformatics (1)"
"443-2","Computational biology","6","microarrays (12); circrna vaccine (1); rna family database (1); rna bioinformatics (1); circrna microarray (1); rna informatics (1)"
"443-3","Computational biology","5","proteome informatics (62); proteomics evidence (1); proteomics standards initiative (1); proteomics integration (1); protein bioinformatics visualization (1)"
"443-4","Medical informatics","2","bioimage informatics (2); bio-image informatics (1)"
"443-5","Graph representation learning","6","graph database (7); bioinformatics resource (2); operon database (1); biodata resources (1); ncbi (1); graph databases (1)"
"443-6","Omics","4","omics (29); interactomics (2); omics sciences (1); microbiomegsm (1)"
"443-7","Computational biology","1","biophysics modeling (1)"
"443-8","Computational biology","2","dna computing (2); chemical compound library management (1)"
"444-0","Trustworthy AI","16","ai in health care (5); responsible innovation in health (2); 5g health care (1); systems engineering initiative for patient safety (1); informaticians (1); ethical implications of ai in health care (1); telehealth-care (1); research and service groups (1); internet-based health care (1); prognostics and health management (1); interdisciplinary e-health (1); technology and health (1); research platform for health care (1); primary care digital support tool in mental health (1); information transparency with patients (1)"
"444-1","Health measurement instruments","16","outcome assessment, health care (78); quality assurance, health care (50); outcome and process assessment, health care (31); safety net providers (6); marketing of health services (5); quality assurance/health care (2); large-scale health service (1); clinical coding and quality of health care (1); sustainable health care (1); evidence-based health policy making (1); low-resource institutions (1); total quality of services (1); evidence-based healthcare management (1); safety net hospitals (1); health care quality assurance (1)"
"444-2","Educational methodologies","6","healthcare education (2); environmental health literacy (2); cancer education (2); healthcare equity patient (1); menstrual health education (1); citizen healthcare (1)"
"444-3","Cross-domain generalization","4","breast cancer prediction in real hospital settings (1); sustainable tourism (1); sustainable kidney care (1); genetic services (1)"
"445-0","Atlas-based segmentation","89","ultrasound segmentation (5); cmr (4); ctakes (4); doppler radar (4); speckle reduction (4); ultrasound video (3); photoplethysmography imaging (3); unet++ (3); ivus (2); multimodality fusion (2); contrast improvement (2); x-ray computed (2); intravascular image (1); tc99m-disida (1); cystoscopy documentation (1)"
"446-0","Data analysis methods","69","regression analysis (128); multivariate analysis (79); latent class analysis (19); factor analysis (17); correlation analysis (15); interrupted time series analysis (15); confirmatory factor analysis (13); trajectory analysis (11); exploratory factor analysis (7); trend analysis (7); conjoint analysis (6); latent profile analysis (6); pattern analysis (5); rasch analysis (4); association analysis (4)"
"447-0","Time series analysis","47","time series (67); time-series (12); time series classification (12); time series data (9); time-series data (9); time-frequency representation (5); time-series classification (5); interrupted time series (5); time-frequency (3); non-stationary signals (2); irregularly sampled time series (2); irregular time series data (2); temporal sequence alignment (2); multi-channel time series (1); irregular time-series data (1)"
"448-0","Study design distribution","36","retrospective studies (295); cross-sectional studies (182); cohort studies (137); prospective studies (135); case-control studies (88); longitudinal studies (72); qualitative studies (27); observational studies (18); cross-over studies (16); prospective study (8); epidemiologic studies (6); multicenter studies (4); epidemiological studies (3); prospective observational study (2); longitudinal evaluation (2)"
"449-0","Neural networks","29","agile (5); openai (3); transformer attention (3); multihead attention (2); fuzzy ahp (2); word cloud (2); dubious range (1); critical cliker fusion (1); pointer network (1); fuzzy voter (1); big transfer (1); reverse teaching (1); -transformer (1); kernel trick (1); provably-secure (1)"
"449-1","Emotional state detection","28","alert fatigue (57); scheduling (17); alarm fatigue (12); push notification (4); paging (3); regulatory sandbox (3); override (3); alert specificity (3); voice call (2); breaches (2); helplines (1); situated use (1); aln format (1); sure independence screening (1); safe harbor (1)"
"449-2","Ubiquitous computing","32","smart contract (15); smart speaker (9); smart speakers (4); smart data (3); smart recovery (2); smart band (2); smart control (1); teletrial (1); bed sensor (1); telemedicine booth (1); smartset (1); sensor-nn (1); smart mask (1); smart ring (1); interactive chatbot (1)"
"449-3","Ubiquitous computing","16","smart card (4); nearables (3); tablet pc (3); smart chair (2); zigbee (2); cloudlet (1); locator (1); locating (1); e-tracker (1); it architecture (1); cloudwave (1); home intelligent (1); smart mirror (1); mobile fotonovelas (1); wifi (1)"
"449-4","Time series analysis","15","forecast (10); dictation (4); nudging (4); extract transform load (2); logs (2); mending effort (1); fast track (1); nearest profile (1); nextpie (1); news trust (1); retrieving (1); message replay (1); gartitude (1); futures wheel (1); watch history (1)"
"449-5","Gamification","7","gamification (80); serious game (22); gamified (4); card sort (2); business pitch (1); gamechange (1); menu labeling (1)"
"449-6","Data analysis methods","28","pain drawing (5); swot (4); osce (3); apple (3); caret (2); black market (2); vos viewer (2); openmp (2); toss-and-turns (1); causeway (1); black music (1); triclustering (1); glass ceiling (1); lévy flight (1); roads (1)"
"450-0","Atlas-based segmentation","34","brain segmentation (6); brain tissue segmentation (4); hippocampus segmentation (4); mri segmentation (3); ischemic stroke lesion segmentation (3); hippocampal segmentation (2); brain deformation (2); mr brain image segmentation (2); white matter lesion segmentation (2); volumetric segmentation (1); stroke lesion segmentation (1); reproducibility across regions of interest (1); ms lesion segmentation (1); brain atlases (1); 3d volumetric segmentation (1)"
"451-0","Integrative review","32","review methodology (38); review methods (30); scoping (22); review method (13); systematic reviews as topic (13); summarization (11); prisma-scr (4); systematic literature review (slr) (2); analysis framework (2); systematic map (2); review process (2); systematic review as topic (1); pico analysis (1); heterogeneity assessment (1); quantitative review (1)"
"451-1","Feature extraction","15","information extraction (201); data extraction (20); event extraction (10); data synthesis (8); text extraction (2); geographic data extraction (1); date extraction (1); open information extraction (1); term extraction (1); outcome extraction (1); health information extraction (1); extraction tool (1); database extraction (1); information extraction (ie) (1); data extraction tools (1)"
"451-2","Feature extraction","5","knowledge extraction (10); blind source extraction (1); keyframe extraction (1); model extraction methods (1); causal network synthesis (1)"
"452-0","Feature extraction","22","text (16); text annotation (6); text embedding (3); text categorization (3); text detection (2); wordnet (2); textons (2); text difficulty (2); texton (2); text clustering (2); translation table (1); text guidance (1); text index (1); text attention (1); texton division (1)"
"452-1","Computational workflow management","11","publisher correction (3); article metadata (3); review article (2); glossary (2); article life (1); review automation (1); publishing correction (1); scientific commentary (1); paperless (1); paper evaluation (1); content tailoring (1)"
"452-2","Data collection","2","tweet annotations (1); retweet prediction (1)"
"452-3","Data collection","5","message therapy (1); infosurveillance study (1); material reward (1); narrative emr (1); narrative text classification (1)"
"452-4","Computational workflow management","7","process mining (61); replay (1); style alignment (1); s3 model (1); seeley (1); auxiliary coding (1); replay simulator (1)"
"453-0","Health measurement instruments","31","clinical laboratory techniques (21); immunological techniques (15); imaging techniques (15); diagnostic techniques and procedures (14); non-invasive (11); tuberculosis diagnosis and management (8); histological techniques (7); elasticity imaging techniques (4); non-invasive diagnostics (3); diagnostic techniques (1); diagnostic methods and tools (1); non-invasive tests (1); noninvasive diagnosis (1); non-invasive techniques (1); investigative techniques (1)"
"454-0","Human-computer interaction","43","web browser (66); user interfaces (10); command-line interface (6); web-based tools (5); user computer interface (4); interactive web application (3); user-friendly interface (3); web-based interface (2); off-line downloadable free and open-source software (1); jupyter notebook tutorial (1); openfda application programming interface (1); accessible bioinformatics tools (1); visualization systems and tools (1); locally installable software (1); search user interface (1)"
"455-0","Attention models","62","attention mechanism (262); attention mechanisms (29); self-attention mechanism (26); multi-head attention mechanism (7); cross-attention mechanism (4); dual attention mechanism (3); hybrid attention mechanism (2); multiple attention mechanisms (2); multi-head self-attention mechanism (2); hierarchical attention mechanism (2); conjugated attention mechanism (1); dual-stream network (1); hierarchical attention mechanisms (1); dual-field hemodynamic attention (dfha) mechanism (1); multi-attention mechanism (1)"
"456-0","Biomedical signal processing","62","ecg classification (19); electrocardiogram (ecg) compression (3); electrocardiogram compression (3); ecg-derived respiration (3); electrocardiogram classification (3); fetal ecg extraction (2); ecg imaging (2); electrocardiogram modeling (2); ecg synthesis (2); ecg segmentation (2); electrocardiogram (ecg) classification (2); ecg delineation (2); ecg/eeg signal compression (1); abnormal eeg corpus (1); ecg colorization (1)"
"457-0","Interrater reliability","20","inter-rater reliability (4); inter-rater agreement (3); inter-annotator agreement (3); inter-observer variability (2); interrater agreement (2); inter-rater concordance (1); observer variability (1); inter-pathologist agreement (1); interrater-reliability (1); intergrader agreement (1); kappa interrater agreement (1); interrater reliability (1); inter-annotation agreement (1); intraobserver variability (1); inter-slice consistency (1)"
"457-1","Gold standard","4","gold standard (6); de-identification gold standard (1); gold-standard data sets (1); gold-standard (1)"
"457-2","Interrater reliability","8","intersubject correlation (1); intra-individual correlation (1); inter-index correlation (1); intra-subject variability (1); intersubject variability (1); intra-sample comparison (1); inter-class difference (1); inter-study variance (1)"
"457-3","Interrater reliability","4","within-session reliability (1); reproducible analyses (1); technical variability (1); semi-subjective analysis (1)"
"457-4","Multiple testing corrections","1","clinical significant test results (1)"
"458-0","contrast-enhanced liver magnetic resonance imaging","30","contrast media (11); time motion study (2); cone-beam (2); static imaging information (1); volumetric ct classification (1); ultrasound sequence (1); breast thermogram (1); 3 t mri analysis (1); high-resolution intra-oral scan (1); contrast medium (1); post-therapeutic image prediction (1); time-and-motion studies (1); 4d conebeam ct (1); breast lesion characterization (1); subtraction technique (1)"
"458-1","Medical image registration","22","multi-contrast (3); t1 mapping (1); volumetric ct classification (1); mri-only (1); t1-mapping (1); microscopic image visual enhancement (1); mri-trus fusion (1); 3d unet (1); imaging algorithm (1); multi-segmental image fusion (1); cross-modality registration (1); multi-contrast sequence (1); 3dcascadenet (1); post-therapeutic image prediction (1); gradient inversion (1)"
"458-2","Steganography and cryptography","3","medical image steganography (1); image steganography (1); cryptographic protocols (1)"
"458-3","Computer vision","7","fiducial markers (3); fiducial marker (2); biplane fluoroscopy (1); radially positioned helical injection (1); bi-planar fluoroscopy (1); coiling (1); intra-operative motion tracking (1)"
"458-4","autostereoscopic display","1","autostereoscopic display (1)"
"459-0","Research reporting","23","publication (9); plagiarism (6); peer review, research (5); research administration (4); grant writing (3); internal review board (2); scientific review committee (1); research misconduct (1); regulatory oversight (1); academic writing (1); meeting report (1); scientific consultation (1); editorial notice (1); medical writing (1); writing assistance for physicians (1)"
"459-1","Participatory research","10","patient and public involvement (9); public involvement (2); pediatric advisory board (1); public consultation (1); advisory board (1); advisory panel (1); us legislators (1); advisory council (1); public service announcements (1); participant advisory committee (1)"
"459-2","Medical education","10","licensure (7); safety officer (1); investigator-clinician duality (1); malpractice information (1); professional liability (1); malpractice risk (1); professional review (1); medical lawsuits (1); malpractice litigation (1); certificates (1)"
"459-3","Cost-benefit analysis","6","financial incentive (3); consulting pricing (1); financial cost (1); financial management (1); financial analyses (1); financial arrangements (1)"
"459-4","Open access policies","7","disclosure (23); data stewardship (4); partially available privileged information (1); place of interests (1); secret disclosure (1); censorship (1); health data custodianship (1)"
"459-5","Medical informatics","2","fhir subscription (1); telepharmaceutical services (1)"
"459-6","equally weighted variables","3","activedriver (1); matricization (1); work outside of work (1)"
"460-0","Computer vision","61","instance segmentation (21); zero-shot learning (13); stacking classifier (4); deep ensemble (4); multi-view features (2); deep multiscale supervision (2); multi-view classification (2); open-set recognition (2); artificial radiograph-landmark dataset (1); few-shot link prediction (1); edge learning guidance (1); boundary-enhanced network (1); object detection network (1); multi-modal information fusion (1); quantum circuit learning (1)"
"460-1","Attention models","13","efficient channel attention (3); frequency modulation based interface circuit (1); fuzzy time automation (1); efficientnet-b0 (1); improved transformer encoder structure (1); token-mixer architecture (1); efficientnetb2 (1); efficient pyramid channel attention (1); efficient neural architecture search (1); improved genetic evolution random neural network cluster (1); integer quadratic programmming (1); contextual transformer module (1); high-efficiency channel attention (1)"
"460-2","Optimization methods","9","structure space exploration (1); multi-view cooperation learning (1); domain decomposition (1); cross-tier meta optimization (1); domain adaptation of statistical machine translation (1); adversarial domain augmentation (1); incomplete multi-view learning (1); small data learning (1); label transfer learning (1)"
"460-3","differential privacy","7","liquid fourier latent dynamics networks (1); utility-preserving data publishing (1); quantum hardware mapping (1); synthetic data privacy (1); cryptosystem (1); cryptographic hash (1); federated feasibility queries (1)"
"460-4","Optimization methods","14","speedup (2); metaheuristics optimization (2); network control principles (2); location routing problem (1); speedups (1); matrix-form classifier (1); reachability query (1); performance speedup (1); scalable mhn inference (1); simd and gpu acceleration (1); scalable inference (1); learning solution (1); parallel pbwt implementation (1); forward chaining inference engine (1)"
"460-5","Graph representation learning","12","neural machine translation (3); patient representation learning (3); pseudotime inference (2); cell mapping toolkit (1); omic-integrated representation learning (1); state-of-the-art peptides classification predictor (1); nematode image classification (1); patient similarity learning (1); deep learning 7 (1); natural language processing* (1); medical visual representation learning (1); predicting spatiotemporal hi-c data (1)"
"460-6","Dimensionality reduction","16","answer set programming (2); imrad format (1); time sensitive concept embedding (1); multi-dimensional event stream (1); high-dimensional data visualization (1); error correcting output codes (1); timed automata modelling (1); error-correcting output codes (1); structurized gridding map (1); half-face data storage structure (1); unlabeled data utilization (1); short sequential data (1); symbolic information entropy (1); graph-based data delivery (1); graph-based self-sl (1)"
"460-7","Data collection","2","netrias hugging face datasets (1); real word data (1)"
"461-0","Optimization methods","26","optimal control (12); dynamic programming (8); lead optimization (8); multiphase optimization strategy (6); automated planning (4); planning techniques (3); path planning (3); optimization techniques (2); stimulation optimization (1); intelligent planning (1); treatment optimization (1); 3d dynamic programming (1); dynamic optimization (1); automatic planning (1); dynamic treatment strategy (1)"
"461-1","Spatial analysis","12","dimensional measurement accuracy (4); computer-guided calculation (1); accurate stereo-matching (1); reducing imaging time (1); anatomical localization (1); accurate navigation method (1); vessel reconstruction and characterization (1); preparing children for mri (1); geometric constraints (1); geometric accuracy (1); geometric compensation (1); navigation accuracy (1)"
"461-2","Optimization methods","8","lead optimization (8); electrode misplacement (2); non-invasive sensor placement (1); stimulation optimization (1); surgical predictive modeling (1); surgical dexterity (1); electrode size (1); neuromonitoring (1)"
"461-3","Medical software devices","4","bed allocation optimization (1); remote device programming (1); medical device evaluation (1); medical device failure (1)"
"461-4","Ensemble learning","4","gradient boosting (10); side lobe suppression (1); soft decision fusion (1); estimation of early post-mortem interval (1)"
"462-0","Medical informatics","18","clinical decision support system (cdss) (17); clinical decision support systems (cdss) (9); decision support system (dss) (3); decision support systems (dsss) (2); clinical decision support (cds) (2); clinical computerised decision support (cdss) (1); cad (computer aided diagnosis system) (1); diagnostic decision support systems (ddss) (1); medical order entry systems, outcome assessment (health care) (1); real-time triage optimisation framework (rtof) (1); cpoe (computerized prescriber order entry) (1); medication alert systems (mesh) (1); clinical decision support system (d020000) (1); diagnosis decision support systems (ddss) (1); clinical decision support system (cds) (1)"
"462-1","Medical informatics","15","electronic health record (ehr) (46); electronic health records (ehr) (24); electronic health records(ehr) (2); laboratory information management system (lims) (1); health management information system (hmis) (1); human resources information system (hris) (1); electronic heath records (ehrs) (1); electronic patients records (epr) (1); electronic health records systems (ehr) (1); child health information systems (chis) (1); management information system (mis) (1); human resources information systems (hris) (1); health care systems and management (telehealth) (1); patient data management system (pdms) (1)"
"462-2","Medical informatics","5","mobile application (app) (2); ehealth (mobile health) (1); digital applications (apps) (1); mobile electronic data capturing forms (medcfs) (1); mobile applications (apps) (1)"
"462-3","Medical informatics","3","clinical nlp (natural language processing) (1); knowledge-based systems (kbs) (1); knowledge-based clinical decision support system (cdss) (1)"
"462-4","Implementation science","4","decision aids (das) (1); decision aid (da) (1); patient-reported outcomes measurement information system (promis) (1); evidence-based patient decision aid (ptda) (1)"
"462-5","Medical informatics","5","continuity of care document (ccd) (2); coding schema (guidelines assessment tools) (1); geographic information system (gis) (1); clinical trial management system (ctms) (1); geographic information systems (gis) (1)"
"463-0","Medical informatics","61","national library of medicine (u.s.) (19); hl7 fast healthcare interoperability resources (fhir) (5); cell line authentication (4); consolidated framework for implementation research (cfir) (2); gene expression omnibus (geo) (2); research domain criteria (rdoc) (2); european health data space (ehds) (2); canadian classification of health interventions (cci) (2); medical device regulation (mdr) (2); national health insurance research database (nhird) (1); healthcare services specification project (hssp) (1); biomedical research integrated domain group (bridg) model (1); clinical research (cr) (1); clinical information modeling initiative (cimi) (1); national drug code (ndc) (1)"
"464-0","Omics","42","biological techniques (59); non-model organisms (7); high-throughput phenotyping (6); high-throughput (6); mass spectrometry-based proteomics (4); quantitative proteomics (3); label-free quantification (3); high-throughput technology (2); zebrafish transcriptomics (2); real-time analytics (2); bulk transcriptomics (2); high-throughput transcriptomics and proteomics (1); high-throughput pipeline (1); in silico evidence integration using big data approaches (1); non-model organism (1)"
"465-0","Medical informatics","80","facebook (111); virtual care (76); internet hospital (27); website (18); virtual health (16); google bard (6); web intelligence (4); ehealth readiness (3); virtual community (3); social media addiction (3); app feature (2); mobile game (2); smartphone sensor (2); mobilenet (2); webcam (2)"
"466-0","Sequence alignment","7","sequencing depth estimation (2); tag snp selection (1); gene assessment (1); genetic data normalization (1); genomic study design (1); mapping study (1); snp array design (1)"
"466-1","Data analysis methods","3","ewas (5); chip-exo (1); wgbs analysis step evaluation (1)"
"466-2","Purification techniques","4","rna-seq applications (1); scrna-seq preprocessing (1); ribosome profiling analysis method (1); rna editing detection (1)"
"466-3","Protein enrichment","5","enrichment (3); enrichment designs (1); joint profiling (1); hi-c data (1); enrichment strategy (1)"
"466-4","clinical librarianship","6","libraries (28); kits21 (2); barcode deconvolution (1); kits19 (1); platform independent (1); library (1)"
"466-5","Computational biology","3","human protein normalization (1); lfq workflow (1); quality control for alphafold (1)"
"466-6","microbiome profiling caveats","1","microbiome profiling caveats (1)"
"466-7","Feature extraction","3","pico extraction (2); ddpcr normalization (1); mqtt protocol (1)"
"466-8","Sample entropy","10","sample entropy (9); spectral analysis workflow (1); technical biases (1); technical replicates (1); steps information (1); qc pool sample (1); technical standard (1); duplicate detection (1); technical replicate integration (1); quality threshold (1)"
"466-9","Postmortem tissue processing","1","tissue phenotyping (1)"
"466-10","Imaging biomarkers","1","biomarker extraction (1)"
"467-0","Attention models","40","3d densenet (2); channel-wise attention (2); spatial pyramid convolution (2); deformable-difference convolution (1); large kernel convolution (1); downsampling enhancement (1); convolutional block attention (1); sparse transformer block (1); cnn ensemble (1); class activation mapping (1); multi-scale deformable attention (1); dense convolution (1); transformer features (1); kernel fusion (1); global filter (1)"
"467-1","Graph representation learning","26","manifold visualization (1); adaptive graph convolution (1); multiview representation learning (1); label embedding (1); metric embedding (1); representation enhancement (1); embedding alignment (1); cross-modal feature-enhanced module (1); t-sne visualization (1); dense feature correspondence (1); projection representation (1); multiview network embedding (1); mutual guided fusion block (1); manifold alignment (1); spatial boundary guided module (1)"
"467-2","Cross-domain generalization","27","unsupervised domain adaptation (35); consistency regularization (7); source-free domain adaptation (5); semisupervised (2); similarity regularization (1); deep structure use (1); multi-source unsupervised domain adaptation (1); semisupervised adaptation (1); network propagation regularization (1); connected filtering (1); de-correlation constraint (1); partial label learning (1); scale-adaptive channel attention module (1); label-distribution-smooth margin loss (1); cross-mapping entropy (1)"
"467-3","Atlas-based segmentation","22","mask r-cnn (4); segmentation using fusion attention (1); active contour snake (1); thinned encoder–decoder module (1); channel boundary guided module (1); thickness-guided dice loss (1); boundary information fusion (1); graph cut segmentation (1); pixel-based classi-fication (1); segmentation image (1); neuron instance segmentation (1); iterative clustering projection (1); feature extraction free (1); semantic rbc segmentation (1); pyramid feature refinement (1)"
"467-4","Wavelet transforms","11","gabor wavelet (2); multi-synchrosqueezing extracting transform (1); multi-resolution mask synthesis (1); laplacian of gaussian kernels (1); scale-space filter (1); gabor transformation (1); adaptive ellipse template (1); connected filtering (1); biorthogonal wavelet (1); area-preserving map (1); wavelet edge attention (1)"
"467-5","Computer vision","7","motion pattern-aware regularization (1); 9-dof parameterization (1); extended kalman smoother (1); walking pose recognition (1); spatiotemporal embedding (1); spatiotemporal fusion (1); moving windowing (1)"
"467-6","data representations","15","sparse representation (15); sparse coding (7); mesh morphing (3); deep matching (2); spatial geometry constraint (1); weighted fast compression distance (1); weighted visibility graph (1); bidirectional maximum matching (1); texture representation (1); dictionary matching (1); weighted tensor schatten p-norm (1); sparse graph attention (1); point transform correspondence (1); tensor-train (1); transformed tensor low-rank prior (1)"
"468-0","Healthcare predictive modeling","54","prediction methods (5); clustering methods (3); ranking methods (3); machine learning approaches (3); feature selection methods (3); nonparametric methods (2); mcmc methods (2); data mining algorithms (2); deep learning methods (2); predictive methods (2); optimization methods (1); multiple methods (1); pruning techniques (1); clustering techniques (1); unsupervised integrative methods (1)"
"468-1","Data analysis methods","7","neuroanatomical tract-tracing techniques (1); rnmp mapping techniques (1); integrated robust statistics and bioinformatics approaches (1); hybrid gene prediction approaches (1); integrated statistics and network-based approaches (1); gold standard annotations (1); template-based modeling and unified results (1)"
"468-2","differential privacy","3","privacy-preserving techniques (4); privacy-protecting methods (1); genomic privacy-preserving techniques (1)"
"468-3","Time-series analysis","3","time-series forecasting methods (1); transform domain techniques (1); time-frequency methods (1)"
"468-4","Multidisciplinary methods","5","resampling techniques (1); uncertainty techniques (1); robust methods (1); convergence criteria (1); reproducible computational methods (1)"
"469-0","Translational medicine","24","commercialization (8); guideline development (4); regulatory support (2); pipeline development programs (2); vaccine uptake (2); biomarker development (2); product development (2); academic dissemination (1); product failures (1); biomedical experts (1); research and development (1); product management (1); publication trends (1); regulatory decision support (1); personalized therapy development (1)"
"469-1","Requirements engineering","22","website development (4); toolkit development (3); tool development (3); infrastructure development (1); game developer (1); mobile app development (1); agile software development (1); interdisciplinary software development (1); it tool development (1); secure systems development (1); systems development (1); information service development (1); information technology design and development (1); health information system development (1); digital tool development (1)"
"469-2","Multidisciplinary methods","2","marketing strategies (1); advanced manufacturing (1)"
"470-0","Acoustic signal processing","34","acoustic stimulation (5); sound spectrography (4); sound pressure level (2); natural frequency (2); multiple vowels (2); sound intensity (1); acoustic sensing (1); multiple sound types (1); local pulse wave propagation (1); sound pressure (1); harmonics (1); spherical harmonics (1); sound environment (1); digital frequency customized relieving sound (1); vibration detection and vibration energy (1)"
"470-1","Wireless communications","16","radio frequency identification (4); electromagnetic radiation (4); infrared rays (4); radio-frequency identification (2); ultra-wideband radar (2); second harmonic generation (1); biomedical radar (1); fmcw radar (1); continuous-wave radar (1); radio-frequency (1); low earth orbit satellites (1); electrical noise (1); propagation direction (1); wave reflection (1); millimeter wave radar (1)"
"470-2","Haptic technology","3","tactile feedback (2); multisensory alarms (1); haptic sensation (1)"
"471-0","differential privacy","12","forms and records control (10); statistical disclosure control (3); personal information protection (3); data sharing action (1); data disclosure control (1); general data protection regulation compliance (1); reidentification risk (1); data dissemination, disclosure risk (1); patient information flow (1); data sharing intention (1); patient data hiding (1); de-identify (1)"
"471-1","Participatory research","6","research participation willingness (2); patient and public involvement panel (1); data donation app (1); clinical trial recruitment support system (1); approval anxiety (1); exposure notification app (1)"
"471-2","Medical informatics","11","fhir search (2); distributed cohort query (1); key subgraph retrievalpolariton (1); permission to contact platform (1); clinical data exchange (1); data access latency (1); authorization server (1); clinical research query mediation dialog (1); endpoint information fusion (1); clinical information retrieval (1); in-process database (1)"
"471-3","Medical informatics","9","radiology report generation (15); medical report generation (14); electronic health records phenotype (1); electronic medical record adoption (1); electronic medical record phenotyping (1); electronic patient records safety (1); radiology reports generation (1); drug information extraction (1); electronic health record phenotype (1)"
"471-4","Cough classification","5","covid-19 classification (2); covid-19 ontology (1); covid-19 data ontology (1); covid-19 ontologies (1); covid-19 modelling (1)"
"471-5","Open access policies","13","publication metadata (4); documentation assistant (1); payment parity (1); secondary usage (1); open payments data (1); source of information credibility (1); review software (1); procedural content generation (1); app review analysis (1); medical metadata governance (1); provenance data (1); multi-institutional data annotation (1); china hospital information network conference (1)"
"471-6","PHR system design","3","personal health record systems requirements (1); personal health record functionalities (1); patient-specific network (1)"
"471-7","Bias in research","1","data imbalance handlin (1)"
"472-0","Species specificity","9","species specificity (54); species diversity (12); individual identification (1); species distributions (1); species diversification (1); taxonomic biomarkers (1); species richness (1); endangered species (1); species prioritization (1)"
"472-1","Sequence alignment","6","phylogeography (21); population structure (5); population divergence (1); genetic distance (1); population diversity (1); species tree rooting (1)"
"472-2","Chromosome conformation capture","7","diploidy (13); seedability (1); helianthus annuus phenotypic variation (1); abiotic stress traits (1); wood formation (1); body size (1); complex allopolyploidy (1)"
"472-3","Spatial analysis","4","aquatic locations (1); ecological conditions (1); watersheds (1); environmental geography (1)"
"472-4","microbiome profiling caveats","2","marine sponges (1); metataxonomics (1)"
"472-5","Disease subtyping","2","phenotypic similarity (1); phenotypical similarity (1)"
"472-6","Porous media transport","1","vectorial blood stream (1)"
"472-7","Acoustic signal processing","1","variable frequency complex demodulation (1)"
"473-0","Time series analysis","57","temporality (6); temporal patterns (5); total variation (5); time windows (3); hyperbolic (2); temporal sequence (2); temporal dependency (2); nonbinary (2); upper bound (2); time-delay (2); time-varying (1); bimodality (1); different stages (1); time features (1); temporal graph (1)"
"474-0","Sequence alignment","41","genome assembly algorithms (20); sequence tagging (4); read alignment (3); sequence alignment visualization (2); alignments (2); sequence concatenation (1); sequences clustering (1); sequence logo (1); marker gene name (1); ssdna sequencing (1); sequence representation (1); alignment process (1); base modification calling (1); reference library (1); antifam 6.0 representative sequences (1)"
"475-0","mutational signature analysis","5","k-mer-based distance estimation (1); alignment-free snv detection (1); superstring-based indexing (1); alignment-free k-mer statistics (1); antibiotic-specific k-mer signatures (1)"
"475-1","Computational biology","8","automated cell-type annotation (1); scrna-seq-based protein inference (1); per-cell gene set scores (1); spatial transcriptomics technology (1); custom cell-signature annotations (1); single-cell gene pair signatures (1); automated cell type annotation (1); single-cell 3d genomics (1)"
"475-2","Metabolic flux analysis","6","genome-scale metabolic models (9); genome-scale metabolic model (5); genome-scale rba models (1); genome-scale model reconstruction (1); genome-scale community metabolic models (1); genome-scale metabolic network model (1)"
"475-3","Computational biology","13","gene set inference (1); set-based association (1); gene-level metrics (1); gene set scoring (1); gene set ranking (1); context-aware gene set generation (1); individual pathway analysis method (1); pathway-level inference (1); gene set integration (1); gene expression distribution (1); biomarker signature modeling (1); integrated gsea (1); graph-based enrichment (1)"
"475-4","Network-based inference","18","network-based inference (4); gene network validation (1); data-driven functional interactions (1); multi-network protein–protein interaction integration (1); gene module detection (1); transcript-based network construction (1); topological mapper (1); unsupervised ensemble ranking (1); proteome-wide binder search (1); ncrna network modeling (1); graph-based drug target prediction (1); ranked-biased overlap (1); prediction models of dna methylation (1); gene regulation network modeling (1); stitch-derived cpi networks (1)"
"475-5","Omics","11","confidence-driven multi-omics fusion (1); hierarchical classification and quantification (1); two-step expression prediction (1); meta-transcriptomics (1); meta-path information aggregation for moas (1); gene, protein and immunity inspection via simulations (1); multi-omics comparison (1); omics-based activity inference (1); multi-annotation strategy (1); meta-analysis of variant annotations (1); multi-species network integration (1)"
"475-6","Computational biology","10","genome-wide identification (2); genome-wide tr cataloging (1); genome-wide estimation (1); homoeolog-specific read partitioning (1); transcriptomic screening (1); rna-seq-based pipeline (1); biobank-scale gwas visualization (1); orthology visualization (1); clade-specific enrichment (1); graph-based pangenomics (1)"
"475-7","Computational biology","5","proteome-wide binder search (1); uniref-inspired antibody clustering (1); sars-cov-2 proteome modelling (1); protein family-specific model (1); germline-agnostic antibody modeling (1)"
"475-8","Modeling approaches","2","c. elegans modeling (1); cancer cell-line dependency prediction (1)"
"475-9","Computational biology","4","snp-level visualization (1); pileup-based calling (1); rna editing profiles (1); indel-aware annotation (1)"
"476-0","Medical informatics","35","breast cancer detection (8); nodule detection (4); diabetic retinopathy screening (4); breast mammography (2); serial interval (2); prescreening (2); cervical lesion detection (2); screening methods (2); copd screening (1); skin cancer assessment (1); hiv self-screening (1); scoliosis screening (1); risk stratified screening (1); polyp detection rate (1); systematic screening (1)"
"477-0","Open-source software","38","r package (53); bioconductor (18); bioconductor package (4); cran package (2); r/bioconductor package (2); r statistical software (2); r language (2); r package development (1); triage r package (1); tidytof r package (1); scdiv r package (1); r package tidygwas (1); r package stew (1); r package robin (1); r package scannotate (1)"
"477-1","Open-source software","2","python package rbatools (1); python package for cancer progression analysis (1)"
"478-0","Medical informatics","18","biomedical dataset (3); iptmnet and phosphositeplus datasets (1); multi-omics data simulation (1); crossdocked2020 dataset (1); multi-donor dataset (1); across-species datasets (1); tcga cancer datasets (1); ena annotated samples dataset (1); mbodymap dataset (1); clinical datasets (1); atlas-scale datasets (1); pharmacogenomics datasets (1); adni data (1); breast cancer dataset (1); biobank dataset (1)"
"478-1","Data collection","15","benchmark datasets (4); benchmark data set (2); benchmark data (1); benchmarking datasets (1); yeast benchmark datasets (1); reference datasets (1); benchmark peptides classification datasets (1); benchmark dataset (1); benchmark datasets test2016 test2018 test2020-hq cameo casp (1); benchmark protein datasets (1); benchmark set (1); seu-allen/biccn dataset (1); common dataset (1); standard dataset (1); ground-truth datasets (1)"
"478-2","Data collection","10","hints dataset (2); human fall datasets (1); mnist dataset (1); bci competition dataset (1); machine comprehension dataset (1); food dataset (1); multimodal dataset (1); crowdsourced datasets (1); multilingual datasets (1); chb-mit scalp eeg dataset (1)"
"478-3","ROC AUC analysis","19","imbalanced dataset (6); imbalanced datasets (3); simulated datasets (2); imbalance dataset (2); external dataset (1); simulated longitudinal dataset (1); synthetic datasets (1); ground-truth datasets (1); noisy reference datasets (1); human-specific dataset (1); realistic synthetic datasets (1); pretrained dataset (1); partial label datasets (1); real-world dataset (1); augmented dataset (1)"
"478-4","data representations","3","factor analysis-based datasets (1); overlapping datasets (1); pairwise correlation datasets (1)"
"479-0","Health measurement instruments","16","outcome assessment (health care) (8); process assessment (health care) (6); outcome and process assessment (health care) (5); scoring function (sf) (3); data quality assessment (dqa) (2); electronic health record(s) (1); data quality (dq) (1); information systems success (iss) (1); performance of routine information systems management (prism) (1); key performance indicators (kpi) (1); quality by design (qbd) (1); system usability scale (sus) (1); monitoring and evaluation (m&e) (1); user experience questionnaire (ueq) (1); total laboratory automation (tla) (1)"
"479-1","Clinical research methods","13","patient-reported outcome measures (proms) (3); patient-reported outcomes (pros) (2); data envelopment analysis (dea) (2); patient-reported outcome (pro) (1); incremental cost and effective ratio (icer) (1); patient reported outcomes (pro) (1); in silico trials (ist) (1); patient reported outcomes (pros) (1); patient-reported outcomes (pro) (1); self-controlled case series (sccs) (1); real-world data (rwd) (1); patient reported outcome measures (pros, proms) (1); economic input-output life cycle assessment (eio-lca) (1)"
"479-2","Clinical research methods","2","physician-certified verbal autopsy (pcva) (1); computer-coded verbal autopsy (ccva) (1)"
"479-3","Healthcare predictive modeling","4","computer-assisted medical diagnosis (camd) (1); confusion assessment method for the intensive care unit (cam-icu) (1); clinical event prediction (cep) (1); clinical classification software refined (ccsr) (1)"
"479-4","Medical informatics","5","question-answering (qa) (1); medical visual question answering (medvqa) (1); medical question-answering(qa) (1); surgical visual question localized answering (surgical-vqla) (1); medical visual question answering (med-vqa) (1)"
"479-5","Data collection","2","prescription data extraction (pde) (1); computer assisted telephone interviewing (cati) (1)"
"479-6","Evaluation frameworks","4","mobile app rating scale (mars) (3); video quality assessment (vqa) (2); no-reference image quality assessment (nr-iqa) (1); objective data collected via smartphone (1)"
"479-7","Medical informatics","3","after-visit summary (avs) (1); after visit summary (avs) (1); public health announcement (pha) (1)"
"479-8","Healthcare predictive modeling","2","heart disease prediction (hdp) (1); adult hearing screening (ahs) (1)"
"479-9","differential privacy","2","electronic personal protective equipment (eppe) (1); personal health information (phi) (1)"
"479-10","Health measurement instruments","1","disability evaluation (mesh) (1)"
"479-11","human error assessment and reduction technique (heart)","1","human reliability analysis (hra) (1)"
"479-12","Evaluation frameworks","1","rapid on-site evaluation (rose) (1)"
"480-0","Biomedical signal processing","17","electroencephalography (eeg) (65); electroencephalogram (eeg) (60); electroencephalograph (eeg) (5); electroencephalogram (eeg) compression (2); resting-state eeg (reeg) (1); intracranial eeg records (ieeg) (1); electroencephalogram (eeg) signal representation (1); electroencephalography(eeg) (1); electroencephalogram (eeg) decoding (1); single-channel electroencephalogram (eeg) (1); scalp electroencephalography (eeg) (1); scalp eeg (seeg) (1); electroencephalogram(eeg) (1); electro-encephalogram (eeg) (1); electroencephalography (ecg) (1)"
"480-1","neuromuscular characterisation","7","surface electromyography (semg) (18); surface electromyogram (semg) (3); surface electromyography(semg) (2); electromyography(emg) (1); surface electromyography decomposition (1); multi-channel facial electromyogram (femg) (1); surface emg (semg) (1)"
"480-2","Biomedical signal processing","4","phonocardiogram (pcg) (5); capacitive ecg (cecg) (1); gyrocardiography (gcg) (1); phonocardiographic signal (pcg) (1)"
"481-0","Radiomic feature extraction","47","medical image analysis (92); retinal image analysis (7); digital image processing (5); computer-assisted image processing (5); medical imaging analysis (4); computer-aided image analysis (4); ultrasound image analysis (4); whole slide image analysis (4); computer-aided analysis (3); computer-assisted image analysis (3); ultrasound image processing (2); biomedical image analysis (1); image patch analysis (1); medical image processing and analysis (1); high-dimensional image analysis (1)"
"482-0","Computational biology","20","cardiac modeling (8); cardiac modelling (4); cardiac electrophysiological models (3); cardiac computational modeling (2); heart modeling (2); cardiac monodomain model (1); cardiac mechanics model (1); cardiac electromechanical simulations (1); mouse ventricular myocyte (1); cardiac simulation (1); cardiac propagation modeling (1); cardiac computational model (1); personalized cardiac modelling (1); cardiac electrophysiology modeling (1); cardiac models (1)"
"482-1","Computational Fluid Dynamics","13","hemodynamic model (3); wall properties (2); aorta model (1); pressure loss models (1); cardiorespiratory system mathematical model (1); blood flow model (1); fluidic models of cardiac systems (1); vascular structure model (1); aortic root parametric modeling (1); stent modeling (1); arterial system modeling (1); cardiopulmonary model (1); porous circulation model (1)"
"482-2","Computational Fluid Dynamics","7","subject-specific upper lung airway geometry (1); lung biomechanical model (1); bronchial flow modelling (1); three-dimensional human airway geometry (1); pulmonary airflow simulation (1); whole lung airway modeling (1); whole lung-airway modeling (1)"
"482-3","Computational biology","3","tumor growth modeling (1); brain tumor modeling (1); 3d tumor model (1)"
"482-4","neuromuscular characterisation","12","musculoskeletal model (4); neuromusculoskeletal model (2); neuromusculoskeletal modelling (1); gait modeling (1); biomechanical computational model (1); muscle optimization models (1); personalized musculoskeletal model (1); musculoskeletal models (1); spinal computational model (1); patient-specific bone models (1); muscle multiscale mechanical model (1); stress-relaxation modeling (1)"
"482-5","Bioheat modeling","3","thermal dose model (1); bioheat modeling (1); bioheat-transfer modeling (1)"
"482-6","Electroanatomic mapping","7","emg-force modeling (1); on-device models (1); volume conductor modeling (1); subject-specific numerical electromagnetic model (1); electrode modeling (1); pulse modeling (1); body channel modeling (1)"
"482-7","Model visualization","8","geometric modeling (2); human thorax model (1); human head model (1); ultrasound simulation model (1); body channel model (1); fem modelling (1); device modeling (1); constitutive modeling (1)"
"482-8","Model visualization","2","patient-specific bone models (1); gastrointestinal models (1)"
"483-0","Healthcare predictive modeling","7","blood glucose prediction (10); blood glucose control (5); glucose prediction (5); blood glucose level prediction (3); glucose variability (1); glucose time series (1); diabetic measurement (1)"
"483-1","Health measurement instruments","8","blood pressure determination (10); blood pressure estimation (5); blood pressure prediction (3); cuff-less blood pressure estimation (3); cuffless blood pressure estimation (2); noninvasive blood pressure estimation (1); blood pressure classification (1); blood pressure (bp) estimation (1)"
"483-2","Weight maintenance","5","body weight maintenance (3); body-weight trajectory (2); height and weight estimation (1); bmi prediction (1); weight variability (1)"
"483-3","Sensor-based instrumentation","5","food intake monitoring (3); food-intake monitoring (1); food volume estimation (1); energy expenditure estimation (1); meal size estimation (1)"
"483-4","Health measurement instruments","3","pulse rate estimation (2); timed-up and go test measurement (1); treadmill workouts (1)"
"483-5","Bioheat modeling","3","bio-heat equation (2); lab test imputation (1); lactate level prediction (1)"
"484-0","Study design distribution","19","system design (15); service design (12); interface design (8); website design (4); game design (3); user experience design (3); dashboard design (2); app design (2); product design (2); systems design (2); technology design (2); platform design (1); design components (1); agile design (1); user design (1)"
"484-1","Drug design","13","drug design (97); de novo drug design (7); delivery strategy (3); vaccine design (3); phage cocktail design (2); probe design (1); bio-design (1); clinical decision support design (1); scaffold design (1); cell factory design (1); high-throughput assay design (1); neoantigen vaccine design (1); decision aids design (1)"
"484-2","Study design distribution","16","equipment design (52); medical device design (6); engineering design (3); device design (3); filter design (2); environment design (2); structure design (2); medical technology design (1); patient room design (1); valve design (1); impeller design (1); sensor design (1); electrode design (1); medical product design (1); geometric design (1)"
"484-3","Study design distribution","10","research design (228); experimental design (6); experiment design (2); in silico design (2); corpus design (1); algorithm design (1); design requirement (1); deployment simulation (1); parallel algorithm design (1); design of experiment (1)"
"485-0","Data analysis methods","77","association study (10); underrepresented (9); ethnic epidemiology (7); survey study (6); population stratification (4); gender difference (4); case-crossover (3); confounding factors, epidemiologic (3); secondary uses (3); population survey (2); twin studies as topic (2); disease prevalence (2); epidemiological methods (2); multi-population (2); underrepresented background (2)"
"486-0","Medical informatics","29","computer-aided diagnosis system (7); computer-aided diagnostic system (3); remote monitoring system (2); computer aided diagnosis system (2); medical expert system (2); assistive diagnostic system (1); bimodal cad system (1); medical device software (1); remote monitoring systems (1); medical monitoring system (1); asynchronous telemedicine system (1); real-time medical systems (1); cadx cascaded system (1); medical diagnostic software (1); pathological brain detection system (1)"
"486-1","Sensor-based instrumentation","55","global positioning system (12); real-time locating system (7); man-machine systems (6); intelligent system (3); real-time monitoring system (2); interactive voice response system (2); data acquisition system (2); computer vision system (2); optical tracking system (2); intrusion detection system (2); multimodal biometric system (2); picture exchange communication system (1); global positioning system (gps) system (1); intrusion detection systems (1); vision system (1)"
"487-0","Drug design","50","computer-aided drug design (10); structure-based drug design (9); structure-based virtual screening (7); computational protein design (5); in silico drug design (3); computational drug design (3); ligand-based virtual screening (2); synthetic binding protein (2); peptidomimetic (2); structure-based drug discovery (2); rational design (2); docking and protein design (1); compound library design (1); structure based virtual screening (1); de novo molecule design (1)"
"488-0","Medical image registration","23","ct images (29); ct image (7); computed tomography images (3); computed tomography (ct) images (2); computed tomography image (2); lung ct images (2); cect image (1); computed tomographic (ct) images (1); non-contrast ct images (1); ct scan images (1); computer tomography (ct) image (1); ct-scan based images (1); multi-phase ct images (1); low-dose ct image (1); lung computed tomography image (1)"
"488-1","Imaging biomarkers","6","pet-ct image (1); ct and pet image (1); low-dose pet/ct image (1); pet/ct tumor image (1); pet/ct image (1); pet image (1)"
"488-2","X-ray imaging","6","bone x-ray images (2); x-ray angiographic image sequence (1); chest x-ray and ct images (1); abdominal images (1); x-ray and ct scan images (1); chest x-ray (cxr) images (1)"
"488-3","MRI site distribution","2","magnetic resonance image (9); magnetic resonance (mr) images (1)"
"488-4","Medical image registration","1","ultrasound image sequences (1)"
"488-5","Endoscopic imaging","2","endoscopic images (2); gastroscopic images (1)"
"488-6","Acoustic signal processing","2","bowel sounds (2); tc images (1)"
"489-0","Drug design","52","drug discovery (408); virtual screening (86); drug targets (13); drug screening (7); drug target discovery (6); target discovery (6); computational drug discovery (5); drug discovery and development (4); computational drug repurposing (3); virtual drug screening (3); drug prediction (2); drug design and discovery (2); computational drug development (2); drug candidates (2); translational drug discovery (1)"
"490-0","Data collection","48","electronic data capture (30); clinical information system (11); medical record systems (10); electronic documentation (8); electronic healthcare record (4); electronic patient-reported outcomes (4); electronic personal health record (4); electronic data collection (4); electronic case reporting (3); standardized electronic health record (2); electronic clinical documentation (2); research electronic data capture (2); electronic clinical decision support (2); electronic medication administration record (2); medical record system (2)"
"491-0","Feature extraction","51","information retrieval (121); information fusion (20); information visualization (12); information overload (7); information governance (7); information blocking (6); information use (5); information bottleneck (5); information foraging (4); information flow (3); information provision (3); information modeling (3); information content (2); information standards (2); information prescription (2)"
"492-0","Biomedical signal processing","28","arrhythmia detection (15); arrhythmia classification (8); heartbeat detection (5); qrs detection (4); cardiac arrhythmia classification (2); heart rate detection (2); qrs complex detection (2); lead time (2); ecg signal classification (2); rhythm classification (2); pulse rate detection (1); ecg anomaly classification (1); ecg abnormality detection (1); ecg tokenization (1); waveform morphology similarity (1)"
"492-1","Biomedical signal processing","8","heart sound classification (4); respiratory sound classification (3); lung sound recognition (2); apnea-hypopnea event detection (1); ventilation signal detection (1); lung sound event detection (1); abnormal lung sound detection (1); sleep apnea event detection (1)"
"492-2","Sensor-based instrumentation","2","bowel sound detection (1); esophageal abnormality detection (1)"
"492-3","Complex event processing","3","gait event detection (1); emg-pattern recognition (1); seizure event detection (1)"
"492-4","Complex event processing","6","event detection (5); adr signal detection (2); noncontact vital sign detection (1); cardiorespiratory system identification (1); tracing information (1); hf-action (1)"
"493-0","Data analysis methods","15","missing data (69); missing values (18); missing value (7); missing labels (2); missing label (2); data missingness (1); missing data mechanisms (1); missing events (1); data incompleteness (1); missing leads (1); missing tabular data imputation (1); missing metadata (1); missingness types (1); missing values imputation (1); missing value interpolation (1)"
"493-1","Feature selection","4","covariates (4); covariate (1); categorical variables embedding (1); predictor variable importance (1)"
"493-2","Note quality","5","note quality (3); note templates (1); note (1); note writing (1); note sharing (1)"
"493-3","Integrative review","1","pretreatment attrition (1)"
"493-4","variable life-adjusted display","1","variable life-adjusted display (1)"
"494-0","Open-source software","44","python (25); python package (20); python implementation (12); open-source software on github (2); open-source python implementation (2); open-source r package (2); machine learning implementation (2); python library (2); biological web application development (1); github open-source code (1); python-based implementation (1); citrabounds python implementation (1); open source implementations (1); pip installable package (1); python package for cancer genomics (1)"
"495-0","Association rule mining","62","data mining (1178); data science (180); data compression (111); data protection (42); data standards (27); synthetic data generation (21); data exchange (14); data commons (9); data retrieval (8); data use (8); data discovery (6); data provenance (5); data repository (5); document analysis (4); data sets (4)"
"496-0","Medical informatics","18","medical ai (10); medical consortium (3); medical inference (2); medical robot (2); medical ai taxonomy (1); medical metaverse (1); medical asymmetry (1); medical synthesis (1); medical graph (1); medical transcription (1); medical informatics, authorship (1); medical smartphone (1); medical informatization (1); medical intelligence (1); pharmaceutical informatics (1)"
"496-1","Medical informatics","5","taiwan biobank (3); medical corpus (1); medical parallel corpus (1); biomedical lat corpus (1); cleveland dataset (1)"
"496-2","Bibliometric analysis","10","university (12); researchmatch (3); social license (3); science identity (3); science metrics (1); science facilitation (1); science rejection (1); academic ecosystem (1); scientific merit (1); socio-technical ecosystem (1)"
"496-3","Data collection","13","business intelligence (8); library science (5); gig economy (1); industrial ecosystem (1); industry code (1); tech health (1); industry analysis (1); worksite (1); statistics education (1); engineering education (1); business ethics (1); electrical engineering computing (1); hard mining (1)"
"496-4","Clinical research methods","7","lab life (7); nursing science (5); dental sciences (1); otago exercises (1); radiology payments (1); cyber hygiene (1); internet of bio-nano things (1)"
"496-5","Translational medicine","1","biotechnology (104)"
"497-0","Educational methodologies","6","equity and scalability in bioinformatics education (1); pedagogy of gaming (1); instructional design technology (1); bias and fairness in ai tools for education (1); computer uses in education – collaborative learning (1); methodology for ehealth gamified systems (1)"
"497-1","Ontology quality assurance","5","knowledge representation, management, or engineering (1); mapping to existing frameworks (1); collaborative ontology engineering (1); evolution of ontologies (1); knowledge representation and information modeling (1)"
"497-2","differential privacy","8","personalized federated learning (3); trustworthy artificial intelligence (3); privacy-protecting analytics (2); utility based privacy preserving data mining (1); confederated machine learning (1); privacy constraints in gwas (1); privacy-preserving distributed data mining (1); privacy-preserving analytics (1)"
"497-3","Medical informatics","8","fairification of bioinformatics tools (1); interpretability in deep learning genomics (1); replicability of medical machine learning (1); case studies in biomedical nlp (1); medical cross-modal learning (1); graph attention network, real world evidence (1); modeling electronic health record data (1); interpretability of deep learning (1)"
"497-4","Text analytics","5","concept-based text analytics (1); heterogeneous information integration (1); textual analytics, metadata (1); extracting salient information (1); question-driven abstractive summarization (1)"
"497-5","Distributed algorithms","14","swarm-intelligence (6); evolutionary problem solving (1); intelligent training data selection for machine translation (1); intelligent modeling and classification (1); meta-knowledge transfer (1); multi-view collaborative learning (1); network attack detection and defense strategy (1); online ecological recognition (1); multi-attribute decision-making (1); cross-domain knowledge transfer (1); deep co-training (1); multi-attribute decision making (1); multihead enhanced self-attention (1); motion self-learning genre (1)"
"497-6","Data collection","4","crowdsourcing (105); wisdom of artificial crowds (1); crowdsourcing information production (1); crowd-sourced intelligence (1)"
"497-7","Human-computer interaction","5","socio-technical aspects of information technology (1); user resistance behavior (1); digital work environment (1); inclusivity in artificial intelligence (1); usability heuristics (1)"
"497-8","Ubiquitous computing","4","intelligent guidance conversational agents (1); intelligent environment understanding (1); context-aware systems (1); intelligent building (1)"
"497-9","Knowledge bases","4","commercial knowledge base (1); reusing digital research objects (1); mobilizing computable knowledge (1); multimodal knowledge base (1)"
"497-10","Data-driven science","5","data-driven science (4); agile resource planning (1); data engineering best practices (1); multiple research tasks (1); testing and evaluation of health information technology (1)"
"498-0","Attention mechanisms","13","contrastive predictive coding (cpc) (1); self-attention (sat) (1); multi-scale dynamic attention (mda) (1); spatial multi-head attention (sma) (1); double self-attention (dsa) (1); statistical spatial attention (ssa) (1); bidirectional long short-term memory (bilstm) (1); multi-scope attention model (msam) (1); channel-wise parallel attention (cpa) (1); cross modal task (cmt) (1); vision language pre-training (vlp) (1); triplet spatial attention (tsa) (1); bi-directional spatial attention (bsa) (1)"
"498-1","Feature extraction","8","human activity recognition (har) (5); automatic speech recognition (asr) (2); auditory attention decoding (aad) (1); complex motor imagery (mi) (1); american sign language (asl) recognition (1); hand gesture recognition (hgr) (1); silent speech recognition (ssr) (1); sign language recognition (slr) (1)"
"498-2","Multitask learning","9","multi-task learning (mtl) (3); transfer learning (tl) (2); domain adaptation (da) (2); domain generalization (dg) (2); reinforcement learning (rl) (2); synchronized self-training (sst) (1); domain adaptation neural network (dann) (1); offline reinforcement learning (orl) (1); online multi-task learning (omtl) (1)"
"498-3","Diverse methods","10","rough set theory (rst) (2); preference-based reasoning (pbr) (1); region based paradigm (rbp) (1); rational choice theory (rct) (1); theory of constraint (toc) (1); probabilistic context-free grammar (pcfg) (1); dempster–shafer theory (dst) (1); explainable guided learning (egl) (1); case-based reasoning (cbr) (1); rule-based reasoning (rbr) (1)"
"498-4","Data analysis methods","14","time-reversal (tr) (2); mirror reflection learning (mrl) (1); multi-scale dynamic functional connectivity (dfc) (1); sustained attention to response task (sart) (1); incremental retinal-defocus theory (irdt) (1); region based paradigm (rbp) (1); the task-technology fit (ttf) (1); meta-heuristics (mh) (1); linguistic inquiry and word count (liwc) (1); post-acceptance model (pam) (1); international affective picture system (iaps) (1); time-on-task (tot) (1); brain storm optimization graph theory (bsgot) (1); expectation confirmation model of information system continuance (ecm-isc) (1)"
"500-0","Knowledge bases","36","electronic mail (63); open science (22); online information (18); open access publishing (12); online services (5); online access (4); online resources (4); online records access (3); serial publications (3); electronic publishing (2); web data (2); online media (2); online portal (2); open record access (2); public datasets (2)"
"501-0","Information behavior","20","theory of planned behavior (24); social and behavioral determinants of health (4); adolescent behavior (4); health self-efficacy (3); theory of change (2); academic self-efficacy (1); theory of behavior (1); theory of reasoned action (1); internet-based health information–seeking behavior (1); online health information-seeking behavior (1); the theory of planned behaviour (1); theory of persuasion (1); transtheoretical model of behavior change (1); blood donation attitudes and behavior (1); theory of planned behaviour (1)"
"502-0","CTSA methodology","35","delphi technique (39); delphi process (5); delphi panel (3); expert consensus (2); consensus model (2); consensus models (1); multidisciplinary team meeting consultation (1); expert opinion elicitation (1); consensus statements (1); consensus modelling (1); multidisciplinary rounds (1); consensus methodology (1); consensus algorithm (1); end-member extraction (1); consensus statements as topic (1)"
"503-0","Equally weighted methods","15","synthetic minority oversampling technique (7); permutation testing (4); resampling (3); synthetic minority over-sampling technique (3); permutation tests (2); data resampling (2); hybrid resampling (1); perturbation resampling (1); jackknife test (1); permutation strategy (1); bootstrap correction (1); cluster based resampling (1); permutation test (1); adaptive permutation testing (1); progressively-balanced resampling (1)"
"503-1","Modeling approaches","13","discrete-event simulation (9); discrete event simulation (8); monte carlo dropout (7); monte carlo tree search (2); markov-chain-monte-carlo (1); monte carlo test (1); mcmc method (1); monte-carlo dropout (1); monte-carlo tree search (1); survival simulation (1); monte carlo sampling (1); approximative stochastic simulation (1); monte carlo sampling methods (1)"
"503-2","imputation quality metric","9","kernel estimation (1); rank-based estimation (1); model-based estimation (1); imputation algorithms (1); listwise approach (1); nonparametric method (1); microarray missing value estimation (1); uncertainty estimators (1); low-rank estimation (1)"
"503-3","Multiple testing corrections","5","permutation-based fdr estimator (1); composite null hypothesis testing (1); fdr estimation (1); error rate estimation (1); family wise error rate (1)"
"503-4","Mendelian randomization","2","mendelian randomization analysis (13); permutation-based gwas (1)"
"503-5","Study design distribution","2","nested-leave-one-subject-out (1); covariate-adaptive randomization (1)"
"503-6","Optimization methods","3","differential computing (1); pruning method (1); differential box-counting (1)"
"504-0","Physical fitness","33","physical fitness (26); exercise test (12); cardiorespiratory fitness (12); ground reaction force (6); exercise physiology (5); plantar pressure (5); cardiopulmonary exercise testing (3); indirect calorimetry (2); cardiopulmonary exercise test (2); rate of perceived exertion (2); gait cycle (2); postprandial blood glucose response (1); ground reaction forces (1); excessive exercise (1); vertical ground reaction force (1)"
"505-0","Medical informatics","80","medicaid (23); eheals (21); websites (15); technology transfer (11); sustainable development goals (8); healthcare innovation (7); digital health innovation (5); medical innovation (3); health information technology for economic and clinical health act (3); ehealth development (3); metaverse healthcare (2); healthcare automation (2); e-health analytics (2); internet healthcare (2); health data governance (2)"
"506-0","Large language models","53","word embedding (50); word2vec (26); negation detection (5); language justice (2); semantic role labeling (2); word vector (2); part-of-speech tagging (2); the semantic gap (2); lexical patterns (2); clinical event context embedding (1); lexical answer type prediction (1); attribute context relationship encoding (1); lexeme hypotheses (1); semantic relation acquisition (1); dependency breaking (1)"
"506-1","Complex event processing","17","temporal relation extraction (7); temporal association rules (2); first order predicates (2); knowledges rules (1); causal ai (1); prior knowledge incorporation (1); causal relation extraction (1); view consistency constraint (1); uncertain knowledge graphs (1); prior-knowledge infusion (1); label hierarchy (1); primitive relationship reasoning (1); uncertain knowledge graph (1); prior knowledge supervision (1); causal association rules (1)"
"506-2","Hypergraph neural networks","4","category hierarchy (1); high-order connection (1); pathseq (1); betweens centrality (1)"
"506-3","Computer vision","11","human activity recognition (32); content overlap (2); domain randomization (2); lesion-aware relation block (1); generative facial prior gan (1); appearance invariance (1); semantic image synthesis (1); spatial context guide (1); spatial- aware capsules (1); context vector (1); attentive coordinate convolution (1)"
"506-4","Acoustic signal processing","2","binaural beats (1); spoken speech synthesis (1)"
"506-5","explaining classifier’s predictions","24","feature attribution (6); constrained codes (2); instance selection (2); similarity integration (2); ordinal positional encoding (1); prime pattern network (1); commonality heuristic (1); learning to hash (1); spaced-word matches (1); coarse-to-fine paradigm (1); theory-experiment interplay (1); dominant logic (1); interaction empowerment (1); mental number line (1); pattern abstraction (1)"
"506-6","Network-based inference","2","membership inference (3); zero trust (1)"
"507-0","Integrative review","21","systematic review (766); scoping review (273); systematic reviews (66); systematic literature review (58); systematic scoping review (9); scoping literature review (4); review, systematic (3); umbrella reviews (3); technical scoping review (1); living systematic review (1); systematic reviews as topic/methods (1); review, overview of systematic review (1); systematic review, implementation science (1); systematic review of reviews (1); scoping review of literature (1)"
"507-1","Integrative review","12","narrative review (10); qualitative evidence synthesis (4); qualitative review (3); narrative literature review (1); mixed-methods review (1); qualitative meta-synthesis (1); systematic mixed studies review (1); mixed methods systematic review (1); integrative literature review (1); narrative evidence (1); qualitative evidence-synthesis (1); narrative reviews (1)"
"507-2","Integrative review","15","meta-review (3); systematic assessment (2); systematic meta-review (1); methodologies of structured report (1); systematic methodology (1); number of citations (1); meta-knowledge (1); systematic literature analysis (1); combining abstract with full text (1); methodological recommendations (1); systematic mapping review (1); review and meta-analysis (1); scoring-based literature analysis (1); methodological framework (1); meta-classification (1)"
"507-3","Bias in research","2","inconsistent evidence (1); systematic bias (1)"
"508-0","Data analysis methods","25","ordinal regression (8); quantile regression (5); poisson regression (4); regularized logistic regression (2); robust linear regression (2); nonlinear regression (2); piecewise linear regression (1); censored regression (1); multi-directional regression (1); mixed-effects regression (1); negative-binomial mixed effects regression (1); zero-inflated poisson regression (1); multilevel zero inflated poisson regression (1); weighted ordinary-least-squares regression (1); interrupted time series regression (1)"
"509-0","Health measurement instruments","20","anthropometry (10); waist circumference (8); waist-hip ratio (4); fm-index (3); adiposity (3); body weights and measures (2); anthropometrics (2); head circumference (2); calf circumference (1); abdominal adipose tissue (1); adipose tissue quantification (1); anthropometry measurements (1); subject-specific upper body mass distribution (1); heel height (1); anthropometric measurements (1)"
"509-1","Health measurement instruments","3","neonates’ anthropometric profiles (1); fetal head circumference auto-measurement (1); fetal biometric measurements (1)"
"509-2","Health measurement instruments","6","bone age (3); bone quality (1); subchondral bone plate thickness (1); bone thickness (1); spinal curvature assessment (1); pelvic floor measurements (1)"
"509-3","neuromuscular characterisation","4","mandibular indices (1); facial biometric data (1); root cross-sectional area (1); dental measurements (1)"
"509-4","X-ray imaging","3","dual-energy x-ray absorptiometry (4); dual energy x-ray absorptiometry (1); cyst-to-kidney volume ratio (1)"
"509-5","Health measurement instruments","1","fitzpatrick skin scale (1)"
"509-6","food expenditure","1","food expenditure (1)"
"510-0","Digital phenotyping","41","digital pathology (78); digital epidemiology (22); multimedia (20); digital communication (10); digital data (9); digital imaging and communications in medicine (3); mobile communication (3); virtual medical record (2); electronic word of mouth (2); digital access (2); virtual companion (2); medical subject heading (2); electronic communication (2); electronic portal (2); serial communication (1)"
"511-0","Computer vision","15","content-based image retrieval (12); content-based medical image retrieval (4); biomedical image classification (3); content based image retrieval (3); taxonomy of image modalities (1); anatomically aware medical image recognition (1); fine-grained medical image recognition (1); novel medical image dataset (1); deep learning for ultrasound image (1); biological image classification (1); multi-label chest x-ray image classification (1); content based medical image retrieval (1); biomedical object segmentation (1); image data classification (1); content-based medical image processing (1)"
"511-1","Medical informatics","32","clinical natural language processing (47); biomedical named entity recognition (17); multi-label text classification (4); clinical text processing (3); medical text processing (2); biomedical text classification (2); biomedical named-entity recognition (1); multi-label biomedical text classification (1); text feature engineering (1); multi-class text classification (1); biomedical text summarization (1); biomedical text extraction (1); machine learning for information extraction (1); clinical free text processing (1); natural language processing methods to estimate redundancy of clinical text (1)"
"511-2","Multitask learning","3","multi-purpose disease prediction (1); medical image-text joint training (1); biomedical multitasking (1)"
"511-3","Metric learning","1","classification deep learning based bio-metric authentication (1)"
"511-4","Healthcare predictive modeling","1","healthcare sensor data classification (1)"
"512-0","Medical informatics","47","wearable activity trackers (10); dashboards (7); nutrition apps (5); diet apps (4); clinical dashboards (3); electronic consultations (3); consumer wearables (2); mhealth tools (2); mobile platforms (2); persuasive technologies (2); bluetooth low energy beacons (2); medical informatics apps (2); mhealth innovations (1); consumer health informatics tool (1); behavior change apps (1)"
"513-0","Study design distribution","30","sample size (97); clinical trial design (52); observational study (47); observational data (19); intervention studies (16); retrospective study (16); comparative study (16); randomized trial (15); retrospective analysis (5); trial design (4); double-blind method (3); patient design (2); randomized study (2); observational analysis (2); randomized clinical trial design (1)"
"514-0","Personalized interventions","40","online intervention (29); online therapy (9); online information seeking (5); online questionnaire (5); online assessment (4); online study (3); facebook recruitment (3); online coaching (3); online health expert question-answering services (2); online treatment (2); peer navigation (2); online testing (2); online computer tailoring (1); online medical information seeking (1); online traffic analysis (1)"
"515-0","Case-based reasoning","44","case-based reasoning (25); knowledge representation and reasoning (5); evidential reasoning (4); knowledge reasoning (3); realist synthesis (3); semantic reasoning (3); inductive reasoning (2); realist (2); counterfactual reasoning (2); logical modelling (2); generative pretrained transformers (2); causal reasoning (2); symbolic sequences (2); counterfactuals (2); inductive inference (1)"
"515-1","Bias in research","21","discrimination (21); belief rule base (4); tactical decisions (2); gain-loss framing (1); decision-framing (1); dietary decision trees (1); problem-action relation (1); dialogical learning mechanisms (1); decision context (1); dialogic loop (1); decision function (1); selective search (1); active constraint (1); necessity-concern framework (1); decision complexity (1)"
"515-2","Multimodal analytics","19","reverse attention (5); visual explanations (4); feedback, sensory (3); egocentric video (3); global reasoning (1); discourse extraction (1); attentive context (1); reverse prompting (1); dual-stream (1); egocentric (1); audio–visual (1); impulsive dynamics (1); gestalt principles (1); attention transformer (1); visuals (1)"
"515-3","rhetorical structure theory","4","argumentation (3); semantic uncertainty (1); semantic explanation (1); explanation of reasoning (1)"
"515-4","Optimization methods","10","meta-heuristic (8); catastrophic forgetting (7); mental recall (3); mental load (2); multi task (2); information-retrieval (1); self-ensemble (1); self-experiment (1); learning from observation (1); mental calculation (1)"
"515-5","causal artificial intelligence (causal ai)","12","temporal reasoning (15); temporal representation and reasoning (2); temporal relational reasoning (1); contextual representations (1); progressive decoding process (1); spatial and logical reasoning (1); suggestive development process (1); sequential movement (1); temporal context-aware (1); transitivity (1); relational coordination (1); basic time relations (1)"
"515-6","Bayesian statistics","6","evidential reasoning (4); bayes' rule (2); intuitionistic fuzzy ahp (1); conformal inference (1); semantic uncertainty (1); disambiguation (1)"
"515-7","Trustworthy AI","1","adversarial attacks and defenses (1)"
"515-8","Gamification","4","games, experimental (5); game elements (1); gameful design (1); evolutionary game (1)"
"515-9","Cross-domain generalization","9","dual-path (5); domain adaption (4); disentanglement (3); non-causal language (1); dual process (1); model, theoretical (1); conceptual ambiguity (1); alternative math presentation (1); the toulmin’s model of argumentation (1)"
"516-0","Sequence alignment","43","sequence analysis (130); oligonucleotide array sequence analysis (129); dna sequencing (81); protein analysis (22); dna mutational analysis (21); genome analysis (9); restriction mapping (7); dna footprinting (4); sequence mining (3); sequence information (3); genotyping and haplotyping (3); dna sequence classification (3); sequence labeling (2); rna sequence analysis (2); sequence type (1)"
"517-0","data representations","35","heatmaps (5); heat map (3); heat maps (3); funnel plot (2); dendrogram (2); poincaré plots (2); radar plots (1); venn diagrams (1); grey-level co-occurrence matrix (1); circos plots (1); geostatistical model (1); multidimensional transcriptomic representation (1); pca biplots (1); quantile-quantile plots (1); volcano plots (1)"
"518-0","Medical informatics","55","mobile phone (1701); mobile apps (451); mobile phones (78); mobile phone app (28); personal medical digital assistant (2); digital messaging (2); personal computers (2); mobile texting (2); short message service text messaging (2); social networking technology (1); mobile application rating scale user version (1); secure electronic messaging (1); mobile device app (1); android driving app (1); ehealth smartphone apps (1)"
"519-0","Implementation science","50","feasibility studies (144); follow-up studies (39); validation study (26); validation studies (22); pilot studies (11); multicenter study (8); systematic mapping study (4); multi-center (3); multicenter validation (2); large-scale pilots (1); local validation (1); acceptability studies (1); consortium studies (1); single-subject studies (1); prospective validation (1)"
"520-0","Virtual agents","57","virtual reality (313); brain-computer interfaces (17); user–computer interface (9); immersive virtual reality (7); virtual systems (5); virtual environment (4); human-machine interface (4); virtual personal assistant (3); human-computer interface (2); web-based dashboard (2); 3d virtual reality (2); human computer interface (2); interactive dashboard (2); brain machine interface (2); interactive environment (2)"
"521-0","Elastography techniques","8","ultrasound elastography (5); elastography (4); magnetic resonance elastography (2); shear wave elastography (2); shear wave absolute vibro-elastography (1); mri elastography (1); real-time tissue elastography (1); global ultrasound elastography (1)"
"521-1","Thermography methods","5","thermography (15); infrared (ir) thermography (1); infrared thermography (1); dynamic thermography (1); breast thermography (1)"
"521-2","Endoscopic imaging","7","chromoendoscopy (2); high-speed videolaryngoscopy (1); endosonography (1); microendoscopy (1); chromoscopy (1); endososcopy (1); wireless endoscopy (1)"
"521-3","Optical coherence tomography","5","multi-wavelength photoplethysmography (1); imaging photoplet-hysmography (1); remote photoplet- hysmography (1); photoacoustic computed tomography (1); diffuse optical tomography (1)"
"521-4","X-ray imaging","10","micro-ct (9); x-ray microtomography (5); magnetic resonance elastography (2); mri elastography (1); magnetic resonance velocimetry (1); abdominal radiography (1); mr-thermometry (1); computed tomography radiomics (1); time-resolved angiography (1); radioisotope renography (1)"
"521-5","SHG microscopy","2","second harmonic generation microscopy (2); third harmonic generation microscopy (1)"
"521-6","Acoustic signal processing","1","phonocard- iography (1)"
"522-0","Implementation science","63","lifestyle modification (51); motivational interviewing (33); behavior change techniques (33); symptom management (13); behavior change technique (12); smoking prevention (11); tobacco use cessation (11); persuasive communication (11); relapse prevention (8); lifestyle management (5); lifestyle change (5); communication strategies (4); behavioral change techniques (4); coping strategies (4); computer-tailored health communication (3)"
"523-0","Medical informatics","70","clinical decision support (523); decision support (166); decision aids (41); decision aid (40); patient decision aid (24); clinical decision support tool (10); decision support tools (9); patient decision aids (9); computerized decision support (8); computer-interpretable clinical guidelines (7); decision-support (7); clinical decision support tools (5); computerized clinical decision support (4); computer-based decision support (4); computer decision support (4)"
"524-0","Sedentary behavior","40","sedentary behavior (68); diet records (16); nutrition assessment (11); food frequency questionnaire (6); mobile food record (3); food diary (3); weighed food record (3); dietary records (3); medical questionnaires (3); dietary intake assessment (2); sedentary behaviors (2); physical activity questionnaire (1); respiratory health assessment (1); health care examination (1); weighed food records (1)"
"525-0","Evaluation frameworks","46","evaluation (296); evaluation studies (36); evaluation study (16); assessment tool (9); evaluation methods (6); evaluation methodology (6); measurement instrument (4); evaluation metric (4); effect evaluation (3); evaluation method (2); evaluation tool (2); evaluations (2); evaluation model (2); measurement tool (2); measurement guidance (2)"
"526-0","Neural networks","15","convolutional neural network (cnn) (64); convolutional neural networks (cnn) (16); deep convolutional neural network (dcnn) (3); convolution neural network (cnn) (2); convolutional neural network(cnn) (2); tumors convolutional neural network (cnn) (1); convolution neural networks (cnn) (1); convolutional network (cnn) (1); convolution neural networks(cnn) (1); cnn (convolutional-network) (1); fully convolutional network (fcn) (1); convolutional neural network (cnn), bidirectional long short term memory (blstm) (1); multi branch convolutional neural network (mb-cnn) (1); deep convolutional neural network (cnn) (1); d cnn and max pooling (1)"
"526-1","Neural networks","5","recurrent neural network (rnn) (7); recurrent neural networks (rnn) (3); long short-term memory network (lstm) (1); bi-direction long short-term memory (bi-lstm) (1); convolutional recurrent neural network (crnn) (1)"
"526-2","Graph representation learning","5","graph neural network (gnn) (7); graph convolutional network (gcn) (2); graph convolutional neural network (gcnn) (1); graph recurrent neural network (graphrnn) (1)"
"526-3","Neural networks","21","artificial neural network (ann) (12); artificial neural networks (ann) (3); deep neural network (dnn) (2); radial basis function (rbf) (2); multilayer perceptron (mlp) (2); pattern recognition neural network (prnn) (1); fuzzy wavelet neural network (fwnn) (1); reinforced learning classifier (rlc) (1); generalized regression neural network (grnn) (1); fuzzy petri net (fpn) (1); deep belief network (dbn) (1); radial basis functions (rbf) (1); neural network (nn) (1); probabilistic neural network (pnn) classification (1); deep neural networks (dnn) (1)"
"526-4","Multiple kernel learning","6","support vector machine (svm) (47); support vector machines (svm) (4); latent structured support vector machine (lssvm) (1); quantum support vector machine (qsvm) (1); lagrangian support vector machine (lsvm) (1); multiclass support vector machine (svm) (1)"
"526-5","Generative modeling","2","generative adversarial network (gan) (14); ensemble learning model (elm) (1)"
"526-6","Deep feature fusion","1","binocular features fusion network (bffn) (1)"
"526-7","Modeling approaches","2","fuzzy wavelet neural network (fwnn) (1); fuzzy petri net (fpn) (1)"
"526-8","Neural networks","1","hierarchical spiking neural networks (hsnn) (1)"
"526-9","Modeling approaches","2","reinforced learning classifier (rlc) (1); state space model (ssm) (1)"
"527-0","Educational methodologies","8","analogical reasoning (2); activity theory (2); gestalt theory (2); information foraging theory (2); experimental learning theory (1); kolb's learning theory (1); allocentric lock hypothesis (1); kolb learning theory (1)"
"527-1","explaining classifier’s predictions","5","counterfactual explanations (5); counterfactual relationships (1); counterfactual inference (1); counterfactual explanation (1); gradient-based explanations (1)"
"527-2","Information theory","12","information theory (31); classical test theory (4); probability theory (2); classic test theory (1); law of entropy (1); grey prediction theory (1); persistent spectral theory (1); dempster–shafer theory of evidence (1); conformal predictions (1); logical probability theory (1); bayesian decision theory (1); fisher vector theory (1)"
"527-3","Graph representation learning","10","graph theory (26); systems theory (10); network theory (6); systems thinking (3); systems-thinking (2); complex systems thinking (2); complex network theory (1); fuzzy theory (1); fuzzy-trace theory (1); graph-theory (1)"
"527-4","Evaluation frameworks","12","game theory (15); normalisation process theory (3); optimal control theory (2); landscape theory (1); network neutrality (1); optimal transport theory (1); optimal foraging theory (1); cooperative game theory (1); principal-agent theory (1); conservation of resource theory (1); social diversification hypothesis (1); uncertainty reduction theory (1)"
"527-5","Multidisciplinary methods","11","chaos theory (3); rough set theory (3); copula theory (1); hybrid theory (1); symbolic computation (1); evolutionary theory (1); argument theory (1); rough path theory (1); fractal theory (1); relaxation theory (1); biphasic mixture theory (1)"
"527-6","distributional semantics","1","distributional semantics (13)"
"528-0","Computational biology","27","gene expression omnibus (3); pathway databases (3); pathway database (2); drug databases (2); biomodel database (1); rnmpid database (1); clinical variant databases (1); biomolecular databases (1); pisite database (1); drugbank database (1); pharmacogenomic databases (1); public biological databases (1); wormbase datasets (1); computational protein databank (1); pubchem data retrieval (1)"
"528-1","Research reporting","13","pubmed (153); periodicals as topic (35); scientific publishing (7); crossref update (2); digital publishing (2); data publishing (2); pubmed abstracts (1); pubmed/medline (1); semantic medline database (1); academic publication (1); research publications (1); europe pmc abstracts (1); medline citations (1)"
"528-2","Knowledge bases","11","relational database (5); knowledgebase (4); database integration (3); knowledge repository (1); public expression (1); source-to-database (1); databank (1); public dataset (1); public library (1); local reference database (1); compms community of special interest (1)"
"528-3","Text analytics","2","chinese microblogs (1); weblogs (1)"
"529-0","Censored survival analysis","23","cox proportional hazards model (10); cox model (6); cox proportional hazards (6); survival model (5); cox proportional hazard (4); proportional hazards model (3); cox regression model (3); cox proportional hazard model (2); nonparametric model (2); time-dependent modeling (1); statistical frailty model (1); accelerated failure time model (1); penalised cox model (1); coxph model (1); parametric survival model (1)"
"529-1","Competing risks models","3","competing risk model (1); competing risks model (1); fine-gray competing risks model (1)"
"529-2","Modeling approaches","8","negative binomial mixed effects model (1); negative binomial mixture model (1); hierarchical negative-binomial model (1); negative binomial regression model (1); a zero-inflated negative binomial model (1); beta-binomial statistical model (1); rank-based negative binomial model (1); poisson mixed-effects model (1)"
"529-3","Modeling approaches","6","mixed model (2); random-effects model (1); random regression model (1); compressed variance component mixed logistic model (1); random effect model (1); random effects model (1)"
"529-4","Healthcare predictive modeling","8","logistic regression model (6); linear model (3); logistic model (2); linear regression model (2); multivariate time-series (2); multivariable prognosis model (1); multivariate model (1); log-linear models (1)"
"529-5","QSAR modeling","1","dose–response models (1)"
"529-6","Modeling approaches","2","partial proportional odds model (1); logistic growth model (1)"
"530-0","Participatory research","36","design science research (9); ethics, research (7); collaborative research (7); community engaged research (5); underrepresented in biomedical research (5); decentralized research (3); inclusion in research (2); large-scale research (2); clinician-engaged research (2); participant-centered research (2); solution-oriented research (1); collaboration in research (1); transdisciplinary science (1); representation in research (1); user participation in research (1)"
"531-0","Medical informatics","59","data accuracy (97); data display (57); data heterogeneity (8); data utility (6); secondary data use (6); temporal data prediction (3); data linking (3); data element mapping (2); heterogeneous data fusion (2); medical records systems computerized (2); data characteristics (2); data matching (2); clinical data warehousing (2); resource usage profiling (1); medical time series classification (1)"
"532-0","Neural networks","29","neural networks, computer (778); pattern recognition, automated (177); feature engineering (33); ai tools (4); hybrid learning (4); unsupervised domain adaption (2); machine learning: modelling (1); massive parallel prediction (1); deep learning, process (1); gpt-powered informatics (1); chatgpt augmented software engineering (1); enhanced recognition framework (1); ai framework (1); machine learning 2 (1); artificial intelligence generation (1)"
"532-1","Ubiquitous computing","19","mobile sensing (20); ambient intelligence (15); multimodal sensing (4); efficientnet-b3 (2); embedded system (2); distributed sensing (1); smart objects (1); real-time inference (1); intelligent iot (1); analytics integration (1); context-aware sensors (1); context aware computing (1); in-sensor computing (1); context-aware system (1); intelligent behavior sensing (1)"
"532-2","Virtual agents","10","computer agent (2); autonomous navigation (2); intelligent assistant (2); intelligent space (1); intelligent classification (1); interactive mining (1); robot scientist (1); intelligent supervision (1); interactive management (1); interactive robot (1)"
"532-3","Distributed algorithms","5","swarm intelligence (19); swarm learning (3); clustered federated learning (1); collaborative algorithms (1); opportunistic computing (1)"
"532-4","Logic programming","14","logic programming (4); automated reasoning (3); human memory algorithm (1); petri net framework (1); computer aided approach (1); decision path mining (1); computationally expensive simulator (1); computer reasoning (1); knowledge-embedded neural networks for microbiome (1); logic-gated (1); interactive mining (1); object-oriented modelling (1); interactive management (1); inference engine (1)"
"532-5","Optimization methods","5","in silico trial (2); genomic security (2); bio-constrained codes (1); intelligent biomanufacturing (1); genetic algorithm application (1)"
"532-6","Computer security","1","intrusion detection mechanism (1)"
"532-7","Systems integration","4","control systems engineering (1); integration engineering (1); platform-based innovation (1); analytics integration (1)"
"532-8","Modular predictive framework","15","smart scales (3); transformer-architecture (2); scalable framework for st (1); versatile model (1); tcm-navigator (1); smart plate (1); miniature antenna (1); massive parallel prediction (1); umi-aware simulation (1); 4d technologies (1); smart designs (1); multi-layer omics (1); agile methods (1); platform-based innovation (1); neuromorphic encoding (1)"
"533-0","Computer vision","14","depth camera (6); monocular camera capturing (2); 3d mobile visualisation (2); 3d camera (1); stereoscopic cameras system (1); integral videography (1); microsoft kinect camera (1); 3d hand cursor (1); 3d interactive visualization (1); stereoscopic displays (1); depth camera system (1); naked eye 3d display (1); 3d depth camera (1); depth-camera (1)"
"533-1","Head-mounted displays","11","head-mounted display (8); head-mounted displays (2); two-dimensional visualization (1); head mounted displays (1); integrated display (1); head-up display (1); graphic display (1); head-worn display (1); optical see-through head-mounted display (1); visual display (1); smart display (1)"
"533-2","Computer vision","22","video recording (36); videotape recording (10); video conferencing (5); video quality (3); streaming videos (2); video animations (2); high frame rate (1); mirror visual feedback (1); adaptive video streaming (1); interactive video (1); live video conferencing (1); video streaming data (1); audio-video recordings (1); videorecording (1); interactive video drama (1)"
"533-3","Modeling approaches","4","animation video (3); computer animation (2); animated visualization (1); digital animation (1)"
"533-4","Computer vision","11","visual communication (6); visual explanation (2); visual feedback (1); screenshot (1); electronic whiteboard (1); online visual tool (1); mobile keyboard (1); live interactive (1); visualization dashboard (1); interactive charts (1); interactive map (1)"
"533-5","Data annotation","2","digital pain drawing (2); dicom visualisation (1)"
"534-0","Data analysis methods","8","graphs (4); signed graph (3); graph measures (1); discontinuous graph (1); graph data (1); graph mean (1); graph total variation (1); adjacent graph (1)"
"534-1","data representations","13","dot plots (2); ellipses (2); scattergram (1); histogram of gradients (1); 2d histogram (1); point density (1); color histogram (1); band-height image (1); bubble plot (1); colored contour plots (1); sinograms (1); 3d inlet velocity profile (1); intensity profile (1)"
"534-2","Radiomic feature extraction","11","cultures (1); dna shape profiles (1); vital signs from video (1); ccds (1); d density maps (1); high-throughput plate reader data (96- and 384-well (1); hemoglobin level from image and video (1); dishes (1); droplets (1); cell trajectories (1); patient snapshots (1)"
"534-3","Motif discovery","6","molecular fingerprints (4); n of 1 (1); d 1h-nmr (1); topmed reference panel (1); gamma ratio (1); z-spectra (1)"
"534-4","Open access policies","20","open data (25); dynamic panel data (7); survival curve (2); unpaired data (2); panel data (2); three-way data (1); trace log data (1); time–intensity curve (1); partial fusion data (1); fair data point (1); panel data analysis (1); partially labeled data (1); spline curves (1); time intensity curve (1); linear calibration curve (1)"
"534-5","Neural networks","8","black-box (3); figure captions (1); green software (1); particle tracing (1); black boxes (1); bar codes (1); captvred (1); d colony geometries for cfd (1)"
"535-0","Medical informatics","42","artificial intelligence (ai) (51); brain-computer interface (bci) (33); brain–computer interface (bci) (18); internet of things (iot) (15); brain computer interface (bci) (8); health information technology (hit) (7); virtual reality (vr) (4); augmented reality (ar) (4); information and communication technology (ict) (3); internet-of-things (iot) (2); wireless body area networks (wban) (2); functional electrical stimulation (fes) (2); wireless body area networks (wbans) (2); brain–computer interfaces (bci) (2); tissue-engineered heart valves (tehvs) (1)"
"536-0","Data preprocessing","17","preprocessing (30); data preprocessing (27); image preprocessing (5); preprocessing pipeline (4); signal preprocessing (3); preprocessing module (1); sequencing data preprocessing (1); gen32 preprocessing (1); extraction pipeline (1); preprocessing ensemble (1); feature preprocessing (1); neuroimaging retrieval (1); pre-processing of artifacts (1); basecalling preprocessing (1); mri preprocessing (1)"
"537-0","Implementation science","21","interventions (49); intervention study (20); intervention mapping (9); intervention usage (3); intervention model (2); intervention measures (1); intervention mode (1); intervention requirements (1); intervention timing (1); intervention reporting (1); eligibility criteria classification (1); ghi intervention (1); intervention information detection (1); intervention quality (1); intervention personalization (1)"
"538-0","Sleep study methodology","24","sleep staging (33); sleep stage classification (21); sleep stage scoring (3); sleep apnea detection (3); sleep study (2); sleep classification (2); sleep eeg (2); sleep stage detection (2); sleep scoring (2); sleep-wake classification (1); sleep apnea and hypopnea syndrome diagnosis (1); sleep posture recognition (1); sleep-stage scoring (1); sleep/wake identification (1); sleep apnea severity (1)"
"538-1","Health measurement instruments","8","mds-updrs (4); abnormal behavior detection (3); walking assessment (1); bpsds (1); bpsd (1); central sensitization inventory (1); behavioral marker (1); gait abnormality detection (1)"
"538-2","Acoustic signal processing","3","dysphonia assessment (1); voice features (1); hypernasality detection (1)"
"538-3","Emotional state detection","2","stress measurement (1); heart rate variability metrics (1)"
"538-4","Medical informatics","6","menstrual tracking (1); mets-vf (1); symptom tracker (1); symptoms-matching (1); covid-19 symptom tracking (1); meal-related features (1)"
"539-0","Computational workflow management","5","petri nets (7); petri net (2); associative petri net (1); coloured petri nets (1); petri-net (1)"
"539-1","Purification techniques","12","disinfection (4); soap (4); sterile (1); safeguard (1); proper dilution rate (1); quality seals (1); sanitization (1); sterilization (1); disinfect (1); wash complex (1); six-step hand hygiene technique (1); sterile processing (1)"
"539-2","Health measurement instruments","13","dry electrode (2); beaker (1); bevel-tipped (1); dry electrodes (1); autoinjector (1); collapsible tubes (1); impeller pump (1); perfusion system (1); micromanipulation (1); teflon (1); six-well culture plate (1); micropipette aspiration (1); oocyte pick-up (1)"
"539-3","Additive manufacturing","5","3d printing plate (1); 3d matting (1); slicing (1); developable surface (1); wax-up (1)"
"539-4","Ensemble learning","22","blogging (18); bagging (11); filter banks (4); particle filter (4); microinteractions (1); blending technique (1); fixmatch (1); gradient blending (1); end to end (1); blending method (1); rotating flow (1); hybrid mm filter (1); ruby on rails (1); particle picking (1); flattening filter (1)"
"539-5","Transition path theory","7","tipping point (3); hard exudate (2); hot temperature (2); azure stains (1); wait times (1); vortex viscosity (1); bubbleheatmap (1)"
"539-6","Multidisciplinary methods","3","soft robotic glove (1); pcl-5 (1); antismash (1)"
"539-7","Study design distribution","3","rubber stamp template (1); interior design and furnishings (1); sit-to-stand desks (1)"
"539-8","dental techniques","3","braces (1); strait razor (1); wax-up (1)"
"539-9","Steganography and cryptography","7","air-puff (2); assembly polishing (1); air puff (1); dropblock (1); hardened obfuscation (1); capstone (1); apples (1)"
"540-0","Data analysis methods","28","automated analysis (5); automatic image analysis (4); visual analysis (3); automatic video analysis (3); semi-automated analysis (2); automated image analysis (2); automatic analysis (1); automated cnv analysis (1); automated scoring (1); computer-assisted software (1); automatic quality analysis (1); fully automatic surviving fraction evaluation (1); automated text analysis (1); automatic cell counting (1); semi-automatic analysis (1)"
"542-0","Illness severity index","45","scoring function (14); scoring power (3); clinical score (3); severity grade (2); clinical scores (2); functional class scoring (2); scoring tool (2); score function (2); rating tool (2); severity grading (2); comorbidity scoring (1); severity assessment (1); plddt score (1); lus score (1); salvati-wilson’s score (1)"
"543-0","Clinical research methods","71","medical ethics (92); research ethics (63); hipaa (17); deidentification (15); ethical considerations (10); irb (10); ethic (6); publication ethics (6); general data protection regulation (6); human subjects research (4); medical law (4); ethics committees, research (4); institutional review boards (4); authorization (3); biomedical ethics (3)"
"544-0","Statistical dependence measures","23","long-range dependencies (4); multi-type interactions (3); transitive interactions (2); high order statistics (2); higher-order interdependencies (1); long range cross-correlation (1); cross-domain transformation (1); non-proximal interdependencies (1); higher-order composite effects (1); correlation induced clustering (1); long-rang dependencies (1); multi-dimensional interactions (1); higher-order moments (1); higher-order structure (1); indirect interactions (1)"
"544-1","Modeling approaches","24","kinetics (65); spatiotemporal dynamics (3); dynamic behavior (2); fluid‒structure coupling (1); multiple degradation (1); dynamic cell clustering (1); dynamic transitions (1); data-dependent transition system (1); hierarchical mechanism (1); dynamic ensemble (1); dynamic interaction processes (1); active sensing (1); molecular fluctuations (1); non-two-state (1); two-scale decomposition (1)"
"544-2","Social dynamics analysis","16","cooperative behavior (75); preferential pairing factor (2); specific surface (1); cooperative agreement (1); selective inhibition (1); amyloid-like aggregation prevention (1); cdk6 inhibitors and synergistic partners (1); integrated modulation of protein interaction states (1); cooperative extension (1); biophysical energy function (1); promiscuity (1); functional selectivity (1); cooperative effect (1); context-dependent ppins (1); cooperation mechanism (1)"
"544-3","Information theory","7","entropy generation (2); thermodynamically feasible models (1); thermo-sensitive liposomes (1); biophysical energy function (1); entropy-driven constraints (1); spontaneous processes (1); energy-constrained systems (1)"
"544-4","Protein structure determination","12","structure from motion (2); molecular graph spatial structure (1); specific surface (1); curvature-driven dynamics (1); 3-dimensional interaction surface (1); global complementarity (1); higher order structure (1); topological characteristics (1); structural pathways (1); coordinate-free (1); compositionality (1); global structure (1)"
"544-5","data representations","3","local ternary patterns (2); modified uniform local ternary patterns (1); local ternary pattern (1)"
"544-6","Computational biology","4","inverse rna folding (1); sequence-dependent properties (1); transcriptional readouts (1); tail-length dynamics (1)"
"544-7","Multiscale modeling","7","stacking model (2); multi-scale decomposition (1); multi-phase interconversion (1); multi-source heterogeneity (1); multi-scale aggregation (1); multi-material decomposition (1); multiscale aggregation (1)"
"544-8","Graph representation learning","2","alternative presentation of math structural information (1); a confined compound search space (1)"
"544-9","Sensor-based instrumentation","1","active sensing (1)"
"545-0","Dimensionality reduction","5","independent component analysis (ica) (7); independent-component analysis (ica) (2); blind source separation (bss) (2); deflation independent component analysis (ica) (1); thin independent component analysis (thin ica) (1)"
"545-1","Network-based inference","7","mutual information (mi) (3); functional connectivity (fc) (3); normalized cross correlation (ncc) (1); correlation-dependent connectivity map (cdcm) (1); ordinary coherence (oc) (1); normalized phase transfer entropy (dpte) (1); normalized mutual information (nmi) (1)"
"545-2","Time-series analysis","7","detrended fluctuation analysis (dfa) (2); median frequency (mf) (1); intrinsic mode function (imf) (1); fractal analysis (fa) (1); multifractal detrended fluctuation analysis (mfdfa (1); mel-frequency cepstral coefficients (mfccs) (1); phase-rectified signal average (prsa) (1)"
"545-3","Acoustic signal processing","8","motion and noise artifacts (mnas) (1); gated recurrent units (grus) (1); generalized glottis motion function (ggmf) (1); adaptive transfer function (atf) (1); gated recurrent units with decay (gru-d) (1); temporal belief filter (tbf) (1); voice activity detection (vad) (1); audio spectral envelope (ase) (1)"
"545-4","Radiomic feature extraction","3","histogram and gray level co-occurrence matrix (glcm) (1); gray level co-occurrence matrix (glcm) (1); gray-level co-occurrence matrix (glcm) (1)"
"545-5","CNN-based instance segmentation","2","residual atrous spatial pyramid pooling (raspp) (1); offline dynamic class activation mapping (ofld cam) (1)"
"545-6","Health measurement instruments","6","received signal strength (rss) (3); power spectral density (psd) (3); signal quality index (sqi) (1); bit error rate (ber) (1); snri (snr improvement) (1); band power (bp) (1)"
"545-7","Optimization methods","2","diagonal loading (dl) csp (dlcsp) (1); sparse common space pattern (scsp) (1)"
"545-8","Biomedical signal processing","3","intravoxel incoherent motion (ivim) (1); difference visibility graph (dvg) (1); vectorcardiogram (vcg) (1)"
"545-9","Evaluation frameworks","3","mean absolute percentage error (mape) (1); information gain (ig) (1); categorical cross entropy (cce) (1)"
"545-10","Sample entropy","2","sample-perturbed network entropy (spne) (1); network flow entropy (nfe) (1)"
"545-11","Feature extraction","3","signal magnitude vector (smv) (1); signal magnitude area (sma) (1); scaled circularity index (sci) (1)"
"546-0","Medical informatics","47","medical internet of things (5); clinical trials (as topic) (4); medical reasoning (2); evidence-based medicine (ebm) (2); clinical trials (cancer treatment) (2); decision making [mesh] (2); dermatologist perspectives (1); ovulation detection/methods (1); mobile applications [mesh] (1); biometrics (access control) (1); ppi-based evidence integration (1); methodical, review, clinical text (1); icd 10 (1); medical term (1); case management [mesh] (1)"
"547-0","Modeling approaches","10","foundation model (25); personalisation (6); patient centric (4); personalized model (2); personalized prediction (1); clinical large language model (1); personalized monitoring (1); personalized ai (1); personalized inference (1); clinical foundation model (1)"
"547-1","Participatory research","15","participatory surveillance (7); adaptive design (4); critical decision method (2); cognitive design (2); solution strategies (1); road to health application (1); decision mining (1); dynamic management (1); emerging variants (1); child diet (1); epidemic management (1); tailoring methods (1); rational synthesis (1); edge awareness (1); decision efficacy (1)"
"547-2","Diverse methods","14","mixed method (9); transversions (1); multi-scale registration (1); multi modal (1); spatiotemporal framework (1); mixed data (1); disaggregation (1); developmental landscape (1); minimum dataset (1); brain pattern (1); generalized relationship (1); longitudinal prediction (1); imperfect dataset (1); spatiotemporal context (1)"
"547-3","Cross-domain generalization","14","real world (8); real-world (7); realist review (6); generalization ability (3); generalisation (3); unbalanced classification (2); uncertainty management (2); rigor (2); temporal validation (1); estimands (1); classifying patients (1); real-world classification (1); bilingual evaluation (1); predic- tion methods (1)"
"547-4","Ethics and culture","5","national culture (2); normative modelling (1); ethical concerns in ai (1); elsi (ethical (1); inequitable design (1)"
"547-5","explaining classifier’s predictions","7","macro perspective (1); integrative taxonomy (1); gateway hypothesis (1); hierarchical taxonomy (1); semantic guidance (1); contextualisation (1); global explanation (1)"
"547-6","Systematic mapping","9","multilevel alignment (1); multinational perspectives (1); multiagent simulation (1); multilevel network (1); review of systems (1); systems mapping (1); systematic mapping (1); surveillance technology (1); multisite (1)"
"547-7","Systems integration","6","processing (4); inventory management (3); resilience engineering (3); sustainable model (1); success model (1); vulnerability assessment (1)"
"547-8","Optimization methods","18","optimisation (8); meta-path (8); standardisation (3); surrogate modelling (2); ensemble strategy (2); topsis method (1); novel methods (1); universal algorithm (1); knee biomarkers (1); novel framework (1); path search (1); structural guidance (1); incremental modelling (1); incremental classification (1); meta-learners (1)"
"548-0","Integrative review","51","digital intervention (118); electronic prescribing (107); digital interventions (71); digital education (12); digital health tools (11); digital health tool (9); digital health education (6); smartphone addiction (6); computer games (5); digital cognitive assessment (5); digital mobility outcomes (4); digital addiction (3); digital wellness (3); digital games (2); digital intervention platform (2)"
"549-0","Information theory","29","mutual information (29); shannon entropy (8); rényi entropy (4); information entropy (3); pointwise mutual information (2); renyi entropy (2); maximum entropy (2); conditional mutual information (2); multiscale transfer spectral entropy (2); shannon’s entropy (2); maximum mutual information criterion (1); fuzzy mutual information (1); conditional entropy (1); time-delayed mutual information (1); cross-entropy (1)"
"549-1","Social dynamics analysis","8","betweenness centrality (4); mutual nearest neighbor (2); eigenvector centrality (1); exponential geodesic distance (1); graph entropy (1); connection coefficient (1); network structural entropy (1); clustering coefficient (1)"
"549-2","Wavelet transforms","6","fractal dimension (11); dice coefficient (3); fractal dimensions (2); dominant multiscale kurtosis (1); 3d fractal dimension (1); higuchi fractal dimension (1)"
"550-0","Participatory research","57","participatory design (51); user-centred design (22); human centered design (11); persuasive design (11); delphi method (8); person-based approach (6); patient-centered design (5); model-based design (4); action design research (4); instructional design (3); usability design (2); goal-directed design (2); human-centred design (2); real-world method (1); stakeholder-centered design (1)"
"551-0","Social dynamics analysis","26","social media (1355); twitter (293); twitter messaging (15); amazon mechanical turk (12); social network sites (5); social media platforms (4); online social media (4); social network site (3); social media platform (2); health care social media (2); twitter/x (2); social media networks (1); mhealth social media (1); visual social networks (1); social web (1)"
"551-1","Study design distribution","11","blogs (4); internet homepage (1); trustworthy webpages (1); free reports on social media (1); internet media (1); internet new media (1); web news coverage (1); public search interest (1); broadcast news media (1); pervasive media (1); authoritative media (1)"
"551-2","Text analytics","13","google trends (47); googlenet (5); google assistant (3); google analytics (2); google ads (2); google play (2); google cloud (2); google network (1); google palm (1); video search engine (1); google advertisements (1); internet search engine (1); google drive (1)"
"551-3","Bibliometric analysis","2","scholarly publishing (8); marketscan (2)"
"551-4","Gamification","1","serious video games (2)"
"552-0","rhetorical structure theory","24","co-design (54); writing (9); collaborative writing applications (4); collaborative tagging (2); scientific writing (2); collaboration graphs (1); writer (1); author contribution in scientific article (1); writing kinetics (1); writing tool (1); grant writing workshop (1); finaletoolkit (1); decision execution (1); authorships (1); role of publications (1)"
"552-1","Data curation","20","data curation (198); data interpretation, statistical (149); statistical process control (5); data generation (4); data-driven biosynthesis design (1); critical data studies (1); data interpretation statistical (1); and visualization (1); data recording work (1); data analysis study (1); analysis tools (1); data administration (1); jmir publication analysis (1); ehg analysis (1); acquisition (1)"
"552-2","Supervised learning","11","deep supervision (14); supervised (5); oversight (2); edge supervision (2); supervised analysis (2); extra supervision (1); deep supervision net (1); structure supervision (1); auxiliary supervision (1); supervised data augmentation (1); expert supervision (1)"
"552-3","Data validation","6","formal verification (3); inception v3 (3); idea-ctr (2); structured and codified sig (1); software analysis and design (1); design and development, trl (1)"
"552-4","Study design distribution","2","experiments (3); llm-generated clinical trial designs (1)"
"552-5","Implementation science","3","project echo (3); project title (1); work-as-done (1)"
"553-0","Graph representation learning","34","graph convolutional network (105); graph convolution network (20); hypergraph convolutional network (5); relational graph convolutional network (4); heterogeneous graph convolutional network (3); directed graph convolutional network (3); explainable graph neural network (1); geometric graph neural network (1); regional graph convolutional network (1); multiple instance convolutional neural network (1); dual-branch graph neural network (1); feature aggregation graph convolutional network (1); weighted graph convolutional network (1); hierarchical abstraction network (1); anatomy-relation reasoning graph convolutional network (1)"
"553-1","Generative modeling","18","generative adversarial network (80); conditional generative adversarial network (5); adversarial network (4); adversarial generative network (2); coarse-to-fine adversarial network (1); real enhanced super resolution generative adversarial network (1); conditional adversarial network (1); wasserstein generative adversarial network (1); progressive wasserstein generative adversarial network (1); quantum generative adversarial network (1); hierarchical generative adversarial network (1); unpaired generative adversarial network (1); topology-guided generative adversarial network (1); two-stage generative adversarial network (1); region-of-interest-attentive generative adversarial network (1)"
"553-2","Neural networks","13","temporal convolutional network (10); temporal convolution network (2); siamese convolutional neural network (1); dense convolution network (1); dilated causal convolutional network (1); 1d-convolutional neural network (1); pesudo-3d residual convolution neural network (1); full convolutional network (1); convolutional hybrid fusion network (1); convolutional neutral network (1); tempo- ral convolutional network (1); dilated convolutional residual network (1); residual temporal convolutional network (1)"
"553-3","Neural networks","17","deep belief network (6); deep network (6); deep residual network (5); deep unfolding network (3); multi-scale deep learning network (1); auto-context neural network (1); sparse autoencoder network (1); feature encoding network (1); deephit neural network (1); deep ensemble feature network (1); deep hierarchical network (1); autoencoder network (1); deep narx neural network (1); multimodal deep polynomial network (1); parallel decoding network (1)"
"553-4","Neural networks","10","multi-scale fusion network (1); self-attention based deep network (1); 3d-cell association learning network (1); multi-input fcn (1); trilogy of skip-connection deep networks (1); transformer-based neural network (1); optimization version of an artificial immune network (1); deep laplacian pyramid network (1); multi-level noise-aware network (1); multi-layer network (1)"
"553-5","Neural networks","14","physics-informed neural network (4); knowledge-embedded message-passing neural network (1); saliency multiscale dense fusion network (1); learning specific topology of individual network (1); hybrid temporal–spectral network (1); denoising diffusion neural network (1); multi-modal graph neural network (1); adaptive neuro fuzzy inference network (1); domain-adversarial neural network (1); monotonic deep learning network (1); subject-invariant neural network (1); hierarchical fuzzy colored petri-net (1); lightweight deep learning network (1); x-crisp neural network (1)"
"553-6","Neural networks","4","deep q network (2); parallel fusion network (1); deep q-network (1); adaptive security deep q-learning network (1)"
"554-0","Gold standard","5","ground truth (7); annotation accuracy (1); gold standard annotation (1); ground-truth validation (1); experimental ground truth (1)"
"554-1","Predictive accuracy","23","classification accuracy (7); prediction accuracy (6); predictive performance (5); predictive accuracy (5); predictive power (2); generalization performance (2); prediction ability (1); accuracy evaluation (1); classification error (1); agreement between human and computer (1); statistical performance (1); predictive potential (1); detection accuracy (1); video prediction models (1); downstream predictive performance (1)"
"554-2","Data validation","14","model validation (10); model performance (7); visual inspection (2); prediction validation (1); comparison of performance (1); ensemble ranking (1); predicting performance (1); machine-learning experiment (1); classification model validation (1); task-level overfitting (1); comparative performance information (1); performance modeling (1); performance estimation (1)"
"554-3","Evaluation frameworks","9","clustering performance (1); clustering stability validation (1); coverage uniformity (1); segmentation tests (1); clustering validation (1); mapping performance (1); similarity assessment (1); response characterization (1); similarity metrics evaluation (1)"
"554-4","Evaluation frameworks","6","biomass objective function (1); contact force prediction (1); screening efficiency (1); docking performance improvement (1); seizure detection performance (1); gamma passing rate prediction (1)"
"554-5","Optimization methods","10","improved a* algorithm (1); imputation performance (1); kernel risk-sensitive mean p-power error (1); data model improvements (1); discriminative feature ranking (1); convergence speed (1); performance algorithm (1); hashing performance (1); sensitivity and runtime performance (1); algorithm comparison (1)"
"555-0","Optical coherence tomography","22","narrow-band imaging (3); narrow band imaging (3); photorefraction (3); dual-wavelength (1); optical clearing (1); laser scanning (1); optical diffraction tomography (1); super-depth-of-field (1); diffuse optics (1); specular reflection detection (1); magnifying narrow-band imaging (1); speckle suppression (1); defocused speckle imaging (1); defocusing microscopy (1); spectral domain optical coherence (1)"
"555-1","Optical coherence tomography","6","hologram (3); speckle tracking (2); fourier ptychography (1); holographic images (1); digital holography (1); digital holographic imaging (1)"
"555-2","Time-domain spectroscopy","10","microwave imaging (2); terahertz technology (1); terahertz radiation (1); phonon microscopy (1); medical application of thz-band (1); thz tomography (1); terms-mm-wave/thz spectrum (1); tetrahertz (thz) imaging (1); terahertz pulse imaging (1); terahertz (thz) (1)"
"555-3","Ultrasound imaging","9","beamforming (2); ultrafast ultrasound (2); nonlinear beamforming (1); plane-wave transmission (1); photoacoustic (1); photoacoustic signal of blood glucose (1); mechanoacoustic sensor (1); ultrasound speckle reduction (1); vibroacoustic sensing (1)"
"555-4","Polarimetry methods","4","fiber-optics (1); imaging mueller polarimetry (1); fiber bragg grating (1); fiber bragg grating pulse probe (1)"
"555-5","Biomedical signal processing","4","bioacoustics (4); high-density semg (3); lossless biosignal steganography (1); opm-meg (1)"
"555-6","Infrared spectroscopy","2","infrared laser light (1); infrared light (1)"
"555-7","X-ray imaging","1","x-ray nano-holotomography (1)"
"555-8","Computer vision","3","blind superresolution (1); image encoder (1); intrinsic image layer separation (1)"
"556-0","Biomedical signal processing","15","electroencephalography phase synchronization (2); phase velocity (2); weighted phase lag index (2); modulation index (2); phase-locking index (1); theta activity (1); phase slope index (1); local phase coherence (1); amplitude modulation (1); phase locking value (1); dynamic coherence factor (1); theta band (1); theta/beta ratio (1); mean phase coherence (1); amplitude-modulation frequency-modulation (1)"
"556-1","Data analysis methods","3","muscle synergies analysis (1); eigen-gait asymmetry index (1); visual kinematics-based index (1)"
"556-2","Biomedical signal processing","4","rr-interval analysis (2); t-peak to t-end interval (1); wavelet transform and heart rate variability (1); airflow pattern similarity measure (1)"
"556-3","Statistical dependence measures","12","fractional anisotropy (3); laplacian score (2); h-index (2); correlation length (2); lace index (1); connection delta ratio (1); connection index (1); neural index (1); asymmetry measures (1); chaotic indices (1); multifractal detrending moving average (1); complexity measure (1)"
"557-0","Fuzzy-set QCA","51","fuzzy logic (141); fuzzy clustering (13); fuzzy c-means (7); fuzzy systems (5); fuzzy sets (3); fuzzy decision tree (3); fuzzy inference system (3); fuzzy modeling (2); fuzzy logic control (2); fuzzy pooling (2); neuro fuzzy system (2); fuzzy connectedness (2); fuzzy inference systems (2); fuzzy rules (2); fuzzy classifier (2)"
"558-0","Medical informatics","4","electronic health records [e05.318.308.940.968.625.500] (4); electronic health records (e05.318.308.940.968.625.500) (2); electronic health record [e05.318.308.940.968.625.500] (1); electronic health records [e05.318.308.940.968.249.500] (1)"
"558-1","Diverse methods","3","computerized [e05.318.308.940.968.625] (1); computer-assisted surgery [e02.950.875] (1); computer-assisted [e01.158] (1)"
"558-2","Gold standard","2","reference standard [e05.978.808] (1); ich e6(r3) (1)"
"558-3","Health research methods","4","masks [e07.325.877.500] (1); neurology [h02.403.600] (1); consumer health information [d054626] (1); in-hospital mortality [e05.318.308.985.550.400] (1)"
"559-0","Implementation science","67","implementation (402); framework (84); needs assessment (54); generalizability (32); perspective (28); recommendations (27); utility (23); perspectives (17); future (12); frameworks (12); indicators (8); practical model (7); clinical implementation (7); translational workforce (3); relevance feedback (3)"
"560-0","Health research methods","48","conceptual framework (14); health belief model (11); mental models (5); socioecological model (5); transtheoretical model (4); theoretical framework (3); theoretical models (3); conceptual modeling (3); conceptual model (3); conceptual models (2); theoretical model (2); meta-dimensional integration (2); trans-theoretical model (2); fitt framework (2); integrative model (2)"
"561-0","High-throughput screening","31","high-throughput screening (105); high-throughput screening assays (37); biological assay (12); experimental validation (5); two-hybrid system (4); in vitro techniques (4); discrete choice experiments (2); biochemical assays (2); library screening (2); in vitro experiments (2); perturbation analysis (2); cellular thermal shift assay (2); next-generation interaction screening (1); targeted validation (1); small molecule screening (1)"
"561-1","High-throughput screening","7","off-target analysis (2); pooled crispr-screening (1); crispr loss-of-function screens (1); genome-scale crispr screening (1); functional characterization (1); genome-based screening (1); genetic complementation test (1)"
"561-2","Computational biology","38","in silico modeling (5); in silico screening (5); in silico tools (4); computational studies (2); in-silico model (2); in silico study (2); in silico studies (2); in silico validation (2); cross-species evaluation (2); chip-seq modelling/simulation (1); in silico data sets (1); in-silico experimentation (1); combinatory analysis (1); in silico pull-downs (1); small molecule screening (1)"
"561-3","Cross-domain generalization","12","cross-species evaluation (2); chip-seq modelling/simulation (1); next-generation interaction screening (1); protein–protein and protein–ligand interaction analysis (1); proteome-wide screening (1); combinatory analysis (1); synthetic data evaluation (1); human consensus-based validation (1); combinatorial analysis (1); shap-based biomarker identification (1); biological validation (1); network experiments (1)"
"562-0","Systems integration","54","data integration (287); de-identification (55); data anonymization (34); data harmonization (27); data-driven (14); data cleaning (6); data harmonisation (6); data transformation (5); datafication (4); data conversion (3); data consistency (3); automated data extraction (2); structured data entry (2); information utilization (2); data elements (2)"
"563-0","Fluorescence techniques","18","in situ hybridization, fluorescence (9); stain normalization (4); stain transfer (3); hematoxylin and eosin (h&e) image (1); wound images (1); histological artifacts (1); immunohistochemistry images (1); staining variations (1); antibody embeddings (1); immunohistochemistry image (1); immunohistochemical image (1); h&e image segmentation (1); staining restoration (1); in situ imaging cytometry (1); co-localization testing (1)"
"563-1","Flow cytometry panels","5","capture panels (1); marker panels (1); marker panel (1); flow cytometry standard (1); cell hashing (1)"
"563-2","Radiomic feature extraction","6","nuclei detection (8); nuclei classification (3); mineralized tissue segmentation (1); overlapping cytoplasms segmentation (1); nuclei localization (1); henle's fiber layer segmentation (1)"
"563-3","Scanning electron microscopy","12","electron microscope tomography (11); microscopy image (2); micrographia (2); microscopy, scanning probe (1); d microscopy (1); volumetric electron microscopy data (1); varying magnifications (1); sperm microscopy video (1); parameter magnification (1); ultrastructure (1); magnification (1); microscopic (1)"
"563-4","Medical image registration","13","scale (11); cell embedding (2); k-representative subset (1); media frames (1); timex-d (1); dense micro-block difference (1); gel-images tools (1); stackglyembed (1); unpaired image translation (1); densitometry (1); representative volume element (1); d&i (1); tissue image representation (1)"
"564-0","Biomedical signal processing","8","ballistocardiography (11); ballistocardiogram (10); remote auscultation (1); vibrational cardiography (1); digital auscultation (1); phono cardiography (1); automated cardiac auscultation (1); phonoangiography (1)"
"564-1","Health measurement instruments","8","vectorcardiography (4); cmap scan (2); ctpa (2); photoplethysmographic imaging (1); ffr (1); cardiac diagnostic method (1); cardiotachography (1); 1d-doppler (1)"
"564-2","Steganography and cryptography","3","lossy ecg steganography (1); ecg steganography (1); reversible ecg steganography (1)"
"564-3","Preclinical research","4","chest compression (3); ex-vivo heart perfusion (1); longitudinally cut rat portal vein (1); surgical ventricular restoration (1)"
"564-4","Biomedical signal processing","1","cardiac optogenetics (1)"
"564-5","Biomedical signal processing","2","microneurography (3); electrogastrography (2)"
"564-6","Endoscopic imaging","2","gastroscopy (5); temporal artery biopsy (1)"
"565-0","Technology adoption models","31","organizational innovation (36); economics (26); business and industry (20); business model (10); resource management (4); financial incentives (4); organizational efficiency (3); economic competition (2); economic stability (2); pricing (2); policymaker (2); cost efficiency (1); behavioural economics (1); research enterprise (1); economic incentives (1)"
"565-1","Technology adoption models","9","consumer preference (6); consumers (6); consumer preferences (4); adoption intention (2); public preferences (2); consumer behaviour (1); consumer needs (1); stated preference (1); consumer perspectives (1)"
"565-2","Digital identity technologies","8","digital health equity (8); driver fatigue (3); healthcare equity (3); health economy (2); healthcare efficiency (2); tobacco harm reduction (1); big health (1); patients’ rights (1)"
"565-3","Qualitative research","8","environmental sustainability (4); sustainable development (2); circular economy (2); global goods (1); global equity (1); ecological considerations (1); sustainable partnerships (1); environmental costs (1)"
"565-4","Legal aspects","4","legal aspects (4); survey fraud (1); food fraud (1); ethical problems (1)"
"565-5","Social dynamics analysis","4","social marketing (17); learnability (2); findability (2); social sharing (1)"
"565-6","Safety management","1","heavy industries (1)"
"566-0","NIH research programs","12","all of us research program (18); national institutes of health (u.s.) (7); clinical and translational science award (ctsa) (5); t32 (2); nih all of us research program (2); nih training program (2); national institutes of health (nih) (2); clinical & translational science award (ctsa) (1); national academies of science, engineering, and medicine, u.s., health and medicine division (1); national institutes of health designation (1); nih strides (1); k99/r00 (1)"
"566-1","Medical informatics","21","research facilities (3); natural language processing (d009323) (2); dcb0160 (1); deep learning (d000077321) (1); bioinformatics core facilities (1); genomics research support (1); radiology information systems (d011873) (1); informatics (d048088) (1); health information interoperability (d000073892) (1); research imaging infrastructure (1); correlation of data (d000078331) (1); dfuc2020 (1); research (d012106) (1); slk-581 (1); crowdsourcing (d063045) (1)"
"566-2","Health research methods","6","national institute of diabetes and digestive and kidney diseases (u.s.) (2); etiology (q000209) (1); tic salut social foundation (1); susan g. komen (1); women’s health (n01.400.900) (1); national institute of allergy and infectious diseases (u.s.) (1)"
"566-3","MRI site distribution","8","research facilities (3); tpx-0131 (1); d058492 (1); dcb0160 (1); center of biomedical research excellence (cobre) (1); biomedical resource discovery (1); chang gung research database (1); slk-581 (1)"
"566-4","Implementation science","2","behavioral sciences (d001525) (1); employee assistance program (eap) (1)"
"567-0","Qualitative research","13","semistructured interview (10); semistructured interviews (5); semi-structured interview (4); semi-structured interviews (2); semi structured interview (1); computer-assisted self-interviewing (1); telephone interview (1); computer-assisted telephone interview (1); home interviews (1); computer-assisted self-interview (1); digital medical interview (1); computer-assisted personal interviewing (1); medical interview (1)"
"568-0","Medical informatics","21","mit-bih database (3); mimic database (2); dti database (2); drug database (2); cancer type classification (1); cancer data classification (1); ncrs database (1); anndata-inspired database (1); dna database (1); eplacebo database (1); oncology data (1); cancer literature (1); cancer information accessibility (1); biomarker database (1); physionet database (1)"
"568-1","Journal metrics","11","journal comments (1); meta-database (1); journal citations (1); journal article (1); literature database (1); systematic survey (1); publication database (1); knowledge database (1); publication evaluation (1); journal guidelines (1); journal disruption index (1)"
"568-2","Data collection","6","child immunization record (1); health forum analysis (1); psychiatric evaluation record (1); behavior observation (1); food journaling (1); autism classification (1)"
"568-3","Data collection","16","surveys (101); internet research (7); medical domain (5); medlineplus (3); integrative resource (2); international comparison (2); paper resuscitation record (1); association database (1); database generalization (1); peerma (1); database reliability (1); app database (1); database comparisons (1); research data archives (1); uscg database (1)"
"569-0","Dynamic time warping","2","adl recognition (1); adl classifier (1)"
"569-1","Disease subtyping","17","phenotyping algorithm (3); ace2 receptor (2); stenosis detection (2); sarcopenia detection (1); amyloid predictor (1); biomarker estimation (1); sex and age estimation (1); app analysis methodology (1); cvh prediction (1); pd detection (1); rbc classification (1); anemia prediction (1); surrogate cpgs (1); white blood cell prediction (1); idh prediction (1)"
"569-2","Data analysis methods","23","meal detection (7); case mix (2); length-of-stay prediction (2); value analysis (2); pima dataset (2); unsupervised assessment (1); tems-study (1); index lesion (1); colonoscopy dataset (1); baseline component (1); glycaemic modelling (1); delivery assessment (1); colon registration (1); interventional analysis (1); lc screening (1)"
"569-3","Computer vision","8","multiplex immunofluorescence (2); llm evaluation (2); saliva microscopy (1); fwa detection (1); wounds analysis (1); index lesion (1); lc screening (1); wound detection (1)"
"569-4","Optimization methods","22","bat algorithm (5); iis algorithm (1); ltr-rt classification (1); cpp prediction (1); tems-study (1); wmldab dimension reduction (1); dfs algorithm (1); feasible gls (1); alphafold screen (1); nsga-ii algorithm (1); ecc signatures (1); clinical index estimation (1); dnn adaptation (1); msarima (1); dbscan algorithm (1)"
"569-5","Medical informatics","21","ai evaluation (2); fpga acceleration (2); asa24 (1); hfss software (1); astct grading (1); fhir profiles (1); acl nlsr model (1); ctsa. (1); bdi agents (1); cpr paradigms (1); ccts (1); led therapy control (1); cgm imputation (1); bcr bias (1); adt system (1)"
"570-0","Knowledge bases","90","association rule mining (23); human phenotype ontology (14); biomedical nlp (7); biomedical event extraction (5); medical logic modules (4); multilabel text classification (4); syntactic interoperability (2); vocabularies (2); medical knowledge curation (2); chinese nlp (2); ontology reuse (2); medical entity extraction (2); biomedical named entity normalization (2); chinese named entity recognition (2); hybrid word-concept document representation (2)"
"571-0","CNN-based instance segmentation","49","automatic segmentation (24); automatic classification (9); automated segmentation (8); interactive segmentation (3); automatic feature extraction (3); semi-automatic segmentation (3); fully automatic segmentation (2); automated gland segmentation (1); automated segmentation methods (1); automatic shape optimization (1); semantic segmentation of carotid artery (1); automated tissue identification (1); automatic determination of number of clusters (1); pixels of interest (1); automatic lymphoma classification (1)"
"572-0","Transfer learning","10","pretext task (3); instruction-tuning datasets (1); finetuning pretrained plms vs training from scratch (1); distant transfer learning (1); pre-trained language representations (1); rag versus fine-tuning comparison (1); transfer function design (1); cross-lingual transfer learning (1); transfer learning to mrna localization (1); pretraining model (1)"
"572-1","Adaptive training methods","7","masked learning (1); separating training (1); interleaved attention (1); learning paradigm (1); task-adaptive (1); self-conditioning strategy (1); difficulty-adapted masking (1)"
"572-2","Outlier removal","18","novelty detection (11); condition (5); platform trials (3); preference learning (2); behavior quantification (2); motor imagery classification (2); memory specificity training (1); 10-second g&r test (1); conditioning strategy (1); behavior recognition (1); behavioral feature (1); performance presentation (1); behavioral coherence breakdown (1); spaced learning (1); preference exploration (1)"
"572-3","Generative modeling","6","stimulus reconstruction (2); experimental games (1); experimental game (1); subject transfer (1); task list (1); augmented reality-fused stimulus (ar-fs) paradigm (1)"
"572-4","Controlled vocabulary","3","controlled vocabulary (15); word typing paradigm (2); postcoordinated expression (1)"
"572-5","Ensemble learning","4","frequency learning (3); hallucination in ai models (1); modality-adaptive gating (1); generalization challenge (1)"
"573-0","Motif discovery","13","amino acid motifs (36); consensus sequence (11); regular expressions (5); consensus sequences (2); end motifs (1); secondary structure impact of indels (1); motif composition (1); short linear motifs (slims) (1); exact and mutated motifs (1); sequence-structure motifs (1); consensus region (1); arrangements of sequence motifs (1); s-box (1)"
"573-1","Post-transcriptional regulation","5","conserved 3′utr (2); alternatively spliced isoform (1); kozak context and uorfs (1); polyadenylation tail (1); non-canonical splicing signals (1)"
"573-2","cis-regulatory code","5","specificity-determining position (sdp) (1); tfbss (1); long-range sequences (1); cis-regulatory code (1); site selection (1)"
"573-3","Sequence alignment","7","conserved sequence (43); sequence homology, amino acid (34); consensus sequence (11); consensus sequences (2); conserved 3′utr (2); highly conserved segment (1); consensus region (1)"
"573-4","Sequence alignment","13","repetitive sequences, amino acid (5); rna sequence (2); amino acid scales (1); amino acid indels (1); codon deoptimization (1); gc rich sequence (1); full-length sequence (1); amino acid bias (1); unique sequences (1); variable-length sequences (1); amino acid recoding (1); nt sequences (1); variable-length dna sequences (1)"
"574-0","Study design distribution","16","normal distribution (69); poisson distribution (13); binomial distribution (7); long-tailed distribution (1); hypergeometric distribution (1); zero-inflated poisson distribution (1); multivariate normal distribution (1); normal distribution of random effects (1); right-skewed score distribution (1); parametric distribution (1); log-normal distribution (1); negative binomial (1); zero-truncated negative binomial distribution (1); uneven distribution (1); zero-inflated negative binomial (1)"
"574-1","Time series analysis","8","non-stationarity (5); overdispersion (3); heteroscedastic (1); non-normality (1); non-gaussian (1); heteroscedasticity (1); non-homogeneity (1); overdispersed data (1)"
"574-2","Censored survival analysis","2","truncated normal distribution (1); left-truncated and right-censored (1)"
"574-3","Modeling approaches","4","weibull distribution (1); non-homogeneous weibull processes (1); exponential weibull trend (1); weibull hazard rate function (1)"
"574-4","Study design distribution","4","null distribution (2); semi-parametric (1); non-parametric (1); poisson's ratio (1)"
"576-0","Data-driven science","25","data-driven approach (4); multi-modal method (1); adaptive method (1); model-agnostic method (1); knowledge-based ai approaches (1); ensemble/hybrid method (1); alignment-free approach (1); machine-learning-based approach (1); feature-based method (1); feature-based approach (1); transformer-based method (1); gradient boosting method (1); feature-based technique (1); semi-supervised approach (1); perturbation-based saliency method (1)"
"576-1","Logic programming","10","rule-based approach (5); rule-based method (5); rule-based algorithm (3); lexicon-based approach (3); dominance-based rough set approach (2); pictogram-based method (1); span-based approach (1); specification-based method (1); smiles-based method (1); syntax-based approach (1)"
"576-2","Multidisciplinary methods","11","level-set method (2); simulation-based methodology (1); minimal path approach (1); robustness enhancement strategy (1); three-point estimation method (1); alternating direction implicit (adi) method (1); predictor-corrector method (1); one-step methods (1); step-based method (1); dynamic update strategy (1); penalized fusion strategy (1)"
"576-3","Diverse methods","6","graph-based method (1); atlas-based method (1); hierarchical and density-based method (1); event-based methods (1); network-based strategies (1); multi-atlas-based method (1)"
"577-0","Data analysis methods","23","cognitive walkthrough (7); group therapy (2); treatment pattern discovery (2); symptom drawing (2); adhd detection (2); anxiety disorder predictions (1); psychiatric stressor extraction (1); treatment relation extraction (1); seizure detection. (1); treatment pattern extraction (1); depression analysis block (1); disorder class (1); arousal degree (1); disorder content (1); comorbidity visualization (1)"
"577-1","Bias in research","21","sex classification (2); limitations (2); lgbtq+ (2); mode effects (1); gender detection (1); gender estimation (1); age acceleration (1); ancestry switches (1); generalized category discovery (1); age clusters (1); body-area networks (1); bias training (1); category prompt (1); uneven distribution and data scarcity (1); gender representation (1)"
"577-2","Time series analysis","10","time intervals mining (4); time interval mining (2); temporal patterns discovery (1); timegan (1); developmental trajectory inference (1); longitudinal cluster (1); features reduction (1); temporal relation discovery (1); temporal pattern discover (1); change points detection (1)"
"577-3","Group-based learning","37","group lasso (4); test-time augmentation (3); group testing (3); group exercise (2); hard sample discriminative (1); group multi-head attention aggregation (1); subject relatedness (1); condition completeness (1); comparison to bertax and mmseqs (1); group information (1); 3d-group ica (1); group-shrinkage (1); multiple groups context (1); conscious-ness level differentiation (1); layer wise relevance propagation (1)"
"577-4","Medical data methodology","13","medical specialty prediction (1); similar patient affinity graph (1); confounding gestures (1); feature gene (1); subgroup list (1); cohort visualization (1); pooled cohort equations (1); modality matching (1); modality imbalance (1); across sites validation (1); modality imputation (1); region matching (1); subgroup learning (1)"
"578-0","Computer vision","15","keypoint estimation (2); keypoint features (1); fingernail key points detection (1); key region (1); keypoint rcnn (1); keypoints detection (1); anatomical key points (1); keypoint detection (1); key natomical structure detection (1); key point detection (1); key points prediction (1); skeleton keypoints (1); keypoint/landmark detection (1); key frame (1); surgical keypoint detection (1)"
"578-1","Key agreement","4","key agreement (6); key management (1); key collision (1); key recovery (1)"
"578-2","Protein structure determination","2","main protease (10); main proteases (1)"
"578-3","Data analysis methods","10","methods and processes (2); key information (2); progress note generation (1); contributor features (1); important feature (1); key process area (1); key concepts (1); participant key purpose (1); figure-of-merit (1); key pressing (1)"
"579-0","Clinical research methods","39","clinical practice (56); clinical coding (50); clinical workflow (22); clinical audit (13); clinical effectiveness (8); clinical knowledge (7); clinical rules (6); clinical management (4); clinical concepts (4); clinical consultation (3); practice management (3); clinical quality (3); clinical error (2); clinical expertise (2); clinical work (2)"
"580-0","Medical data methodology","78","health data (83); population surveillance (82); health care surveys (51); health surveys (32); syndromic surveillance (26); national survey (18); epidemiologic methods (18); infectious disease surveillance (10); nutrition surveys (7); health survey (5); viral epidemiology (5); censuses (4); longitudinal survey (4); survey data (3); china health and retirement longitudinal study (3)"
"581-0","Study design distribution","51","design thinking (18); observational studies as topic (7); design science (7); field study (5); design guidelines (4); design recommendations (4); design patterns (3); design features (3); design feature (2); participation preference (2); population study (2); design methodology (2); clinical trial design evaluation (1); designers (1); qualitative research. (1)"
"582-0","Sensor-based instrumentation","52","optical sensors (4); electromechanical sensors (3); piezoelectric sensor (3); capacitive sensors (2); fiber bragg grating sensor (2); smartphone-based sensing (2); acoustic sensor (2); optical sensing (2); contact impedance (2); flexible sensors (1); biomedical transducers (1); optical monitoring (1); acoustic sensors (1); biaxial/triaxial accelerometer devices (1); capacitive proximity sensor (1)"
"583-0","Flow cytometry panels","38","flow cytometry (59); image analysis (59); quantitative analysis (18); immunoprecipitation (12); cell counting (7); error analysis (5); limit of detection (4); graph analysis (3); flow cytometry data analysis (2); histogram analysis (2); bioimage analysis (2); cell migration assays (1); quantitative detection and analysis (1); mean and standard deviation of triplicates (1); viability analysis (1)"
"584-0","Reverse vaccinology","4","papillomavirus vaccines (7); human papillomavirus vaccination (3); human papillomavirus vaccine (2); human papillomavirus vaccines (1)"
"584-1","Reverse vaccinology","14","viral vaccines (7); protein vaccines (4); conjugate vaccines (2); synthetic vaccine (2); epitope-based subunit vaccine (1); poliovirus vaccines (1); recombinant vaccines (1); neoantigen-based vaccine (1); chimeric vaccine (1); live vaccine (1); measles-mumps-rubella vaccine (1); recombinant zoster vaccine (1); malaria vaccine candidate (1); multiepitope vaccine (1)"
"584-2","Reverse vaccinology","6","vaccines (110); vaccine development (8); expanded program on immunization (2); vaccination strategies (1); accelerating covid-19 treatment interventions and vaccines (1); approved vaccines (1)"
"584-3","Protein structure determination","3","hiv protease (7); hiv protease inhibitors (2); hiv vaccine (1)"
"584-4","Clinical trials","3","chimeric antigen receptor (1); glycogen synthase kinase-3β inhibitors (1); humanized antibody (1)"
"585-0","Generative modeling","17","generative models (22); probabilistic graphical models (5); probabilistic graphical model (4); probabilistic generative model (3); generative modeling (3); generative method (1); probabilistic topic modeling (1); bayesian network models (1); bayesian gaussian mixture models (1); bayesian gaussian mixture model (1); generative modelling (1); generative topic modeling (1); graph generative model (1); probabilistic topic model (1); bayesian network model (1)"
"585-1","Generative modeling","8","gaussian mixture model (20); gaussian mixture models (6); gaussian graphical model (3); gaussian process models (1); gaussian process state-space model (1); gaussian graphical models (1); logarithmic euclidean-gaussian mixture models (1); high-dimensional gaussian graphical models (1)"
"585-2","Bayesian statistics","25","markov chains (131); hidden markov model (29); markov models (14); markov model (12); hidden markov models (12); markov chain (7); markov chain model (2); markov random field model (2); hidden semi-markov model (2); profile hidden markov models (2); markov processes (2); markov state models (2); hierarchical markov models (1); continuous-time hidden markov models (1); merged profile hidden markov model (1)"
"585-3","Generative modeling","6","diffusion models (29); diffusion probabilistic model (3); score-based diffusion models (1); k-space conditional guided diffusion model (1); diffusion-based generative models (1); conditional score-based diffusion model (1)"
"585-4","Generative modeling","6","probabilistic topic modeling (1); dynamic topic model (1); dynamic topic modeling (1); contrastive topic modeling (1); generative topic modeling (1); probabilistic topic model (1)"
"585-5","Predictive accuracy","8","decision tree model (4); tree-based models (3); discrete graphical models (1); discrete-time markov chain (1); discrete-event simulation model (1); continuous-time markov decision process (1); weighted markov chain (1); discrete-state markov models (1)"
"585-6","Modeling approaches","14","common data models (6); lumped parameter modeling (2); dynamic models (2); sequential generative model (1); latent-dynamic conditional random fields (1); recurrent decay models (1); joint dynamical model (1); dynamic decision model (1); fuzzy robust regression model (1); ordinary differential equations based models (1); stochastic models (1); robust stochastic model (1); linear non-gaussian acyclic model (1); nonlinear modeling (1)"
"585-7","Modeling approaches","2","boolean modeling (2); boolean network modeling (1)"
"585-8","Generative modeling","1","deep generative models (10)"
"585-9","Generative modeling","3","circular mixture model (1); logarithmic euclidean-gaussian mixture models (1); compressed variance component mixed model (1)"
"586-0","Integrative review","43","umbrella review (18); free text (16); tutorial (11); free-text (7); scientific journals (4); infographics (4); clinical free text (3); webcasts as topic (3); short text (3); textbooks (3); jupyter notebooks (3); clinical vignettes (2); medical texts (2); tutorials (2); encyclopedias as topic (2)"
"587-0","Computer vision","30","video (41); video visits (7); video visit (6); video monitoring (5); videos (5); video classification (3); video compression (3); video understanding (2); video therapy (2); video polyp segmentation (2); video production (2); video dot (1); sociotechnical theory. video consultations (1); video post (1); pupillary light reflex video dataset (1)"
"588-0","Biomedical signal processing","31","biomedical signal processing (61); physiological signal processing (6); information processing (6); graph signal processing (5); speech signal processing (4); information integration (4); parallel processing (3); processing speed (2); adaptive signal processing (2); nonlinear signal processing (2); genomic signal processing (2); automatic information processing (1); nonlinear processing (1); biomedical speech and voice signal processing (1); model-based signal processing (1)"
"589-0","Supervised learning","56","multi-label classification (40); multi-class classification (21); binary classification (17); multiclass classification (16); ensemble classification (16); hierarchical classification (11); supervised classification (10); imbalanced classification (8); multilabel classification (8); semi-supervised classification (3); imbalanced data classification (2); one-class classification (2); hierarchical multi-label classification (2); cross-subject classification (2); multi-label prediction (2)"
"590-0","Time-series analysis","1","autoregressive integrated moving average model (arima) (1)"
"590-1","Modeling approaches","12","logistic regression (lr) (3); linear discriminant analysis (lda) (3); partial least squares (pls) (1); bayesian linear discriminant analysis (blda) (1); multiple regression analysis (mra) (1); variance inflation factor (vif) (1); multiple linear regression (mlr) (1); generalized linear multilevel model (glmm) (1); latent variable regression (lvr) (1); partial least square regression (plsr) (1); general linear model (glm) (1); fisher linear discriminant analysis (flda) (1)"
"590-2","Dimensionality reduction","12","principal component analysis (pca) (9); canonical correlation analysis (cca) (2); group independent component analysis (gica) (1); probabilistic principle component analysis (pca) (1); multiscale principal component analysis (mspca) (1); filter bank canonical correlation analysis (fbcca) (1); constrained independent component analysis (cica) (1); two-dimensional pca (2dpca) (1); multiple correspondence analysis (mca) (1); incremental principal component analysis (ipca) (1); principal coordinates analysis (pcoa (1); bayesian principal component analysis (bpca) (1)"
"590-3","Modeling approaches","7","item response theory (irt) (2); interpretative structural modelling (ism) (1); partial least squares structural equation model (pls-sem) (1); formal concept analysis (fca) (1); latent class analysis (lca) (1); structural equation modeling (sem) (1)"
"590-4","Diverse methods","6","multiple criteria decision analysis (mcda) (1); resource balance analysis (rba (1); data envelopment analysis matrix (deam) (1); propensity score matching (psm) (1); significance analysis of microarray (sam) (1); flux balance analysis (fba) (1)"
"590-5","Data analysis methods","3","multidimensional recurrence quantification analysis (mdrqa) (1); missing value imputation (mvi) (1); statistical package for social science (spss) (1)"
"591-0","Assisted reproductive techniques","3","infertility, male (2); infertility, female (1); women with infertility (1)"
"591-1","Assisted reproductive techniques","1","planned oocyte cryopreservation (1)"
"591-2","Endoscopic imaging","1","uterine cervical dysplasia (1)"
"592-0","Sequence alignment","63","next-generation sequencing (79); next generation sequencing (16); genome sequencing (8); third-generation sequencing (7); library construction (7); oxford nanopore sequencing (5); de novo peptide sequencing (4); bisulfite sequencing (4); third generation sequencing (2); sanger sequencing (2); duplex sequencing (2); barcode-based sequencing (1); multiple platform sequencing (1); third-generation long-read sequencing (1); next-generation sequence (1)"
"593-0","Health measurement instruments","42","measures (8); outcome measures (7); time measurement (5); distance measures (5); performance measures (4); exclusion criteria (3); change point (2); outcome measurement (2); longitudinal measurements (2); objective measures (2); primary outcome (2); outcomes measurement (2); performance measure (1); reference measures (1); clinical outcome assessments (1)"
"594-0","Insertional mutagenesis","33","amino acid substitution (18); synthetic lethal mutations (12); mutagenesis (11); deep mutational scanning (5); in silico mutagenesis (4); amino acid substitutions (2); deleterious synonymous mutation (2); sequence tagged sites (2); mutagenesis, site-directed (2); in silico mutational scanning (2); deleterious mutations (1); g13 mutants (1); computational saturation mutagenesis (1); site-directed mutagenesis (1); base editing (1)"
"595-0","Generative modeling","14","hidden markov model (hmm) (4); kernel density estimation (kde) (3); expectation maximization (em) (2); gaussian mixture model (gmm) (2); coupled hidden markov model (chmm) (1); supervised lda (slda) (1); markov chain monte carlo (mcmc) (1); labeled latent dirichlet allocation (l-lda) (1); dirichlet process mixture model (dpmm) (1); expectation-maximization (em) (1); generalized gauss-markov random field (ggmrf) (1); naïve-bayesian (nb) and decision tree (dt) (1); maximum likelihood expectation-maximization (mlem) (1); autoregressive hidden markov model (ar-hmm) (1)"
"595-1","Ensemble learning","12","random forest (rf) (7); k-nearest neighbors (knn) (2); k-nearest neighbor (k-nn) (2); fuzzy k-nearest neighbor (fqknn) (1); k-nearest neighbor (knn) (1); k-nearest neighbour (knn) (1); random binary sequence (bs) (1); random indexive decision tree (ridt) (1); feature selection with extreme gradient boost (xgboost) (1); random reference classifier (rrc) (1); boosting(adaboost) (1); random forests (rf) (1)"
"595-2","Feature selection","5","feature selection (fs) (5); multi-cluster feature selection (mcfs) (1); discriminative feature selection (dfs) (1); patch wise l(1) norm (pwl1n) (1); correlation importance feature selection (cife) (1)"
"595-3","Supervised learning","5","least absolute shrinkage and selection operator (lasso) (3); support vector regression (svr) (3); non-negative matrix factorization (nmf) (2); t-distributed stochastic neighbor embedding (tsne) (1); locally linear embedding (lle) (1)"
"595-4","Feature extraction","5","median robust extended local binary patterns(mrelbp) (1); non-local means (nlm) (1); adaptive shape prior (asp) (1); adaptive convex region contour (acrc) (1); thin-plate spline (tps) (1)"
"595-5","Time-series analysis","4","iterative sliding window (isw) (1); auto regression (ar) (1); temporal pattern discovery (tpd) (1); autoregressive hidden markov model (ar-hmm) (1)"
"595-6","Machine learning","18","multi-objective optimization (qed, sa, docking (1); least-squares support vector machine (ls-svm) (1); multi-label classification (mlc) (1); multi-level classification (mcn) (1); lumped parameter models (lpm) (1); nested cross-validation (cv) (1); proximal alternating minimization (pam) (1); best worst method (bwm) (1); nearest neighbour approach (nna) (1); recursive least squares (rls) (1); unsupervised learning (ul) (1); levy search and k-nearest neighbor (knn) (1); random vector functional link (rvfl) (1); integer linear programming (ilp) (1); genetic algorithms (gas) (1)"
"595-7","Association rule mining","1","association rule mining (arm) (1)"
"596-0","Data analysis methods","27","data analysis (182); research data (43); data interpretation (8); biomedical data analysis (6); clinical data analysis (4); annotated data generation (2); ai-assisted drug design (1); vcf data management (1); data collection and processing (1); financial analysis (1); data visualization and exploration (1); sequencing data management (1); snv and indel analysis (1); hts data analysis (1); data handling (1)"
"596-1","Computer vision","6","technical assistance (1); image processing and analysis (1); histology data analysis (1); collage analysis (1); imc data analysis tools (1); and whole slide image analysis (1)"
"596-2","Model visualization","30","data visualization (225); data analysis (182); text analysis (20); structured data (18); statistical data analysis (5); formal concept analysis (4); statistics and numerical data (2); visualization and interpretation (1); design and analysis (1); formal analysis (1); design of experiments (1); rape or statistics and numerical data (1); and analysis (1); visualization and analysis (1); language analysis (1)"
"596-3","Data validation","8","data integrity (10); federated data analysis (2); critical analysis (1); responsible conduct of research (1); secure data analysis (1); writing assistance (1); compromising of data (1); intellectual structure (1)"
"596-4","Data collection","11","research data (43); data acquisition (25); cfd analysis (2); ehg signal processing (1); and md simulations (1); storage and management of hts data (1); biometric data acquisition (1); remote research data acquisition (1); polymer data analysis (1); data collection and processing (1); supporting trial design (1)"
"597-0","Text analytics","22","natural language processing (1948); medical language processing (12); natural language generation (11); biomedical natural language processing (10); natural language understanding (6); natural language inference (6); natural language (5); natural language process (5); medical natural language processing (4); natural language processing techniques (1); natural language annotation (1); natural language analysis (1); natural processing language (1); natural language interface (1); named entity recognition, natural language processing (1)"
"597-1","Large language models","5","language modeling (4); masked language modelling (1); general statistical analytical system (1); universal domain adaptation (1); statistical language models (1)"
"597-2","Logic programming","14","programming languages (249); unified medical language system (91); universal exchange language (4); programming language (4); unified modeling language (4); ontology web language (2); modelica programming language (2); web ontology language (2); unified framework (1); variant query language (1); interoperability, web ontology language (1); systems modeling language (1); common workflow language (1); unified modelling language (1)"
"597-3","Neural networks","1","neuromorphic processor (1)"
"598-0","Health measurement instruments","33","wearable electronics (4); sensor devices and platforms (3); wearable monitoring systems (2); wearable sensor devices (2); monitoring devices (2); consumer wearable devices (2); ubiquitous and mobile devices (2); handheld devices (2); personal health device (2); personal health devices (2); consumer wearable technologies (1); mobile and wearable devices (1); wearable self-monitoring devices (1); wearable health monitoring systems (1); wearable patient monitoring systems (1)"
"599-0","Online learning","33","e-learning (54); multimodal learning (45); collaborative learning (11); cooperative learning (3); agile development (3); remote learning (3); interactive enhancement (1); complementary learning (1); personalized learning (1); cooperative and collaborative learning (1); human centered ai (1); collaborative learning with multi-scale consistency (1); collaborative interaction (1); gamified learning (1); workplace learning (1)"
"599-1","Machine learning","10","prior knowledge (19); knowledge modeling (4); domain-specific knowledge (4); disease knowledge (3); knowledge organization (2); external knowledge (2); scientific knowledge integration (1); clinical prior knowledge (1); biologists without programming experience (1); knowledge-base (1)"
"599-2","curriculum learning","13","curriculum learning (9); end-to-end learning (6); q-learning (6); confidence learning (3); evidential deep learning (3); end-to-end joint learning (1); deep evidential learning (1); self-learning of mathematics (1); evidential learning (1); inductive learning (1); curriculum disentanglement learning (1); trustworthy curriculum learning (1); leveraging transfer learning (1)"
"599-3","Transfer learning","10","knowledge transfer (19); joint learning (13); knowledge integration (5); knowledge creation (1); collaborative knowledge construction (1); thematic discovery and evolution (1); knowledge-generation (1); integrated knowledge translation (1); synergistic learning (1); interdisciplinary stakeholders (1)"
"599-4","Ubiquitous computing","5","smart environment (2); challenges and future research in ai-enabled bioinformatics education (1); mobilizing information (1); constructive ehealth evaluation (1); transformative healthcare (1)"
"600-0","Ensemble learning","17","ensemble pruning (3); classifier ensemble (2); base-level and meta-level classifiers (1); supervised fusion module (1); clustering ensemble (1); ensemble regressor chains (1); feature-level ensemble (1); bagged ensemble (1); bayesian classifier ensemble (1); classification learning (1); intra bin classifiers (1); dcnn ensemble (1); decision tree ensembles (1); ensemble learning predictor (1); randomforest (1)"
"600-1","Neural networks","7","dcnn (4); pretrained-cnn (1); deep factorization machine (1); neural inductive matrix completion (1); monte carlo dropout-based resnet-152 (1); hierarchical-split resnet (1); deep learning method assessment (1)"
"600-2","Supervised learning","10","svm-rfe (6); lasso-logistic regression mode (1); and svm algorithm (1); lda algorithm (1); bi-objective svm (1); nonparallel hyperplane support vector machine plus (1); binary logistic regression, cross-validation, rshiny (1); smo-svm (1); lassonet (1); svm2 classifier (1)"
"600-3","Machine learning","4","factorization machines (2); factorization machine (1); machine learning regressions (1); deep factorization machine (1)"
"600-4","Data preprocessing","9","downsampling (5); feature mapping strategy (1); feature selection via regression and randomforest (1); imbalanced data resampler (1); pca method (1); k-modes clustering (1); interpolate method (1); pretrained features (1); t-distributed stochastic neighbour embedding (1)"
"600-5","Pseudo-labeling methods","8","positive-unlabeled learning (5); unsupervised method (2); class imbalance problem (2); classification problem (1); weakly supervised data augmentation (1); bootstrap technique (1); machine learning with abstention (1); 28 sam-guided regularizationl (1)"
"600-6","Dimensionality reduction","2","approximate federated pca methods (1); federated subspace iteration (1)"
"600-7","Cross-domain generalization","7","unseen data generalization (1); cross-sites validation (1); auc maximization learning (1); cross-validation strategies (1); cross-prediction problem (1); cross-dataset generalization (1); and unseen data (1)"
"600-8","Optimization methods","20","em algorithm (10); pairwise learning (3); batch training (2); assignment problem (2); estimation of distribution algorithms (1); dtw algorithm (1); ml models (1); two-layer predictor (1); softmax weighted aggregation (1); pareto front optimization concept (1); gbo algorithm (1); em algorithms (1); list-mode mlem (1); regression-based deconvolution (1); fpdc algorithm (1)"
"600-9","Atlas-based segmentation","2","grabcut algorithm (1); two-steps segmentation (1)"
"600-10","Computational biology","2","peptide classification tasks (1); alphafold model (1)"
"600-11","Evaluation frameworks","10","balanced scorecard (3); contrast set mining (1); distribution-approach model (1); statistical machine translation (1); model selection guide (1); supervised method (1); re-construction algorithm (1); overcomplete dictionary (1); fused score vector (1); reference-dependent classifiers (1)"
"601-0","Time series analysis","10","multivariate time series classification (2); granger causality test (1); multivariate hawkes process (1); temporal variable selection (1); temporal-lag estimation (1); autoregressive prediction (1); trajectory selection (1); vector autoregression (1); multivariate time series prediction (1); burg autoregressive (ar) method (1)"
"601-1","Data analysis methods","18","latent representation (5); eigenvalue (3); second-order statistics (2); intrinsic dimensionality (1); euclidean space (1); modal decomposition (1); latent space (1); low rank decomposition (1); latent variable learning (1); latent space mapping (1); eigenanalysis (1); eigenvector (1); multiway decomposition (1); low-rank approximation (1); latent clustering (1)"
"601-2","Data analysis methods","38","matrix completion (19); symbolic regression (6); pls-sem (4); linear predictive coding (3); multivariate time series classification (2); non-linear methods (2); multidimensional feature (2); robust pca (2); regression tree (2); glmm (2); multivariate sample entropy (2); classification-regression (1); multi-variable auc (1); multivariate visualization (1); functional regression method (1)"
"601-3","Discriminant analysis","6","multiple classification (2); multiclass svm (2); linear discriminant (1); category-interaction (1); discriminative patterns (1); local discriminant basis (1)"
"601-4","causal artificial intelligence (causal ai)","3","mediation and suppression (1); regression discontinuity (1); causal decomposition (1)"
"601-5","Modeling approaches","2","response surface method (2); box-behnken design (1)"
"601-6","Statistical dependence measures","21","matrix completion (19); pls-sem (4); covariance matrix (4); correlation dimension (3); multivariate time series classification (2); second-order statistics (2); glmm (2); multivariate sample entropy (2); correlation structure (2); multi-variable auc (1); impute2 (1); inductive matrix completion (1); projected covariance measure (1); multivariate calibration (1); kernel based test (1)"
"601-7","Evaluation frameworks","20","rotation invariance (4); overfitting (3); network effects (3); confusion matrix (3); model inspection (1); informative dropout (1); signal inequality index (1); mixed clustering (1); model overfitting (1); truncated cross-entropy (1); hierarchical prediction consistency (1); permutation variable importance (1); region-based explainability (1); rank evaluation (1); inverse consistency (1)"
"602-0","Censored survival analysis","24","survival analysis (227); kaplan-meier estimate (13); survival data (5); survival analyses (2); matched-pair analysis (2); intention to treat analysis (2); kaplan-meier survival analysis (2); kaplan-meier (2); individual survival analysis (1); event log analysis (1); kaplan meier (1); observation period (1); kaplan–meier analysis (1); kaplan–meier plots (1); matched pair analysis (1)"
"603-0","Spatial analysis","19","northwest ethiopia (3); northern uganda (3); catalonia (2); northern ireland (2); harari region (2); mali (2); yemen (2); sub-sahara africa (1); french polynesia (1); lombardy region (1); cote d'ivoire (1); northern territory (1); south sudan (1); north norfolk (1); northern california (1)"
"603-1","equally weighted variables","3","malay (1); south korean (1); north korean refugees (1)"
"604-0","Data analysis methods","10","eye-tracking (27); gaze tracking (4); pupil detection (2); gaze plot (1); eye movement classification (1); gaze estimation (1); gaze movement modeling (1); gaze trajectories (1); gaze plots (1); eye movement signals (1)"
"604-1","Computer vision","7","face mask detection (3); facial movement dynamics (1); face tracking (1); facial tracking (1); facial key block analysis (1); face/eye detection (1); facial expression video (1)"
"604-2","Computer vision","19","handwriting analysis (9); finger force prediction (3); hand tracking (2); motor imagery eeg (2); motor trajectory decoding (1); continuous movement decoding (1); gesture classification (1); nonverbal behavior detection (1); emg onset detection (1); finger movement tracking (1); gesture detection (1); finger movement mechanism (1); finger motion classification (1); gesture interaction (1); limb movement detection (1)"
"604-3","Ubiquitous computing","11","activity tracking (4); location tracking (2); motion pictures (2); gait pattern generation (1); position tracking (1); probe tracking (1); arm movement identification (1); gait events detection (1); monitor movement (1); kinematic trajectories (1); motion capturing (1)"
"604-4","Feature extraction","8","spelling correction (3); speech features (2); swallowing vibrations (2); speech imagery (2); eating gesture detection (1); sound repetition (1); auditory displays (1); speech feature (1)"
"604-5","Biomedical signal processing","9","motor unit tracking (2); deviant response (1); behavior sequence (1); amplitude accuracy (1); electroencephalography and meditation experience (1); coding accuracy (1); mirroring display (1); animation features (1); behavioral coding (1)"
"605-0","Biomedical imaging modalities","52","fluorescence imaging (282); cellular imaging (101); optical imaging (90); molecular imaging (43); biomedical imaging (17); hyperspectral imaging (8); ultrasonic imaging (5); magnetic particle imaging (5); quantitative imaging (4); multispectral imaging (4); mri super-resolution (3); photoacoustic imaging (3); medical image super-resolution (3); microscopic hyperspectral imaging (2); optoacoustic imaging (2)"
"606-0","Chaotic maps","79","stochastic processes (29); multi-agent systems (11); dynamical systems (9); system dynamics (8); complex adaptive systems (4); adaptive systems (4); state space (3); non-linear dynamics (2); coherent plane-wave compounding (2); discrete multi-physics (2); linear dynamical system (2); nonlinear system (2); stochasticity (2); nonlinearity (2); forward dynamics (2)"
"607-0","Brain parcellation","15","activation map (3); bold (1); disease maps (1); emotion maps (1); event pattern discovery (1); fmri representation (1); baseline correction (1); spms (1); voxel representation (1); activation time estimation (1); regional detailed features (1); bilateral analysis (1); spm (1); bilateral information (1); coordinates accuracy (1)"
"607-1","Network-based inference","13","connectivity (12); correlations (2); brain graph (1); dti extraction (1); connectivity estimation (1); dmn (1); connectivity protocol (1); correlation visualization (1); modality-correlation (1); connectivity feature (1); dtis (1); sample-sample correlation networks (1); dmnet (1)"
"607-2","Group-based learning","6","subject change (1); participant clusters (1); cluster interpretation (1); delta age (1); multimodal feature (1); longitudinal atlas (1)"
"607-3","Biomedical signal processing","6","dtis prediction (2); times series classification (1); region-wise classification (1); eeg-mi classification (1); inter-subject decoding (1); brain state prediction (1)"
"607-4","Data analysis methods","15","label correlation (4); permutation entropy (3); multilevel thresholding (3); cellular deconvolution (2); global labels (1); significance maps (1); within-subject dependence (1); parametric identification (1); glmms (1); experts versus novices differences (1); group-level tms (1); post-hoc xai (1); within-subject association (1); fdr (1); score normalization (1)"
"607-5","Diverse methods","12","mask-rcnn (1); cross-slice attention (1); visual paired comparison (1); mask rcnn (1); point-voxel network (1); manifold ranking (1); voxel representation (1); masked language mode (1); visual field clustering (1); condition-dependent network comparison (1); single-electrode level metrics (1); temporal pattern visualization (1)"
"608-0","Complex event processing","44","real time (13); real-time systems (8); real-time prediction (7); real-time processing (3); real-time segmentation (3); real-time feedback (3); real-time scheduling (2); real-time performance (2); real-time assessment (2); video-based eye tracking (1); real-time scheduler (1); real-time qrs complex detection (1); automatic laser triggering (1); real-time stiffness control (1); real-time object detection (1)"
"608-1","Computer vision","6","motion capture (14); markerless motion capture (5); markerless tracking (1); multi-platform tracking (1); motion capture measurement (1); markerless human motion analysis (1)"
"608-2","Medical image registration","13","surgical instrument detection (2); imageless navigator (2); combined retinal imaging systems (1); portable data for imaging (1); computer mouse movements (1); unpaired image-to-image translation (1); fast automated stitching of spine (1); image-guide modeling (1); synthetic image generation (1); real-time lumen detection (1); real-time fmri (1); image-to-image generation (1); surgical instrument tracking (1)"
"608-3","Multimodal analytics","9","multi-channel fusion (3); high efficiency video coding (2); high-speed deformation (2); digitizing (1); time series to image conversion (1); sequence digitization (1); multi-viewpoint camera selection (1); large-scale image retrieval (1); low complexity video coding (1)"
"608-4","Internet-based surveillance","7","digital contact tracing (14); digital isolation (2); digitally enabled measurements (1); passive remote monitoring (1); digital redlining (1); digital remote monitoring (1); digital footprinting (1)"
"608-5","Systems integration","5","real time location system (2); sensor-integrated display (1); real-time localization (1); radar system (1); real time location systems (1)"
"609-0","Sequence alignment","31","sequence homology (11); sequence similarity (6); structural similarity (5); functional similarity (3); remote homology detection (3); orthology (2); mirna similarity (1); sequence-vs-structure homology comparison (1); structural superposition (1); cross-chromosomal similarity (1); dna sequence comparison (1); genomic similarity (1); drug functional similarity (1); inter-family similarity (1); target sequence similarity (1)"
"610-0","Medical informatics","14","mobile health app (19); mhealth application (4); personal health record app (2); mobile medical app (2); mobile healthcare application (2); monitoring mobile application (1); medical device communication (1); e-health application (1); mobile personal health record app (1); mobile health platform (1); secure messaging application (1); mobile applications tracking system (1); mobile health record app (1); contact tracing mobile application (1)"
"610-1","Ubiquitous computing","19","mobile applications (441); mobile app (303); mobile application (141); smartphone app (98); smartphone application (37); smartphone applications (16); web app (6); mobile phone application (4); mobile website (2); mobile systems (1); educational gaming application (1); mobile phone applications (1); android mobile application (1); social media application (1); computer application (1)"
"610-2","Computer vision","1","smartphone eye-tracking application (1)"
"611-0","Data preprocessing","43","imbalanced data (44); incomplete data (7); unbalanced data (6); censored data (5); high dimensional data (4); unbalanced dataset (3); noisy data (2); mixed-type data (2); distributed data (2); imbalanced class (2); sparse data (2); incomplete omics data (1); structured data and unstructured data (1); clustering of categorical data (1); incomplete multi-modal data (1)"
"612-0","Model visualization","71","interactive visualization (26); snakemake-based workflow (3); cytoscape app (3); command-line tool (3); wikipedia miner semantic annotator (2); visualization tool (2); web-based visualization (2); composable unix-style tool (1); automatic data mining tool (1); reference-free and manual hi-c curation options (1); data formats for visualization (1); semi-automated ontology development (1); software-implemented prediction model (1); omics notebook framework (1); user-friendly gui (1)"
"613-0","Climate change","18","climate change (20); crops, agricultural (13); heat stress (3); climate-change mitigation (2); allometry (2); global warming (1); climate extremes (1); environmental feedback (1); climate-change impacts (1); transient environments (1); bio-fertilizer (1); climate-change adaptation (1); irrigation efficiency (1); stress induction (1); warming and cooling (1)"
"613-1","Optimization methods","9","selection, genetic (22); coevolution (3); temporal self-evolution (1); wright-fisher dynamics (1); forward-time population genetics (1); continuous trait evolution (1); genetic relatedness (1); genomics cross-exploration (1); temporal interactive evolution (1)"
"613-2","Social dynamics analysis","20","population dynamics (8); natural experiment (2); modeling disease outbreaks (2); ecological model (2); planning under uncertainty (2); exploration and exploitation (1); modeling disease outbreak (1); environmental sound (1); natural systems (1); global hybrid multi-scale (1); plankton dynamics (1); community dynamics (1); disease spread dynamics (1); hierarchical meta-storms (1); multi environments (1)"
"613-3","Optimization methods","2","conservation of energy resources (1); conservation and displacement analysis (1)"
"613-4","Software development lifecycle","5","size constraints (1); vertical partitioning (1); system development life cycle (1); life-course (1); micro activities (1)"
"614-0","Biomedical signal processing","36","cardiac electrophysiology (19); electrocardiograms (10); electrocardiographic imaging (7); fetal ecg (5); single-lead ecg (5); 12-lead ecg (5); 12-lead electrocardiogram (4); single-lead electrocardiogram (3); cardiac function (3); beat-to-beat variability (2); ecg analysis (2); ambulatory electrocardiography (2); automated ecg analysis (2); electrocardiograph (2); holter monitoring (2)"
"615-0","Acoustic signal processing","7","wideband tympanometry (2); automated speech audiometry (1); automated audiometry (1); user-operated audiometry (1); speech audiometry (1); self-assessment audiometry (1); computerised audiometer (1)"
"615-1","Oculomotor testing","4","standard automated perimetry (2); tonometry (1); non contact tonometry (1); applanation tonometry (1)"
"615-2","Uroflowmetry techniques","4","video urodynamic study (1); acoustic uroflowmetry (1); urodynamics (1); sound-based uroflowmetry (1)"
"615-3","High-Resolution Manometry","4","high-resolution manometry (3); manometry (1); upper esophageal sphincter (1); esophageal high-resolution manometry (1)"
"615-4","Health measurement instruments","3","flow mediated dilation (1); speckle vibrometry (1); laser-doppler flowmetry (1)"
"615-5","neuromuscular characterisation","1","nerve conduction studies (1)"
"615-6","Force Myography","1","ergometry (1)"
"616-0","Systems integration","20","query (7); filter (5); extract-transform-load (5); dispatch (2); logical query (2); filter pruning (2); search and query (1); extract, transform, load (1); add (1); block divide-and-conquer (1); run (1); update weighing attributes (1); extract–transformation–load (1); extract-load-transform (1); reverse lookup (1)"
"616-1","Supervised learning","12","learning to rank (11); skip-gram (4); skip connections (3); mixup (3); learning-to-rank (3); fine-tune (2); warm starting (1); generate-and-rank (1); roi fine-tune (1); learn to rank (1); mixup augmentation (1); set transformer (1)"
"616-2","Distributed algorithms","24","step count (9); steps (7); hashing (4); hough transform (2); staver algorithm (1); vortex (1); split read (1); retract-and-reorder (1); step detection (1); retract-and-reorder (rar) (1); hit and run (1); stopp (1); cycle spinning (1); stopp/start v2 (1); moving mesh (1)"
"616-3","Data preprocessing","7","prime editing (2); split read (1); label alignment (1); impute5 (1); recountmethylation (1); trim galore bias (1); outing imputation (1)"
"616-4","Computational workflow management","5","monitor alarm (1); warm starting (1); lock to live (1); alert override (1); function-as-a-service (1)"
"616-5","Copy-paste automation","6","copy-paste (3); copy and paste (2); click-through rate (1); pick off tool (1); automate (1); caller tunes (1)"
"617-0","Neural networks","19","attention u-net (3); resnet18dnn (2); xception-resnet50 (1); aaanalysis framework (1); mbc pathnet (1); neurotech- nology (1); deepcontrol (1); modafold (1); attention mecha- nism (1); resnet-18 (1); convmedsegnet (1); disco-r (1); mutli-attention (1); clinical archetypes (1); shiftvit (1)"
"617-1","Imaging biomarkers","6","oncophysics (1); oncotop (1); mcrdr (1); onco-trec (1); oncosimulator (1); breast cancer cadx (1)"
"617-2","Brain parcellation","7","neurology (76); neuro-fuzzy (2); neuroevolution (2); sci-expanded (1); neuroalgorithms (1); neurofabric (1); neuroformer (1)"
"617-3","Computational biology","3","visium (3); ophthalmic (2); braincheck (1)"
"617-4","Computational biology","15","pasc (5); metapaths (2); woa (2); orthosiphol (1); phonetics (1); procoggraph (1); otocalc (1); mirsponger (1); clinicalconnect (1); narcissin (1); pathbot (1); edhs (1); cellchat (1); mbc pathnet (1); clinical resaerch (1)"
"617-5","Medical informatics","34","rxnorm (23); ios (7); visium (3); netlogo (2); amsterdamumcdb (1); emacs lisp (1); orphanet (1); bacexplorer (1); geofence (1); lexevs (1); dermatomes (1); cutfem (1); nanopolish (1); webceph (1); webtool (1)"
"617-6","Medical informatics","29","infodemiology (227); servqual (5); technostress (4); apriori (3); isudorology (2); mis-c (1); stakeholder studio (1); social meda (1); popmednet (1); clinical corpora (1); ecardiology (1); teletrauma (1); treesummarizedexperiment (1); metastudy (1); researchgate (1)"
"618-0","Health measurement instruments","4","edinburgh postnatal depression scale (epds) (1); state trait anxiety inventory (stai) (1); hamilton anxiety test (ham-a) (1); beck depression inventory-ιι (1)"
"618-1","Disease subtyping","7","snoring (sn) (1); cough variant asthma (cva) (1); sleep apnea and hypopnea (sahs) (1); pulmonary fibrosis exacerbated (pfe) (1); pulmonary fibrosis (pf) (1); childhood asthma control test (c-act) (1); sleep apnea (sa) (1)"
"618-2","Imaging reporting systems","2","breast imaging reporting and data system (bi-rads) (5); prostate imaging and reporting data system (pi-rads) (1)"
"618-3","Clinical trials","2","bacille calmette guerin (bcg) (1); sars-cov-2 (severe acute respiratory syndrome coronavirus 2) (1)"
"618-4","explaining classifier’s predictions","2","shapley addictive explanations (shap) (1); shap (shapley additive explanation) (1)"
"618-5","neuromuscular characterisation","7","adolescent idiopathic scoliosis (ais) (2); temporomandibular joint (tmj) (1); prodynorphin (pdyn) (1); mild traumatic brain injury (mtbi) (1); temporomandibular joint disorder (tmd) (1); motor symptoms (mds-updrs-iii) (1); cardiopulmonary resucitation (cpr) (1)"
"618-6","Feature selection","2","area deprivation index (adi) (1); age/gender-matched (1)"
"618-7","Technology adoption models","2","aal (ambient assisted living) (1); adolescent and young adult (aya) (1)"
"618-8","Assisted reproductive techniques","1","in vitro fertilization (ivf) (1)"
"618-9","Health measurement instruments","1","iaq (indoor air quality) (1)"
"619-0","Multimodal analytics","20","multimodal data fusion (15); multimodal feature fusion (8); multimodal information fusion (6); multi-modality fusion (3); multi-modal data fusion (3); multimodal image fusion (2); multimodal medical image fusion (2); multimodal imaging integration (1); multi-view dynamic fusion (1); multimodal sensor fusion (1); multi-modal medical image fusion (1); multimodal medical-image fusion (1); trimodal medical image fusion (1); multi modal fusion (1); multimodal information (1)"
"619-1","Atlas-based segmentation","1","multi-atlas fusion (1)"
"619-2","Biomedical imaging modalities","3","cross-domain medical image generation (1); multi-modal medical image (1); medical hyperspectral imagery (1)"
"619-3","Multimodal analytics","1","multi-modality visualization (1)"
"620-0","Protein structure determination","6","sars-cov-2 main protease (3); polyproteins (3); integrases (2); viral helicase nsp13 (1); ns5-mtase (1); ns5b (1)"
"620-1","Metabolic flux analysis","18","peptide synthases (5); polyketide synthases (5); nucleotidyltransferases (1); laccase (1); bacillus subtilis lipase a (1); 2-trans enoyl-acyl carrier protein (1); de novo biosynthesis (1); endodeoxyribonucleases (1); alkb homolog 5, rna demethylase (1); alkyl and aryl transferases (1); intramolecular transferases (1); micrococcal nuclease (1); geranylgeranyl-diphosphate geranylgeranyltransferase (1); tetraacyldisaccharide 4′-kinase (1); homo-tetrameric enzyme (1)"
"620-2","DNA damage assay","3","mutseqr (1); cell free dna (1); rad51 inhibitor (1)"
"620-3","Post-translational modifications","8","calmodulin (2); e3 ligase (1); lysine 2-hydroxyisobutyrylation (1); dual-specificity phosphatases (1); e17k (1); histidine phosphorylation (1); usp7 (1); p38α map kinase inhibitors (1)"
"620-4","Microsimulation methods","5","microsomes, liver (2); protein thermostability (1); thermostability (1); antifreeze protein (1); phenylthiohydantoin (1)"
"621-0","Computational biology","26","computational biomechanics (4); mechanical engineering (3); bone quality and biomechanics (2); tissue biomechanics (2); human gait analysis (2); adaptive fusion kinematics (1); cardiac biomechanics (1); upper-limb biomechanics (1); brain biomechanics (1); cardiovascular biomechanics (1); pulmonary biomechanics (1); bone biomechanics (1); human joint kinematics (1); micromechanics (1); cardiac tissue engineering (1)"
"622-0","Diverse methods","21","app-based (5); text-based (4); technology-based (3); cloud-based (3); computer-based (2); multi contact-based (1); machine-driven (1); metadata-driven (1); sas-based (1); network-based (1); dictionary-based (1); location-based system (1); data-knowledge-driven (1); sensor-based (1); corpus-based (1)"
"622-1","Modeling approaches","19","coarse-to-fine (4); model-based (2); sequence-based (2); distanced-based (1); corner-based (1); probability-based (1); graph-oriented (1); model-free (1); model-driven (1); gaussian-based (1); rule based (1); density-based (1); element-wise (1); optimization-free (1); mlp-based (1)"
"622-2","Pseudo-labeling methods","2","semi-supervised (18); weakly semi-supervised (1)"
"622-3","Diverse methods","8","subject-specific (1); ehr-driven (1); gaming-based (1); event-aware (1); symptom-based (1); user-centric (1); user-driven (1); scenario-based (1)"
"622-4","Feature extraction","9","boundary-aware (2); performance-based (2); calibration-free (2); length-independent (1); rotation-tolerant (1); page-count-based (1); boundary-based (1); attribute-centric (1); memory-efficient (1)"
"623-0","Biomedical imaging modalities","43","radiology and imaging (26); radiographic image enhancement (9); imaging modalities (6); medical image diagnosis (6); ct imaging (5); medical diagnostic imaging (4); pulmonary imaging (4); breast imaging (4); radiological images (3); computed tomography imaging (2); magnetogastrography (2); low-dose ct imaging (2); x-ray angiograms (2); radiological imaging (1); neuroradiography (1)"
"624-0","Health measurement instruments","30","physical examination (38); medical history taking (19); medication history (6); dental records (6); history taking (4); cervical auscultation (3); white blood cell classification (3); physical examination data (2); computerized history taking (2); chief complaints (2); chief complaint (2); computer-assisted history taking (2); medical inquiries (1); respiratory system physical examination (1); distance medical examination (1)"
"625-0","Emotional state detection","19","emotion recognition (74); emotion regulation (15); emotion detection (4); emotional intelligence (3); emotional regulation (2); emotion expression (2); mindful eating (1); emotion perception (1); recognition emotions (1); emotional stimulus (1); emotional response (1); guilt proneness (1); emotion re-cognition (1); affective learning (1); affect regulation (1)"
"625-1","Working memory","32","heuristics (39); memory (24); cognitive control (6); multimodal integration (5); meta-heuristics (3); cognitive biases (3); mental fatigue (3); cognitive effort (2); inhibitory control (2); declarative expressions (1); cognitive demand (1); orientation congruency (1); cognitive accessibility (1); cognitive environment (1); perceptual enhancement (1)"
"625-2","Information behavior","14","searching behavior (4); decision conflict (3); implicit bias (3); multi-criterion decision making (2); risk-averse off-target assessment (1); behavioral prediction (1); evaluative conditioning (1); risk taking tendencies (1); framing effects (1); intention-behavior relationship (1); vicarious reinforcement (1); deliberative interaction (1); cue reactivity (1); behavior strategy (1)"
"625-3","Group-based learning","8","social learning (4); stress reactivity (1); ingroup favoritism (1); social intelligence (1); perspective-taking (1); gestural reactions (1); social cognition (1); social cue (1)"
"625-4","Personalized interventions","9","self-regulation (16); personality traits (8); big five personality (2); candidate predictor (1); belief accuracy (1); self-description (1); parallel intelligence (1); periperative trait anxiety (1); internet-specific epistemic beliefs (1)"
"626-0","Multimodal analytics","19","multi-channel (4); multi-class (3); multi-resolution (3); multiresolution (2); multi-dimensional (2); multichannel (2); multi modalities (1); viewpoints (1); multi-lens (1); multichannel measure (1); two-channel (1); multi-threshold (1); multi-electrode array (mea (1); multi-direction (1); multi-wavelength (1)"
"626-1","Biomedical imaging modalities","7","diffusion (39); diffusion and confusion (1); fibre direction (1); label diffusion (1); full coverage (1); lateral resolution (1); multiple slices (1)"
"626-2","Computer vision","11","time-motion (2); noncontact (1); anti-aliasing (1); long-term recordings (1); non-cartesian coordinates (1); live versus recorded (1); standard plane (1); single accelerometer (1); low snr (1); single-source (1); miscentered position (1)"
"626-3","Cross-domain generalization","15","scale-up (9); zero-shot (6); high dimensionality (4); multifractal (3); back propagation (2); deep views (2); cross-lingual (2); dual-view (2); dense connectivity (1); high dimension (1); partial labeling (1); orthogonal array (1); model reconstruction from literature (1); unimodal (1); orthogonal projection (1)"
"626-4","Microgravity methods","5","microgravity (2); number of excitation (1); nonsymmetric (1); rotating frame (1); far-field (1)"
"627-0","Data analysis methods","45","meta-analysis (377); sensitivity analysis (31); publication bias (12); network meta-analysis (9); global sensitivity analysis (8); meta-analyses (8); effect size (8); subgroup analysis (7); meta-regression (5); meta analysis (4); meta-model (3); model-based meta-analysis (2); robustness analysis (2); network meta-analyses (2); heterogeneous recurrence analysis (2)"
"628-0","Molecular dynamics","41","molecular dynamics simulation (172); molecular dynamics (95); molecular docking simulation (90); molecular dynamics simulations (34); md simulation (26); molecular dynamic simulation (15); md simulations (12); molecular simulation (6); molecular dynamic simulations (5); molecular dynamics (md) (5); molecular simulations (3); binding pose metadynamics (2); molecular dynamics (md) simulation (2); umbrella sampling simulation (2); moving particle simulation (1)"
"628-1","Molecular docking methods","4","molecular docking simulation (90); molecular docking and molecular dynamics simulation (1); multi-spectroscopy and molecular dynamics simulation (1); molecular docking and simulation (1)"
"628-2","Computational Fluid Dynamics","5","computational fluid dynamics (96); computational fluid dynamics simulation (4); computational fluid-particle dynamics (3)"
"628-3","Modeling approaches","4","reaction-diffusion simulations (1); moving particle simulation (1); reaction–diffusion simulations (1); pbpk/pkpd modeling and simulations (1)"
"629-0","Atlas-based segmentation","62","segmentation (309); wound segmentation (4); nucleus segmentation (4); roi extraction (4); left ventricle segmentation (3); tongue segmentation (3); retinal layers segmentation (3); cerebrovascular segmentation (3); vertebra segmentation (3); aorta segmentation (2); pupil segmentation (2); lv segmentation (2); intracerebral hemorrhage segmentation (2); pelvis and femur segmentation (1); retinal vessels segmentation (1)"
"630-0","Online learning","41","blended learning (16); unified theory of acceptance and use of technology (16); web-based learning (7); web-based training (5); technology-enhanced learning (5); case-based learning (5); game-based learning (4); virtual learning (3); digital game-based learning (3); simulation-based learning (3); opposition-based learning (3); instructional technology (2); interactive learning (2); computer-aided learning (2); prompt-based learning (2)"
"632-0","Attention mechanisms","3","stroop task (2); go-nogo shooting task (1); stop-signal task (1)"
"632-1","Diverse methods","3","iowa gambling task (1); heuristics, think-aloud (1); decision-making tasks (1)"
"632-2","Multitask learning","9","multi-task (7); dual task (5); dual-task (5); task-shifting (2); task shifting (2); task switching (1); task interacted block (1); dual task cost (1); motor and cognitive dual task (1)"
"632-3","Attention mechanisms","5","eye-tracking experiment (1); cognitive load experiments (1); block-attention (1); comparative visual search task (1); visual task (1)"
"632-4","Motor imagery","3","motor imagery (55); finger motor imagery (1); leg agility (la) task (1)"
"632-5","Acoustic signal processing","4","multilingual speech tasks (1); test naming conventions (1); verbal fluency task (1); word error rate (1)"
"632-6","Cognitive task analysis","12","tasks (2); task specificity (2); task completion time (2); mental task (1); meta-learning paradigm (1); probing tasks (1); task demands (1); pattern repetition (1); cognitive task recognition (1); task recognition (1); task assignment (1); task force (1)"
"633-0","Omics","64","multi-omics data integration (20); multimodal data integration (10); omics data integration (7); multiomics integration (7); heterogeneous data integration (3); biological data integration (2); multi-omics fusion (2); multimodal omics integration (2); genomic data visualization (2); omics integration (2); semantic data integration (2); omics data visualization (2); data discoverability (2); biomedical information integration (1); depmap data integration (1)"
"634-0","H&E staining","6","hematoxylin and eosin (2); hematoxylin and eosin staining (2); hematoxylin–eosin (1); nissl stain (1); hemotoxylen and eosin (1)"
"635-0","Flow cytometry panels","37","cytological techniques (23); microbiological techniques (5); bacterial typing techniques (5); molecular diagnostic techniques (3); molecular subtyping (3); alkaline phosphatase (2); hemagglutination inhibition tests (2); cervical cytology (2); cervicography (1); liquid-based cytology (1); trichoscopy (1); breast histopathology and cytology (1); cervical intraepithelial neoplasia (1); nasal cytology (1); drug-susceptibility testing (1)"
"636-0","Ubiquitous computing","23","context (17); context-aware (10); context awareness (6); context-awareness (4); context modeling (3); context aggregation (2); context features (2); context information (2); research questions (1); context learning (1); context vectors (1); context factors (1); context & sentiment (1); context aware services (1); context sensing (1)"
"637-0","Qualitative research","22","psychological theory (16); positive psychology (12); social theory (9); social cognitive theory (7); decision theory (6); social psychology (4); behavioral theory (4); behavior control (4); behavior change theory (3); psychological models (2); counseling psychology (2); prospect theory (1); psychological dimensions (1); behavior theories (1); behavioral theories (1)"
"637-1","Qualitative research","4","grounded theory (19); dynamic psychological measurement (1); computational grounded theory (1); rasch measurement theory (1)"
"637-2","Modeling approaches","4","structural information theory (1); operations research, queue, queuing theory (1); moment theory (1); mixture theory (1)"
"638-0","Penalized regression","35","logistic regression (134); cox regression (8); multinomial logistic regression (7); multivariate regression (3); conditional logistic regression (3); logistic regression analysis (2); multivariate logistic regression (2); ordinal logistic regression (1); particle-memetic multivariable logistic regression (1); nonparametric multivariate analysis (1); lasso logistic regression (1); multiclass logistic regression (1); two-step logistic regression (1); contrast pattern aided logistic regression (1); multiple-variant linear/logistic regression (1)"
"639-0","Information theory","28","mathematics and computing (62); vision transformers (14); mathematical concepts (10); cellular automata (7); artifical intelligence (5); bag of words (4); cellular automaton (3); dialog systems (3); evolutionary computing (3); reframe aging (1); topic modeling: disease (1); nature-inspired (1); handcrafted radiomics (1); neural networks (computer) [mesh] (1); information theory and computation (1)"
"639-1","Medical informatics","12","system medicine (2); biomedical corpora (2); medical concept (1); medical cognitive systems (1); systems inference (1); bioinformatics and virtual reality (1); origin of bioinformatics (1); biomedical systems (1); synthetic healthcare data (1); jeffrey microbial trihybrid nano-blood (1); medical fundamental models (1); network and systems medicine (1)"
"639-2","Chromosome conformation capture","7","epigenesis, genetic (82); biological models (19); biological clocks (3); biomimetics (2); hub molecules (1); bio-electromagnetics (1); computers, molecular (1)"
"639-3","Human-computer interaction","16","human learning (22); sociotechnical systems (12); sociotechnical system (6); social robotics (6); virtual worlds (4); socio-technical systems (3); human intelligence (2); human factors and engineering (1); socio-technical system (1); cognitive systems engineering (1); social tagging systems (1); nielsen heuristics (1); amplification theory of technology (1); human intellectual tasks (1); cognitive information systems (1)"
"639-4","Information theory","8","mathematics and computing (62); mathematical concepts (10); fractals (7); cellular automata (7); cellular automaton (3); quantum circuits (1); magnetometers (1); quantum algorithms (1)"
"640-0","Logic programming","26","logical observation identifiers names and codes (15); association rules (10); event sequence (3); rule generation (2); feature description (2); catalogs as topic (1); logical definitions (1); event information (1); text-based augmented supporting system (1); key external text (1); auxiliary information (1); coding rules (1); evidential networks (1); archetype development process (1); ordering preference list (1)"
"640-1","Text summarization methods","9","extractive summarization (3); textual summarization (2); multi-document summarization (2); textual description (1); full-text mentions (1); preliminary ranking list (1); query-focused text summarisation (1); pragmatic-explanatory continuum indicator summary-2 (1); textual data (1)"
"640-2","Computational workflow management","15","synthetic tabular data (2); sequential order (1); basic (data-related) technology (1); dynamic documents (1); source-to-source compilation (1); copying process (1); hash table (1); succinct data structures (1); instructional sequence (1); dataflow diagram (1); soft-label information (1); flow of information (1); structured output (1); tabular dataframes (1); indexable genotype data (1)"
"640-3","Data collection","7","verifiable credentials (2); user generated content (2); consumer-generated content (1); nonfungible tokens (1); self-disclosed information (1); content and functions (1); system-generated information (1)"
"640-4","Medical informatics","8","specific application domain (sad) heuristics (1); structured findings (1); code list (1); specific locator reference object (1); disease-related knowledge (1); item catalogs (1); structured drug information (1); clinical code sets (1)"
"641-0","Biomedical signal processing","30","signal processing (80); biosignal processing (9); ecg signal processing (8); digital signal processing (7); signal filtering (3); eeg signal processing (3); audio signal processing (2); ecg processing (2); geometry processing (1); temporal ecg processing (1); multimodal data processing (1); electrical signal processing (1); time-domain signal processing (1); electrocardiogram signal processing (1); cardiac signal processing (1)"
"642-0","Acoustic signal processing","39","speech (47); linguistics (27); speech processing (6); corpus linguistics (5); psycholinguistic analysis (4); child development disorders, pervasive (4); distributed cognition (4); computational linguistics (3); clinical language processing (3); human movement analysis (3); psychology and behaviour (3); linguistic morphology (3); chinese natural language processing (2); psychomics (2); history of science (2)"
"643-0","Healthcare predictive modeling","54","recurrence prediction (5); neoplasm grading (5); lymphoma segmentation (5); recurrence plots (4); relapse prediction (3); recist (3); lymph node metastasis prediction (2); recurrence plot (2); prostate cancer segmentation (2); multi-pathology detection (2); prognosis signature (2); tissue microarray (tma) core segmentation (1); heterogeneous recurrence quantification (1); melanoma prediction (1); radiomics feature (1)"
"644-0","Network-based inference","33","directed acyclic graph (12); bipartite graph (5); shortest path (4); shortest dependency path (3); directed acyclic graphs (3); shortest dependency paths (2); directed graph mapping (2); algebraic graphs (1); hierarchical topology (1); regular graph (1); maximum weight bipartite subgraph (1); entity-pair graph (1); evolving bipartite graphs (1); sparse graph (1); syntactic dependency graph (1)"
"644-1","Graph representation learning","2","graph isomorphism network (2); graph isomorphism networks (1)"
"644-2","Metric learning","7","riemannian manifold (4); riemannian manifolds (2); elastic riemannian metric (1); riemannian distance (1); riemannian tangent space (1); riemannian network (1); riemannian metric (1)"
"644-3","Graph representation learning","6","graph laplacian (5); topological laplacians (1); topological consistency (1); graph topology (1); topological spaces (1); smoothness on graph (1)"
"644-4","Intersection over Union","2","intersection-over-union (1); generalized intersection over union (1)"
"644-5","Graph representation learning","5","medical multi-grained evolutionary graph (1); heterogeneous graph construction (1); coupled heterogeneous graph (1); common topologies of multiple graphs (1); directed fusion graph (1)"
"644-6","Graph representation learning","2","high-dimensional graphs (1); soft random geometric graphs (1)"
"644-7","Dimensionality reduction","1","projection onto convex sets (1)"
"646-0","Data analysis methods","24","statistical analysis (37); multiple testing (6); statistical testing (4); hypothesis testing (4); test statistics (3); statistical tests (2); association testing (2); multiple hypothesis testing (2); statistical hypothesis testing (2); statistical assessment (2); permutation-based hypothesis testing (1); statistical significance tests (1); statistical correlation (1); binary hypothesis testing (1); p value (1)"
"647-0","Data analysis methods","9","voting (4); majority voting (4); deep voting (1); consensus voting (1); majority vote (1); combinational majority voting (1); quadratic voting (1); ensemble voting (1); weighted voting (1)"
"648-0","Clinical research methods","27","genetic testing (82); genotyping techniques (60); polymerase chain reaction (43); fluorescence in situ hybridization (19); real-time polymerase chain reaction (18); dna probes (9); comparative genomic hybridization (9); pcr-based techniques (9); reverse transcription polymerase chain reaction (8); multilocus sequence typing (7); nucleic acid amplification techniques (3); rna probes (3); dna fingerprinting (3); enzyme-linked immunosorbent assay (3); nucleic acid amplification (2)"
"649-0","Time series analysis","39","wavelet analysis (63); time series analysis (36); fourier analysis (17); time-series analysis (15); temporal analysis (13); time-frequency analysis (12); time–frequency analysis (6); detrended fluctuation analysis (4); time-domain analysis (2); spectrogram analysis (2); power spectral analysis (2); ultra-short term hrv analysis (2); cepstral analysis (2); frequency domain analysis (2); time-series data analysis (2)"
"650-0","Bayesian statistics","10","pairwise interaction (1); fine-mapping posterior probability (1); heterogeneous gene gain/loss rates (1); gene specific f-score (1); credible sets (1); logarithmic fold change (1); snp–snp interactions (1); gene score (1); genetic relationships among traits (1); gene-specific score (1)"
"650-1","Multiple testing corrections","8","false positives (3); false match rate (1); posterior predictive p-value (1); credibility of predictive models (1); fdr confidence interval (1); in silico sensitivity and specificity (1); false-positives (1); empirical p-values (1)"
"650-2","Evaluation frameworks","17","log-likelihood ratio (2); t-score (1); normalized discounted cumulative gain (1); maximized inter-class weighted mean (1); ranking functions (1); ranked lists (1); linear combination (1); auxiliary loss weights (1); combined positive score (1); variable importance ranking (1); relative importance of variables (1); combination sensitivity score (1); ai helpfulness and accuracy (1); utility coefficients (1); autoscore (1)"
"650-3","Metric learning","4","k-nearest neighbours (2); relaxed hamming distance (1); k nearest neighbours (1); nearest neighbor (1)"
"650-4","Metric learning","6","connectivity score (2); degree of overlap (1); overlap score (1); overlapping score (1); correlation between probabilities of recurrence (1); domain overlapping score (1)"
"650-5","Data analysis methods","14","sperm head morphological descriptor (1); linear combination (1); comma-separated value (1); threshold alignment score (1); user-specified parameters (1); predicted age (1); bounded support regions (1); center of mass (1); window protection score (wps (1); low sampling rate (1); variable-length (1); threshold value (1); hue-saturation-value (1); α trimmed mean (1)"
"650-6","Kalman filtering","2","different measures of stillbirth rates (1); dynamic transmission rate (1)"
"651-0","Ultrasound imaging","5","carotid ultrasound (6); carotid artery ultrasound (2); automated six carotid risk phenotypes (1); carotid artery intima-media thickness (imt) (1); cerebrovascular analysis (1)"
"651-1","Coronary artery calcification","8","coronary artery calcium (2); coronary artery calcification score (cacs) (2); coronary artery calcium (cac) scoring (1); cac score (1); coronary artery calcification(cac) (1); coronary artery calcification score (1); coronary artery calcification (cac) (1); coronary artery calcium score (1)"
"651-2","Health measurement instruments","2","left ventricle quantification (1); cardiac adipose tissue quantification (1)"
"651-3","Imaging biomarkers","2","plaque characterization (2); plaque perfusion analysis (1)"
"651-4","diabetic retinopathy grading","4","diabetic retinopathy grading (9); retinal vessel extraction (1); diabetic retinopathy (dr) grading (1); vessel width measurement (1)"
"651-5","Illness severity index","1","obstructive sleep apnea (osa) severity (1)"
"652-0","Acoustic signal processing","24","voice biomarkers (10); speech enhancement (3); audio features (3); audio classification (3); voice ai (2); speech classification (2); speech biomarkers (2); audio modality (2); auditory classification (1); audio based (1); speech modalities (1); speech envelope (1); audio augmentation (1); voice detection (1); voice pathology (1)"
"652-1","Dialogue systems","4","speech acts (4); silent speech interface (1); clinical language variants (1); speech intentions (1)"
"652-2","Biomedical signal processing","6","psychophysiological computing (3); pelvic floor (2); spatiotemporal gait (1); handwriting database (1); somatosensory dance (1); neurological signal (1)"
"653-0","Clinical trials","18","randomized controlled trials as topic (55); feasibility study (23); control trial (3); cluster trial (3); crossover trial (2); randomization module (1); feasibility rct (1); randomized discontinuation (1); low power design (1); placebo control (1); randomization test (1); pilot trial (1); dose escalation design (1); dose-escalation design (1); open-label (1)"
"653-1","Clinical trials","9","clinical trials, phase ii as topic (3); clinical protocol (3); clinical trials, phase i as topic (1); development study (1); clinical trial start-up (1); regulated pivotal study (1); inception phase (1); clinical trials, phase iii as topic (1); protocol feasibility (1)"
"653-2","Study design distribution","6","multicenter studies as topic (6); multi-center distribution (1); multi-center learning (1); multicenter analysis (1); multi-institutional reliance (1); multicenter classifier (1)"
"653-3","Research goals","14","eligibility (7); follow-up loss (1); cohort development (1); recruitment optimization (1); longitudinal learning (1); patient-trial matching (1); longitudinal registration (1); group-level (1); cohort curation (1); longitudinal trial (1); research cohort (1); recruitment platform (1); observational supervision (1); follow-up strategy (1)"
"653-4","Clinical research methods","18","validation studies as topic (6); long-term effect (5); benchmarking study (3); comparison study (2); long-term intervention effect (1); verification of clinical trial effects (1); evaluation study as topic (1); state-of-the-art evaluation (1); sample size determination (1); scenario survey (1); feasibility search (1); treatment arm selection (1); short-term effect (1); outcome study (1); effect study (1)"
"653-5","Clinical trials","11","mimic-iii dataset (2); mhealth trial (1); promethee ii method (1); safe-ai protocol (1); mavericc clinical trial (1); per-label attention (1); precise curate.ai pilot clinical trial (1); multitherapy dataset (1); consort-ai (1); safety-ii (1); intent analysis (1)"
"653-6","Clinical trials","10","remote trials (4); pragmatic clinical trials as topic (4); remote trial (2); remote study (1); combination therapy design (1); deployment study (1); ablation study (1); implementation trial (1); hybrid trial (1); ambulatory study (1)"
"654-0","Biomedical imaging modalities","58","phantoms, imaging (17); bioluminescence imaging (9); thermal imaging (9); multimodal imaging (7); 3d imaging (6); radionuclide imaging (5); x-ray imaging (3); phase contrast imaging (2); tomographic imaging (2); parametric imaging (2); intravascular imaging (2); whole body imaging (2); perfusion imaging (2); multi-modal acquisition (1); 3d quantitative phase imaging (1)"
"655-0","surface plasmon resonance","21","electric impedance (6); magnetic field (5); dielectric properties (3); electric field (3); electrical conductivity (2); electromagnetic fields (2); magnetic flux density (1); external magnetic field (1); internal magnetostatic multipole moments (1); pulsed electric field (1); artificial magnetic conductor (1); asymmetric susceptibility tensor (1); magnetic fields (1); electric current density (1); attenuation coefficient (1)"
"655-1","Multiscale modeling","3","melt zone (1); force field (1); volumetric flow rate (1)"
"655-2","Feature extraction","13","polydisperse particle distribution (1); electrode density (1); harmonic field (1); equivalent diffusion coefficient (1); maximum energy concentration (1); microkpnn-mt (1); mode energy ratio (1); normalized gradient fields (1); nanoparticle shape factor (1); reduced density gradient (1); density ratio (1); factor lattice pattern (1); geometrical moments (1)"
"655-3","Boundary conditions","9","elasticity coefficient (2); stress distribution (2); strain energy density (1); tetrahedral node (1); thermal buoyancy (1); shear rate (1); displacement vector (1); piezoelectric element (1); inner stress distribution (1)"
"655-4","X-ray imaging","2","low tube voltage (1); received signal strength (1)"
"656-0","Drug design","16","steroids (6); antidepressants (5); uric acid (4); acetaminophen (2); modafinil (2); iron chelation (1); antifungal (1); gamma-globulins (1); antitubercular (1); brolucizumab (1); ace inhibitors (ace-i) (1); telaglenastat (1); ace-r (1); auranofin (1); duloxetine (1)"
"656-1","Drug delivery systems","8","infusions, intravenous (6); topical (1); crystalloids (1); bladder irrigation (1); swallowable-capsule (1); inhaler technique (1); administration, intravenous (1); medication delivery system (1)"
"656-2","Mechanical ventilation","7","mechanical ventilation (31); ventilators (5); ventilators, mechanical (2); mechanical ventilator (2); home mechanical ventilation (1); monitoring, ambulatory/instrumentation (1); mechanical ventilators (1)"
"656-3","Personalized interventions","20","diabetic (11); dynamic treatment regime (3); stimulant misuse (2); pss-10 (1); regimen recommendation (1); tobacco treatment (1); icbt-i (1); daily routine (1); stabilized sleep timing (1); smoking therapy (1); self-titration (1); e-medication (1); dynamic treatment regimen (1); pulsatile stimulation (1); anesthesia-controlled time (1)"
"656-4","Optimization methods","24","active control (3); backpropagation (3); crs-r (3); smbg (2); agent-based (2); dfa (2); n-grams (2); iptw (1); qeppi (1); acegpt (1); ml/dnn (1); tpmt (1); multi-agent planning (1); patch-based (1); opmd (1)"
"657-0","Health measurement instruments","54","reference values (11); error correction (9); accuracy assessment (5); edit distance (5); false positive reduction (4); measurement error (4); error rate (3); error detection (2); error propagation (2); imprecision (2); precision of merit (2); systematic error (2); center loss (2); accuracy measurement (1); calibration weighting (1)"
"658-0","Preclinical research","28","disease models, animal (30); mice, inbred c57bl (19); animal disease models (12); mice, transgenic (11); mice, knockout (9); embryo, mammalian (7); animal models (2); mice, inbred strains (2); animal model (2); mice, inbred nod (2); infectious disease models (1); sciatic mouse model (1); mouse model (1); preclinical disease model (1); non-human primates (1)"
"659-0","Data collection","55","surveys and questionnaires (477); questionnaires (70); online survey (33); web-based survey (18); web-based surveys (5); internet survey (5); mixed-mode survey (3); mobile phone survey (3); web-based data collection (3); online surveys (2); mobile device proficiency questionnaire (2); questionnaires and surveys (2); mobile phone surveys (2); quantitative survey (2); survey response (1)"
"660-0","Medical informatics","24","health level seven (24); health level 7 (6); healthcare it (4); bcs health (3); organisation for the review of care and health apps (2); primary care informatics (2); health care it (1); healthcare eeg (1); public-private key (1); healthcare iot (1); health it safety (1); health care ai (1); collaborative health it (1); health it innovation (1); cpoe/health informatics implementation (1)"
"660-1","Healthcare predictive modeling","12","ai in healthcare (8); learning healthcare (3); translational science benefits model (2); healthcare ai (2); healthtech (1); health ai (1); medical service recommendation (1); cancer information overload (1); health cost prediction (1); integrated clinical research ensembles (1); impact-data (1); healthcare prediction (1)"
"660-2","Medical informatics","11","healthcare ecosystem (2); digital health transformation (2); technological health divide (1); digital health ecosystems (1); digital health innovation ecosystem (1); health care ecosystem (1); health ecosystem (1); ehealth. (1); first-perspective health solutions (1); public service innovation (1); environmental public health tracking (1)"
"660-3","Medical informatics","9","consumer health vocabulary (7); fitness app (3); consumer health it (2); health and welfare technology (2); health tracker (1); health device (1); health education. (1); health and fitness apps (1); consumer health queries (1)"
"660-4","Modeling approaches","7","health professional amplifier (1); surgical oncology scene (1); care navigation (1); health care organization modeling (1); health-care service innovation (1); health care simulation (1); medical service recommendation (1)"
"660-5","Health research methods","6","health drivers (2); health confidence (1); risk innovation (1); health care avoidance (1); risk signaling (1); risk graphics (1)"
"660-6","Medical informatics","2","mental health informatics (4); health application education effectiveness (1)"
"661-0","Qualitative research","14","social sciences (41); ethnography (17); sociology (8); health humanities (3); social research (2); humanities (1); anthropology (1); gender studies (1); socials (1); ‘aging’ (1); contemporary issues (1); journalism (1); social anthropology (1); biological anthropology (1)"
"661-1","Gerontechnology methods","11","gerontechnology (8); health consciousness (5); history of medicine (1); health linguistics (1); humanistic gerontology (1); venereology (1); health behavior lifelogs (1); psychedelic (1); physiatry (1); gerotechnology (1); ethnic medicine (1)"
"661-2","Species specificity","8","biodiversity (39); ecology (21); embryology (9); ecophysiology (2); journalogy (2); biotribology (1); polypathology (1); natural sciences (1)"
"661-3","Data analysis methods","13","psychology (96); cognitive neuroscience (28); child development (16); psychological profiles (1); psychological profile (1); psychology and psychiatry (1); psychology, applied (1); psycho-physiology (1); teleneuropsychology (1); psychological test (1); engineering psychology (1); psychological inoculation (1); psychological trends (1)"
"661-4","Data analysis methods","3","mena econometrics (1); econometric (1); mental accounting (1)"
"661-5","Postmortem tissue processing","2","forensics (2); criminology (1)"
"661-6","Sentiment analysis","7","public opinion (39); infodemics (4); academic journal (1); citizen opinion (1); journal erratum (1); information ecologies (1); social bots (1)"
"661-7","Modeling approaches","2","typology (2); ames (1)"
"662-0","High-throughput screening","10","rna design (2); sgrna design (2); knockdown experiment (1); crispr design software (1); antisense rna design (1); rna sequence design (1); gene silencing efficacy (1); tcr sequence design (1); grna design (1); 24-nt sirna (1)"
"662-1","Gene library construction","14","gene library (95); in silico cloning (5); dna encoding (1); plasmid genes (1); barcode (1); plasmidome (1); promoter design (1); gibson assembly (1); gene construction and assembly (1); linker generation (1); 3-frame cdna library (1); eccdna-pipe (1); poly(a) tag (1); cloning (1)"
"662-2","Drug design","7","protein design (67); protein sequence design (4); epitope detection (1); tcr sequence design (1); protein kinase tagging (1); protac linker design (1); cdr sequence design (1)"
"662-3","Sensor-based instrumentation","8","lab-on-a-chip (38); blotting, western (7); pcr (4); primer design (3); pcr primer design (2); chromatography, affinity (1); electroporation time (1); microinjections (1)"
"662-4","Sequence alignment","18","sequence analysis, dna (1201); sequence analysis, rna (816); sequence analysis, protein (297); sequencing (51); molecular generation (7); sequence design (3); subtractive genomics (3); six-frame translation (2); knockoffs (2); de novo molecular design (1); nucleotide transformer (1); molecular design (1); mutation strategy (1); sequence forward selection (1); aptamer generation (1)"
"663-0","Optimization methods","55","particle swarm optimization (38); bayesian optimization (23); hyperparameter optimization (13); expectation maximization (6); quadratic optimization (3); regularized constraint programming (2); integer linear programming (2); expectation–maximization (2); expectation-maximization (2); hyper-parameter optimization (2); mixed-integer programming (2); residual error minimization (2); multi-objective ant lion optimization (1); auc-maximization (1); fast orthogonal search (1)"
"664-0","Multimodal analytics","36","multimodal ai (4); surgical instrument segmentation (3); cross-modality translation (2); near-lossless compression (2); high-resolution explanations (1); multifeature fusion (1); imaging metabolomics (1); virtual colonoscopy simulator (1); ai-powered tool (1); synthetic ct generation (1); non-invasive attributes (1); ai-generated imagery (1); imaging-modelling pipeline (1); radar sensing (1); cross-modality atlas (1)"
"664-1","Medical informatics","5","clinically inspired ai (1); clinically similar terms (1); canadian ct head rule (1); computer-aided healthcare (1); computer-interpretable guideline (1)"
"664-2","Sensor-based instrumentation","13","home-based telemonitoring scenarios (1); smartphone-based hemoglobin (1); teledermatology scale-up framework (1); stethoscope filtering (1); voice-activated assistant (1); remote monitoring work (1); cnap(®) monitor 500 (1); portable radio (1); cloud- assisted wban (1); wearables acceptance (1); remote programming of cieds (1); patient-flow prediction (1); consumer-grade wearable (1)"
"664-3","Computational workflow management","16","automation bias (3); microservice architecture (1); automatic addressing (1); real-life gait (1); light weight security (1); lightweight segmentation (1); full-duplex security (1); virtualization potential (1); novel scale (1); on-device learning (1); remotely powered (1); real-time support (1); tunable segmentation (1); clinical workstation security (1); scalable deployment (1)"
"664-4","Biomedical signal processing","10","helical flow (2); brain-actuated car (1); upper-limb prostheses control (1); robot-assisted healthcare (1); earcanal prototype (1); radar sensing (1); device connectivity (1); enhanced designs for the inductive textile electrode (1); plga-based bioabsorbable stent (1); helical drug-aerosol streams (1)"
"664-5","Modeling approaches","6","surgical process modelling (4); simulated patient (2); neurosurgery simulation (1); virtual colonoscopy simulator (1); virtual reality breathing (1); virtual clinical trial simulation (1)"
"664-6","Slime mould algorithm","12","slime mould algorithm (9); multimodal ai (4); multiple windows scanning (1); multifeature fusion (1); multitarget roi (1); full-scale skip connection (1); interleaved network (1); coupled composite backbone (1); k-prototypes (1); single-slice supervision (1); self-calibrated convolution (1); multi-armed bandits (1)"
"664-7","Medical data methodology","5","near-lossless compression (2); real-time triage (1); silver standard masks (1); real-time t-wave detection–delineation (1); large-scale benchmark (1)"
"665-0","Data collection","8","silybum marianum (1); heliconius melpomene (1); northern krill (1); heterotachy (1); tabula muris (1); cucumis melo (1); callithrix (1); brachyura (1)"
"665-1","Data analysis methods","5","paradata (3); baidu encyclopedia (2); scopus (2); bigdata (1); simedis (1)"
"665-2","Machine learning","6","deep forest (7); blosum (2); diagui (1); nelder mead (1); pronominal anaphora (1); deep syntax (1)"
"665-3","Herbal medicine","2","gancao-banxia (1); houttuynia cordata (1)"
"665-4","Omics","1","oreo (1)"
"666-0","Computer vision","18","convolutional vision transformer (2); efficient vision transformer (1); cnn-transformer (1); pyramid transformer (1); pyramid vision transformer (1); pyramid-based transformer (1); spatiotemporal transformers (1); temporality self-attention transformer (1); dual-view cnn-transformer (1); multiscale vision transformer (1); dynamic temporal transformer (1); 3d swin transformer (1); convolution-transformer (1); multi-axis vision transformer (1); dual-branch vision transformer (1)"
"666-1","Graph representation learning","8","graph transformer (17); graph transformers (2); hybrid graph transformer (1); heterogeneous graph transformer (1); intermolecular graph transformer (1); bipartite graph transformer (1); graph-transformer (1); bayesian graph attention transformer (1)"
"666-2","Generative modeling","10","generative pretrained transformer (10); nlp transformer (1); bidirectional transformer (1); sequential deep transformers (1); transformer module (1); transformer-based tagger (1); encoder-only transformer (1); generative pre-trainer transformer (1); bidirectional encoding representation of transformer (1); pre-trained transformer (1)"
"666-3","Multimodal analytics","11","multimodal transformer (2); cross-transformer (2); multi-scale multi-modal graph pool transformer (1); cross transformer (1); spatial reinforcement hybrid transformer (1); dual-path transformer (1); dual cross attention transformer (1); multi-resolution transformer (1); modality adaptive transformer (1); channel-wise cross-fusion transformer (1); multi-domain spatial transformer (1)"
"666-4","Attention models","3","temporality self-attention transformer (1); spatiotemporal transformers (1); dynamic temporal transformer (1)"
"666-5","Transformer-based methods","20","fourier transformer (2); meta-learner (2); multi-verse optimizer (2); hierarchical transformer (1); temporal fusion transformers (1); deep union transformer (1); component-aware transformer (1); routing transformer (1); adaptive transformer (1); blowfish encryption algorithm (1); global feature transformer (1); fast fourier transformer (1); multicore beamformer (1); recursive mountain gazelle optimizer (1); chaotic visual cryptosystem (1)"
"667-0","Time-series analysis","35","pulse wave analysis (11); blood pressure measurement (5); oscillometry (4); pulse wave measurements (4); cuffless blood pressure measurement (3); oscillometric method (2); non-invasive hemoglobin measurement (2); oscillometric blood pressure measurement (2); arterial tonometry (2); finger pulse plethysmography (1); manometer (1); heart rate measurement (1); doppler measurement (1); home-based measurements (1); sonographic ultrasound measurements (1)"
"668-0","Health measurement instruments","16","heart rate variability (hrv) (31); cuffless blood pressure (bp) (3); pulse wave velocity (pwv) (2); oscillatory shear index (osi) (2); respiratory sinus arrhythmia (rsa) (2); motor unit number estimation (mune) (2); pulse arrival time (pat) (2); blood pressure variability (bpv) (1); baseline wander (bw) (1); blood volume pulse (bvp) (1); pulse rate variability (prv) (1); vessel-wall-plus-plaque thickness (vwt) (1); tonality index (ti) (1); arterial stiffness (as) (1); index of microcirculatory resistance (imr) (1)"
"668-1","neuromuscular characterisation","6","sit-to- stand (s2s) task (1); knee adduction moment (kam) (1); gait index (gi) (1); ten meter walk test (10mwt) (1); sit-to-stand (sts) (1); ground reaction force (grf) (1)"
"668-2","Radiomic feature extraction","3","bone age assessment (baa) (2); medialness measuring function (1); fractional anisotropy (fa) (1)"
"668-3","Neuropsychological testing","3","subjective visual vertical (svv) (1); clock drawing test (cdt) (1); trail making test (tmt) (1)"
"668-4","Medical data methodology","6","simpson-angus scale (sas) (1); lung allocation score (las) (1); tissue activity ratio (tar) (1); master patient index (mpi) (1); periodic limb movement index (plmi) (1)"
"668-5","Pharmacometrics methodology","1","morphine milligram equivalents (mme) (1)"
"668-6","Health measurement instruments","2","prism adaptation (pa) (1); multiple sclerosis performance test (mspt) (1)"
"668-7","Illness severity index","1","pulmonary inflammation index (pii) (1)"
"668-8","Evaluation frameworks","2","word error rate (wer) (1); voice onset time/vot (1)"
"668-9","explaining classifier’s predictions","7","shapley additive explanation (shap) (2); frustrated total internal reflection (ftir) (2); shapley additive explanations (shap) (1); plithogenic distance measure (pdm) (1); shapley additive additive explanations (shap) (1); test-time augmentation (tta) (1); shap (shapley additive explanations (1)"
"668-10","cervical range of motion (crom)","1","cervical range of motion (crom) (1)"
"669-0","Health measurement instruments","17","stethoscope (5); articulable endoscope (2); nebulizers and vaporizers (2); pneumatic tube system (1); pressure platform (1); stethoscope contact pressure (1); ir-camera (1); operating microscope (1); traditional goniometer (1); motion trackers (1); face-mounted technology (1); neuro-steered hearing device (1); goniometer (1); x-ray focus emitter (1); headphone (1)"
"669-1","Sensor-based instrumentation","15","thermometer (3); thermometers (3); analog to digital converter (2); thermograph (1); pressure platform (1); oscillo- metry (1); thermistor (1); rf transceiver (1); force test system (1); weighing machine (1); cylindrical-shaped dynamometer (1); weighing scale (1); system light-loading (1); gauss meter (1); axis-blade angle (1)"
"669-2","Transformer-based methods","10","swin transformer (17); system on chip (2); digital device use (2); computer terminals (2); swin transformers (2); slimmable transformer (1); upsample transformer (1); imperceptible watermarking (1); digital annealing (1); moth-flame optimizer (1)"
"669-3","Ubiquitous computing","3","handheld probe (1); hand-held device (1); gesture sonification devices (1)"
"669-4","Study design distribution","3","electric power supplies (2); electromagnetic (em) harvester (1); heating capability (1)"
"669-5","Thermography methods","3","light transformer (1); led light (1); photoacoustic temperature control (1)"
"669-6","Haptic technology","3","gantry (1); locker box (1); manipulator (1)"
"669-7","Wireless communications","1","electromagnetic compatibility (3)"
"670-0","Surgical navigation","37","surgical navigation (11); computer-assisted surgery (6); optical surgical navigation (3); neuronavigation (3); virtual surgical planning (3); virtual surgery (3); computer assisted surgery (2); image guided surgery (1); computer-aided surgery (1); imaging-guided surgical navigation (1); robotic bone drilling (1); virtual coiling (1); 3d navigation (1); 3d navigation guidance (1); high-speed laryngoscopy (1)"
"671-0","Metric learning","30","similarity measure (9); similarity measures (7); similarity metrics (3); similarity metric (3); similarity matrix (3); similarity coefficient (2); cosine similarity measure (2); geodesic distance (2); jaccard coefficient (2); correlation-based distance metric (1); ji: jaccard index (1); fuzzy similarity measure (1); weighted heterogeneous value distance metric (1); semantic similarity metric (1); deep belief convolutional neural network (db-cnn) and hamming distance (1)"
"671-1","Metric learning","4","cluster prediction index (1); f1-score and confusion matrix (1); clustering indices (1); silhouette coefficient (1)"
"671-2","Computational biology","4","protein feature metrics (1); pairwise growth support index (1); cancer similarity metrics (1); statistical distance/divergence measures (1)"
"671-3","Network-based inference","15","centrality measures (2); topological indices (2); degree-based indices (2); network centrality measures (2); topological network measures (1); tree shape metrics (1); stennert’s index (1); rao geodesic distance (1); local radius-based vascular metrics (1); topological distance (1); topological measures (1); eccentricity based topological indices (1); stemlike indices (1); q-wiener index (1); topological shear variation index (1)"
"671-4","Diverse methods","3","shannon diversity index (2); gini index (2); diversity measures (1)"
"672-0","Machine learning","87","deep learning (4051); deep-learning (32); deep reinforcement learning (29); multimodal deep learning (16); feature learning (14); deep transfer learning (12); geometric deep learning (11); hybrid deep learning (10); semisupervised learning (9); ensemble deep learning (6); privacy-preserving machine learning (5); bayesian deep learning (5); deep representation learning (4); unsupervised feature learning (4); deep metric learning (4)"
"673-0","Medical image registration","25","snr (5); psnr (3); illumination correction (2); diffusion kernels (1); reconstruction kernel (1); acceleration field (1); k-space (1); 2d rf (1); k-space interpolation (1); tagging mri (1); computed topography (1); magnetic resonance imaging simulation (1); image artifacts (1); partial vol-ume correction (1); slice imputation (1)"
"673-1","Spatial regularization","12","spatial regularization (3); spatiotemporal regularization (1); corner point registration (1); displacement-field estimation (1); embedding registration (1); multimodality mri synchronous construction (1); mapping errors (1); atlas selection (1); deformation estimation (1); multi-anatomy detection (1); b-spline registration (1); atlas transformation language (1)"
"673-2","Atlas-based segmentation","16","imaging (143); active contour (8); contouring (2); bolus tracking (1); functional bone marrow segmentation (1); bolus segmentation (1); tumor mask generation (1); vessels segmentation dataset (1); vessel enhancement filtering (1); multi-anatomy detection (1); head modelling (1); anatomy reconstruction task (1); covid-19 ct segmentation (1); tracking application (1); cardiac dataset (1)"
"673-3","Biomedical imaging modalities","5","dti prediction (5); dti software (2); diffusion kernels (1); fiber bundle simulator (1); dcgat-dti (1)"
"673-4","Ensemble learning","18","light gradient boosting machine (4); activation mapping (2); echo state networks (1); tensor data completion (1); edge uncertainty quantification (1); waveform trajectory visualization (1); subject enhancement and background suppression block (1); enriched ctp maps (1); zero-shot evaluation (1); neural rendering (1); encoder decoupling (1); acquisition function (1); improved 3d vae (1); edge reconstruction (1); eeg inverse problem (1)"
"673-5","Medical image registration","10","parametric calibration (1); catheter shape estimation (1); probe position calibration (1); lead field (1); coil (1); head modelling (1); coils (1); coil simulation (1); axis navigator compatibility (1); scanner (1)"
"673-6","Computer vision","15","detail enhancement (1); mosaic gradient perturbation (1); resolution enhancement (1); offset maps (1); distance fields (1); blur kernel (1); fov (1); spot enhancement filter (1); key slices (1); multislice spatial domain identification (1); resolution increase (1); texture mapping (1); image quality comparison (1); blood flow visualization (1); spatial scanning (1)"
"673-7","Observability","17","computational phantoms (2); co-reference resolution (1); digital geometry error (1); cfd-dem simulation (1); waveform reconstruction (1); unresolved cfd-dem method (1); basket mapping (1); universal boundary acquisition operator (1); low-resolution neuromonit- oring (1); tanglegram (1); depthwise separable (1); sinogram data consistency (1); rime algorithm (1); reference-free compression (1); sar expansion (1)"
"674-0","Data analysis methods","55","users (39); user acceptance (18); user testing (8); computer user training (8); user profile (6); user requirements (6); app use (5); machine interface (5); customization (5); website usability (3); computer use (3); user control (2); website use (2); intuitive design (2); software issue (2)"
"675-0","Penalized regression","68","sparsity (11); data sparsity (5); sparse group lasso (4); bayesian regularization (3); laplacian regularization (3); network sparsification (3); manifold regularization (3); non-negative sparse coding (2); sparse regression (2); adaptive lasso (2); sparse solution (2); adaptive sparse generalized polynomial chaos expansion (1); class imbalanced problem (1); sparse-spectrum (1); contrastive regularization (1)"
"676-0","Federated learning","5","federated learning (149); federated (1); federated approach (1); federated evaluation (1); federated environment (1)"
"676-1","Machine learning","22","u-net++ (2); factor enhanced deepsurv (1); gated rt (1); in vitro to in vivo generalization (1); erythrocytes classification (1); fenchel dual (1); icctax classifier (1); non-i.i.d (1); shear strain xy (1); dilated inception (1); sugeno integral (1); mixture of expert (1); conjugate prior (1); abstaining classifier (1); capsules network (1)"
"676-2","Computer vision","5","multiple organs segmentation (1); skeletal muscle anisotropy (1); cystoscopy atlas (1); spinal cord toolbox (1); human aorta and coronary arteries segmentation (1)"
"676-3","Observability","12","quantified self (15); body area network (4); tablet application (2); body composition inference (1); food intake episode (1); digestion monitoring (1); telemedquick (1); food intake recognition (1); after-hours care (1); diet tracking (1); diet app (1); food intake detection (1)"
"676-4","robust control","17","control chart (2); silver standard (1); 5mc detection (1); stimulated recall (1); control charts (1); 6ma modification prediction (1); banded verification (1); sampling reduction (1); physiological stress shielding (1); harmful activity recognition (1); aggregation operator (1); poisoning attacks (1); smoking detection (1); drinking task (1); lomb-scargle periodogram (1)"
"676-5","Drug discovery methods","15","enzyme delineation (1); dimethyl sulfate probing (1); drug properties mining (1); animals, congenic (1); compound scaling (1); isoplexis platform (1); qm9 dataset (1); in vitro to in vivo generalization (1); mirtazapine abuse (1); rna-kg (1); factor for inversion stimulation protein (1); erythrocytes classification (1); pharmacokinetic diversity (1); animal testing alternatives (1); steroid aptamers (1)"
"676-6","X-ray imaging","8","absorptiometry, photon (3); 1% rule (2); ear mold (1); 400 mhz band (1); eproms (1); textile electrode (1); co(2) laser (1); 400 mhz band (1)"
"676-7","Modeling approaches","3","tpms scaffolds (1); stomach contraction modelling (1); porosity simulation (1)"
"676-8","Optimization methods","23","alphapulldown (2); treatment annotations (1); kidney matching (1); manta ray foraging optimization (1); formulationai (1); holder exponent (1); pontryagin’s maximum principle (1); application control (1); daily dosage extraction (1); stimulation resolution (1); unmodified music (1); combimagedl (1); melatonin fact checking (1); artificial rabbits optimization (1); minoca (1)"
"677-0","Diverse methods","50","monte carlo method (96); finite difference method (3); finite element methods (3); lagrangian particle tracking (2); modified newton-raphson method (2); gradient descent method (2); finite-element method (2); monte carlo methods (2); numerical method (2); finite-element (2); immersed boundary method (2); arbitrary lagrangian–eulerian method (1); coupled finite element method (1); discrete element method (1); embedded element method (1)"
"678-0","Data annotation","25","computer-interpretable guidelines (7); computer audition (5); prompt optimization (2); auditing of terminologies (1); algorithmic safety (1); protocol-based prompting (1); methods of alert delivery (1); optimal consensus (1); intelligent triage (1); computer-assisted protocol-directed (1); auditing ndf-rt (1); terminology auditing (1); testing and explanation (1); reproducibility through open prompts (1); low-resource fpga (1)"
"678-1","Medical data methodology","21","clinical practice patterns (2); guideline concordance (2); pharmacy workflow (2); clinical guideline implementation (1); structured and standardized documentation (1); 2-step delirium protocol (1); pdsa (1); rwd quality recommendations (1); improve documentation (1); competency mapping and extension (1); clinical pathway optimization (1); redesign (1); clinical validation of prescriptions (1); clinical event detection (1); hospital protocols (1)"
"678-2","disease outbreak detection","12","outbreak identification (1); automated surveillance (1); on-site monitoring (1); outbreak management (1); quarantine management assessment (1); molecular surveillance (1); mortality surveillance (1); infectious disease management (1); case-based surveillance (1); concurrent review (1); surveillance testing (1); event-based surveillance (1)"
"678-3","Optimization methods","17","total quality management (9); utilization review (7); congestion control (2); rapid assessment process (1); full-cycle management (1); hospital protocols (1); bed management and patient flow (1); workflows for data and safety monitoring (1); inter-hospital comparison (1); network care (1); pacs evaluation (1); interface redesign (1); hospital case-mix planning (1); workflow improvement (1); referral model (1)"
"678-4","Telemonitoring focus","6","telemonitoring (124); telehealth billing (1); distributed telemonitoring (1); emergency telemedicine (1); urgent healthcare (1); point-of-care resources (1)"
"678-5","Ontology quality assurance","14","quality registry (2); technology-induced error (1); error-reporting (1); clinical de-identification (1); ehr transition (1); external quality assessment in hematology (1); medication error detection (1); medical error detection (1); electronic error-reporting (1); financial audit process (1); quality assurance healthcare (1); high-quality coding (1); quality assurance audit (1); information system evaluation (1)"
"678-6","Health research methods","4","competency mapping and extension (1); physician satisfaction with ehr (1); cardiopulmonary resuscitation education (1); nursing audit (1)"
"678-7","Clinical trials","4","decentralized clinical trials (7); data-driven vaccine design (1); patient-directed precision recruitment (1); patient-driven innovation (1)"
"679-0","Machine learning","64","cyclegan (11); meta learning (9); ai implementation (8); bayes net (7); shortcut learning (4); hybrid supervision (2); pseudo supervision (2); informatization (2); work flow (2); meta path (1); wavelet ridge (1); waveformer (1); multimodal annotation (1); rectification learning (1); meta prompt (1)"
"679-1","Imaging biomarkers","35","mitosis detection (6); synthetic aperture (2); complex patient (2); predictive maintenance (2); synthetic benchmark (1); signature transfer (1); prototype mdd (1); spaced simulation (1); innovation risk (1); suicidal dataset (1); duplication reduction (1); hybrid trials (1); hotspot prediction (1); multimodal signal (1); depressive discourse (1)"
"679-2","Virtual agents","5","extended reality (11); collaborative robot (1); adapted sport (1); pose recognition (1); grasp framework (1)"
"679-3","Data curation","3","fair data (4); fair annotations (1); regulation types (1)"
"679-4","Association rule mining","26","association rule (6); multiclass (2); manifold transformation (1); dependency tracking (1); multiview perception (1); associative classification (1); class balancing (1); feature strengthening (1); behavior formation (1); bottleneck features (1); mse data (1); feature synthesis (1); subsystems behaviour (1); hash conflict detection (1); manifold data (1)"
"679-5","Information behavior","23","infoveillance (114); link prediction (30); inference net (5); secondary distribution (3); r implementation (3); event calculus (2); translation gap (1); limit cycle (1); csd code (1); r framework (1); epis framework (1); mefsat database (1); app features (1); react integration (1); app analysis (1)"
"680-0","Data analysis methods","58","statistical methods (165); statistics (55); statistics, nonparametric (42); biostatistics (25); statistical data (23); statistical models (17); statistical distributions (14); statistical learning (14); statistical model (11); statistical modeling (10); statistical computing (5); descriptive statistics (5); statistical power (5); statistical genetics (4); statistical significance (4)"
"681-0","Personalized interventions","44","internet intervention (19); internet interventions (17); mhealth intervention (16); mobile intervention (13); online interventions (11); mhealth interventions (8); mobile interventions (7); ehealth intervention (6); adaptive interventions (5); behavioral intervention technology (5); adaptive intervention (5); intervention strategies (4); sms intervention (3); multilevel intervention (2); web interventions (2)"
"682-0","Medical informatics","8","sparql (4); e-registry (1); hl7 arden syntax (1); cross-enterprise document sharing-imaging (1); smart-on-fhir (1); hl7 messaging (1); ehr2edc (1); hl7 fast healthcare interoperability resources (1)"
"682-1","Data warehousing","13","data warehousing (39); distributed databases (3); analytics-as-a-service (1); nextflow dsl (1); research data marts (1); multisource information (1); distributed storage (1); passive data, user retention (1); nf-core framework (1); multiple access (1); cloud repurposing (1); online queries (1); health data warehousing (1)"
"682-2","Blockchain secret sharing","11","secret sharing (4); consortium blockchain (3); blockchain, internet of things (1); cross consortium chain (1); electronic mail, feedback (1); encrypted (1); certificateless scheme (1); redactable blockchain (1); and redactable blockchain (1); private online expression (1); additive secret sharing (1)"
"682-3","Machine learning","19","c5.0 (2); mediapipe (1); qwen-2.5 (1); personalized pagerank (1); csr-net (1); unlabeled online samples (1); codex multiplex imaging (1); online-target two-branch network (1); hourglass network (1); advanced knn (1); mdff-net (1); comprehensive hyperedge group (1); drda-net (1); $in silico$   trials (1); capsule-net (1)"
"682-4","Computational biology","6","personal genomics (2); microbe and drug subgraphs (1); ginmapper (1); ppi site (1); drug query (1); genecard (1)"
"682-5","Telemonitoring focus","9","telenursing (10); centerline (2); imd telemetry communications (1); telemedical (1); icecap-a (1); medical private network (1); inter-wban communication (1); telesimulation (1); in/on-body communication (1)"
"682-6","disease outbreak detection","2","covid-19 forecasting (1); covid-19 proximity trackers (1)"
"682-7","Data-driven science","24","microsoft copilot (3); portfolio (2); mit-licensed software (2); recontact (1); incawrapper (1); legacy systems (1); microsoft bing (1); publication portfolio tracking (1); infosage (1); innovation scorecard (1); unlabeled online samples (1); portal delegates (1); access to information/psychology (1); downtime, ehr (1); gate mergence (1)"
"683-0","Fractional calculus","13","differential equations (4); ordinary differential equations (4); ordinary differential equation (2); nonlinear differential equations (1); partial differential equations (1); nonlinear equations (1); governing equation (1); polynomial equations (1); fractional-order logistic equation (1); mathematical equations (1); delayed differential equation (1); hyperbolic partial differential equation (1); partial differential equation (1)"
"683-1","Porous media transport","6","diffusion equations (2); advection-diffusion equation (1); time-dependent reaction-diffusion taxis equations (1); nmr advection-diffusion equation (1); reaction-diffusion equation (1)"
"683-2","Computational Fluid Dynamics","2","navier–stokes equations (2); navier stokes equations (1)"
"683-3","boltzmann equation","1","boltzmann equation (1)"
"683-4","Biomedical signal processing","2","pennes bio-heat transfer equation (1); monodomain equation (1)"
"683-5","Metabolic flux analysis","2","michaelis–menten equation (1); hill's equation (1)"
"683-6","Solid-state NMR","2","bloch nmr diffusion equation (1); bloch nmr flow equations (1)"
"683-7","Neural networks","2","neural ordinary differential equation (2); neural ordinary differential equations (1)"
"683-8","Fractional calculus","1","proportional integral derivative (1)"
"683-9","Boundary conditions","2","laplace equation (1); maxwell's equations (1)"
"684-0","Integrative review","28","practice guidelines as topic (69); expert systems (37); recommender systems (10); recommendation system (9); health recommender system (6); health recommender systems (5); recommendation systems (5); consumer reviews (2); health food recommendation system (1); generative recommender systems (1); drug recommendation system (1); journal recommender (1); recommender algorithm (1); recommender algorithms (1); food recommender systems (1)"
"685-0","X-ray imaging","33","low-dose ct (16); cone beam computed tomography (8); cone-beam computed tomography (7); dual-energy ct (5); sparse-view ct (4); low-dose computed tomography (4); quantitative computed tomography (3); hounsfield units (3); multidetector computed tomography (2); dual source computed tomography (1); multislice computed tomography (1); cone beam ct (1); weightbearing computed tomography (1); dental cone-beam ct (1); synchrotron computed tomography (1)"
"685-1","Optical coherence tomography","1","3d optical coherence tomography (1)"
"685-2","Electroanatomic mapping","1","standardized low-resolution electromagnetic tomography (1)"
"685-3","Medical image registration","4","three-dimensional imaging (14); computer-assisted three-dimensional imaging (1); 3d rotational angiography (1); 3d body scanning (1)"
"686-0","Systems integration","20","computer systems (103); computer software (56); microcomputers (17); computer methodologies (13); computer development (2); computer vision systems (2); computer technology (2); infometrics (2); computer storage devices (2); database development (1); computer users (1); computerization (1); computer program (1); computational system (1); computer programming (1)"
"686-1","computer graphics","13","computer graphics (209); graphical models (7); graphical model (3); graphical analysis (1); visualization systems (1); vision systems (1); visual computing (1); 3d animation software (1); interactive visual analytics (1); graphics processing units (1); graphical processing unit (1); visualization system (1); graphical presentation (1)"
"686-2","Modeling approaches","8","computer modelling (7); computer models (2); multiphysics (2); discovery studio software (1); cad systems (1); multiphysics models (1); comsol multiphysics (1); multiphysics modeling (1)"
"686-3","Open-source software","2","genepioneer open-source software (1); ai medical software programs (1)"
"687-0","Feature extraction","54","age prediction (7); maturity assessment (5); brain age prediction (4); bone age assessment (4); age estimation (4); brain age estimation (3); volume estimation (2); age determination by skeleton (2); age assessment (2); gestational age prediction (2); weighted joint loss function (1); chronological age assessment (1); crown-rump length measurement (1); calcium score scans (1); methylation age estimation (1)"
"688-0","X-ray imaging","36","x-ray (24); x-rays (14); mammograms (12); mammogram (9); digital breast tomosynthesis (5); x-ray radiography (5); panoramic radiographs (4); dental panoramic radiographs (4); biplanar radiographs (2); digital radiography (2); x-ray radiograph (2); dental radiographic images (1); digitally reconstructed radiograph (1); screen film mammograms (1); periapical radiography (1)"
"689-0","Biomedical imaging modalities","35","photography (26); photogrammetry (5); clinical photography (3); digital slides (1); digital pain drawings (1); digital twin of the lungs (1); 3d surface scanning (1); medical photography (1); digital photography (1); video for cystoscopy (1); synthetic mammograms (1); impressions (1); stereo-radiography (1); digital pain chart (1); photographic documentation (1)"
"690-0","Neural networks","24","deep learning model (23); deep learning models (10); deep language model (2); interpretable deep learning model (1); deep learning pharmacophore model (1); deep regression models (1); deep joint-learning model (1); deep embedding model (1); deep-learning models (1); neural network models (1); hybrid deep learning model (1); cnn-lstm-based hybrid model (1); machine learning-based survival models (1); 3d deep learning models (1); deep learning segmentation and image segmentation model (1)"
"690-1","Computer vision","5","deformable models (3); active contour model (3); active contour models (2); learning-driven deformable model (1); hybrid active contour model (1)"
"690-2","Graph representation learning","3","graph-based learning model (1); eeg-based end-to-end deep learning model (1); three-layer graph-based meta-model (1)"
"690-3","Ensemble learning","4","ensemble learning models (2); gradient boosting model (1); gradient boosting machine model (1); stacking based ensemble model (1)"
"690-4","Computer vision","2","image-based computational model (1); image classification model (1)"
"690-5","Machine learning","7","cancer drug response prediction models (1); rigid and deformable brain models (1); bioinformatics deep learning model (1); machine learning-based survival models (1); deep learning-based antigen–antibody models (1); peptide classification models (1)"
"690-6","Modeling approaches","2","elastic network models (1); petri net-based models (1)"
"690-7","Machine learning","21","machine learning models (15); machine learning model (13); classification models (6); machine-learning model (2); machine learning predictive model (1); feature model (1); machine learning (ml) model (1); semi-supervised models (1); dynamic prediction models (1); intelligent learning models (1); predictive machine learning models (1); lightweight neural network models (1); multi-label prediction model (1); hybrid prediction models (1); machine learning-based scoring function (1)"
"691-0","Health measurement instruments","54","technology assessment (24); fall risk assessment (11); process assessment (7); web-based assessment (3); mhealth assessment (3); skill assessment (3); competency assessments (2); digital health evaluation (2); disability evaluation (2); measurement scale (2); rehabilitation training (2); monitoring and evaluation (2); formative assessment (2); risk factor assessment (2); fall-risk assessment (2)"
"692-0","Systematic mapping","41","chromosome mapping (97); contig mapping (18); karyotyping (4); log file analysis (3); statistical fine-mapping (2); rna quantification (2); gene expression normalization (2); dna clustering (2); wgbs mapping software (2); rna-seq validation (1); differentially expressed gene detection (1); optical genome mapping (1); infinium epic array (1); snp validation (1); chip-seq validation (1)"
"693-0","Network-based inference","41","cosine similarity (9); topological features (6); sequence-based features (4); position weight matrices (2); similarity-based aggregation (1); sequence- and structure-derived features (1); semantic distance and similarity (1); sting most relevant descriptors for ipns (1); kernel neighborhood similarity (1); tanimoto similarity (1); topological attributes (1); local and global network properties (1); dynamic center snp-snp interaction (1); multiple feature sets (1); pairwise feature interactions (1)"
"694-0","Data annotation","44","functional annotation (13); genome annotation (13); expressed sequence tags (11); protein function annotation (3); function annotation (3); protein annotations (2); manual annotation (2); auto-annotation (1); enzyme classification systems (1); ortholog information (1); noncoding variant annotation (1); automated curation (1); pathway annotation (1); motif annotation (1); structure-based functional annotation (1)"
"695-0","Surgical phase recognition","15","tissue reconstruction (1); microsurgical suturing (1); artificial tissue (1); synthetic wounds (1); large bone defects (1); multiple drilling (1); externalization techniques (1); metal block technique (1); suture techniques (1); skin scar treatment (1); two stage breast reconstruction (1); bone substitutes (1); intraoperative adjuncts (1); skin graft classification (1); mucosa-supported surgical guide (1)"
"695-1","mesh-free based radial basis function","8","mesh reconstruction (4); meshless methods (3); meshless method (2); auto-complete technique (1); inpainting techniques (1); meshing (1); semisupervised generation of patients with artificial trauma (1); multi-scale residual fusion (1)"
"695-2","Computer vision","1","face anti-spoofing (2)"
"696-0","Clinical research methods","41","clinical data (62); clinical evaluation (15); clinical information extraction (10); clinical note (8); clinical features (5); clinical assessment (5); clinical summarization (3); data abstraction (2); questionnaire data (2); clinical characteristics (2); study characteristics (2); demographic analysis (2); clinical condition assessment (1); clinical study data (1); clinical feature extraction (1)"
"697-0","Medical informatics","70","medication extraction (6); symptom extraction (6); medication information extraction (4); ehr audit logs (4); emr phenotyping (3); medication administration records (3); variable screening (3); medication administration record (2); hospital ratings (2); doctor reviews (2); after visit summary (2); misbehavior detection (2); medication detection (2); continuity of care document (1); participants' visits (1)"
"698-0","Graph representation learning","75","graph neural networks (118); generative adversarial networks (89); graph convolutional networks (40); fully convolutional networks (8); conditional generative adversarial networks (6); physics-informed neural networks (5); graph convolution networks (5); deep residual networks (5); convolutional networks (4); quantum neural networks (3); temporal convolutional networks (3); multi-layer neural networks (2); distributed deep neural networks (2); semi-supervised learning for multiple networks (1); 3d fully convolutional networks (1)"
"699-0","Computational biology","87","protein function prediction (35); protein structure prediction (22); protein function predictions (13); in silico prediction (6); rna secondary structure prediction (6); sequence-based prediction (6); peptide prediction (4); enzyme function prediction (3); cleavage site prediction (2); promoter identification (2); motif prediction (2); functional prediction (2); protein complex prediction (2); phosphorylation site prediction (2); secondary structure prediction (2)"
"700-0","causal artificial intelligence (causal ai)","78","causal inference (69); mendelian randomization (27); propensity score (17); data imputation (12); missing value imputation (11); missing data imputation (8); propensity score matching (8); multiple imputation (7); difference-in-differences (4); covariate adjustment (4); informative missingness (3); dropout imputation (3); causal effect estimation (2); conditional independence (2); inverse probability weighting (2)"
"701-0","Study design distribution","38","single-blind method (14); quasi-experiment (4); respondent-driven sampling (4); factorial design (3); respondent driven sampling (2); oversampling techniques (2); fractional factorial design (1); simon two-stage design (1); permuted block randomization (1); stepped wedge study (1); stage-matched intervention (1); nested case-control design (1); random under-sampling (1); case–control design (1); inverse random under sampling (1)"
"702-0","Medical informatics","43","electronic health (24); electronic phenotyping (10); electronic consent (7); electronic consultation (7); electronic questionnaire (4); electronic system (3); electronic cigarette (3); electronic alert (3); electronic intervention (2); electronic device (2); electronic irb (2); electronic phenotype (2); electronic support (2); electronic assessment (2); patient online review (2)"
"703-0","Isotopic labeling","21","deuterium exchange measurement (6); thermogram (4); spectrometry, fluorescence (3); electrophoresis, capillary (3); chromatogram visualization (2); cytophotometry (2); gas content (1); epro measurement (1); alcohol content (1); high temperature sampling (1); cross-label isotopic impurity (1); tdsf-ir (1); incorporation patterns (1); reaction profiling (1); gc × gc–tof (1)"
"703-1","Data analysis methods","30","factor analysis, statistical (20); batch effect (13); federated analysis (6); solutions (3); function validation (2); method validation (1); elisa validation (1); bulk-reference variability (1); data shifts (1); yield prediction (1); flux balance analysis with kinetics (1); feature filtering distillation (1); batch sources (1); batchformer (1); decoupled data (1)"
"703-2","Computational biology","8","yeast microchemostat cultivations (1); semg contaminant removal (1); cds characterization (1); biomass production (1); cell separation algorithm (1); perfusion bioreactor (1); micro clarifications (1); cell expansion optimization (1)"
"703-3","Liquid-liquid phase separation","16","blended treatment (8); pill recognition (4); source separation (4); material decomposition (3); semidefinite programming (2); homogenization (2); flow-loop (1); mixture deconvolution (1); triple extraction (1); mode extraction (1); flowline extraction (1); extraction ratio (1); cosolvent md (1); extraction method (1); treatment method determination (1)"
"703-4","Three-factor authentication","5","authentication scheme (2); smartphonization (1); valorization (1); biohashing (1); certificateless method (1)"
"703-5","Computer vision","6","surface reflection removal (1); moth flame optimization (1); marker-controlled watershed (1); texture weight (1); moth-flame optimization (1); variational mode separation (1)"
"703-6","QSAR modeling","2","%porosity (1); 3d−qsar (1)"
"704-0","Feature selection","40","cluster analysis (621); hierarchical clustering (25); clustering analysis (12); clustering algorithms (6); clustering algorithm (6); co-occurrence analysis (5); unsupervised classification (4); similarity analysis (3); k-means cluster analysis (2); profile based analysis (1); unsupervised modeling (1); hierarchical identification (1); chaos analysis (1); biclustering algorithms (1); biclustering-based classification (1)"
"705-0","Implementation science","27","planning (11); change management (8); clinician experience (2); implementation intentions (2); practice analysis (2); boston process approach (2); implementation facilitation (2); re-aim framework (2); implementation success (2); hit implementation (2); implementation phase (1); data and decision support needs (1); pre-implementation adaptation (1); infrastructuring (1); audit methodology (1)"
"705-1","Educational methodologies","24","training strategy (4); learning outcome (2); content quality (2); educational innovation (1); coaching strategy (1); primary care knowledge (1); competency standards (1); knowledge delivery (1); stakeholder management (1); skills gap (1); support strategy (1); curriculum reform (1); stakeholder education (1); target group (1); education support (1)"
"705-2","Implementation science","16","planning (11); clinician experience (2); patient reasoning (1); provider scheduling (1); consultation efficiency (1); clinical care process specifications (1); care organisation (1); problem list management (1); patient experience analysis (1); care map (1); patients’ adoption (1); patient journey map (1); provider messages (1); patient collaboration (1); process indicator (1)"
"705-3","Participatory research","23","engagement (240); working alliance (6); campaign evaluation (2); behavior change app (2); communication methods (2); communication accommodation (1); stakeholder management (1); communication errors (1); stakeholder perceptions (1); message testing (1); collaboration outcomes (1); network agenda setting (1); feedback messages (1); group key communication (1); stakeholder education (1)"
"705-4","Qualitative research","20","lessons learned (13); research support as topic (7); success factors (4); information need (3); satisfaction level (2); satisfaction degree (1); decision fatigue (1); usage literacy (1); response identification (1); evaluation and benchmark (1); subjective or human-centred evaluation metrics (1); dq indicators (1); use intensity (1); outcome expectations (1); information nurse (1)"
"705-5","Systems integration","10","service composition (2); operations improvement (1); workload monitoring (1); workload distribution (1); service learning (1); healthcare delivery strain (1); workload reduction (1); workflow manager (1); operational challenge (1); tool management (1)"
"705-6","Study design distribution","10","persuasive systems design (7); support tool (5); centerline extraction (3); trigger tool (2); eqip tool (2); technology mediation (1); veteran delegation tool (1); tool management (1); clinicoimaging linkage (1); value sensitive design (1)"
"705-7","Safety management","6","management audit (5); financial outcome (1); institutional assessment (1); policy mix (1); financial audit (1); reimbursement incentive (1)"
"705-8","Dialogue systems","4","helpline (6); distance counseling (3); online consultation service quality (1); chat intervention (1)"
"706-0","Text analytics","49","text mining (282); databases and data mining (20); biomedical text mining (16); text-mining (13); medical data mining (6); biomedical information retrieval (5); biomedical literature mining (4); biomedical data mining (4); medical text mining (4); web mining (4); biomedical data science (3); big data mining (3); biomedical information extraction (3); data-mining (2); health data mining (2)"
"707-0","Health research methods","32","media, social (3); e-mental health tools (2); participation, web-based intervention (1); iot - internet of things (1); apps, health service research (1); blueprints, digital transformation (1); mhealth, mobile application (1); internet, social networking (1); malodor, arabic web-based (1); mobile app, weight loss (1); e-learning, simulation technology (1); telehealth, telemonitoring (1); mental health, mobile phone (1); emr-electronic medical record (1); mhealth, prevention (1)"
"708-0","Drug delivery systems","5","online pharmacy (5); online hospital (2); online trial (1); online fitness (1); online medicines (1)"
"708-1","Dialogue systems","6","online discourse (2); online chat (2); online dating (2); online safety (2); online bullying (1); online grooming (1)"
"708-2","Online learning","4","online inquiry (1); online cohort (1); online model (1); online instruction (1)"
"708-3","data marketplace","1","online market (2)"
"709-0","Data curation","7","small data (3); small dataset (3); small sample size (3); limited data (2); small sample (1); limited available data (1); data-limited settings (1)"
"709-1","data representations","6","heterogeneous data (10); heterogeneous cohorts (1); heterogeneous clinical data (1); source-biased data (1); underrepresented backgrounds (1); heterogeneous tabular data (1)"
"709-2","Data curation","4","poor quality information (1); meta-data (1); imprecise data (1); meta-information (1)"
"709-3","Bibliometric analysis","4","publication characteristics (2); literature-derived evidences (1); large-scale literature analysis (1); publication-quality figures (1)"
"710-0","Funding for pilots","23","funding (10); financial (6); research funding (3); grant review (2); seed grants (2); grants (2); funders (1); grant award size (1); merit pay (1); extramural funding (1); focused interests (1); clinical research finance (1); nsf funding (1); funded grants (1); science funding (1)"
"710-1","Ethics and culture","4","conflict of interest (5); declare (2); conflicts of interest (1); trust in medical research (1)"
"710-2","Funding for pilots","3","sponsorship type (1); expanded funding agency collaboration (1); sponsorship (1)"
"710-3","Funding for pilots","1","cy pres funding mechanism (1)"
"710-4","Record linkage","1","reidentification (1)"
"710-5","Statistical dependence measures","1","correntropy (5)"
"710-6","pet/mr","1","ndds (1)"
"711-0","Healthcare predictive modeling","16","artificial intelligence in medicine (9); artificial intelligence in health care (4); artificial intelligence in healthcare (4); ai applications in medicine (1); computer applications in medicine (1); digital transformations in health care (1); digital transformation in healthcare (1); cognitive computing in healthcare (1); ai applications in health care (1); digital health innovation in low- and middle-income countries (1); telehealth in surgery (1); artificial intelligence in critical care (1); digital transformation of healthcare (1); eeg-based deep learning for depression (1); artificial intelligence in oncology (1)"
"711-1","Biomedical imaging modalities","6","multiscale feature fusion in alzheimer’s disease (1); eeg-based deep learning for depression (1); computer vision in medicine (1); artificial intelligence for radiology (1); opportunistic screening in radiology (1); data augmentation in medical imaging (1)"
"711-2","curriculum learning","3","automated assessment and grading in bioinformatics education (1); ai in bioinformatics education (1); personalized learning in bioinformatics (1)"
"711-3","Cross-domain generalization","3","autonomous robotics in healthcare (1); robots in therapy (1); artificial intelligence in agriculture (1)"
"711-4","Machine learning","20","machine learning in medicine (2); machine learning in systems biology (2); mining medical data (1); data compression in bioinformatics (1); missing data imputation in healthcare (1); machine learning for glycoidentification (1); supervised learning in biology (1); machine learning in pharmacology (1); integration of machine learning with statistical genetics (1); measurement protocols in biomedicine (1); temporal data modeling in healthcare (1); high-performance computing in bioinformatics (1); reproducibility in bioinformatics (1); latent variables in transcriptomics (1); supervised learning in genomics (1)"
"711-5","Qualitative research","1","artificial intelligence in qualitative research (1)"
"711-6","Medical informatics","4","blockchain technology in health care (1); cloud computing for health care (1); iot in medical diagnostics (1); big data platform in health care (1)"
"712-0","Qualitative research","34","content analysis (127); thematic analysis (74); qualitative analysis (24); topic analysis (8); qualitative content analysis (8); narrative synthesis (7); thematic synthesis (5); critical appraisal (5); textual analysis (3); conversational analysis (3); narrative analysis (3); process analysis (2); qualitative analyses (2); qualitative comparative analysis (2); critical interpretive synthesis (2)"
"713-0","Imaging reporting systems","3","radiology reporting (2); radiology report narrative (1); radiology report classification (1)"
"713-1","Safety management","3","adverse event ontology (1); safety case (1); error reporting (1)"
"713-2","Research reporting","17","report (4); report generation (4); data reporting (3); reporting checklist (2); report annotation (2); report analysis (2); reports (2); report labeling (1); disease reporting (1); clinical reporting (1); performance reporting (1); publication success (1); report errors (1); reports-classification (1); consort (1)"
"713-3","Data curation","2","data governance (37); statistical disclosure limitation (1)"
"713-4","Research reporting","1","genomic reporting (1)"
"713-5","Species specificity","1","reference bacteria (1)"
"714-0","Medical image registration","56","ultrasound image (22); chest x-ray images (13); x-ray image (10); x-ray images (7); dermoscopic image (5); mammogram images (3); thyroid ultrasound image (2); fetal ultrasound images (2); high-resolution cervical auscultations (2); mammographic images (2); chest x-ray image (2); chest x-ray reports (1); sinogram masking (1); cephalogram correspondence (1); intra-oral image (1)"
"715-0","Machine learning","30","big data (295); big data analysis (12); big data analytics (8); medical big data (6); healthcare big data (4); big-data (4); biomedical big data (3); big omics data (2); big data security (2); mobile health data (1); big health data (1); protein big data (1); big data privacy (1); big data corpus (1); iot healthcare data (1)"
"716-0","Medical informatics","40","workflow [l01.906.893] (4); medical informatics [l01.313.500] (4); machine learning [g17.035.250.500] (4); industry 4.0 (3); documentation [l01.453.245] (3); natural language processing [l01.224.065.580] (2); natural language processing (nlp) [l01.224.050.375.580] (2); speech recognition software [l01.224.900.889] (2); data display [f02.784.412.221] (2); industry 5.0 (2); natural language processing [d009323] (1); biomedical ontologies (d064229) (1); knowledge bases (d051188) (1); software design [l01.224.900.820] (1); information systems [l01.313.500.750.300] (1)"
"717-0","Time-series analysis","20","stance detection (3); sitting posture recognition (2); gait segmentation (2); posture recognition (2); gait cycle detection (1); unilateral stance (1); heel-strike detection (1); gait modelling (1); hip joint symmetry (1); knee model (1); stance learning (1); knee joint angle prediction (1); chair rise transfer (1); knee joint measurement (1); proximal femur shape quantification (1)"
"717-1","Spatial analysis","24","kinematic features (4); kinematic comparison (1); position error (1); forearm roll (1); pointing method (1); stereo measurement (1); upper-limb motion estimation (1); two degree of freedom (2dof) joint (1); joint display (1); kinematic calibration (1); orientation measurement (1); unloaded configuration (1); 3d kinematic feature (1); limb motion identification (1); angle estimation (1)"
"717-2","dental techniques","6","tooth numbering (3); cobb angle estimation (2); mandibular protrusion mechanism (1); temporomandibular joint disc (1); temporomandibular joint segmentation (1); measurement of vocal fold shape defects (1)"
"717-3","Health measurement instruments","3","custom shoes making (1); foot scanning (1); foot measurement (1)"
"717-4","robust control","9","force variation (1); mechanical arm (1); force estimation (1); tool kinematics (1); control arm adaptations (1); backstepping control (1); biomechanical transfer path (1); deflection control (1); force ramp (1)"
"717-5","neuromuscular characterisation","2","biceps activation estimation (1); flexions (1)"
"718-0","Feature extraction","70","deep features (7); handcrafted features (4); nonlinear features (4); local and global features (3); multi-feature (3); entropy features (3); multi-scale feature (3); multiscale features (3); network features (2); multi-domain features (2); dictionary features (2); pixel-level features (2); handcrafted feature (2); deep learning features (2); multi-modal features (2)"
"719-0","Assisted reproductive techniques","16","in vitro fertilization (6); fertilization in vitro (4); preimplantation diagnosis (2); in-vitro fertilization (2); assisted reproductive technologies (2); embryo selection (1); in vitro fertilisation (1); sperm selection (1); elective egg freezing (1); in vitro embryo production (1); intrauterine insemination (1); assisted reproduction technology (1); reproductive information (1); reproductive techniques (1); reproductive technologies (1)"
"719-1","Surgical navigation","2","risk reducing mastectomy (1); autologous transplantation (1)"
"720-0","Evaluation frameworks","39","quality (97); clinical governance (15); emergency response (7); risk reduction (5); research impact (4); quality transparency (4); trial registration (4); impact analysis (3); research errors (2); clinical quality language (2); impact factor (2); quality enhancement (1); risk grade (1); research trial (1); academic impact (1)"
"720-1","Ensemble learning","8","decision level fusion (3); level (1); system level (1); graphical (1); severity level (1); sensor level (1); size reduction (1); sbml level (1)"
"720-2","wet bench analysis","1","bond strength (1)"
"721-0","Clinical guidelines","14","guidelines as topic (37); clinical practice guidelines (37); clinical practice guideline (21); practice guidelines (10); clinical guideline (6); who guidelines (1); cpic guidelines (1); clinical-practice guidelines (1); guideline updates (1); guideline classification (1); acsm guidelines (1); infection clinical guidelines (1); clinical guideline recommendations (1)"
"721-1","Machine learning","5","risk assessment/classification (1); clinical scale (1); chicago classification (1); hill classification (1); nursing classifications (1)"
"721-2","Text analytics","14","clinical text (16); medical text (6); clinical text classification (4); clinical documents (4); clinical ontology (2); ambient clinical documentation (1); chinese clinical text (1); clinical report (1); word association (1); clinical entities (1); clinical associations (1); clinical labels (1); chinese clinical texts (1); portuguese clinical text (1)"
"721-3","Clinical guidelines","6","clinical decisions (5); personalized recommendations (2); clinical core medical knowledge (1); clinical prognosis (1); clinical recommendations (1); medical recommendations (1)"
"721-4","Clinical trials","3","drug reviews (3); clinical trial educational resources (1); nursing classifications (1)"
"722-0","Bayesian statistics","12","bayesian model (7); bayesian hierarchical model (3); bayesian infinite mixture model (1); dirichlet process mixture model (1); bayesian hierarchical mixture model (1); multilevel bayesian vector autoregressive model (1); hierarchical bayesian models (1); mixed membership model (1); hierarchical bayesian model (1); bayesian latent factor model (1); structural topic model (1); multinomial bayesian model (1)"
"722-1","Generative modeling","9","mixture models (9); mixture model (4); constrained mixture model (2); zinb model (2); mixture cure models (1); composite mixture model (1); gene-wise mixture model (1); pattern mixture model (1); two-component model (1)"
"722-2","Modeling approaches","7","group-based trajectory model (3); continuum growth modeling (2); latent growth curve model (2); growth model (1); growth mixture model (1); growth curve modeling (1); growth modeling (1)"
"722-3","Technology adoption models","4","latent diffusion model (3); conditional diffusion models (2); conditional diffusion model (1); latent diffusion models (1)"
"722-4","Generative modeling","7","latent variable models (4); latent class model (2); rasch partial credit model (2); hot-fit model (1); latent model (1); latent space model (1); latent structure influence model (1)"
"722-5","Penalized regression","5","model fitting (4); boosted decision tree regression model (1); multinomial logit model (1); maximum likelihood estimate model (1); boosted tree model (1)"
"722-6","Generative modeling","8","elaboration likelihood model (3); elaboration-likelihood model (2); general models (1); shared parameter models (1); structure model (1); multi-locus model (1); multiple qtl model (1); variance–covariance structure (1)"
"723-0","Ensemble learning","24","ensemble methods (17); machine learning methods (7); network inference methods (2); wrapper methods (2); similarity calculation method (2); approximation methods (2); feature encoding methods (1); classification/methods (1); network method (1); mining methods (1); machine learning methodology (1); collapsing methods (1); data mining methods (1); matching methods (1); classifying methods (1)"
"723-1","Network-based inference","8","network inference methods (2); protein representation methods (1); connectivity methods (1); integrative methods (1); mapping methodology (1); graph learning methods (1); network method (1); threshold methods (1)"
"723-2","Diverse methods","6","formal methods (5); empirical methods (1); traditional econometric methods (1); probabilistic and statistical methods (1); bayes methods (1); statistical approaches (1)"
"723-3","Signal processing","8","deconvolution methods (2); smoothing methods (2); filtering methods (1); computational signal detection methods (1); time domain methods (1); normalization methods (1); data correction methods (1); data normalization methods (1)"
"723-4","Optimization methods","11","computational methods (20); kernel methods (8); computational approaches (4); level set methods (3); numerical methods (2); kernel method (2); tensor methods (1); inverse methods (1); computationally intensive methods (1); computational approach (1); computational integrative method (1)"
"723-5","explaining classifier’s predictions","4","visualization interpretation (1); attribution method (1); threshold methods (1); mapping methodology (1)"
"724-0","Knowledge bases","48","knowledge (97); knowledge discovery (46); knowledge translation (40); knowledge engineering (10); knowledge acquisition (9); literature based discovery (6); knowledge synthesis (4); knowledge fusion (3); expert knowledge (3); clinical knowledge graph (2); collaborative knowledge graph (2); inclusive language (2); clinical knowledge graphs (2); knowledge injection (2); knowledge mobilization (2)"
"725-0","Diverse methods","69","decision trees (102); random forests (25); k-nearest neighbors (14); k-nearest neighbor (10); gradient boosting decision tree (8); random forest model (4); gradient boosting machine (4); random survival forests (4); random forest algorithm (3); classification and regression tree (3); decision tree algorithm (3); heterogeneous newton boosting machine (2); gradient boosting trees (2); minimum spanning tree (2); gradient tree boosting (2)"
"726-0","Biomedical imaging modalities","32","magnetic resonance imaging (mri) (34); computed tomography (ct) (25); positron emission tomography (pet) (7); magnetic resonance spectroscopic imaging (mrsi) (2); phase contrast magnetic resonance imaging (pc-mri) (2); computed tomography scan (ct) (1); multiparametric mri (mpmri) (1); cone-beam ct (cbct) (1); magnetic resonance imaging (mri), (1); mutlislice computed tomography (msct) (1); computed inverse mri (cimri) (1); three-dimensional magnetic resonance imaging (3d mri) (1); contrast-enhanced ultrasound (ceus) (1); diffusion-weighted imaging (dwi) (1); contrast-enhanced computed tomography (cect) (1)"
"727-0","Additive manufacturing","12","bone scaffold (1); scaffold fabrication (1); deformable biological tissues (1); 3d-printed scaffold (1); scaffold tissue (1); coupling scaffold-bone system (1); bone scaffolds (1); electrospun scaffolds (1); engineered protein scaffolds (1); tissue scaffolds (1); engineered heart tissue (1); 2d bio-scaffold system (1)"
"727-1","Drug delivery systems","2","polyacrylamide hydrogel (1); hydrogel-based scaffolds (1)"
"727-2","Purification techniques","10","quantum dots (2); nanorobots (2); micron-particles (1); micron-sized particles (1); aggregation of nanoparticles (1); nanolayer-coated tetra-hybrid nanoparticles (1); nanocomposite materials (1); giant unilamellar vesicles (1); coated metal oxide nanoparticle (1); charged particles (1)"
"727-3","Carbon nanotubes","4","carbon nanotube (2); functionalized carbon nanotube (1); single-wall carbon nanotube (1); single-walled carbon nanotubes (1)"
"727-4","Electrochemical methods","8","high density electrode arrays (1); flexible/ stretchable electrode/system (1); flexible pcb electrodes (1); flexible dielectric materials (1); electrode–electrolyte interface (1); conductive textile (1); contact electrodes (1); conductive elastomer-based composites (1)"
"727-5","Biomedical imaging modalities","2","light-emitting diodes (1); bi-planar x-ray (1)"
"727-6","Surface engineering","5","rough interfaces (1); soft substrate (1); slippery soft substrate (1); nanostructured surface (1); twist metamaterial (1)"
"727-7","Membrane fabrication","3","hollow fiber membrane (1); selective laser sintering (1); micro-patterns (1)"
"727-8","Modeling approaches","3","aupr (1); go/no-go (1); pla-gnn (1)"
"728-0","Chi-square test","39","chi-square distribution (18); chi-square test (4); p-value (3); degrees of freedom analysis (2); chi-square (2); association test (2); marginal fisher analysis (1); three-way (1); t tests (1); variance-components test (1); siegal-tukey tests (1); post hoc interpretation (1); nonadditive effects (1); pairwise comparisons (1); cosine-based one-sample test (1)"
"729-0","Query methods","41","databases as topic (69); search (17); search engines (12); searching (7); information search (3); harmony search (2); dictionaries, pharmaceutic as topic (2); keyword (2); baidu search index (2); keyword analysis (2); search engine (l01.470.875) (2); encyclopedias as topic [mesh] (1); pubmed log analysis (1); searchability (1); database-based search methods (1)"
"730-0","Biomedical signal processing","55","blind source separation (14); connectivity map (7); brain network classification (5); resting state (3); body surface mapping (3); brain source localization (2); semi-blind source separation (2); task-based fmri (1); brain dynamics (1); brain source signals (1); eeg source imaging (1); brain topology (1); vessel connectivity correction (1); montreal forced aligner (1); topographic maps (1)"
"731-0","Wavelet transforms","25","discrete wavelet transform (20); fourier transform (12); discrete fourier transform (6); fractional fourier transform (3); fast fourier transform (3); fourier convolution (2); short time fourier transform (2); short-time fourier transform (2); fast fourier convolution (2); haar wavelet transformation (1); iterative inverse laplace transform (1); maximal overlap discrete wavelet transform (1); discrete wavelet transformation (1); quaternion-domain discrete fourier transform (1); short-term fourier transform (1)"
"732-0","microbiome profiling caveats","12","abundance estimation (1); faecal source library (1); phylogenetic diversity indexes (1); random effects for sites (1); terrestrial vs marine bias (1); diversity estimation (1); receptor abundance estimation (1); relative abundance estimation (1); metagenomic gene abundance estimation (1); alpha-taxonomy (1); taxonomic filtering (1); microbial association estimation (1)"
"732-1","Atlas-based segmentation","3","diel_models (1); geodesic active surface (gas) (1); deep residual u-net (1)"
"732-2","Spatial analysis","4","genomic geolocation (1); data assemblage (1); geo-prediction (1); ultraviolet-a irradiances (1)"
"732-3","Climate change","5","carbon footprint (5); carbon footprinting (1); carbon reduction potential (1); garbage codes (1); overall and regional deposition (1)"
"732-4","Purification techniques","2","citramalate production (1); bioprospecting (1)"
"732-5","Network-based inference","5","netting (1); higher-order community detection (1); multi-shelled ecif (1); guillon categories (1); net decomposition (1)"
"733-0","Health measurement instruments","30","screening tool (6); standardized tests (3); performance indicators (3); assessment tools (3); online dietary assessment tool (2); assessment instruments (2); screening tools (2); web-based dietary assessment tool (1); critical appraisal tools (1); sepsis screening tool (1); mental health tools (1); pediatric growth reference measurement tools (1); dq assessment tools (1); stated preference methods (1); frailty tools (1)"
"734-0","Study design distribution","31","discrete choice experiment (18); response time (8); face-to-face (6); discrete choice (3); self-test (3); think-aloud method (2); pre-post evaluation (2); preference elicitation (2); vignette experiment (2); behavioral design (2); freelisting (1); online experiment (1); pre- post evaluation (1); keytagging (1); pre-retention (1)"
"734-1","Prompt learning","25","pretraining (6); retraining (4); test-time adaptation (3); vision-language pretraining (2); masked language modeling pretraining (2); model retraining (2); unpaired learning (2); self-pretraining (1); continued pretraining (1); two-phase training (1); latent space manipulation (1); pretraining-and-finetuning (1); cross-domain visual prompting (1); self-consistency ner prompting (1); virtual cueing (1)"
"735-0","Large language models","25","plain language (8); digital natives (4); sign language (4); lexicon (4); multilinguality (3); german language (3); italian language (2); depression lexicon (1); full reference (1); hebrew and arabic (1); spanish translation (1); spanish-english translation (1); language translation (1); american sign language (1); malay language (1)"
"736-0","Bayesian statistics","58","bayesian network (43); parameter estimation (29); bayesian inference (28); bayesian analysis (14); bayesian estimation (8); bayesian modeling (6); bayesian statistics (6); markov decision process (5); bayesian method (5); maximum likelihood estimation (5); bayesian methods (4); markov chain monte carlo (4); bayesian classification (4); bayesian calibration (3); bayesian belief network (3)"
"737-0","Medical informatics","53","redcap (30); information sources (11); citation analysis (11); information source (7); citespace (6); citation (6); citation screening (5); document classification (4); subscription (3); document ranking (2); health record bank (2); microblog direct message (2); textual (2); document retrieval (2); electronic note sharing (1)"
"738-0","Optimization methods","21","extreme gradient boosting (26); biconjugate gradient stabilized algorithm (2); hybrid algorithm (2); farrington flexible algorithm (1); hybrid of gravity search algorithm and error backpropagation algorithm (1); grey wolf optimization neural network (1); generalized fractional optimizer (1); intelligent algorithm (1); improved salp swarm algorithm (1); coot optimization algorithm (1); improved chimp optimization algorithm (1); extremely gradient boosting (1); stochastic gradient descent optimization algorithm and virtual reality (1); prostate carcinoma, genetic algorithm (1); lightweight algorithm (1)"
"738-1","Machine learning","9","bayesian personalized ranking (1); supervised discretization (1); pattern recognition algorithm (1); neural network topology optimisation (1); structured mesh generation (1); stacked ensemble method (1); back-propagation algorithm (1); learning scheme (1); soft-argmax (1)"
"738-2","Atlas-based segmentation","18","active contour method (3); active contour algorithm (2); dilated deformable refinement module (1); region-adaptive thresholding (1); novel denoising technique (1); velocity threshold algorithm (1); iterative segmentation with co-registration framework (1); iterative level-0 algorithm (1); iterative thresholding (1); localization algorithm (1); fast fourier transform based accumulation method (1); snake optimization algorithm (1); deconvolution algorithms (1); watershed algorithm (1); locally adaptive thresholding (1)"
"738-3","Distributed algorithms","9","distributed algorithm (9); optimized linear model fusion algorithm (1); hybrid wrapper filtering approach (1); embedded algorithms (1); minimum variance beamformer (1); mean-shift algorithm (1); probability analysis based fusion algorithm (1); location based adaptive relay selection (1); combination of multiple window settings (1)"
"738-4","Diverse methods","5","smith–waterman algorithm (1); dose data building algorithm (1); scar-violation detection algorithm (1); deep learning iterative reconstruction algorithm (1); prostate carcinoma, genetic algorithm (1)"
"738-5","Adaptive training methods","9","adaptive thresholding technique (1); adaptive clustering (1); adaptive hidden nodes initialization (1); adaptive topology update (1); adaptive ode solvers (1); adaptive software (1); adaptive fusion module (1); adaptive algorithms (1); adaptive working load algorithms (1)"
"739-0","Cloud-based platforms","39","web-based (85); web-based tool (17); web portal (12); web-based platform (10); web based (8); web-based data (7); web-based information (6); web-based program (5); web-based simulation (3); web-based services (2); web-based communication (2); online tools (2); web portals (2); web-based system (2); web-based platforms (2)"
"740-0","Fuzzy-set QCA","53","fuzzy set (5); fuzzy inference (5); fuzzy entropy (4); intuitionistic fuzzy set (3); fuzzy integral (2); type-2 fuzzy logic (2); fuzzy constraint (2); fuzzy soft set (2); constraint programming (2); intuitionistic fuzzy sets (2); fermatean fuzzy set (2); interactive fuzzy linguistic term set (1); fuzzy environment (1); fuzzy classification (1); inductive logic programming (1)"
"741-0","Implementation science","50","efficiency, organizational (110); smart phone (8); collaborative work practices and it (8); economics, hospital (6); user needs (5); wait time (4); smart on fhir (4); divide and conquer (3); purchasing (3); do-it-yourself (3); pivot (2); clinician in the loop (2); gatekeeper (2); stopping time (1); online to offline (1)"
"741-1","Prompt learning","39","prompts (12); alerting (10); mixture of experts (5); prompting (5); perplexity (4); mixture-of-experts (3); on-target (2); offloading (2); sentiments (2); ethical hacking (2); overdosing (1); pandemic slow down (1); in-the-moment (1); overrunning (1); noisy prompts (1)"
"741-2","Adaptive training methods","14","psychologist in a pocket (2); smart care (2); e-coach (2); fast-track (2); soft skills (2); prep implant (1); coach (1); champions (1); practice makes perfect (1); e-survey (1); e-book (1); learn-review-challenge (1); upskilling (1); best poster and best talk (1)"
"741-3","Gamification","13","serious games (39); all of us (14); exergaming (7); badging (1); community q&a (1); seek help (1); mindful (1); chatting (1); mindline (1); hoarding (1); volunteering (1); running and walking (1); casual games (1)"
"742-0","Imaging biomarkers","12","digital biomarker (32); digital hospitals (4); digital hospital (3); digital patient (2); digital work (1); digital endpoint (1); digital trials (1); digital in medical (1); medical digital twin (1); digital trial (1); digital hearing (1); digital health record storage (1)"
"742-1","Digital twin","4","digital twin (46); digital twins (21); virtual digital twin (1); human digital twin (1)"
"742-2","Data analysis methods","33","digital tool (18); digital maturity (14); digital questionnaire (3); digital age (2); digital identity (2); digital capital (2); digital signature (2); digital voice (2); digital ecosystem (2); digital excellence (1); digital habitat (1); digital intermediary (1); digital ecosystems (1); digital tv (1); digital information ecosystem (1)"
"742-3","Computer vision","10","digital tool (18); digital inclusion (15); kinect (10); electronic diary (5); digital human (4); digital ethics (2); virtual museum (1); digital compassion (1); scanned document (1); electronic compass (1)"
"743-0","Neural networks","20","convolutional neural networks (cnns) (10); graph neural networks (gnns) (3); graph convolutional networks (gcn) (2); deep belief networks (dbn) (1); self-organizing maps (soms) (1); temporal convolutional networks (tcn) (1); spiking neural networks (snns) (1); multilayer perceptrons (mlps) (1); long short term memory networks (lstm) (1); long short-term memory (lstm)-based recurrent neural networks (rnns) (1); deep neural networks (dnns) (1); long short-term memory networks (lstm) (1); graph neural networks (gnn) (1); graph convolutional networks (gcns) (1); fuzzy cognitive maps (fcms) (1)"
"743-1","Generative modeling","6","generative adversarial networks (gans) (6); generative adversarial networks (gan) (6); pre-trained language models (plms) (1); generative large language models (llms) (1); generative adversarial neural networks (gans) (1); large language models (llms (1)"
"743-2","Bayesian statistics","9","gaussian graphical models (ggms) (1); bayesian networks (bns) (1); dynamic bayesian networks (dbns) (1); kolmogorov--arnold networks (kans) (1); hidden semi-markov models (hsmm) (1); conditional random fields (crfs) (1); complex gaussian scale mixtures (cgsms) (1); dynamic bayesian network (dbn) models (1); hidden markov models (hmm) (1)"
"743-3","Network-based inference","4","genome-scale metabolic models (gsmms) (2); gene regulatory networks (grns) (1); body sensor networks (bsns) (1); weight-directed functional brain networks (wdfbn) (1)"
"743-4","HIN and BoW","2","heterogeneous information networks (hin) (1); bag-of-words (bows) (1)"
"743-5","Optimization methods","2","fractional optimal control problems (focps) (1); switching linear dynamical systems (slds) (1)"
"743-6","Supervised learning","3","support vector machines (svms) (7); metaheuristic algorithms (mas) (2); machine learning algorithms (mlas) (1)"
"744-0","Generative modeling","18","retrieval-augmented generation (35); retrieval augmented generation (11); quadruple aim (4); multimodal retrieval (2); cross-modal guidance (1); multimodal llms (1); calibration-free quantitative smlm (1); generation-augmented retrieval (1); documentation-guided generation (1); early-to-late prediction (1); reference-guided (1); predicitive modelling (1); pre-taining (1); multimodal methods (1); contrastive objective (1)"
"744-1","Healthcare predictive modeling","13","epital care model (2); patient-targeted googling (1); high-sensitivity troponin (1); abnormal recognition-assisted network (1); questionnaire-based prediction (1); dual-hormone control (1); ai-based triage (1); motility-based diagnostic (1); ec-screen (1); hybrid care (1); easy-icd (1); semg-based control (1); emg-driven (1)"
"744-2","Optimization methods","31","partial directed coherence (3); active noise reduction (2); multipoint pacing (2); tariff method (1); splitting strategy (1); dual optimizer (1); dual neighbourhood propagation (1); dual-stage generator (1); supermodeling (1); two-stage calibration (1); reassignment method (1); simultaneous and proportional control (1); rat swarm optimizer (1); dual indexing (1); partial reinforcement optimizer (1)"
"744-3","Diverse methods","23","hybrid method (6); low-power design (3); multi-site learning (2); federated transfer learning (2); unsupervised training (2); micro-offline (1); predicitive modelling (1); two-stage calibration (1); few-shot classification (1); two stage ensemble (1); bidirectional training (1); centralized model (1); fixed-backbone design (1); novel methodology (1); hybrid methodology (1)"
"744-4","Surgical navigation","15","indoor navigation (3); guided waves (2); multiplatform (2); localized deployment (1); guided decoder (1); ring fit adventure (1); intermediate devices (1); hood-geometry (1); hybrid u-net (1); augmented realitiy (1); hybrid reasoning (1); multi-size guiding matching (1); hybrid modality (1); hand-free control (1); multi-stream-powered (1)"
"744-5","Implementation science","9","finacing strategy (1); tariff method (1); stepped-wedge (1); machine-fair principles (1); tiered consent (1); rule-based etl (1); results-based management (1); remote-facilitation (1); quantum-resistant cryptography (1)"
"744-6","Drug discovery methods","5","tcm-generator (1); self-phenotyping (1); brain-guided mask (1); two-hybrid system techniques (1); rna-guided imputation (1)"
"745-0","Data warehousing","12","data repositories (6); biorepositories (2); metadata registry/repository (1); multisite repositories (1); drug-centric repositories (1); health data repositories (1); gene-centric repositories (1); image repositories (1); patient data repositories (1); research patient data repositories (1); research data repositories (1); standardized data repositories (1)"
"746-0","Computer vision","32","alexnet (4); ai for healthcare (3); ransac (3); biolabel (2); microjet (2); dpvision (1); geomarker (1); bioinspired (1); netallergen (1); computer vison (1); med-palm (1); deepcellseek (1); cosmx (1); ai for ophthalmology (1); bio-witel (1)"
"746-1","Computational biology","26","gemini (9); watson for oncology (4); promethee (2); protacs (2); bioinfocore (1); connnectomics (1); ustekinumab (1); pangenepro (1); resomergenet (1); opensim(®) (1); protfun (1); markergenie (1); pedsnet (1); protégé (1); gemini pro (1)"
"746-2","Medical informatics","18","smart healthcare (23); elearning (6); telepharmacy (4); telepresence (4); teleconsult (2); telesurgery (1); eportfolios (1); telesupport (1); telementored medicine (1); telestration (1); telecare security (1); telenutrition (1); telehome care (1); ihealth track (1); telepresenter (1)"
"746-3","Medical informatics","38","internationality (20); finance (20); multilingual (4); finances (3); medtech (2); icts (2); annsql (1); mta-net (1); edge device (1); hololens® (1); ustekinumab (1); egovernment (1); streetrx (1); coreference (1); horizon europe (1)"
"747-0","Computational workflow management","57","pilot projects (154); automation (146); software validation (21); scale development (14); prototypes (13); digitization (10); traceability (9); data validation (9); measurement automation (5); equipment safety (4); reproducible workflow (4); technical requirements (3); application development (3); technical performance (2); technical aspects (2)"
"748-0","Sensor-based instrumentation","13","passive monitoring (14); epidemiological monitoring (13); environmental monitoring (8); environmental control (3); air quality monitoring (2); environmental analyses and monitoring (1); opportunistic sampling (1); chemical checker (1); environmental surveillance (1); environmental reporting (1); environmental sensors (1); environmental bio-monitoring (1); ambient information (1)"
"748-1","Mechanical ventilation","8","indoor air quality (4); indoor environments (1); indoor mobility (1); ambient assisted living environments (1); location-based risk assessment (1); indoor location (1); proximity measures (1); indoor positioning (1)"
"748-2","Infrared spectroscopy","12","cotinine (3); personal monitoring (2); information exposure (2); estimating exposure (1); human monitoring (1); household exposure (1); human state assessment (1); tobacco smoke pollution (1); exposure parameters (1); multiple exposures (1); communicating exposure risk (1); exposures (1)"
"748-3","Food system monitoring","6","consumption level (1); consumption pattern (1); food classification (1); product surveillance (1); food chain (1); consumer protection (1)"
"748-4","Risk stratification","13","risk assessment (255); risk modeling (3); risk-based monitoring (2); risk detection (2); risk monitoring (2); health risk identification (1); risk-assessment (1); risk-based metrics (1); risk evaluation mitigation strategy (1); risk modelling (1); location-based risk assessment (1); risk evaluation and mitigation (1); health risk monitoring (1)"
"748-5","Data collection","4","radiation protection (1); emissions (1); meteorological parameters (1); environmental impacts (1)"
"748-6","Safety management","1","automotive safety (1)"
"749-0","Computational biology","56","bioinformatics pipeline (10); computational pipeline (8); nextflow pipeline (8); bioinformatics workflow (5); bioinformatics pipelines (3); data analysis pipeline (3); analysis pipeline (3); data analysis workflow (3); analysis workflow (3); reproducible bioinformatics workflow (2); machine learning pipeline (2); scientific workflow (2); reproducible bioinformatics pipeline (2); bioinformatic pipeline (2); python pipeline (2)"
