"cluster_id","size","top_keywords"
"0","49","risk behavior change; behaviour change; health behavior change; social and behavior change; behavior change; behavioral change; motivation to change; multiple health behavior change; health behavioral changes; multiple behavior change; healthcare professional behaviour change; readiness for change; motivational enhancement; behavior change strategy; motivational incentives; readiness to change; motivational messages; health motivation; behavior management; long-term behavior change"
"1","178","malfunction; drift; target; topography; strategy; surrogate; livestock; disruption; charts; individualized; return; campaigns; response; delineation; wellness; multifactorial; artifact; severity; urgency; damage"
"2","41","local information; global context information; local data; location sharing; gps data; health occuptations; location analysis; tribal data; passive data; travel networks; observation patterns; information horizons; geographic validation; global and context specific; region information; distributed communities; regional vulnerability; local association; local details; travel patterns"
"3","67","network rewiring; dynamic expression; dynamic growth; dynamic gene expression; cross-frequency coupling; sequence and structural mimicry; temporal expression recognition and normalization; transcriptional plasticity; molecular mimicry; transcriptional infidelity; biased activation; integrated modulation of protein interaction states; spatial colocalization; biological relevance of embeddings; cross enhanced fusion; gene expression prediction from drug treatment; spatial cell recognition; cell detection and classification; clonal expansion and selection; network reconstruction and characterization"
"4","54","self-management; self-health management; health self-management; chronic disease self-management; hypertension self-management; chronic disease self-monitoring; disease self-management; diabetes self-management; behavioral self-management; self-care management; health self-monitoring; patient self-management; self-care; self management; patient self-care; supported self-management; pain self-management; patient self-monitoring; self-management education; personal health management"
"5","61","antiviral drugs; anti-retroviral agents; antiviral agents; anti-bacterial agents; antivirals; chemotherapeutic drugs; anti-hiv agents; anti-infective agents; immunomodulating agents; anti-hiv drugs; antineoplastic drugs; antimalarial drug; antimycobacterial agents; antimalarials; anti-inflammatory agents; acetylcholinesterase inhibitors; leprostatic agents; cytotoxic agents; immunomodulating drugs; anti-viral drug"
"6","63","chronically ill patients; ambulatory patients; elderly patients; chronic disease patients; geriatric patients; hiv-infected patients; kidney transplant patients; critical trauma patients; older patients; breast cancer patients; adult patients; pediatric patients; pediatric cancer patients; orthopaedic patients; critically ill patients; hospitalized patients; stem cell transplant patients; heart failure patients; cardiac patients; young cancer patients"
"7","35","prenatal testing; genetic testing; non-invasive prenatal testing; molecular screening; prenatal screening; prenatal genetic testing; genomic screening; clinical genetic testing; genetic diagnosis; genomic testing; diagnostic testing; genetic diagnostic; genetic test; prenatal diagnosis; newborn hearing screening; repeat testing; non-invasive prenatal diagnosis; genetic test results; enzyme screening; direct-to-consumer genetic testing"
"8","33","nutritional intake; food nutrition; micronutrient deficiencies; nutritional recommendation; dietary restriction; vitamin d deficiency; micronutrients; food and nutrition; caloric restriction; maternal nutrition; dietary guidelines; iron deficiency; undernutrition; food supplements; under nutrition; micronutrient; vitamin c; dietary recommendation; dietary requirements; dietary supplements"
"9","43","people’s daily; you-only-look-once (yolo); you only look once (yolo); x (twitter); you only look one (yolo); lustre; internet of things; whatsapp; bring-your-own-device (byod); my health bank; ""practice patterns, physicians'""[mesh]; whatsapp messenger; “asthma; women’s water polo; ""referral and consultation""[mesh]; ‘child’; youtube; ‘humans’; gps watches; ‘imaging"
"10","74","alanine; sugar; adenine; leucine; biotin; cysteine; glutamate; viscosity; zinc; magnesium; covalent; nacl; organic; protease; hydrolases; lignin; antigens; toxin; histidine; glycine"
"11","62","human-machine collaboration; human–computer collaboration; virtual mask; humanoid robot; virtual rounding; visual navigation; haptic simulator; virtual trials; visual design; visual dialogue interaction; augmented reality; multimodal interaction; visual question-answering; simulation-to-real transfer; human performance; 2-way texting; message format; visual display design; virtual standardized patients; artificial empathy"
"12","64","social responsibility; social inclusion; social identity; political orientation; social empowerment; social acceptance; systemic racism; cultural sensitivity; ambivalence; masculinity; racism; anti-racism; social values; social exclusion; political ideology; professionalism; civic responsibility; cultural competence; social construction; social entrepreneurship"
"13","39","ultrasound image classification; medical image transformation; multimodal visualization; 4d imaging radar; biomedical image; vessel tracking; trimodal medical image fusion; hybrid imaging; medical imaging approaches; biomedical image stabilization; image guidance; medical hyperspectral imagery; medical imaging; medical image synthesis; medical hyperspectral image; ct image dataset; medical imaging, transfer learning; fast reconstruction; medical imaging informatics; medical imaging segmentation"
"14","50","mother-daughter intervention; coaching intervention; resilience training; gratitude intervention; psychosocial support system; cash transfer intervention; health information orientation; smartphone-based support group; behavior change support systems; self-help group; facebook intervention; mental health training; psychosocial support systems; mutual support group; violence intervention; health behavior change support system; support group; health behavior change support systems; internet support group; mutual self-help groups"
"15","93","medical team training; healthcare team training; clinician training; team training; healthcare professional training; physician computer training; medical simulation training; provider training; workplace training; experiential training; mentee training; mentorship training; gatekeeper training; high fidelity simulation training; primary health worker training; mentor training; health-care professional training; professional training; staff training; health worker training"
"16","57","work impact; usability; persuasion mechanism; safety net; alarm reduction; consumer language; public audience; consumer informatics; work force development; risk detection; risk perception; practice effects; message features; hazard detection; error reporting; environment impact; impact behavior; recommendations; support tool; disclosure benefit"
"17","68","abnormal behavior detection; abnormal behaviour detection; heart sound classification; outside test time adaptation; activity cliff evaluation; stuttering detection; infant cry detection; nonverbal behavior detection; tremor characterization; voice conversion; respiratory sound classification; mental fatigue detection; circadian rhythm detection; tremor measurement; snoring vibration; sleep quantification; sleep probabilistic curves; real-time sleep staging; withings sleep analyzer; vng technique"
"18","57","neonatal health; perinatal health; lung health; infant health; urban health; reproductive health; population health; fetal health; gynecologic health; pediatric health; brain health; cardiac health; women health; cardiovascular health; respiratory health; child health; health disease; child nutrition; adolescent health; travel health"
"19","62","tryptophan hydroxylase; tryptophan synthase; adenosine deaminase; glucuronosyltransferase; pyruvate kinase; cytidine deaminase; tissue transglutaminase; aldehyde dehydrogenase; proline 4-hydroxylase; glutaminase; glutathione s-transferase; dihydrofolate reductase; antioxidant enzymes; transglutaminases; isocitrate dehydrogenase; cysteine synthase; lactate dehydrogenase; lipid phosphate phosphatase; hydroxymethylglutaryl coa reductases; choline o-acetyltransferase"
"20","40","autonomous artificial intelligence; hybrid intelligent systems; health care artificial intelligence; medical cyber-physical systems; autonomous systems; medical artificial intelligence; intelligent virtual agent; human-centric artificial intelligence; medical multi-modal neural network; artificial intelligence clinical decision support systems; augmented human intelligence; human-centered artificial intelligence; smart medical informatics; medical cyber-physical system; conversational artificial intelligence; educational knowledge-based ai system; wearable artificial intelligence; intelligent environments; swarm intelligence algorithm; medical cyber physical systems"
"21","72","careflow network; synai platform; nasss framework; fhir standards framework; ehr2edc; virtual store; hit platform; portfolio analysis; portal delegates; fast healthcare interoperability eesources; openmrs; multisource information; federated network; hubmapr; human diagnosis project; openemr system; single irb platform; holistic biobanks; prtransx; cafa benchmarking"
"22","80","conciliation; phastyle; subcelluar; chaid; specaugment; infosurveillance; morpheme; clerodendrum volubile; cerqual; shape preservation; telesurveillance; micropublishing; longformer; orthosiphon stamineus; metaverse; lumi nova; metaquad; generank; infranodus; neo4j"
"23","51","awareness development; communication aid; behaviour change communication; knowledge mobilisation; communication modality; communication program; personalized coaching; conversational recommender systems; wellness tools; patient-centered insights; decision-making support; communication strategy; persuasive system; tailored feedback; patient coaching; persuasive systems; motivational tools; persuasive system design; competency framework; tailored-feedback"
"24","27","capsule endoscope; capsule endoscopes; endoscope; endoscopes; endoscope system; stethoscope; laparoscopic videos; cryptography; stereo endoscope; capsule endoscope localization; smartphone-based endoscope; stethoscopes; image steganography; teleradiology; colonoscopes; virtual colonoscopy; flexible endoscopes; fast virtual stenting; imageless navigator; virtual stenting"
"25","27","osteoblast differentiation; adipocyte differentiation; blastocyst formation; epithelial–mesenchymal transition; adult neurogenesis; cardiac regeneration; chondrogenic differentiation; vasculogenesis; epithelial-mesenchymal transition; stem-cell differentiation; self-renewal; cellular reprogramming; myofibroblast activation; collective cell migration; neural progenitors; bone regeneration; cell invasion; extracellular matrix adhesion; cumulus expansion; prostate cancer growth"
"26","31","calo-re taxonomy; elo rating; anfis; telemedi-cine; cross-silo fl; moni-icu; pornography; lassvq; elsi; meno-d; e-nabız; iqos; gradio app; couinaud segmention; chavi-ddis; data augmen- tation; viterbi decoding; casia; roberta-wwm; caputo operator"
"27","85","cross-modality synthesis; time to onset algorithm; ai-based biopsy assistance; temporal patient graph; disease free equilibrium; similar patient affinity graph; nsga-ii algorithm; pretrained vlm prompt tuning; organ-at-risk delineation; early-stage investigators; initial posts; tumour treatment optimization; similar patient retrieval; tumour stage prediction; colon centerline matching; nn-unet; ctsa crus; rif: swrl; recurrence and metastasis detection; follow-up care"
"28","54","chatting; dancing; stutter; play and playthings; playful; dance; chess game; music listening; homeschooling; singing voice; reminiscing; lunchboxes; hearing voices; deep leaning; brooding; dancer; screen time; casual games; comforting solution; traditional mindful breathing"
"29","115","activity target prediction; binding affinity prediction; protein–dna binding site prediction; protein–ligand binding site prediction; protein disorder prediction; binding prediction; kinase activity prediction; protein energy prediction; protein folding prediction; glutarylation prediction; protein property prediction; succinylation site prediction; binding site prediction; protein expression prediction; protein-nucleic acid complex structure prediction; complex structure prediction; protein interaction prediction; ppi sites prediction; ppi prediction; target prediction"
"30","49","gene-gene weighted interaction network (gwin); direct interaction network (din); multicellular interaction gene network (mign); sample-specific network (ssn); drug–gene interaction (dgi); global context modules (gcm); protein interaction network (pin); dynamical network biomarker (dnb); specific network information gain (snig); dynamic network biomarkers (dnb); circrna-disease association (cda); protein–protein interaction modulators (ppims); hierarchical multilabel classification (hmc); connectome-based prediction model (cpm); dynamic network biomarker (dnb); heterogeneous microbial network (hmn); common spatial patterns (csp); shared nearest neighbor (snn); literature-based discovery (lbd); weighted gene co-expression network analysis (wgcna)"
"31","53","systems management; remote health management; human resource management; strategic information management; remote management; capacity management; process management; service planning; supply chain management; chain management; medical resource management; health data management; contingency management; hospital resource management; healthcare supply chain management; health information management; mhealth management; healthcare management; nursing management; resource planning"
"32","27","recurrent and metastatic solid cancer; multiple primary cancer; advanced cancer; multi-cancer; diagnosis of cancer; ai in cancer; genetic testing of hereditary cancers; gcn in cancer; patients with cancer; clinical staging of liver cancer; patients and relatives with cancer; survival prediction in cancer; borderline resectable pancreatic cancer; malignancies; supportive care in cancer; rare cancers; parents of children with cancer; malignancy; current trends of brain tumor; treatment of bone metastases"
"33","50","protein functional specificity; protein–protein interaction sites; rna structure–function relationships; topologically associating domains; topologically associated domains; protein interactome; sequence based drug-target protein interactions; functionally homogeneous protein clusters; protein domain context; functional specificity; functional interactions; high-confidence domain interactions; substructure–domain associations; molecular recognition features; protein complex function; functional chromatin interactions; mimicry interaction partners; protein clustering; functional motif; virus-host interactome"
"34","32","coronary artery; basilar artery; common carotid artery; vertebral artery; carotid artery; femoral artery; internal carotid artery; carotid arteries; femoropopliteal artery; coronary vessels; superficial femoral artery; left main coronary artery; right coronary artery; coronary arteries; vertebral arteries; radial artery; stenotic-aneurysm artery; ophthalmic artery; arterial occlusion; vertebrobasilar arteries"
"35","63","co-occurrence matrix; label clustering; region and edge information; pairwise attribute distribution; signature gene set optimization; ms ion-based feature vector; cluster composition; consecutive gene ordering; cluster filtering; imbalanced label distribution; stacked vectorized gene matrix; color descriptor; hierarchical data structures; slide-level labels; metabolic pathway parameterization; grouping attributes; cluster labeling; vertex ranking; coverage metric; cds/non-cds threshold optimization"
"36","74","primary health care; advanced primary care; remote health care; rural health care; community health care; maternal health care; mental health care; ambulatory care; ambulant health care; specialized mental health care; service-oriented health care; connected health care; specialist health care; cross - border health care; personal health care; mobile health care; long-term health care; primary dental care; community care; complex care"
"37","48","rett syndrome; down’s syndrome; dravet syndrome; prader-willi syndrome; marfan syndrome; harlequin syndrome; brugada syndrome; lennox-gastaut syndrome; smith-lemli-opitz syndrome; von willebrand syndrome; sézary syndrome; li-fraumeni syndrome; long-qt syndrome; wolff-parkinson-white syndrome; down syndrome; fragile x syndrome; cushing's syndrome; long covid syndrome; craniofrontonasal syndrome; long qt syndrome"
"38","87","neural drive; neural oscillation; physiological oscillations; neural dynamics; electrophysiological processes; oscillatory phenomena; physiological synchronization; behavioral dynamics; neural synchrony; neural control; neural structure; cross-modal interaction; visual transduction mechanism; biomechanical pathways; anatomical coupling; neural respiratory drive; internal desynchrony; neuro-symbolic integration; circadian mechanisms; vestibular system"
"39","126","drmaa api; hadamard code; siamese network; inbasket messages; bau-net; golay code; siamese networks; kaggle competition; chatbot usability; daktylact; laundry lists; cabin hospital; dew computing; jaipur knee; picaflow; iaims; inbasket message; iqv; mauq; didikgap"
"40","102","laparoscopic surgery; thyroid surgery; breast surgery; hip surgery; open surgery; spinal surgery; back surgery; colorectal surgery; outpatient surgery; knee surgery; hepatic surgery; musclectomy; reconstructive surgery; appendectomy; breast reconstruction surgery; thoracoscopic surgery; adrenalectomy; surgery; decompression surgery; surgical amputation"
"41","39","mobile health data; health care big data; medical big data; crowdsourced data; biomedical big data; naturalistic big data; twitter data; privacy-preserving healthcare data; phenotypic big data; multi-source heterogeneous data; heterogeneous data integration; multi-modal medical data; big-data; multisource heterogeneous data; smart big data; ai-generated health information; unstructured medical data; big medical data; multimodal information data; wearable sensor data"
"42","94","needle placement; in-ear; punctured window; lockdown; blind insertion; needle insertion; iengage; tamper localization; lung sliding; subconcussion; partial insulation; compressions; footstep; fiberoptic; disconnected; squeezing flow; burn-out; surgical sponges; anatomic represen- tation; concentric electrode"
"43","25","ice flavors; nicotine vaping; flavors; waterpipe tobacco; toys; personal brands; smart toys; cigarette brands; watermarking; food purchases; heated tobacco product; heated tobacco products; smart sex toys; sweetness; cigarillos; indian kitchen spices; sex toys; brand name; apples; snacks"
"44","46","fracture risk; pressure ulcer risk; stroke risk; recurrence risk; cardiac risk; readmission risk; fall risk; mortality risk; hypoglycemia risk; risk calculation; infection fatality risk; suicide risk stratification; preoperative risk; dementia risk; hospitalization risk; thromboembolic risk; clinical high risk; sepsis mortality risk; risk analysis; falls risk"
"45","71","single cell transcriptomics; single-cell transcriptomics; single-cell spatial transcriptomics; single-cell classification; spatial resolved transcriptomics; single-cell methylation; single-cell omics; spot-based spatial transcriptomics; single-cell genomics; single-cell metabolomics; single-cell epigenetics; spatially resolved transcriptomics; single-cell rna; single-cell perturbation; single-cell multiome; single-cell transcriptomic; dynamic transcriptomics; single-cell 3d genome structure; single-cell dna; capture-based metagenomics"
"46","91","healthcare provision; healthcare integration; health delivery; health care delivery; health services delivery; healthcare readiness; health systems transformation; health access; health system integration; healthcare transitions; community readiness; patient enablement; health service delivery; health systems strengthening; healthcare model; health system strengthening; service delivery; health care implementations; health care access; health system improvements"
"47","63","covid-19 persistence; covid-19 response; covid-19 treatment; covid-19 dynamics; covid-19 detection; covid-19 recognition; covid-19 recovery; covid-19 vaccinations; covid-19 drugs; covid-19 cities; covid-19 progression; covid-19 pandemic; covid-19 sequelae; covid-19 pathology; covid-19 prognosis; covid-19 acceleration; covid-19 diagnosis; covid-19 surveillance; covid-19 intervention; covid-19 applications"
"48","43","tibial fractures; proximal humerus fracture; proximal femur fractures; humeral fractures; proximal humerus fractures; trochanteric hip fracture; distal radius fracture; clavicle fracture; tibial plateau fracture; intertrochanteric fracture; bowing fracture; femoral fractures; femur fractures; femoral neck fracture; tibial fracture; distal radius fractures; femoral neck fractures; atypical femoral fractures; femur fracture; spinal fractures"
"49","54","cognitive control training; self-training; home-based training; self-supervised training; relaxation training; motor-cognitive training; dual-task training; virtual reality training; video-based training; multicomponent training; behavioral parent training; home training; biofeedback training; mobile alcohol avoidance training; skill-based training; behavioral parenting training; parent training; problem-solving training; multi-task pre-training; psychomotor skills training"
"50","31","respiratory exacerbation; asthma exacerbation; asthma exacerbations; respiratory pathology; respiratory disorders; pediatric asthma exacerbation; symptom exacerbation; respiratory symptom; respiratory patients; respiratory pathophysiology; acute bronchitis; paediatric asthma; copd exacerbations; ades; exacerbation events; copd exacerbation; respiration disorders; breathlessness; aecopd; child morbidity"
"51","70","sjögren’s disease; sjögren's syndrome; sjogren’s syndrome; juvenile idiopathic arthiritis; autoimmune bullous diseases; behcet syndrome; autoimmune disease; graves’ disease; refractory coeliac disease; systemic autoimmune diseases; autoinflammatory syndrome; hashimoto disease; behçet’s disease; microscopic polyangiitis; sjögren disease; systemic lupus erythematosus; kawasaki disease; addison’s disease; collapsing glomerulopathy; thyroid-associated orbitopathy"
"52","70","information quality perception; phone attitudes; hcp perceptions; technology readiness; stakeholder attitudes; public perception; persuasion knowledge; usage literacy; team leadership type; patient trust; risk perception attitude; stakeholder perceptions; staff attitude; user perceptions; participant trust; stigma awareness; preventive perceptions; knowledge quality; staff-culture; participant perceptions"
"53","64","coronary heart diseases; arterial occlusive diseases; peripheral arterial disease; coronary heart disease; coronary artery disease; stable ischemic heart disease; lower extremity arterial disease; ischemic heart disease; artery disease; valvular heart disease; cerebrovascular diseases; peripheral artery disease; coronary disease; coronary artery diseases; heart valve diseases; cerebrovascular disease; cardivascular diseases; carotid artery diseases; peripheral vascular diseases; carotid artery disease"
"54","53","patient-centric services; patient-centric technologies; patient-driven innovation; patient-centricity; patient-centred solutions; patient-facing technologies; decentralized application; patient-centered system; patient centricity; personalized healthcare pathway; data-driven services; patient-centric healthcare; integrated patient-basis analysis; patient-centric treatment; centralized approach; personalised models; patient-centeredness; decentralised applications; decentralized biobanking; decentralized clinical trial"
"55","21","retinal screening; diabetic retinopathy screening; diabetic eye screen; fundus image analysis; vision screening; fundus image quality assessment; diabetic retinopathy diagnosis; optic disease grading; diabetic retinopathy grading; retinal vessel extraction; fundus image processing; diabetic retinopathy image assessment; retinal fundus analysis; dr severity; glaucoma screening; diabetic retinopathy recognition; eye screening; retinal imaging modalities; oct quality standard; ophthalmic testing"
"56","79","health information management system; health management information systems; primary health information system; quality management system; health management system; routine health management information system; health information system; integrated health information system; health care information system; hospital information system; vaccine management system; emergency development system; integrated management system; integrated health management system; community health information systems; health monitoring system; district health information management system; hospital communication system; routine health information system; primary health information standard system"
"57","95","remote health monitoring system; medical decision support system; patient monitoring systems; driver monitoring system; health decision-support system; patient identification systems; driver monitoring systems; learning management systems; patient facing information systems; clinical decision-support system; hospital communication systems; medical decision support systems; automated monitoring and surveillance systems; medication alerting system; computer decision support systems; diagnosis decision support system; mobile care system; medication management system; clinical decision-making support system; computer decision support system"
"58","86","multi-type associations; multi-type interactions; transitive interactions; heterogeneous cross-domain; multiple sinks; nonlinear interdependency; evolving patterns; multi-similarities; integrated pathways; interaction patterns; multiple heterogeneous information; binding pathways; dynamic transmission patterns; multiple waves; parallel patterns; multiple similarities; sequential coupling; cross-relation; binary similar patterns; multiple generators"
"59","81","multi-dimension feature confusion; multi-level feature; multi-scale feature; feature level fusion; feature matching; feature grouping; hybrid feature fusion; feature decomposition; feature representation; information-rich feature subset; cross-patch feature interaction; multi-modal feature alignment; single-model quality features; bi-linear feature fusion; feature map; network features; multi-scale features; task-consistency feature extract; low-level features; dense feature correspondence"
"60","74","psychosocial intervention; behavioural interventions; community based intervention; educational intervention; multicomponent interventions; behavioral intervention; behavioural intervention; multicomponent intervention; psychosocial interventions; health promotion interventions; mindfulness-based interventions; multidimensional intervention; health behavior change intervention; smoking cessation intervention; psychological intervention; brief interventions; community-based interventions; behavioral interventions; stress management intervention; brief intervention"
"61","70","psychotropic drugs; psychotropics; anticonvulsants; medical drugs; antiparkinson agents; anxiolytics; psychotropic medications; antipsychotic agents; antiemetics; nsaids; psychiatric medications; narcotic prescriptions; combination antipyretics; painkillers; hypnotics and sedatives; dopamine agents; antirevirals; synthetic cannabinoids; tricyclic antidepressant; anti-obesity medication"
"62","76","image prior; image recovery; depth mapping camera; image representation construction; full-resolution network; dynamic view expansion; cross-view fusion; illumination variation; pictograph recognition; 2-d convolution; multi-view slice cross attention; image adaptation; image ranking; ultra-wide field retina; image semantic; image registry; images synthesis; one-shot iterative; image simulator; view alignment"
"63","33","bacillus anthracis; leptospira; salmonella enterica; dysentery; vibrio cholerae; listeria monocytogenes; diphtheria; anthrax; bacillus cereus; pathogens; penicillium; xanthomonas; plague; cryptosporidium; yeasts; saccharum; typhoid; fungi; symbiosis; sinorhizobium meliloti"
"64","68","behavioral sciences; cognitive science; behavioral science; affective neuroscience; research papers; social neuroscience; cognitive neuroscience; behavioural science; systems science; neurosciences; clinical neuroscience; brain neuroscience; human behaviour; brain chemistry; cognitive engineering; medical physiology; interdisciplinary research; scientometrics; cyberpsychology; neuroethics"
"65","73","individualization; personalization; dynamic treatment regime; remote treatment; therapeutic substitution; tri-modality; remote delivery; home delivery; arts therapy; therapy personalization; step-up therapy; deinstitutionalization; therapeutic program; fracture treatments; disease treatment; treatment; medicalization; therapeutic relationship; limb hypothermia; multiple long term conditions"
"66","50","gait phases; stride time variability; temporal gait parameters; muscle activation pattern; movement kinetics; gait spatio-temporal parameters; spatio-temporal gait parameters; spatiotemporal gait parameters; hand movement analysis; gait variability; stride interval variability; gait phase; stride time; muscle activation patterns; stride intervals; muscle activation; muscle activations; gait dynamics; postural sway; foot tapping"
"67","78","healthcare quality indicator; quality indicators; clinical quality indicators; data quality indicator; clinical quality measure; quality indicator; service quality assessment; service quality; healthcare quality indicators; data quality measure; quality of care evaluation; care quality; quality measure; quality index; signal quality indicators; rule quality measures; quality improvement tool; healthcare quality assessment; quality factors; health data quality"
"68","73","continuity of care; accessibility to care; accessibility of care; access to care; coordination of care; availability of care; linkage to care; transition of care; transitions of care; equity/access to care; timeliness of care; fragmentation of care; continuity of patient care; transitions in care; continuum of care; equity of care; coordination of patient care; access to primary care; personalization of care; retention in care"
"69","48","gut microbiota; gut microbes; gut microbiome; gut bacteria; microbiomes; human gut bacteriome; microbial community; respiratory microbiome; dysbiosis; oral microbiota; human gut microbiome; fecal microbiome; dynamic microbiome; microbial dysbiosis; insect gut microbiota; microbial communities; gut microbial communities; termite gut microbiome; human microbiota; human gut microbiota"
"70","67","dosage recommendation; treatment switch; prescriptions; pharmaceutical algorithms; drug matching; prescription recommendation; dosage effect; medication app; benzodiazepine; prophylaxis; prescription generation; nondelivery schemes; prescription labelling; medication combination recommendation; drug grouping; medication discrepancy; personalized policies; hypotenstion prediction; discontinuation; prescription error"
"71","58","fat consumption; fruit consumption; fruit and vegetable intake; sodium consumption; fruit and vegetable consumption; dietary fiber intake; dietary fats; dietary habits; fruit-vegetable consumption; meat intake; dietary intake; dietary carbohydrates; vegetable intake; sugar consumption; snack consumption; dietary fiber; vegetable consumption; dietary preferences; alcohol intake; high sodium intake"
"72","26","neonatal ultrasound; fetal ultrasound; cervical ultrasound; intrapartum ultrasound; obstetric ultrasound; thyroid ultrasound; maternal-fetal ultrasound; prenatal ultrasound; ultrasound examination; feto-placental doppler; fetal biometry; transperineal ultrasound; uterine artery doppler; intraoperative ultrasound; ultrasonography; maternal abdominal ecg; ophthalmic ultrasound; ultrasound fetal examination; lung ultrasonography; transcranial doppler"
"73","79","slac-time; com-b model; dssp comparison; dhis2 tracker; auisc-cat; pdcsm-gpcr; dta prediction; raci matrix; s-protein; ppi extraction; s-linked; pgxrpi; hmmr; peptide-driven blockage; ps-cluster; tcr prediction; bd2k; ptm bias; m6a-bert; q3d modeling"
"74","53","respiratory signals; sensor signals; noninvasive physiological signals; ppg signals; myoelectric signals; ehr and physiological signals; heart rate signals; physiological signals monitoring; physiological signals; respiratory signal prediction; target-detection from electrical signal; voice signals; heart sound capture; myoelectric signal; joint acoustic emissions; wave modulation; radar-based cardiac signal; inertial data; cardiopulmonary signals; multimodal physiological signals"
"75","38","phenome-wide association study; whole genome association study; phenome-wide association studies; rare variant genetic association studies; genome-wide association study; genetic association studies; genome-wide association studies; rare variant association study; genetic association study; pedigree-based association studies; epigenome-wide association studies; epigenome-wide association study; phenome-wide association analysis; microbiome-wide association study; genome-wide association analysis; biobank-scale haplotype analysis; gene association analysis; quantitative trait locus analysis; linkage studies; genotype-tissue expression project"
"76","34","alcohol addiction; drug addiction; substance addiction; opioid addiction; drug dependence; opioid abuse; opioid misuse; alcohol abuse; nicotine dependency; tobacco addiction; opioid dependence; tobacco dependence; heroin addiction; heroin dependence; nicotine dependence; cannabis abuse; nicotine addiction; prescription drug abuse; internet addiction; substance misuse"
"77","45","drug structure similarity; structural descriptors; target descriptors; drug target similarity; substructure modification; 2d-qsar; unambiguous molecular descriptors; neutrosophic similarity score; chemical substructure; geometrical descriptors; chemical similarity; pharmacophore features; molecule similarity – closeness metric; pharmacophore model; molecule descriptors; pharmacophore fingerprint; pharmacophore mapping; substructure interactions; drug-target affinity; drug–drug similarity"
"78","43","consumer participation; user involvement; user participation; consumer involvement; end-user participation; public participation; stakeholder participation; community participation; end-user involvement; user-involvement; research participation; user-participation; local participation; stakeholder involvement; patient and public involvement and engagement; patient and public engagement and involvement; patient public involvement; provider participation; public and patient involvement; stakeholder input"
"79","57","pregnancy prediction; neonatal sleep; pre-birth prediction; postnatal anxiety; neonatal hypoglycaemia; neonate pain; labor contraction prediction; postpartum; preterm prediction; labour; birth weight prediction; fetal weight prediction; gestational age prediction; pregnancy care; labor; periconception; prenatal insomnia; monitoring labour; postpartum mother; cord-19"
"80","66","ecg modelling; respiratory myogram interference; waveform clustering; respiratory rate detection; heart rate asymmetry; contraction monitoring; electromyography decomposition; body surface potential signals; contraction detection; emg decoding; heart rate sensor; pacing artifact; activity sensor; heart rate tracking; mi-eeg; derived ecg; spontaneous breathing trial; respiratory rate estimation; ecg trajectory; body surface potential mapping"
"81","48","cell clustering; cell morphology; cell tracking; cell analysis; cell aggregation; cell graphs; cell trajectories; cellular spheroid; motility analysis; cancer cell line morphological analysis; cell shape; cell quantification; traction force microscopy; cell adhesion characteristics; cell cluster separation; cell microinjection; cell size; single cells; cell phenotyping by secretion pattern; cell migration assays"
"82","126","manubot; chameleon; deberta; maude; foimc; eudamed; mai; gatortron; vocera; enyoy; chica; sloreta; scjive; elmo; daubechies; dihap; chad; grappa; coughvid; altibbi"
"83","48","thyrotoxicosis; thyroid disorders; thyroid dysfunction; hyperinsulinism; congenital hypothyroidism; endocrineopathy; autoimmune disorder; hemochromatosis; narcolepsy; hyperaldosteronism; classical galactosemia; endocrine system diseases; iron overload; transient hyperinsulinism; congenital hyperinsulinism; unilateral primary aldosteronism; multihormonal system disorders; endocrine reproductive disorders; renal disorders; calcium and phosphate metabolic disorders"
"84","51","thalamus; glia; brain; neuron; hypothalamus; axons; neurons; cortex; plasticity; motoneurons; neocortex; cells; morphogenesis; neurotransmitters; nucleus; neuropeptides; angiogenesis; hypoxic; neurogenesis; muscle network"
"85","79","edqm; pdq; mental depression detection; coherence factor; stai; race factors; mental illness marker; multimorbidity pattern; age clusters; distressed communities index; psqi; minority tax; gender representation; gpaq; ati scale; resilience effects; gender data gap; ambiguity measure; suicide identification; suicidal surveillance"
"86","124","clt map; trackpad; dual-remask; phase recognition; channel fusion; pointnet; in-distribution; frame approach; pan-allele; fused lasso; in basket; mimo configuration; marker recognition; inverse ecg; mirror2 algorithm; orderset; online calibration; modal alignment; upcoding; ai aversion"
"87","35","slow wave propagation; electrical slow waves; action potential duration alternans; ventricular repolarization; electrical alternans; slow conduction; conduction velocity restitution; early afterdepolarization; early afterdepolarizations; bipolar electrogram voltage; atrial electrical activity; post-repolarization refractoriness; reentrant activity; slow waves; ventriculoarterial coupling; conduction block; action potential duration restitution; scar-related reentry; cardiac alternans; conduction velocity"
"88","53","plithogenic similarity measure (psm); interoperability (iop); transfer entropy (te); relative residence time (rrt); number of effective sequences (neff); feature ranking score (frs); ai explainability (xai); lightweight hybrid model (lhm); joint and individual variation explained (jive; minimum data set (mds); intraindividual variability (iiv); recurrence plot (rp); quality data model (qdm); fluid-structure interaction (fsi); prediction of activity spectra for substances (pass); human error assessment and reduction technique (heart); patient treatment trajectory (ptt); average pearson's product moment correlation coefficient (appmcc); detailed clinical model (dcm); drug–target interaction (dti)"
"89","54","visual saliency; perceptual guidance; collective perceptual biases; local self-attention; sparse self-attention; self-recognition; channel-attention; visual information; layer self-attention; mutual attention; pattern recognition; salient object detection; visual attributes; high-order similarity; visual complexity; egocentric vision; sensory feedback; memory efficient adaptation; tactile information; visual similarity"
"90","43","inter-tumor heterogeneity; intra-tumor heterogeneity; disease heterogeneity; tumour heterogeneity; metabolic heterogeneity; intra-network heterogeneity; t cell heterogeneity; tissue heterogeneity; cellular heterogeneity; tumor heterogeneity; patient heterogeneity; biological heterogeneity; intra-tumoural heterogeneity; cell type heterogeneity; cell heterogeneity; population heterogeneity; subject heterogeneity; intratumor heterogeneity; intratumoral heterogeneity; cancer heterogeneity"
"91","115","self-sabotage; sentiment dynamics; sentiment attribution; attribute revocation; conversational ai; influence relationship; deliberation preference; dehumanization; learning community; loyalty card; knowledge-based trust; self-initiated humour; conversational chatbot; persuasiveness; self-serve; police narratives; family members–acquaintances trust gap; relational coordination; cognition-based trust; trust model"
"92","52","diffusion potential; active transport; time constant; transport rate; ph sensor; transmembrane potential; intracellular conductivities; membrane permeability; inhibition mechanism; transition rate; permeation events; length-dependence; passive diffusion; binding affinity; cell transmembrane potential; channel-selectivity; water permeability; sap transport system; ph dependency; cell membrane permeability"
"93","45","community advisory board; advisory council; educational institutions; brainstorming; scholarly activity; conference requirements; discussion forums; advisory committees; conference planning; working groups; medical meetings; participant advisory committee; academic experts; meeting centers; scientific community; research and service groups; conferences; journal clubs; professional organization; virtual meetings"
"94","56","signal magnitude vector (smv); signal magnitude area (sma); non-linear strain rate (nlsr); neural respiratory drive (nrd); coherent point drift (cpd); phase locking value (plv); speed of sound (sos); instantaneous frequency (if); time–frequency analysis (tfa); time–frequency (tf); temporal belief filter (tbf); dynamic functional connectivity (dfc); vectorcardiogram (vcg); time–averaged pressure (tap); autonomous sensory meridian response (asmr); received signal strength (rss); lagrangian averaged vorticity deviation (lavd); mel-frequency cepstral coefficient (mfcc); gramian angular summation field (gasf); generalized glottis motion function (ggmf)"
"95","49","grbas; swiftformer; pseudoviz; cfba; actinidia; cepstrum; capabillity; nomophobia; steganalysis; voronoi; distilroberta; strain mixtures; phensim; canreduce; corvis st; ethereum; novavax; sceptisicm; ciliophora infections; serratiopeptidase"
"96","72","infection pathways; load transmission pattern; load transmission; virus transmission; infection spread; vaccination model; disease vectors; contagion risk; viral outbreak; covid-19 epidemic model; human-ai collaboration; omnigenic model; long-covid; epidemic curve; infection control; herd immunity; human-ai; pathogen networks; symptomatic transmission; reassortment pattern"
"97","28","toll-like receptor 4; ctla-4; costimulatory molecule; toll-like receptor 2; programmed cell death ligand 1; angiopoietin-like protein 4; tnfrsf9; vegfr-2; dipeptidyl peptidase 4; tlr-4; hepatitis a virus cellular receptor 2; sodium-glucose transporter 2; il-4 receptors; ephrin-b2; pd-1; ripk1; rank ligand; fms-like tyrosine kinase 3; adaptive immune receptor; interleukin-1 receptor-associated kinase 4"
"98","102","hfcd; ai anxiety; crnn; hfcc; ai documentation; ptmc segmentation; rs-ehr; opals algorithm; ussd; lpqnet; ai monitoring; gp-scr; cdisc; ai attitude; ai evaluation; rsvp; dcirs; cd-hit; pvtv2; ai engineering"
"99","33","inpatient rehabilitation; home-based rehabilitation; home rehabilitation; remote rehabilitation; long-term physical rehabilitation; conventional rehabilitation; rehabilitation program; home-based cardiac rehabilitation; postoperative rehabilitation; immediate rehabilitation; physiotherapy exercises; in-person rehabilitation; rehabilitation exercises; medical rehabilitation; physical therapy/rehabilitation; physical medicine and rehabilitation; pulmonary rehabilitation; perioperative pulmonary rehabilitation; exercise therapy; cardiac rehabilitation"
"100","45","wireless body area network (wban); remote patient monitoring (rpm); remote measurement technologies (rmts); camera-based photoplethysmography (cbppg); human-machine interface (hmi); body sensor network (bsn); linear acceleration based transmission duty cycling decision control (la-tdc); in-home monitoring system (ims); text-assisted vision (tav); real-time locating systems (rtls); wireless body area networks (bans); automated breast ultrasound (abus); human computer interface (hci); brain–computer interface (bci); tri-axial accelerometer (acc); smart voice assistants (sva); transcranial static magnetic stimulation (tsms); body sensor networks (bsns); closed-loop control (clc); brain–computer interfaces (bci)"
"101","50","protein-tyrosine kinases; protein kinases; guanylate kinases; receptor protein-tyrosine kinases; protein tyrosine phosphatases; protein serine-threonine kinases; casein kinases; class i phosphatidylinositol 3-kinases; tyrosine kinase; src-family kinases; polo-like kinase; mitogen-activated protein kinase phosphatases; cyclin-dependent kinases; phosphatidylinositol 3-kinases; mitogen-activated protein kinase kinases; heterotrimeric g proteins; c-met tyrosine kinase; interleukin-1 receptor-associated kinases; tor serine-threonine kinases; g protein-coupled receptors"
"102","53","aortic endograft; aortic valve closure; transcatheter heart valves; blood vessel prosthesis implantation; valve sparing root replacement; bileaflet mechanical heart valve; transcatheter aortic valve; aortic valve replacement; valve replacement; edge-to-edge mitral repair; endoprosthesis; aortic valve; biological venous valve; aortic annuloplasty; aortic valve bioprosthesis; prosthetic mitral valve; coronary stent; bioprosthesis; aortoiliac stenting; transcatheter edge-to-edge repair"
"103","30","septic trauma outcomes; postoperative delirium; neonatal readmission; opioid mortality; disease complications; sepsis-associated delirium; pediatric delirium; orthopedic trauma mortality; inpatient falls; perioperative stroke; stroke-associated pneumonia; mortality; hospitalization reduction; stroke prognosis; late-onset sepsis; heart failure with reduced ejection fraction mortality; sepsis mortality; sepsis-associated encephalopathy; pediatric sepsis; stroke recurrence"
"104","45","regional analgesia; regional anaesthesia; opioid analgesic; total intravenous anesthesia; regional anesthesia; nerve block; nonopiod analgesia; general anesthesia; axillary block; spinal anesthesia; narcotic analgesics; dental sedation; patient-maintained sedation; anesthetic administration; airway extubation; intraoperative hypotension; patient-controlled analgesia; intradialytic hypotension; pain relief; anesthesia"
"105","59","financial incentive; mutual aid; contract negotiations; contracts; community partner compensation; professional obligations; financial management; commitment contracts; contract services; nonfinancial incentives; salaries; master irb agreements; research compensation; government support; medical aid; financial arrangements; government sponsorship; fda policy; human oversight; employee support"
"106","48","tobacco smoke; cigarette smoking; smoking abstinence; tobacco smoking; smoking addiction; marijuana smoking; smoking; tobacco and tobacco product; tobacco use; tobacco products; tobacco cessation; tobacco and smoking; social smoking; adolescent smoking; vaping cessation; co-smoking; tobacco treatment; nondaily smoking; smoking/harm reduction; tobacco cigarette"
"107","53","arrhythmia recognition; electrocardiography (ecg); ecg anomaly classification; electrocardiogram interpretations; abnormal ecg identification; single-lead ecg wave; ecg alarm; multi-lead ecg; arrhythmia detection; electrocardiogram (ecg); ecg interpretation; ecg abnormality detection; ecg diagnosis; arrhythmia prediction; ecg waveform; ecg electrodes; ecg arrhythmia; single-lead ecg signal; cardiac arrhythmia classification; ecg age estimation"
"108","52","cardiac failure; kidney failure; liver failure; acute heart failure; renal failure; acute renal failure; organ dysfunction; acute respiratory failure; respiratory failure; heart failure; respiratory insufficiency; cardiorespiratory instability; multiple organ failure; acute decompensated heart failure; chronic respiratory failure; renal insufficiency; hemodynamic decompensation; venous insufficiency; acute-on-chronic liver failure; heart decompensation"
"109","96","dynamic domain adaptation; action detection; temporal constraint; gated attention mechanism; cross-modal interplay; learning effects; neuro-sensory detection; movement prediction; hadamard attention mechanism; differential learning; dynamic guidance; temporal propagation; rate adaptation; conscious state prediction; perception-action cycle; learning mechanism; squeeze-and-excitation attention mechanism; local adaptation; attention-based residual u-net; memory affect and hereditary trace"
"110","196","ebv; redistribution; responsiveness; cin; iga; coagulation; constipation; atopic; diuretic; metaplasia; pv; lymphoma; polygenic; ccrcc; ngf; responsive; va; febrile; triplet; treadmill"
"111","62","alert acceptance; bedside fall; policy gradient; alert algorithms; prompt engineering; crisis line; worry identification; prompt generation; protection motivation; improvement need; alert burden; practice variance; message round; bedside terminal; decision fatigue; alert optimization; re-identification risk; individualized pathway; clinician wellness; policy field"
"112","55","maternal morbidity; perinatal complications; neonatal mortality; maternal mortality; pregnancy complications; fetal outcomes; fetal outcome; low birth weight; perinatal mortality; neonatal outcome; perinatal deaths; prenatal care; neonatal morbidity; obstetric labour complications; neonatal deaths; pregnancy outcomes; birth weight; postpartum period; perinatal period; recurrent miscarriages"
"113","49","wireless body area networks; wireless body area network; wireless clinical networks; wireless body area sensor networks; communication networks; centralized networks; wireless network; wireless body sensor networks; mobile nodes; body sensor networks; integrated networks; wireless hospital sensor network; networking; patient-sharing networks; wireless medical sensor networks; medical collaborative networks; mobile senor nodes; wireless network platform; web-based collaborative networks; communication modes"
"114","69","traumatic injuries; hand injuries; pressure injuries; knee injury; firearm injuries; child injuries; shoulder injuries; road injuries; extremity injuries; landing injury; inertial injury; traumatic injury; musculoskeletal injuries; traffic injuries; hospital-acquired pressure injuries; mild head trauma; finger injuries; lumbar injury; pressure injury; occupational injuries"
"115","33","mobile-based monitoring; smartphone-based monitoring; video-based monitoring; wireless monitoring; remote monitoring; mobile monitoring; user-centric monitoring; nonintrusive monitoring; real-time monitoring; smart mobile monitoring; contactless monitoring; unobtrusive monitoring; device based monitoring; sensor-based monitoring; multi-modal monitoring; smart monitoring; wearable monitoring; noncontact monitoring; telehealth monitoring; smart healthcare monitoring"
"116","85","optogait; dartel; liblinear; smartpone; camembert; canisonet; clarinet; twinvax; titindb; rigiprev; infobutton; sunburst; getusppe; breastmilk; quitguide; econsent; pcornet; protfun; hitech; caalyx"
"117","48","influenza vaccination; maternal vaccination; mass vaccination; influenza vaccine; mandatory vaccination; childhood vaccination; booster vaccination; vaccination campaign; routine immunization; bcg vaccination; vaccine uptake; immunization schedule; adherence to vaccination; undervaccination; hpv vaccination; global vaccination; seasonal influenza vaccination; vaccination protection; vaccination uptake; hepatitis b vaccination"
"118","44","positional nystagmus; feet muscle weakness; dysarthria; facial weakness; upper-limb weakness; nystagmus; muscle weakness; diplopia; focal dystonia; papilledema; myoclonus; cervical dystonia; hemiparesis; non-motor features; polyneuropathy; motor symptoms; severe papilledema; quadriplegia; autonomic dysreflexia; bradykinesia"
"119","73","health system; health information systems; health systems; mobile health systems; healthcare system; healthcare management systems; health care system; health care information systems; public health information systems; health care systems; health monitoring systems; health-care information systems; health innovation system; healthcare systems; national health care system; health assistance systems; general health system; integrated healthcare systems; health information technology systems; primary care information systems"
"120","25","major depression disorder (mdd); major depressive disorder (mdd); generalized anxiety disorder (gad); bipolar disorder (bd); obsessive-compulsive disorder (ocd); posttraumatic stress disorder (ptsd); sexual interest/arousal disorder (siad); alcohol dependence (ad); methamp-hetamine use disorder (mud); post-traumatic stress disorder (ptsd); alcohol use disorder (aud); attention deficit hyperactivity disorder (adhd); attention-deficit/hyperactivity disorder (adhd); autism spectrum disorder (asd); non-suicidal self-injury (nssi); alcohol abuse (aa); attention-deficit hyperactivity disorder (adhd); autism spectrum disorders (asds); mild cognitive impairment (mci); severe mental health problems (smi)"
"121","78","emergency room triage; emergency department triage; emergency hospital transport; pre-hospital transfer; emergency patient transport; ambulance dispatching; emergency disposition; emergency dispatch; prehospital triage; patient triage; pre-hospital triage; emergency medical dispatch; emergency medicine triage; prehospital care; ambulance care; emergency department disposition; critical care transport; intrahospital transport; hospital transfer; obstetric triage"
"122","29","wnt signaling; erbb signaling pathway; wnt signaling pathway; apoptotic signaling; rtk signaling; ligand–receptor pathway; morphogen signalling; erbb signaling; wnt-signalling; signaling cascade; signaling pathways; signaling pathway; ras-signaling pathway; tumor signaling pathways; delta-notch signaling; hedgehog pathway; oncogenic pathways; ubiquitin-mediated signalling; growth factor signalling; cooperative driver pathway"
"123","136","cross-reference automation; cell population data; blastomere detection; stereo-seq; cross-tissue generalization; pill recognition; universal cell type identification; microbial object detection; virus-induced; sample inversion; novel cell-type detection; daily incidence; differential content loss; cell culture efficiency; cell line specificity; population enrichment; cell expansion optimization; single-cell hi-c; growth graph; time course"
"124","40","tumour suppressors; disease pathways; cancer phenotypes; tumor suppressors; cancer gene identification; immune pathways; oncogentic pathways; cancer regulators; cancer genes; oncoprotein; cancer progression; tumour suppressor; tumor suppression genes; oncogenic mechanism; cancer pathways; tumor suppressor genes; cancer pathway; microrna sponges; oncogenes; human cancer"
"125","93","e-consultation; e-hospital; e-health; e-consult; e-pharmacy; tele-expertise; e-service; e-healthcare; remote consulting; telestration; telehealth expansion; e-consultations; e-visit; e-prescribing; cpoe/cds market challenges; e-services; health it utilization; e-management; matching service; tele-emergency"
"126","36","long fragment reads; split-reads; synthetic long reads; short pe reads; low-coverage long reads; long noisy reads; long-read sequence; short reads; long reads; short-read; unmapped reads; long read; long-read rna; short fragmented sequences; non-overlapping reads; k-mer search in reads; rna-seq reads; spliced alignment; read mapping; multiple genome fragments"
"127","43","virulence factors; effector proteins; type vi secretion systems; fimbriae proteins; lytic proteins; restriction factors; prophages; transposases; bacterial secretion; type iii secreted effectors; quorum sensing proteins; bacterial secretion system; crispr-associated proteins; quorum sensing peptide; virulence genes; virulence factor; type iii secretion systems; toxin–antitoxin (ta) systems; type iv secreted effectors; type iv secreted effector"
"128","45","structural variant discovery; phenotype discovery; driver gene discovery; causal gene discovery; variant discovery; cnv prediction; signature discovery; causal pathway discovery; polymorphic variant discovery; metabolomic biomarker discovery; mirna discovery; disease gene discovery; structural variant detection; variant prediction; biomarkers discovery; variant detection; cancer subtype discovery; marker gene discovery; dmr identification; cancer biomarker discovery"
"129","93","practice variation; performance agreements; practice variability; communication standards; practice analysis; collaboration outcomes; clinical foundation model; referrals; feedback messages; guideline interaction detection; prescribing indicator; patient reasoning; care variability; documentation burden; cost imbalance; learning gaps; primary care informatics; safety-net patients; patient decisions aids; clinician workload"
"130","50","chronic respiratory diseases; chronic diseases; chronic respiratory tract diseases; lifestyle-related diseases; chronic disease; chronic respiratory disease; chronic noncommunicable diseases; respiratory diseases; common diseases; lifestyle-related disease; respiratory disease; non-communicable diseases; rheumatic and musculoskeletal disease; severe respiratory diseases; respiratory system diseases; noncommunicable diseases; noncommunicable disease; respiratory tract diseases; complex chronic diseases; non-ocular diseases"
"131","94","gene coexpression network; gene regulatory network; gene interaction networks; gene co-expression networks; gene regulatory networks; co-expression gene network; gene interaction network; molecular interaction networks; gene co-expression network; differential co-expression network; gene-regulatory networks; gene-regulatory network; gene coexpression networks; gene regulation network; differential co-expression networks; gene association networks; gene relation network; subcellular gene neighborhood network; protein-protein interaction network; protein-protein interaction networks"
"132","120","app-spam; prs-cs; uci-har; cpc-net; hfcwo; hadultv-cm; haf-elm; ecqm; vit-lstm; omi-db; rai-hc; omop-cdm; mdtap; csr-net; cc-net; aop network; ccfrag; pemat- a/v; rgb-d; icdas"
"133","57","residual effect; causal effects; heterogeneous effects; causal interactions; directional effect; differential interaction; concurrent interaction; hierarchical interaction; dominance effects; effect modifier; mediation effect; heterogeneous causal effect; causal effect; slip and reaction effects; factor interaction; interaction effects; effect modification; nocebo effect; causal intervention; inflationary effect"
"134","48","chromosome rearrangements; copy number changes; chromosomal translocations; copy number aberrations; copy number aberration; germline cnvs; gene fusions; copy number variations; gene loss; gene fusion; chromosome duplication; chromosome breakpoints; chromosomal abnormalities; somatic alterations; gene rearrangement; copy number variation; copy number alteration; mosaicism; chromosome aberrations; chromosome abnormalities"
"135","85","dashboarding; user activity; user revocation; user-driven; web-scrapping; user centered; one-stop platform; user-led; wrapper; chat interface; web scraping; portal use; dashboard design; form customisation; self-learning module; user-oriented; wrappers; app use; user-centric; playtime"
"136","68","health care workers; primary health care workers; health extension workers; healthcare workers; lay health workers; health care worker; health workers; healthcare worker; community health workers; health extension worker; primary care workers; frontline health care workers; health care professionals; primary care professionals; nurse midwives; social workers; medical professionals; community health worker; lay health worker; frontline health workers"
"137","88","home visiting; public housing; school-going; home confinement; restaurants; work hours; home isolation; outdoor play; multiple watermarking; active travel; public transportation; home use; small business; mobile home; active transportation; outside play; private home; entertainment; living quarters; work activity"
"138","55","methicillin resistance; antibiotic resistance; antimicrobial resistance; antibiotic tolerance; antimicrobial prescription; quinolone; antibiotic prescriptions; antibiotic prescription; β-lactam resistance; cephalosporin; antibacterial drug resistance; antibiotic profile; cefuroxime resistance; antimicrobials; ciprofloxacin resistance; antibiotics; polymyxins; antibiotic usage; vancomycin resistance; antibiotic prescribing"
"139","52","indole derivatives; quinolines; piperazines; triazoles; benzothiazoles; dibenzepinones; benzalacetophenones; quinazoline derivatives; pyrazole-benzimidazole derivatives; alkyl hydrazides; quinazolines; thiones; chiral phthalimides; coumarins; pyrazoles; piperidines; benzamides; 4-hydroxy-2-pyridone derivatives; benzenesulfonamides; benzothiazole"
"140","33","adverse drug events (ade); community acquired pneumonia (cap); hepatitis c virus (hcv); adverse drug events (ades); herbal medicine-drug interaction (hdi); drug-drug interaction (ddi); non-communicable disease (ncd); hepatitis b virus (hbv); cardiovascular diseases (cvds); non-communicable diseases (ncds); cardiovascular diseases (cvd); primary immunodeficiency (pid); seasonal respiratory diseases (srds); adverse transfusion reactions (atrs); human immunodeficiency virus (hiv); adverse drug reactions (adr); surgical site infections (ssi); adverse drug reactions (adrs); tuberculosis (tb); acquired immunodeficiency syndrome (aids)"
"141","33","pediatric oncology; paediatric oncology; gynecological oncology; surgical oncology; community oncology; medical oncology; head and neck oncology; oncology care; gynaecological oncology; hematology oncology; orthopedic oncology; cancer management; pediatric cancer; geriatric oncology; cancer care; paediatric cancer; cancer malignancy; immuno-oncology; oncology patients; hematology-oncology"
"142","46","anxiety disorders; mood and anxiety disorders; emotional disorders; affective disorders; phobic disorders; psychological disorders; mood disorders; behavioral disorder; anxiety/anxiety disorders; bipolar and related disorders; psychiatric disorders; common mental disorders; severe mental disorders; mental disorder; personality disorders; chronic tic disorders; mental and cognitive disorders; somatoform disorders; opioid-related disorder; cocaine-related disorders"
"143","64","plumx; olea; bittergnns; cajanus; fraxinus; apium; vigna; artocarpin; coffea; chrysanthemi flos; misophonia; panicum; chinchilla; scoliomedis; saussurea costus; cricetinae; simedis; prunus; teucrium; sepia"
"144","26","ubiquitin-protein ligase; cohesin complex; ubiquitin ligases; e3 ligase; ubiquitin-protein ligases; prc2 complex; hat/hdac; ubiquitin-conjugating enzymes; protein deubiquitination; ubiquitin-proteasome system; active transport, cell nucleus; class i hdacs; nuclear pore complex; cell signaling structure function (ssf; nuclear pore; regulator of yap/taz-tead complex; cop9 signalosome complex; proteasome endopeptidase complex; endoplasmic reticulum-associated degradation; protein processing, post-translational"
"145","86","goal-oriented care; team-based care; collaborative care; integrated care; transitional care; coordinated care; coordinated care delivery; tailored care; longitudinal care plan; patient-initiated care; flexible care; internet-based care; video-based care; home-based care; protocol-based care; patient-centered medical home; closed-loop care pathway; medical transition care; integrated disease management; transitional care model"
"146","59","continuous blood pressure monitoring; blood pressure monitoring; oxygenation monitoring; blood gas monitoring; continuous bp monitoring; remote blood pressure monitoring; hemodynamic monitoring; continuous non-invasive arterial blood pressure monitoring; continuous non-invasive blood pressure monitoring; cardiorespiratory monitoring; remote vital signs monitoring; continuous cardiac monitoring; cuff-less blood pressure monitoring; cardiac monitoring; continuous respiratory monitoring; continuous pulse oximetry; ambulatory blood pressure monitoring; cardiopulmonary monitoring; respiratory monitoring; continuous temperature monitoring"
"147","48","public databases; faers database; information resources; communications media; multimedia; internet resources; web health information; structural database; biomedical communication; science communications; health information database; online information sources; mit database; public communication; bioinformatics databases; multimedia database; electronic media; esmc; public datasets; voice interface"
"148","59","primary health center; primary health care centres; community health centers; family health center; primary care clinics; health care facilities; outpatient clinics; primary health institutions; primary healthcare facilities; rural health centres; community health center; family medicine clinics; health clinics; ambulatory clinics; youth health clinic; health centers; acute care facilities; dental clinics; health care facility; public health centres"
"149","65","black people; hispanic people; latino msm; aboriginal people; black community; young people; children and young people; young person; african american people; transgender persons; gender nonconforming people; white people; indigenous peoples; refugee; transgender people; vulnerable people; black msm; motherhood; aboriginal and torres strait islander peoples; lgbtq persons"
"150","97","interpretive flexibility; cultural appropriateness; interaction interpretability; cultural adaptation; contextual validity; structural controllability; factual consistency; cultural tailoring; ecological validity; prescriptive analytics; idiographic modeling; observability; contextual explanations; utility elicitation; temporal relations; information validity; meaningfulness; biological validity; adaptive adjustment; structural inconsistency"
"151","46","low-income population; underserved populations; low-income populations; vulnerable populations; low income population; indigenous populations; latinx population; minority populations; disadvantaged populations; hispanic population; diverse population; special and underserved populations; minority population; rural populations; incarcerated populations; underserved population; sexual minority populations; older population; older adult population; vulnerable geriatric population"
"152","52","isobavachin; explorepipolin; eltrombopag; digiphrame; neohesperidin; scutifoliamide-a; cryptotanshinone; lupeol; hemiterpenes; theaflavins; diosgenin; astringent; epichloe; khusimyl acid; needle terpenes; tea bioactive compound; swertiamarin; liquorice; gypenosides; beauvericin"
"153","75","ankle kinematics; gait stability; joint force; shoulder stiffness; joint angle; ankle joint moments; hip joint motion; joint moment; weight instability; knee contact force; leg strength; wrist motion; axial stability; hand strength; arm strength; ankle joint angle; facet joint force; muscle strength; pinch strength; hand function"
"154","54","developmental biology; cell biology; reproductive biology; parasite biology; plant cell biology; cellular microbiology; cell communication; biologicals; human nutrition; neuronal physiology; plant signalling; tumour immunology; brain biophysics; systems virology; cancer biology; medicinal biochemistry; stem-cell research; cancer immunology; transplant immunology; molecular biophysics"
"155","56","user-centered evaluation; human-centered evaluation; human-centred evaluation; network activity evaluation; comprehensive performance evaluation; performance-based assessment; process evaluation; cross-environment evaluation; professional feedback-informed evaluation; user-centered accessibility evaluation; health system evaluation; post-adoption evaluation; educational needs assessment; usability evaluation; content evaluation; complex intervention development; comprehensive evaluation; educational framework; usability analysis; prioritization criteria"
"156","82","cylindrical intensity model; standard frame model; cylindrical parameterization; dipole fitting; deformation model; distance transform; circular shape function; spherical evolution; efia-ewit discretization; tangent space mapping; surface parameterization; asymmetric channel walls; projection space; laplace transformation; modulation spectrum; laplacian deformation; matrix pseudo-inversion; block term decomposition; tensor field interpolation; chebyshev chaotic maps"
"157","43","health psychology; psychological capital; mental accounting; psychology; psychological profiles; schizophrenic psychology; psychological detachment; psychological profile; psychopathology; child development; counseling psychology; smoking research; behavior; psycho-physiology; clinical psychology; psychological trends; biofeedback, psychology; neuro-cognitive; colour psychology; psychology, developmental"
"158","70","drug-drug interaction predictions; drug toxicity prediction; drug compounding; drug perturbations; variant actionability; multi-source drug fusion; druggability profiling; ddi prediction; herg prediction; drug repurposing pipeline; drug prioritization; drug resistance prediction; clinical pathway mining; drug query; drug expression; near-drug space; early drug-side effect screening; allergenicity prediction; drug selection; novel drug features"
"159","92","dynamic grouping; recurrent structure; dynamic identity; strong connection; local configuration pattern; end-digit preference; zero-profile; dynamic maintenance; coherent pattern; recurrent connection; closed-loop; hybrid close loop; single phase lag; long-range dependency; transductive inference; overlapping relation; spatiotemporal interaction pattern; heterogeneous ensemble; dynamic early-exit; inertia"
"160","53","clinical-decision support; multi-patient clinical decision support; medical decision support; computer-based decision support; clinical decision-support; computer decision support; clinical diagnostic decision support; clinician decision support; integrated clinical decision support; clinical decision aids; patient decision support; personalized decision support; clinical decision-support systems; automated decision support; computer-aided medical decision support; patient-centered clinical decision support; clinical decision systems; patient decision aid; secure clinical decision support; decision support tool"
"161","46","patient resource; patient trajectory; patient forum; patient organization; patient retention; patient messages; patient detection; patient guidance; patient assessment; patient collaboration; patient security; patient vulnerability; patient organisations; patient profile; patient transfer; patient voice; patient service; patient judgments; patient tracking; patient surveillance"
"162","43","young individuals; pre-frailty; chronically ill; pre-frail; older individual; asian youths; small-world; vulnerable patients; established adults; terminally ill; early onset; chinese elderly; middle-aged and older adult; older individuals; longitudinal care; early-onset; late-onset; runners; middle-aged and elderly chinese; light- weight"
"163","48","fluid biosensors; biomedical sensors; sensor technologies; biomedical sensing; biomedical electronics; sensor technology; noncontact bed sensors; electrochemical sensor; flexible sensors; biosensors; biomedical electrodes; medical sensors; mobile biosensing; biometric sensors; wearable biosensor; sensor systems; biomedical device; smart biosensors; conformal wearable sensor; ultrasonic sensor"
"164","54","protein-ligand binding affinity; protein–ligand binding affinity; protein-ligand affinity; protein–ligand affinity; ligand-protein docking; protein-protein docking; drug–target binding affinity; protein-peptide docking; drug-target binding affinity; protein–ligand docking; protein–protein binding affinity; protein–ligand binding mode; drug target binding affinity; compound-target interaction; binding free energy; drug–target affinity; protein–ligand blind docking; kinase selectivity; protein-dna binding affinity; dna intercalation"
"165","36","parental stress; parent support; parenting support; parent-child relations; mother-child relations; parent-child relationships; parenting skills; positive parenting; family relations; family support; parental concern; intergenerational support; family education; parenting stress; parental skills; parenting behavior; co-parenting; parental behavior; parent education; childcare"
"166","44","health risk profiles; suicide risk; social risk; lifetime risk; suicidal risk; psychological risk; social risks; multi-disease risk assessment; behavioral determinants; community-level social risk; negative health effects; health risk identification; prenatal risk assessment; psychosocial impacts; socioeconomic burden; competing risks; risk groups; familial cancer risk; risk factor identification; cancer mortality"
"167","26","aortic flow; aortic diameter; aortic pressure; aortic blood flow; ventricular pressure; pulmonary artery pressure; aortic geometry; wall pressure gradient; wall pressure; lumen diameter; aortic dilatation; pulmonary artery; cardiac output; left ventricle; thoracic aorta; aortic morphology; intracardiac hemodynamics; right ventricle; aortic opening; thoracic aorta wall"
"168","55","molecular pathology; genomic research; viral genetics; molecular medicine; bacterial genomics; glycomics; genetic engineering; chemical informatics; proteogenomics; computational virology; pathogen discovery; metallomics; toxicogenomics; chemogenomics; biomedical discovery; nutrigenetics; protein engineering; cell culture; genome engineering; bacterial genetics"
"169","83","medical innovations; biomedical innovations; laboratory medicine; biomedical innovation; health care robotics; medical technology; neurotechnology; biophotonics; scicomm; neural engineering; healthcare systems engineering; pangenomics; neurotechnologies; pacs; network medicine; healthcare robotics; precision diagnostics; webrtc; clinical pharmacy; diagnostic medicine"
"170","24","health indices; health index; health status indicators; health measure; individual health indicators; physical health indicators; health score; personal risk index; health assessment; nutritional status; nutritional profile; respiratory health assessment; physical activity classification; health attribute; health measurements; occupational health assessment; engagement index; health domains; functional status; risk indexes"
"171","67","digital health equity; health empowerment; racial health equity; healthcare equity; health engagement; social equity; health advocacy; health-equity; healthy equity; health integration; health equity; rural health equity; connected health; global equity; mental health equity; health care equity; participatory health; health reform; health system sustainability; digital equity"
"172","39","walking balance; dynamic balance; stand-to-sit; postural balance; walking pattern; leg agility; static balance; postural stability; walking patterns; balance performance; acceleration capacity; walking gait; counter movement jump; heel strike; foot drop; jump performance; dynamic walking; walking speed; single leg stance; walking bouts"
"173","30","high-income country; low- income country; low-income country; upper-middle income countries; low and middle-income country; low middle income country; middle-income country; developing countries; southern african countries; low income country; developed countries; low resource country; middle income country; developing country; developing nations; asia-pacific region; transitional countries; arab countries; emerging countries; sub-saharan africa"
"174","54","health monitoring of patients; monitoring functional requirements; management of waiting lists; diagnostic tests and referrals; management of abnormal results; predicting necessary laboratory tests; education of patients; management of interactions; transition to independence; reinfection force and limited medical resources; physician efforts; length of visit; identification of treatment cost; functional requirements; optimizing physician note; health care in remote regions; complex medical cases; important symptoms; children with medical complexity; return of individual research results"
"175","54","virality; viral transmission; viral perturbations; parasite development; virus spread; virus infection; gene transmission; virus internalization; virus replication; viral reservoirs; biological variability; latent infection; virus host factors; bacterial adhesion; virus virulence; virus integration; antibody response; viral infection; human–virus relationship; bacterial contamination"
"176","53","pssm; process reengineering; cua; trans-o-mim; fe-dic; iodides; litt; momconnect; c-19; histidinol dehydrogenase; mgh1; irls; lio; n2; compound loss; csd code; compound splitting; sc2ne; hm2; nbn"
"177","41","ct reports; radiological exam; clinical ct; mri reports; imaging features; diagnostic imaging; imaging diagnosis; emergency head computed tomography (ct); sonomyography (smg); diagnostic radiology; surgical imaging; gastric x-ray images; radiological findings; cystography; cxr imaging; chest imaging; radiologic finding; ctsa evaluation; ct(5); vessel features"
"178","29","parkinson disease (pd); parkinson's disease (pd); alzheimer’s disease (ad); alzheimer's disease (ad); parkinson’s disease (pd); alzheimers disease (ad); alzheimer disease (ad); huntington's disease (hd); huntington’s disease (hd); alzheimer's disease (id); frontotemporal dementia (ftd); type 1 diabetes (t1d); multiple sclerosis (ms); osteoarthritis (oa); rheumatoid arthritis (ra); amyotrophic lateral sclerosis (als); knee osteoarthritis (oa); alzheimer's disease and related dementia (adrd); alzheimer’s disease and related dementias (adrd); schizophrenia (sz)"
"179","108","federate learning; feeding skill; periodization; choquet integral; ingredient recognition; chewing sensor; gated network; pasting augmentation; cough segmentation; plithogenic set; child airways; fertility tracker; immersion and invariance; sexting; after-hours care; pornography literacy; pornography use; activity routine; vaping epidemic; take-out foods"
"180","60","multi-cascade fusion; multi-scale enhancement; multi-layer fusion; multi-scale structure; multi-scale cube prediction; multi-model fusion; self-ensemble; multi-branching output; two-scale decomposition; multi-scale aggregation; multi-layer cascade fusion; multi-way arrays; multi-level heterogeneous ensemble; multi-class localization; long-range information; multilayer model; tri-modal molecular representations; multi-modal molecular representations; long-range dependencies; multi-layer"
"181","31","regulatory elements; regulatory motifs; transcriptional regulatory elements; active and poised regulatory elements; regulatory motif; regulatory modules; super-enhancers; methylation motifs; ctcf binding motifs; tf motifs; regulatory genes; regulatory element; critical enhancer regions; super-enhancer; functional elements; alternative transcription units; cis-regulatory elements; genomic islands; reporter genes; cell-specific enhancers"
"182","63","strinngs; telelactation; capsulorhexis; retrosynthesis; radial bas-relief (rbr) initialization; pseudoalignment; disk bulge; vascular bundle displacement; deblurring; stitching; bone on-growth; breast compression; strspy; phonotrauma; haze removal; surgery cancellation; uppaal; vessel removal; postoperative residual curarization; amalgamation"
"183","29","universal consent; informed consent; passive consent; tiered informed consent; informed consent process; sexual consent; broad consent; patient consent; e-consent; informed consent form; technology-based informed consent; self-consent; preoperative informed consent; participant rights; non-consent; consent forms; mail-based informed consent; participant confidentiality; digital informed patient consent; ethical privacy"
"184","64","lung nodule classification; neoplasm staging; tumor purity prediction; nodule classification; malignancy grading; nodule recognition; lesion prediction; brain tumor detection; tumor recurrence prediction; local progression prediction; polyp staging; malignant cell detection; colonic polyp classification; liver tumor detection; lung nodule detection; small lesion detection; pulmonary nodule detection; lesion malignancy classification; mammographic mass classification; multi-pathology detection"
"185","49","sars virus; dengue virus; zika virus; marburg virus; herpesviruses; herpes virus; human viruses; arenaviruses; pox virus; ebola virus disease; vesiculovirus; virus origins; tospovirus; coronaviridae; virus rna; viruses; flavivirus; adenoviridae; insect viruses; retroviridae"
"186","75","treatment policy; treatment individualisation; discharge predictions; treatment strategy; medication prediction; medication recognition; algorithmic dosing suggestions; medication directions; algorithm recommendation; alarm optimisation; medications delivery; symptom algorithm; hypoglycemia prediction; dose individualization; dose prescription; protocol-based prompting; screening model; algorithm change protocol; insulin treatment personalisation; vitals measurement"
"187","65","tf binding sites identification; streme motif validation; cpg islands annotation; promoter features; enhancer strength prediction; ume6 motif; tfbss location; regulatory region scanning; utr characterization; transcript region type; protein binding affinity change prediction; triplet prediction; motif finding; transcript features; promoter regions, genetic; r-gene prediction; motif importance; transcription factor binding sites prediction; collocated genes; gene id mapping"
"188","54","apoptosis regulatory proteins; microtubule-associated proteins; smad proteins; kdm proteins; heat shock proteins; wnt proteins; poly-adp-ribose binding proteins; cytoskeletal proteins; leucine-rich repeat proteins; cell cycle proteins; gtpase-activating proteins; homeodomain proteins; heat-shock proteins; cadherins; suppressor of cytokine signaling proteins; nuclear pore complex proteins; hsp90 heat-shock proteins; tumor suppressor proteins; hsp70 heat-shock proteins; argonaute proteins"
"189","83","clinical continuity; clinical communication; clinical process; clinical readiness; clinical indicator; clinical practice; clinical narrative; clinical pathways; clinical error; clinical workload; clinical conversations; clinical performance; clinical pathway; clinical decision; clinical variation; clinical tool; clinical judgment; clinical credibility; clinical quality; clinical judgments"
"190","54","health economic evaluation; cost benefit analysis; cost effectiveness analysis; health economics evaluation; economic evaluation; cost–benefit analysis; cost-utility analysis; cost efficacy; medical economic evaluation; cost benefit; cost effectiveness; health decision modelling; health economic analysis; cost analysis; health technology adoption; economic analysis; cost-benefit; cost-effectiveness; cost-utility; vaccine effectiveness"
"191","66","artesin; auranofin; semaglutide; ofatumumab; dap-g; eravacycline; pza; ctxb; tesamorelin; batzelladines; rasagiline; gentamicin; tranilast; moea/d; iloprost; colistin; aducanumab; csii therapy; etl/elt; ddfs"
"192","37","motor impairment; motor function; hand motor function; gait disorders; gait impairments; gait disorder; motor deficit; upper-limb motor impairment; sensory-motor dysfunctions; motor disorders; speech impairments; speech impairment; language dysfunction; motor deficits; fine motor function; upper limb function; gait apraxia; dexterity impairments; upper limb deficits; sensorimotor function"
"193","42","intracerebral hemorrhage; cerebral infarction; subarachnoid hemorrhage; cerebral hemorrhage; hemorrhagic stroke; intraventricular hemorrhage; spontaneous intracerebral hemorrhage; acute cerebral hemorrhage; traumatic hemorrhage; hypertensive intracerebral hemorrhage; brain hemorrhage; aneurysmal subarachnoid hemorrhage; intracranial hemorrhage; spontaneous intracerebral haemorrhage; intracerebral hematoma; subarachnoid haemorrhage; hemorrhagic transformation; ischemic stroke; cerebral infarct; non-traumatic intracerebral hemorrhage"
"194","59","circrna-disease associations; lncrna-disease associations; mirna-disease associations; microrna-disease associations; lncrna–disease associations; mirna–disease associations; circrna–disease associations; mirna-disease association; mirna–gene associations; rna–disease associations; microbe–disease associations; mirna–disease association; lncrna–disease association; multiple-type mirna-disease associations; pirna-disease associations; microbe-disease association; lncrna-disease association; circrna-disease association; microrna-disease association; disease-gene associations"
"195","25","pc3 cells; hep-2 cells; hep-2 cells; ht22 cells; hl-60 cells; jurkat cells; pc-3 cells; hct116 cells; hep g2 cells; k562 cells; mdck cells; mcf-7 cells; a549 cell lines; caco-2 cells; cho cells; 3t3 cells; hela cells; cos cells; hepg2 cell; hek293 cells"
"196","30","lymphatic metastasis; bone metastasis; distant metastasis; liver metastases; nodal metastasis; brain metastasis; lymph node metastases; brain metastases; lymph node metastasis; brain invasion; osteolytic metastasis; bone metastases; recurrence and metastasis; tumor–node metastasis; spinal metastasis; distant recurrence; axillary lymph node metastasis; seminal vesicle invasion; tumor invasion; renal sinus invasion"
"197","81","reproductive medicine; social medicine; adolescent medicine; podiatric medicine; geriatric medicine; community medicine; health medicine; internal medicine; family medicine; pain medicine; gender medicine; otc medicine; dietetics; midwifery; sleep medicine; dental medicine; forensic medicine; osteopathic medicine; ethnic medicine; geriatrics"
"198","53","30-day hospital readmission; 90-day readmission; 30-day readmission; 30-day unplanned readmission; hospital mortality; 30-days readmission; hospital readmission; all-cause readmission; icu mortality; 30-day mortality; hospital readmissions; in-hospital mortality; patient readmission; 28-day mortality; unplanned 30-day patient readmissions; 30 days readmission; unplanned readmissions; unplanned readmission; icu readmission; early readmissions"
"199","51","bed-side monitoring; bed monitoring; physiologic monitoring; physiological monitoring; in-home sensor monitoring; load monitoring; continuous monitoring; in-home monitoring; hand monitoring; non-invasive patient monitoring; at-home monitoring; home-based monitoring; continuous anxiety monitoring; physiological status monitoring; flash glucose monitoring; hydration monitoring; home-monitoring; portable and in-home monitoring; passive behavioral monitoring; remote physiologic monitoring"
"200","51","immersive technologies; immersive technology; user-directed health technology; patient-centered technology; internet-mediated communication; culturally appropriate technology; educative digital solutions; technology-enabled knowledge translation; patient-facing technology; technologically-enhanced learning; voice-to-text technology; user-centered development; persuasive technology; patient-facing ehealth; immersive system; technology-based solutions; web-based coaching; knowledge-driven digitalization; persuasive technologies; patient-oriented e-health"
"201","43","drug candidates; repurposed drugs; therapeutic compounds; personalized drug targets; repurposable drugs; drug repurposing; druggable targets; therapeutic targeting; candidate drugs; therapeutic systems; targeted anticancer drugs; therapeutic inhibitors; new drugs; cell surface targets; therapeutic targets; putative molecular targets; target combinations; repurposing drug combinations; multi-target therapeutics; therapeutic target"
"202","42","sleep pattern; sleep disruption; sleep time; sleep patterns; sleep offset; sleep posture; sleep initiation; sleep movements; sleep state; sleep stage transition; sleep-wake; sleep onset; sleep and wake classification; sleep deprivation; sleeping habit; sleeping behavior; sleeping habits; daily pattern; snoring; nocturnal movement activity"
"203","42","chronic kidney disease; chronic kidney diseases; rheumatic heart disease; chronic lung disease; chronic liver disease; chronic inflammatory bowel disease; chronic pulmonary obstructive disease; acute kidney disease; chronic obstructive pulmonary disease; inflammatory bowel disease; chronic obstructive pulmonary diseases; advanced chronic kidney disease; non-alcoholic fatty liver disease; nonalcoholic fatty liver disease; inflammatory rheumatic disease; polycystic kidney disease; alcohol fatty liver disease; end-stage renal disease; fatty liver disease; chronic obstructive respiratory diseases"
"204","103","probabilistic matrix decomposition (pmd); tangent space mapping (tsm); sparse representation based classification (src); point-wise gated deep network (pgdn); hierarchical feature fusion (hff); sparse support vector machine (s-svm); single sample network (ssn); ensemble deep random vector functional link (edrvfl); adaptive focal cross-entropy loss (afce); sparse representation (sr); generalized regression neural network (grnn); uniform manifold approximation and projection (umap); deep extreme learning machine (delm); adaptive ensemble manifold learning (aeml); multilayer perceptron neural networks (mlpnn); conditional variational autoencoder (cvae); multivariate empirical mode decomposition (memd); cuckoo search optimization (cso); latent dirichlet allocation(lda); latent dirichlet allocation (lda)"
"205","67","corneal detection; visual acuity prediction; iris scanning; fundus disease recognition; fovea detection; fovea localization; pupil detection; retina identification; ocular telemedicine; visual field estimation; cataract classification; iris recognition; corneal segmentation; monocular imaging; wrinkle detection; cataract grading; glaucoma grading; specular reflection removal; retinal age gap; pathological myopia recognition"
"206","60","patient-provider communication; patient-clinician communication; physician-patient communication; patient-doctor communication; patient-physician communication; nurse-physician communication; clinician-patient communication; patient–provider communication; physician–patient communication; physician-nurse communication; provider-patient communication; patient–physician communication; patient physician communication; patient provider communication; patient and provider communication; doctor-patient communication; provider–patient communication; provider-patient communications; doctor–patient communication; patient-provider communications"
"207","87","health practitioners; health professionals; health professional; health management; community healthcare; primary healthcare; reproductive health care; health care consumers; health science professionals; patient health care; healthcare sector; behavioral health care; health care stakeholders; health professions; health consultation; service provision; health care management; health information professionals; health care practitioners; global health care"
"208","42","muscle fibers; muscle fiber; muscle architecture; calf muscles; muscle contraction; detrusor muscle; diaphragm muscle; respiratory muscles; skeletal muscle; abdominal muscle; muscle fatigue; muscle force; muscle relaxation; muscles; masseter muscle; human quadriceps femoris muscles; muscle shortening; isometric contraction; muscle deformation; muscle volume"
"209","35","non-synonymous mutations; amino acid variations; deleterious mutations; single amino acid variation; deleterious synonymous mutation; adaptive mutation; missense mutations; synonymous mutation; multi-nucleotide variants; nonsynonymous mutations; position-specific substitutions; amino acid substitution; single amino acid variants; co-occurring mutations; sequence variants; splice site variation; splice-disrupting variant; neutral mutations; codon variation; single nucleotide variation"
"210","84","haiti; east africa; morocco; south ethiopia; myanmar; puerto rico; guatemala; middle east; alabama; rwanda; zimbabwe; south sudan; mauritania; sierra leone; south africa; kentucky; eastern ethiopia; sub-sahara africa; east asia; indiana"
"211","21","care team; interdisciplinary healthcare team; multidisciplinary health team; multidisciplinary team; patient care team; medical care teams; health care team; interdisciplinary team; medical team; multidisciplinary teams; interdisciplinary teams; surgical team; multidisciplinary teamwork; healthcare teams; medical emergency team; emergency medical team; virtual care teams; hospital rapid response team; multidisciplinary team meetings; multidisciplinary tumor board"
"212","39","clinic event extraction; medical record keeping; medical data collection; patient-centered data collection; patient data entry; remote data collection; clinical documentations; health care data collection; chart abstraction; automated data extraction; medical record administrators; medical data preparation; electronic medical records documentation; medical information extraction; chart reviews; medical record conversion; clinical documentation; data abstraction; medical record procurement; clinical and research data collection"
"213","27","breathing sounds; heart sounds; breath sounds; joint sounds; abnormal lung sound detection; voice activity; deep breathing test; mouth breathing; breath sound; abnormal heart-sound detection; abnormal heart sound detection; cough sound; heart sound; lung sound; pain sign; first and second heart sound; breathing maneuvers; nasal sound; polyphonic sound; voice response"
"214","29","cystoid macular edema; macular edema; diabetic maculopathy; corneal stromal dystrophy; central serous retinopathy; diabetic macula edema; retinal detachment; epiretinal membrane; macular hole; macular pucker; choroidal neovascularization; central serous chorioretinopathy; retinitis pigmentosa; diabetic macular edema; macular degeneration; maculopathy; myopic maculopathy; retinal vein occlusion; polypoidal choroidal vasculopathy; fovea"
"215","40","muscle anatomy; anatomical feature reconstruction; anatomy localization; anatomical reconstruction; lesion location; anatomical accuracy; anatomical structure detection; 3d volume; torso surface reconstruction; 3d geometric information; virtual surgical planning; fast personalized 3d femur reconstruction; anatomical structure; scan plane; vascular anatomy; anatomical pathology; anatomical landmark localization; radiological female pelvis anatomy; anatomical location; prior anatomic relation"
"216","73","bone-cage composite; flapping system; low-layer retention module; chewing test fixture; push-pull systems; in-body devices; distraction screw; implant position; virtual fixture; scaffold fixation; tilted implant; bone extraction; stress shielding; limb lead systems; bone sawing; reduced lead sets; flow diverters; model lightweight; oral implant; prosthesis"
"217","76","mobile-based intervention; smartphone-based intervention; phone-based intervention; computer-tailored intervention; computer-based intervention; app-based intervention; web-based tailored intervention; internet-based intervention; technology-mediated intervention; dialog-based intervention; remote web-based intervention; social network-based intervention; technology-based intervention; text message-based intervention; home-based intervention; telephone-based intervention; internet-delivered interventions; web-based intervention; internet-delivered intervention; internet- and mobile-based intervention"
"218","94","netflix; syntenyplotter; haldanian models; protomaml; cineecg; gazerecorder; hololens 2; rosettafold; ant lion optimizer; human brichos family; elovl1; galaxy; mountain gazelle optimizer; supermatrix; ulam hyers()-stability; camoip; thermalytix; fastdrna; elovl6; treebank"
"219","49","arterial system modeling; hyperelastic model; physiological model; cardiac models; multiscale cardiovascular model; neuromechanical model; fluid-exchange model; renal system model; vascular model; cardio-respiratory model; biodynamic model; volume conductor model; cardiac electrophysiology modeling; blood vessel model; elastic vascular liver model; tube-load model; cardiac monodomain model; musculoskeletal knee models; extraocular muscle modeling; kinematic cardiac growth model"
"220","121","time-series imputation; out-of-distribution generalization; fixed-size segment partition; time-series kernel; t-vmf similarity; time-series fusion; energy-imf distribution feature; point set matching; multi-feature rayburst sampling; transformer model fusion; spaced seed hash; weighted state transition logic; laplacian interpolation; frequency-space enhanced; time-domain modulation illumination; time series segmentation; mapse; mapping adaptation; time-series prediction; pyramid feature refinement"
"221","56","healthcare services specification project (hssp); michigan institute for clinical and health research (michr); observational health data sciences and informatics (ohdsi); clinical data research network (cdrn); child and adolescent mental health services (camhs); patient-centered clinical research network (pcornet); clinical research network (crn); oneflorida clinical data research network (cdrn); regional health information organization (rhio); patient and community-engaged research (p/cenr); health information technology for economic and clinical health act (hitech); patient-centered outcomes research (pcori); national covid cohort collaborative (n3c); health information technology for economic and clinical health act of 2009 (hitech); ncats enhance clinical research professionals’ training and qualification (ecrptq); human resources for health (hrh); autism and developmental disabilities monitoring (addm); national health service (nhs); clinical translational science award (ctsa); patient protection and affordable care act (ppaca)"
"222","42","pain communication; symptom mapping; therapeutic movements; pain volatility; rehabilitation system; rehabilitation training system; paintor; pain detection; tinnitus diagnosis; clinical inertia; disorder identifciation; rehabilitation correction system; vertigo diagnostics; therapeutic inertia; ue rehabilitation; treatment recommendations; acupoint compatibility; neonatal pain; multimodal symptoms; movement classification"
"223","44","tooth root; tooth wear; tooth fractures; occlusal caries; dental cast; teeth; tooth preparation; maxillary central incisor; dental pulp cavity; mandibular canal; third molar; mandibular first molar; tooth eruption; abnormal tooth adaptation; dental enamel; anterior teeth; tooth injuries; dental dimensions; dental cavity preparation; teeth crown"
"224","42","remote therapy; augmented therapy; computer assisted therapy; device-aided therapy; computer-based therapy; adaptive therapy; text-based therapy; computer-assisted therapy; outpatient therapy; sound therapy; personalised electrotherapy; extracorporeal shock wave therapy; video-enhanced therapy; conversion therapy; cryotherapy; computer-assisted drug therapy; web-based therapy; vibro-acoustic therapy; electroconvul- sive therapy; genetic therapy"
"225","48","drug-drug interactions; drug–drug interactions; drug-drug interaction; opioid-drug interaction; herb-drug interactions; drug-target interactions; drug-drug-host interaction; drug-drug-interaction; drug-food interaction; drug–drug interaction; drug-food interactions; drug–food interaction; drug target interaction; food-drug interactions; drug-target interaction; drug drug interactions; drug interaction; drug-disease interaction; drug-allergy interaction; drug drug interaction"
"226","34","histological image; histological images; histopathological images; histology images; pathological images; histopathology images; histopathological image; microscopic pathological images; skin histopathological image; histopathological whole-slide images; h&e stained images; h&e images; histopathology; bone marrow microscopic images; color histopathological image; digital histopathological image; histopathology imaging; pathological lesions; histopathological data; histopathology image"
"227","57","amino acyl-trna synthetases; adp ribose transferases; adenylate kinases; acyltransferases; phosphotransferases; sulfotransferases; nitroreductases; amidine-lyases; udp-glucuronic acid transferases; cysteine endopeptidases; metalloproteases; cysteine proteases; nine cis-epoxy carotenoid dioxygenases; metalloendopeptidases; dioxygenases; thiolester hydrolases; polysaccharide-lyases; mixed function oxygenases; cysteine protease; tryptophan 2,3-dioxygenase"
"228","51","plasma osmolality; plasma volume; ultrafiltration volume; water absorption; blood volume; fluid shifts; hematocrit viscosity; stagnation pressure; hematocrit; body fluid mixture; body fluid identification; osmolar concentration; fluid intake; anemic oxygen balance; circulating air volume; hemodilution; fluid responsiveness; fluid accumulation; acid-base; stagnant blood volume"
"229","32","health information seeking; health information-seeking; healthcare seeking; information seeking; web-based health seeking; health information–seeking; patient information-seeking; information-seeking; help seeking; health-seeking; online health seeking; knowledge seeking; help-seeking; maternal healthcare seeking; health-information seeking; cancer information seeking; treatment-seeking; health seeking; information and support seeking; web-based help-seeking"
"230","53","parkinson’s disease; huntington’s disease; huntington's disease; parkinson’s diseases; alzheimer's disease; alzheimer’s disease; alzheimer disease; parkinson׳s disease; parkinson diseases; alzheimer´ s disease; alzheimer’s diseases; early parkinson’s disease; parkinson disease; alzheimer׳s disease; parkinson's disease; alzheimeris disease; huntington disease; huntington diseases; motor neuron disease; alzheimer’s progression"
"231","12","whole genome sequencing (wgs); whole-genome sequencing (wgs); next-generation sequencing (ngs); whole exome sequencing (wes); smac (single-molecule 6ma analysis of ccs reads); pacbio hi-fi; whole-exome sequencing (wes); complementary dna (cdna) microarray image; pacbio; genomic library; pacbio smrt; its sequencing"
"232","67","psychosocial therapy; cognitive therapy; relaxation therapy; behavioral therapy; psychological therapy; cognitive behaviour therapy; manual therapy; reminiscence therapy; behavior therapy; cognitive behavioural therapy; problem solving therapy; person-centered therapy; brief psychotherapy; cognitive–behaviour therapy; psychological treatment; language therapy; self-directed therapy; mind-body therapies; interpersonal therapy; cognitive behavior therapy"
"233","26","individualized treatment; individual tailored treatment; personalized treatment; individualized therapy; personalised therapy; personalized treatments; individualized cancer treatment; individualized care; personalised interventions; risk-based treatment; personalized treatment planning; adaptive treatment; individual therapy planning; personalized intervention; individualized diagnosis; tailored symptom assessment; personalized diabetes management; individualized risk management; personalized interventions; individualized pain plans"
"234","67","mhealth adoption; mobile health care adoption; digital health technology adoption; digital health adoption; technology adoption; electronic health record adoption; ehealth adoption; e-health adoption; provider adoption; smart healthcare adoption; organizational technology adoption; cds adoption; mhealth implementation; mhealth uptake; emr adoption; internet adoption; mhealth use; ehr adoption; digital health technology use; organisational adoption"
"235","39","radio frequency ablation; focused ultrasound; thermal radiation; tumor ablation; thermal coagulation; spherical ablation; focused ultrasound surgery; non-thermal ablation; enhanced illumination; photobiomodulation; high intensity focused ultrasound; magnetic fluid hyperthermia; pulsed field ablation; pulsed electric field; tissue ablation; laser damage; passive auto-focusing; jet injection; focal ablation; laser–tissue interaction"
"236","50","surveillance system; disease surveillance system; mena public health surveillance; environmental public health surveillance; population surveillance; drug surveillance; african public health surveillance; sentinel surveillance; infectious disease surveillance; epidemic surveillance; geographical disease surveillance; global surveillance; epidemiological surveillance; surveillance monitoring; participatory disease surveillance; central asia public health surveillance; surveillance systems; notifiable disease surveillance; communicable disease control; environmental surveillance"
"237","52","cellular proteins; carrier proteins; lipid binding proteins; membrane transport proteins; membrane protein; gelectron transport proteins; cell-surface proteins; cell surface protein; antifreeze proteins; pore forming cytotoxic proteins; antibacterial protein complex; muscle proteins; host protein; protein precursors; intercellular signaling peptides and proteins; microbial proteins; essential proteins; valosin-containing protein; membraneless organelles; atp-binding protein"
"238","97","emotional contagion; emotional appeal; contextual affordance; interpersonal trust; relational constraints; public emotions; social distancing; social comparison; emotional trust; symbolic dynamics; controllability; epistemic trust; unconscious bias; self-representation; motivational affordances; coaptation; prototypicality; relational agent; vertical individualism; causal fairness"
"239","60","internet portal; ehealth platform; telehealth platform; cloud service; secure web services; internet services; remote communication; web services; online patient portals; health information access; communication channels; user profiles; openehr archetype; information service; multilingual resources; health data platforms; patient web portal; multi-source integration; internet connection; secure web communication"
"240","87","resboost; healthvault; neuroux; technostress; res-vae; saffe; nephropaty; presto; neuroformer; modafold; neurodiverse; vrat; otocalc; medicoscientific; pacer; veristrat; eidb; res-dom; res-cam; oncotop"
"241","84","protein–dna interactions; protein–peptide interaction; dna–protein interactions; protein–nucleic acids interactions; protein–dna interaction; protein-peptide interaction; protein–nucleic acid interaction; protein–nucleic acid interactions; protein-rna interaction; rna-protein interactions; protein–lipid interaction; rna-rna interaction; protein–rna interactions; protein–rna interaction; antibody–antigen interaction; rna–protein interactions; peptide-protein interactions; domain–domain interactions; protein-protein interactions; protein-protein interaction"
"242","57","hemodynamic flow; cardiac perfusion; blood perfusion; blood flow; blood hemodynamics; cardiovascular hemodynamics; artery hemodynamic; left atrium haemodynamics; local hemodynamics; hemodynamic impedance; cardiovascular flows; cardiac blood flow; hemodynamics; brain hemodynamics; hemodynamic response; hemodynamic instabilities; biphasic blood flow; pulsatile blood flow; cerebral haemodynamics; cerebrovascular stability"
"243","105","2d-resnet; cell status annotation; label calibration; hida image; slstm; lean 6 sigma; and gravity (marg) sensors; ga4gh; yolo 8; dht approximation; stimulation resolution; mpst-cut; electraomyograph; timepoint editing; n-of-1 studies; treatment extraction; ghost-markers elimination; body area networks; gpt-4 api; zero-watermrking"
"244","59","mobile phone apps; mobile apps; smartphone apps; messaging apps; social networking apps; mobile health apps; smart apps; smartphone-based apps; interactive apps; web apps; ehealth apps; digital health and wellness apps; medical informatics apps; digital health apps; consumer apps; mhealth apps; mobile gaming app; mobile mental health apps; mobile health (mhealth) app; media tablet apps"
"245","88","q-qrofs; hypercubes; psvv; deepfri; löwner matrices; fpinns; mtgblup; silhouette; bmooc; bi-gru; automaxo; binc; phecodes; m22; ckconv; softbanks; cdss; bio-signals; parafac2; cellsfromspace"
"246","75","modafinil; oxymatrine; tolvaptan; mitoxantrone; amiodarone; vilazodone; oxycodone; diltiazem; varenicline; cytospsorine; hydroxychloroquine; paroxetine; phenytoin; canakinumab; cilengitide; methylphenidate; danprost; promazine hydrochloride; bufalin; citalopram"
"247","62","surface mapping; multi-atlas map; connectivity mapping; spatial-spectrum interaction; brain-shaped map; spatial-wise multifusion; parcellation; local field maps; saliency maps; reliable-region enhancement; potential maps; cross-lesion correlation; spatial-temporal visualization; emotion maps; enriched ctp maps; p300 spatial distribution; anatomical priors; spatial brain transform; total field maps; displacement voxelization"
"248","89","deep evidential learning; cross-domain knowledge transfer; shared-learning; co-learning; active learning; trustworthy curriculum learning; continuous learning; medical knowledge transfer; crowdsourcing; collective intelligence; concept-based learning; scenario-based learning; human-centered computing; knowledge creation; medical cross-modal learning; interpretable learning; collective inference; explainable deep learning; explainable artificial intelligence; mediative fuzzy logic"
"249","54","transannot; transcatheter; balloon rupture; single-layer stent; cuffless; transfemoral; tevar; covered stent; dual-layer stent; percutaneous; insulin pump occlusions; endovascular; stent graft; reslysembed; fistula longevity; aortic valve open; stenting; occlusions; fast guided filter; embolization coils"
"250","24","young users; younger users; older users; frequent users; older user; mhealth users; internet users; repeated users; experienced users; influential users; persistent high users; deaf users; non users; health care users; nonuse; superusers; persistent high utilizers; nonexperienced users; elderly user; frequent hitters"
"251","35","visual disability; visual impairments; visual aids; visual prostheses; visual aid; visual impairment; visual prosthesis; low vision; vision impairment; low-vision aids; hearing aids; hearing aid; hearing loss; vision loss; binocular vision; vision disorders; hearing compensation; hearing impairment; hearing preservation; visually impaired"
"252","28","pelvic pain; dyspareunia; low urinary tract symptoms; functional abdominal pain; lower urinary tract symptoms; menopausal symptoms; primary dysmenorrhea; musculoskeletal symptoms; menstrual complaints; menstrual pain; dysmenorrhea; menopausal symptom; nonmotor symptoms; menstrual cramps; dyspepsia; premenstrual syndrome; urinary tract disorders; menstruation disturbances; endometriosis-associated dyspareunia; functional gastrointestinal disorders"
"253","50","psychosocial factors; social factors; socioeconomic status; socioeconomic factors; socioeconomic position; social disadvantage; cultural characteristics; psychosocial work factors; social-cognitive factors; socio-economic factors; psychological factors; sociotechnical factors; psychological characteristics; socioeconomic disadvantage; low socioeconomic position; socioeconomic differences; socioeconomics; economic status; intrapersonal factors; contextual factors"
"254","60","basal ganglia; prefrontal cortex; gray matter nuclei; brain sub regions; basal ganglia and thalamus; frontal lobe; brain structure; hippocampus region; temporal region; fiber tracts; olfactory region; brain structures; total brain volume; pyramidal tract; subcortical regions; dentate gyrus; white matter fibers; limbic system; bilateral accumulative area; cortical folding"
"255","43","improving medical diagnosis; diagnosis and prognosis; early health diagnosis; hierarchical diagnosis and treatment; intelligent diagnosis and treatment; early self-diagnosis; early cancer diagnosis; remote diagnosis and treatment; personalised and early diagnosis; early detection of disease; early recognition; early detection of diseases; early stroke diagnosis; sepsis precise treatment; inquiry and diagnosis; triage and diagnosis; tuberculosis diagnosis and management; referral and diagnosis; hiv diagnosis and management; early diagnosis and prognosis"
"256","33","chinese tradition medicine; traditional medicine; kampo medicine; traditional east asian medicine; traditional malay medicine; chinese traditional medicine; traditional herbal medicine; japanese kampo medicine; traditional arabic and islamic medicine; traditional chinese medicine; chinese medicine; ayurveda; alternative medicine; medicine, traditional; mongolian medicine; modern medicine; plants, medicinal; korean medicine; himalayan medicinal plants; medicine, iranian traditional"
"257","45","wearable activity monitor; wrist-wearable activity devices; wearable accelerometer sensor; wearable physical activity monitoring; home monitoring technology; activity-tracking devices; wearable activity tracking device; wrist-worn wearable device; health monitoring device; wearable proximity sensors; smartphone-based behavioral monitoring; head-mounted wearable device; home monitoring device; wearable adherence; smart home monitoring; wearable accelerometers; wearable pulse oximeter; unobtrusive sleep monitoring; home sleep monitoring system; smartphone-based device"
"258","81","temporal abstraction; temporal representation; multi-cue fusion; bi-directional sparse attention; topology-level attention; spatial-temporal feature fusion; temporal action segmentation; saliency mapping; temporal-spectral feature fusion; prior-attention segmentation; directional filtering; multi-modal amd categorization; direction detection; spatial-temporal representation; multi-view attention; temporality and experiencer detection; spatio-temporal attention module; visual-contrastive decoding; spatio-semantic visual extractor; multi-target domain adaptation"
"259","277","lrr; mch; csp; hit; quantile; adr; penetrance; hcd; vc; ndr; sna; fto; weather; cca; opc; oropharyngeal; thigh; tta; dce; cms"
"260","64","methylation-driven differentially expressed genes; differential expressed genes; activity regulated genes; differentially expressed genes; tumor-specific genes; consistent differentially expressed genes; co-regulated genes; differentially expressed and differentially methylated genes; age-associated genes; invasion-associated genes; sex-biased genes; co-expressed genes; mitochondrial-related genes; differential genes; hallmark genes; consistently expressed genes; immune-related genes; abnormal expression genes; patient-specific driver genes; inconsistent differentially expressed genes"
"261","79","tirzepatide; tousanticovid; simclr; vomifoliol; pbi; sniffers; earable; mitraclip; hypnosis; ssae; einclusion; prescriptome; antitrust; counterfeit; domotics; poly-pharmacy; vaping; asepsis; causability; deepseek"
"262","103","disease embedding; asthma deterioration; skin disease segmentation; disease distance; heart failure subtypes; chronic disease communities; functional disorder hotspots; pressure injury staging; pneumoconiosis staging; disease localisation; prevalence inflation; recurrent tet; chemical-induced disease relation; copd app; life-critical sdm; disorder content; acute intermittent; headache app; pregnancy apps; syndrome prediction"
"263","56","activity awareness; behaviour changing; physical activity tracker; play and playthings/psychology; bathroom activity recognition; sedentary activity recognition; commercial activity tracker; physical education subject; health app use efficacy; health search activity pattern; well-being promotion; food purchase receipt; self-management efficiency; health occupations students; space environment factors; shift work; low-risk drinking guidelines; mobility patterns; food ordering; personal sound amplification product"
"264","77","digital facilitation; mhealth usability; digital outreach; feedback technology; mobile health sensing; mobile phone sensing; mhealth evaluation; telehealth adaption; telehealth tools; mobile triage; mobile program; patient engagement technology; health monitoring technology; mhealth adaptation; mobile telemedicine; digital autonomy; telemedicine; telehealth implementation; medical dashboard; mhealth literacy"
"265","55","functional annotation; gene regulatory annotation; gene ontology annotation; functional annotations; biological function; gene functional classification; functional pathways; gene ontology annotations; bi biologically functional annotation; protein function annotation; biological pathways; ontology annotations; gene function annotation; gene ontology relationships; gene functional annotation; biological functions; gene ontology terms; metabolic protein annotation; cog functional annotation; gene ontologies"
"266","29","health service utilization; health services utilization; health care resource utilization; health care use; health care services utilization; health care resource use; primary care utilization; health care utilization; primary care service utilization; emergency services utilization; service utilization; health utilization; healthcare resource utilization; healthcare service usage; healthcare utilization; health services use; emergency department utilization; health service use; medication utilization; internet medical services utilization"
"267","38","psychological trauma; emotional trauma; emotional stress; psychological stress; traumatic stress; life stress; life events; life change events; stressful life events; life-change events; negative life events; traumatogenic experiences; posttraumatic stress; minority stress; psychiatric stressors; negative life event; positive stress; peritraumatic dissociation; coping planning; financial stress"
"268","65","bacterial genome assembly; diploid genome assembly; assembly contiguity; genomic prediction; genome assembly; mitochondrial genome assembly; genome comparison; phage genome annotation; genome reconstruction; genome alignment; reference genome assembly; coronavirus transcriptome assembly; genome assembly algorithms; genome skims; whole-genome; noncoding genome annotation; prokaryotic genome annotation; transcriptome annotation; transcriptome assembly; whole genome comparison"
"269","83","referral communication; referral model; remote care pathway; primary care response; integrated care pathway; continuity of care document; adaptive clinical pathway management; postintensive care; patient transition; healthcare pathway; care pathway; medication error detection; triage advice; therapy support tool; continuum of care management; care plan recommendation; hospital responding strategy; treatment communication; prospective medication order review; patient care pathway"
"270","57","the risk score; benefit-risk score; risk score; risk scoring model; organ dysfunction scores; risk stratification index; sequential organ failure score; simplified acute physiology score; risk scoring system; pediatric appendicitis score; optimizable risk score; apache ii score system; emergency severity index; personalized frailty scores; triage score; integrated risk score; readmission risk scores; social risk score; early warning score; charlson score index"
"271","78","internet use; health related internet use; health-related internet use; mobile internet use; internet usage; compulsive social media use; internet utilization; daily internet use; usage behavior; excessive smartphone use; smartphone use; healthy computer use; pathological internet use; problematic smartphone use; internet activity; phone usage; usage behaviors; daily habit of technology use; mobile phone use; problematic media use"
"272","45","usage evaluation; performance assessment; performance improvement; usefulness assessment; remote evaluation; ehr evaluation; preference assessment; utility metric; operationalization; system evaluation; healthcare system evaluation; utility testing; mhealth assessment; network assessment; utility assessment; operational feasibility; replicability; practicability; comparative validity; similarity measurement"
"273","45","impulsive behavior; social behaviour; emotional regulation; social behavior; sociability; behavior monitoring; overlapping behavior; social behaviors; self-regulation; maternal behavior; compulsive behavior; interpersonal regulation; multiple behavior; emotional intelligence; risk taking tendencies; emotion regulation; reflective functioning; disruptive behavior; social learning; repetitive behaviors"
"274","37","saccharomycetales; actinomycetales; chlorophyta; rhodophyta; ascomycota; arthrodermataceae; planctomycetales; basidiomycota; phaeophyceae; endophytic fungi; viridiplantae; endophytes; botrytis cinerea; rhizobiaceae; apicomplexa; ciona intestinalis; pathogenic fungi; apicomplexans; oomycetes; teleassistance"
"275","22","integrated health record; health care record; personal health record; research database; public health database; virtual medical record; electronic heath record; drug record; ehealth record; health record; electronic record; online medical record; interpersonal health record; record linkage; national electronic health record; public health datasets; electronic dental record; record; electronic database; record systems"
"276","60","internet-based cognitive behavioral therapy; internet-based cognitive behavior therapy; technology-based cognitive behavioral therapy; internet-delivered cognitive behavioral therapy; internet-based psychotherapy; internet-delivered behavior therapy; internet-based cognitive behavioural therapy; internet-based computerized cognitive behavioral therapy; video-based psychotherapy; internet-based therapy; internet-delivered psychological treatment; mindfulness-based cognitive therapy; mobile-based cognitive behavioral therapy; videoconference-delivered cognitive behavioral therapy; internet-based cognitive behavioral therapies; computer-delivered psychotherapy; internet-based cbt; internet-based treatment; blended cognitive behavioral therapy; online psychological treatment"
"277","44","machine learning in medicine; machine learning in bioinformatics; deep learning in bioinformatics; deep learning in medicine; cognitive computing in healthcare; machine learning in genomics; artificial intelligence in oncology; machine learning in biology; artificial intelligence in medicine; data integration in systems biology; deep learning in structural bioinformatics; data integration in molecular biology; deep learning in genomics; machine learning in cardiology; computer vision in medicine; deep learning in cardiology; deep learning in radiology; natural language processing in biomedicine; multi-omics in oncology; iot in medical diagnostics"
"278","45","obsessive compulsive disorder; obsessive-compulsive disorder; social anxiety disorder; generalized anxiety disorder; posttraumatic stress disorders; social behavior disorders; post-traumatic stress disorders; posttraumatic stress disorder; binge-eating disorder; gaming disorder; schizotypal personality disorder; attention deficit hyperactivity disorder; attention deficit/hyperactivity disorder; borderline personality disorder; smartphone use disorder; general anxiety disorder; post-traumatic stress disorder; attention deficit-hyperactivity disorder; opioid related disorder; internet gaming disorder"
"279","20","tumor-infiltrating b lymphocytes; cd8-positive t cells; cd4-positive t cells; cd8-positive t-lymphocytes; cd4-positive t-lymphocytes; cd8(+) t cells; tumor-infiltrating lymphocytes; cd8(+) t cell; tumor infiltrating immune cells; tumor-infiltrating immune cells; cd4+ t cell; t-lymphocytes; marginal zone b cells; tumor-infiltrating lymphocyte; follicular b cells; tumor immune infiltration; tumor-infiltrating; lymphocytes, tumor-infiltrating; pd-l1; pd-1/pd-l1"
"280","33","brain disorder; brain function; brain signals; brain disease; brain states; brain disorders; brain ischaemic stroke; brain ischemia; stroke disease; stroke; stroke phenotype; dementia subtypes; neurocognition; cardiac physiome; brain death; neurodegenerative areas; brain waves; human brain; speech biomarkers; brain topography"
"281","44","regenerative medicine; cell therapy; cell vaccines; cell transplantation; cell therapies; biomedicine; cancer therapy; cancer biomarkers; cell delivery; translational medicine; genomic medicine; cancer immunotherapy; cellular therapy; cancer drug trials; nuclear medicine; bioelectronics; cancer drug targets; regenerative biology; nanomedicine; cancer therapeutics"
"282","80","privacy preservation; medical privacy; privacy risk; patient privacy; health information privacy; internet privacy; health data privacy; data security; digital health privacy; digital data security; security and privacy threats; privacy obfuscation; preserved privacy; privacy preserving; health privacy; security assurance; patient data privacy; information privacy concern; medical information security; privacy risks"
"283","90","help-seeking technology; workload balancing; telenursing care; healthcare delivery strain; team-based service demands; self-monitoring usability; message frame tailoring; disease stigma; language triage disparity; community mitigation; connected health and computer vision; communication inequalities; prescription policy tree; technology acceptance prediction; task-technology fit; health content frames; health question and answers community; distractions elimination; workload learning; disability discrimination"
"284","87","learnable feature fusion; local similarity-aware sampler; multisize convolutional fusion; adaptive feature squeeze network; dual-view cnn-transformer; deep feature-level fusion; stacking-based model learning; self-feature embedding; generative pretrained model; pretrained language model; cnn encoder; bidirectional lstm-rnn; dual-path decoder; concrete autoencoder; batch-aware joint structure; generative pre-training model; tied-weight decoder; feature refinement network; graph-based learning model; multi-level semantic fusion"
"285","53","temporal gene expression; immune response gene expression; gene expression; gene and mirna expression; expression profiles; genetic expression profile; mirna expression; gene transcriptional profile; expression profile; gene expression profiles; gene expression patterns; differential expression; differential isoform expression; mirna mrna expression; gene coexpression; gene co-expression; gene expression profile; inter-gene correlation; rna expression; gene expressions"
"286","67","lncrna–mrna interaction; lncrna–mirna interaction; mirna-target interaction; mirna–mrna interaction; mirna–target interaction; mirna-target interactions; lncrna–protein interaction; transcription factor-gene interaction; microrna–lncrna interactions; lncrna-protein interactions; enhancer–enhancer interactions; enhancer–promoter interaction; mirna–gene interaction; enhancer-promoter interaction; mirna–mirna interaction; enhancer–promoter interactions; mrna-protein interaction; promoter–enhancer interactions; ncrna-protein interactions; lncrna-mirna interaction"
"287","43","population groups; population data; population wide; population coverage; population study; population representativeness; population stratification; population informatics; population reach; population group; medication population study; population; population based; population demographics; cohort study design; design guidelines; population-based method; design recommendations; population-level; population survey"
"288","50","medical concept extraction; medical concept embeddings; medical language models; disnet knowledge base; multi-hop medical knowledge; heterogeneous knowledge resources; local terminologies; nursing terminologies; domain knowledge integration; medical terminologies; ontology-based knowledge; biomedical language models; multi-source knowledge; semantic resources; standardized terminologies; semantic web knowledge base; medical named entity recognition models; biomedical knowledge; medical text mining; multilingual ontology"
"289","67","cell lineage trees; single-cell secretion signals; lineage tracking; clonal tracking; transcriptional switch; cell fate conversion; single-molecule; cellular differentiation modeling; body and edge generation; asymmetry swapping; cell identity prediction; transposon dynamics; cell segmentation; chromosome recognition; cell-cell graph; chromosomal folding structure; cell lineage tree; single-cell; proliferation and death signaling dynamics; cell cycles models"
"290","33","diagnostic tools; diagnostic methods; diagnostic criteria; diagnostic recommendations; diagnostic method; diagnostic studies; diagnostic markers; diagnostic information; diagnostic tests; diagnostic delays; diagnostic results; diagnostic procedures; acute symptoms; clinical diagnostic algorithms; diagnostic accuracy; rula criteria; residual symptoms; evidentiary criteria; prodromal symptoms; routine diagnostic tests"
"291","112","deepmind; deepfake; lossy compression; deep koopman operator; deepmois-mc; epihack; paracingulate; deeplesion; signcryption; stripe artifact; pressure canister; deepssetracer; deep aggregation; lunging; long covid, pasc; alpha hull; shallow network; tube law; noenatal meningitis; windkessel elements"
"292","61","staffing ratio; energy threshold; defibrillators; return loss; defibrillator; precariat; consciousness level; mammograph; hybrid interface; ulna; indication; sti; repeatable; fitness bands; audio classification; otoscope; incontinence; rom; aids; complication"
"293","82","diagnostic safety; false alarm prevention; diagnostic prediction; diagnostic concordance; changepoint detection; diagnostic efficiency; performance change; lameness detection; diagnostic confidence; diagnostic test; mislabeling; labor detection; symptom recognition; diagnostic performance; gait recognition; sensor recalibration; needle detection; fatigue driving detection; tamper detection; diagnostic capability"
"294","43","somatic gene mutations; somatic mutations; somatic mutation; cancer somatic mutations; somatic and germline mutations; germline mutation; driver mutations; driver synonymous mutation; mutational hotspots; tumor mutation; drug resistance mutations; low-frequency mutations; driver mutation; somatic genome alterations; driver genes; histone cancer mutation; somatic copy number alterations; cooperating cancer driver genes; cancer driver mutation; hallmark mutations"
"295","33","patient-reported outcome measures; patient-centered outcome measures; patient-reported experience measures; patient-related outcome measure; patient-reported outcomes measures; clinical-based outcome measures; patient reported outcome measures; patient-reported outcome measurements; patient-reported outcome measure; patient-reported outcome measure; patient reported experience measures; digital outcome measure; electronic patient reported outcome measures; electronic patient-reported outcome measures; quality of life measures; outcome measure; patient activation measure; outcome assessments; clinical outcome assessments; electronic patient-reported outcome measure"
"296","84","gai; oais; hapa; dtca; fhir; hie; cpoe; pvt; pvd; panpa; hape; abcd; coanalysis; nphos; isomir; smne; pegasus; aadr; saps; cteph"
"297","89","capsid; epitope; biosensor; aptamer; helicase; transcriptomic; amplicon; rnas; ctcf; migration; recombination; promoter; methyltransferase; proteomic; localization; mrna; expression; virion; protein; pluripotency"
"298","64","mobile prenatal education; health care education; active communication education; web-based prenatal education; health information management education; school-based health education; internet-based education; community health education; reproductive health education; personalized education; peer education; online prenatal education; personalized health support; vaccine education; video-based education; web-based medication education; educational outreach; online health education; health information delivery; web-based education"
"299","43","primary medical; asthma care; serious illness care; oa care; primary care nursing; tia clinic; lactation consultant; comorbidity treatment; noncommunicable disease management; physical therapy specialty; intellectual disability care; non-communicable disease management; women physicians; cardiology care; home patient; mental health patient; women physician; diabetes support; comorbid patients; chinese clinic notes"
"300","50","multi-agent; chemotherapy regimen; dynamic treatment regimen; multi-dose; palliative drugs; chemotherapy treatment; oral chemotherapy; neoadjuvant therapy; antineoplastic protocols; multiple treatment; multi-agents; neoadjuvant therapies; antineoplastic combined chemotherapy protocols; paclitaxel/carboplatin therapy; treatment regimen; palliative chemotherapy; multi agents; multi-infusion; neoadjuvant chemotherapy; chemotherapy"
"301","57","medical tourism; healthcare fraud; healthcare emergencies; medical humanities; emergencies; medicine shortages; health emergencies; mass casualty incidents; medical accounts; healthcare insurance frauds; medical emergencies; medical futility; armed forces; medical appeals; workers’ compensation process; terrorism; research fraud; cybervictimization; military members; armed forces personnel"
"302","44","videogame; videomonitoring; videogames; video game; video consent; video coding; active videogames; video consultations; video virtual visit; audio-video; video visits; video summarization; video consultation; video stimuli; video mamba; video communication; audio tagging; video broadcasting; face video; video chats"
"303","54","population health research; public health research; health equity research; biomarker research; health research; community research; health care research; human nutrition research; health data research; injury research; primary care research; epidemiology research; sleep research; healthcare research; genetic research; aging research; digital health research; disease epidemiology research; pediatric research; cancer outcomes research"
"304","27","muscle tissue; heart tissue; brain tissue; nerve tissue; breast tissue; skeletal muscle tissue; skin tissue; blood and tissue; fetal fraction; tissue protein; brain-pad; prostate tissues; human arterial tissue; standard tissue composition; tissue characterization; lymphoid tissues; tissue composition; lung parenchyma; fatty tissue; tissue fixation"
"305","38","ginger powder; peppermint oil; oleacein; palm oil; carnosol; naringin; silymonin; catechins; tea polyphenols; olive oil; green tea; red wine; berberine; epicatechin; eugenol; south korean spices; azadirachta indica phytochemicals; menthol; flavones; turmeric powder"
"306","91","online outreach; online preferences; internet penetration; online consultations; internet influence; internet trust; social media literacy; social media listening; internet utility; internet pharmacy; online pharmacies; online activity; e-forum; web banner ad; internet hospitals; online behaviour; social media influencer; social media influence; online support communities; online therapy"
"307","50","visual evoked potential; visual evoked potentials; motor evoked potential; steady state visual evoked potentials; auditory evoked potentials; high-frequency steady-state visual evoked potential; movement-related cortical potential; steady-state somatosensory evoked potential; steady-state visual evoked potential; steady state visually evoked potential; steady-state visual evoked potentials; evoked potential; evoked potentials; steady-state visually evoked potentials; heartbeat-evoked potential; p300 potentials; motor unit potential; event-related potentials; auditory responses; error-related potential"
"308","46","chromatin structure; chromatin architecture; chromatin looping; chromatin loops; chromatin loop anchors; chromatin compartments; chromatin state; chromatin accessibility; spatial chromatin accessibility; multi-way chromatin contacts; chromatin states; high-order chromatin structure; chromatin signatures; transcription dynamics; chromatin reprogramming; epigenomic landscape; chromatin loop; chromosome organization; chromatin-state motifs; chromosomal compartments"
"309","25","cyclin-dependent kinase inhibitor p15; cyclin-dependent kinase inhibitor p16; ribosomal protein s6 kinase beta 2; i-kappa b kinase; forkhead box protein o3; i-kappa b proteins; mitogen-activated protein kinase 14; cyclin-dependent kinase inhibitor p21; cyclic adenosine monophosphate response element binding protein 5; mitogen-activated protein kinase 8; calpain-10; hypoxia-inducible factor 1, alpha subunit; pten phosphohydrolase; topoisomerase-iiα; von hippel-lindau tumor suppressor protein; proprotein convertase 9; nima-interacting peptidylprolyl isomerase; myosin binding protein c; bcl-2-associated x protein; centromere protein a"
"310","93","regulation mechanism; biochemical constraint; regulatory bridge; activation functions; regulatory fit; dominant cell communication assembly; feedback mechanism; transport topology; activation function; cell–cell crosstalk network; epigenetic code; transcription factor cooperativity; regulatory relationship; signaling failures; signaling switches; signalling entropy; phosphorylation network; binding template; cell kill hypotheses; regulatory mechanism"
"311","54","ehealth value; online community; ehealthcare; podcast; online inquiry; health-information online; website; online trial; electronic alert; vula mobile app; online news; online healthcare; online knowledge; online systems; online trends; ehealth; world wide web; online system; ehealth app; conference"
"312","42","cultural determinants of health; structural determinants of health; social drivers of health; socioeconomic inequalities and health; socioeconomic aspects of health; social determinants of health; social and behavioral determinants of health; determinants of health; wider determinants of health; social determinant of health; psychosocial determinants of health; social determinats of health; sexual and reproductive health; women's health; maternal and child health; inequity in health; socioeconomic disparities in health; maternal and newborn health; behavioral determinants of health; promotion of health"
"313","79","health-seeking behavior; health seeking behavior; information seeking behavior; health information-seeking behavior; health information seeking behavior; health care-seeking behavior; information-seeking behavior; health care seeking behavior; health information–seeking behavior; information seeking behaviors; health-seeking behaviors; information seeking behaviour; information-seeking behaviors; help seeking behavior; risk-taking behavior; help-seeking behavior; doctor-seeking behavior; risky behavior; health seeking behaviour; purchasing behavior"
"314","58","heart contractility; heart function; cardiac activation; heart dynamics; cardiac function; cardiac contractility; cardiac dysfunction; cardiac ventricles; cardiac heterogeneity; cardiac fiber architecture; cardiac bioelectricity; cardiac electrodynamics; cardiac activity; cardiac ischemia; atrial function; cardiac electromechanics; cardiac force; cardiac systems; cardiac system dynamics; heart chambers"
"315","48","pancreas, artificial; monitoring, ambulatory; hypothermia, induced; adolescent, hospitalized; remission, spontaneous; delivery, obstetric; transplantation, homologous; anesthesia, conduction; respiration, artificial; diagnostic techniques, cardiovascular; blood transfusion, autologous; monitoring, intraoperative; ultrasonography, doppler, transcranial; monitoring, physiologic; swine, miniature; abortion, induced; diagnostic techniques, neurological; labor, obstetric; environment, controlled; jaundice, neonatal"
"316","28","hip osteoarthritis; knee osteoarthritis; hand osteoarthritis; knee arthritis; charcot arthropathy; ankle instability; degenerative disease; chronic ankle instability; shoulder instability; dynamic instability; hip and knee osteoarthritis; osteoarthritis of knee; cervical degenerative disease; hand arthritis; osteopathy; persons living with osteoarthritis; degenerative cervical myelopathy; kellgren-lawrence; cervical spondylotic myelopathy; osteoarthritis, hip"
"317","54","consensus model; consensus building; development process; consensus network; stakeholder consultation; consensus voting; expert elicitation; delphi rounds; delphi process; guideline development process; consensus models; delphi panel; consensus conference; delphi procedure; workshop evaluation; multidisciplinary rounds; delphi consensus; workshop development; consensus-oriented; expert opinion elicitation"
"318","47","echinococcosis; brucellosis; cryptosporidiosis; cysticercosis; leptospirosis; lymphatic filariasis; lyme disease; chikungunya fever; visceral leishmaniasis; cutaneous leishmaniasis; gonorrhea; nucleocytoviricota; mucormycosis; leishmania infantum; dengue fever; trypanosoma cruzi; malaria parasite; orientia tsutsugamushi; spotted fever group rickettsiosis; malarial parasites"
"319","59","dynamic prediction; approximate entropy; perturbation effects; escape fraction; transmission uncertainty; forward algorithm; residual complexity; stochastic bottleneck; quantile differential mechanism; nonlinear causality; nonlinear effect; local estimation; conformal prediction; kuan filter; binomial loss; coupling factors; local gradient energy; quantitative model; adaptive inference; parameter estimations"
"320","42","predictive biomarker; protein biomarkers; molecular biomarkers; epigenetic biomarker; diagnostic biomarker; longitudinal biomarker; predictive biomarkers; biomarkers; tumor biomarker; tumour biomarkers; network biomarkers; prognostic biomarker; disease biomarkers; blood biomarker; dynamic network biomarker; plasma protein biomarker; methylomic biomarker; neuroimaging biomarker; disease biomarker; personalized dynamic edge-network biomarkers"
"321","27","fundus vessel segmentation; retinal blood vessel segmentation; choroid layer segmentation; optic disc and cup segmentation; retinal layer segmentation; retina vessel segmentation; retinal vessel segmentation; retinal segmentation; optic disc segmentation; fundus image segmentation; optic disk segmentation; joint optic disc and optic cup segmentation; oct segmentation; fovea segmentation; oct layer segmentation; optic cup disc segmentation; joint optic cup and disc segmentation; blood vessels and optic disc segmentation; peripapillary atrophy segmentation; retinal vessels segmentation"
"322","44","health communication [l01.143.350]; medical informatics [l01.313.500]; medical informatics computing [l01.700.568]; information storage and retrieval [l01.313.500.750.280]; mobile applications [l01.224.900.685]; covid-19 [c01.748.610.763.500]; privacy [i01.880.604.473.352.500]; social media [l01.178.75]; informatics [l01.313]; social media [l01.178.751]; data science [l01.305]; natural language processing [d009323]; neurology [h02.403.600]; neural networks [l01.224.050.375.605]; natural language processing (nlp) [l01.224.050.375.580]; public health [h02.403.720]; quality indicators, health care [n04.761.789]; professional burnout [c24.580.500]; coronavirus [b04.820.504.540.150]; multiple sclerosis [c10.114.375.500]"
"323","37","b-cell; t-cell; t cells; t- and b-cell; b cells; linear b-cells; b cell; b-lymphocytes; immune repertoire; type ii helper t cell (th2); t cell; cd4(+) ctls; t cell memory; surface markers; resting tregs; naïve cd4(+) t cells; immune landscape; precursor cells, b-lymphoid; t-cell response; effector tregs"
"324","35","exercise capacity; cardiopulmonary exercise test; 6-min walk test; maximal aerobic power; 6-minute walking test; cardiopulmonary exercise testing; pulmonary function test; functional capacity; 6-minute walk test distance; pulmonary function; grip strength; brachial fmd test; physical functional performance; lung function; dynamic functional residual capacity; pulmonary function tests; exercise limitation; submaximal muscle strength; pulmonary mechanics; lower limb strength"
"325","23","hla class i; histocompatibility antigens class ii; hla-a antigens; hla-a2 antigen; hla ii allele; hla-i; histocompatibility antigens class i; hla-dr; hla antigens; mhc i allele; hla-alleles; mhc class ii; leukocyte common antigens; mhc class i; human leukocyte antigen; hla-ia genotyping; human leukocyte antigens; mhc-i; mhc-ii; abo blood type"
"326","116","sallis; stoa; maic; monai; marul; spade; ventavis; fomo; sqlite; mondo; chai; edusalts; pinns; areca; remdesivir; spravato; mera; pocus; mairca; coxboost"
"327","50","multi-site health data; person-generated health data; person-generated health care data; patient-generated health data; routine health data; public reporting of health care data; secondary research use of clinical data; multi-source medical data; large-scale health data; secondary use of health data; routinely collected health data; secondary use of clinical data; public reporting of healthcare data; consumer-generated health data; electronic health records and claims data; secondary use of healthcare data; secondary use of patient data; cross-border exchange of health data; routinely collected heath data; mobile health lifestyle data"
"328","33","trunk stability; body posture; forward head posture; arm flexibility; seated stability; foot acceleration; arm posture; knee and ankle stability; upright stance; rearfoot strike; knee-bending; lateral acceleration; lordosis; body motion; bipedal swing asymmetry; body extension; intersegmental rotation; human body lying posture; external abdominal motion; body balance"
"329","46","stress management; chronic pain management; depression management; tinnitus management; suicide management; mental health management; headache management; patient relationship management; fatigue management; symptom care; treatment support; cognitive support systems; wellness management; cessation resources; depression treatment; chronic management; pregnancy support; integrative management; sleep education; alcohol reduction"
"330","50","skin perfusion; intestinal motility; gut permeability; intestinal flow; vasoreactivity; gastrointestinal transit; low flow-mediated constriction; gastric emptying; oxygen transport; hypoventilation; mesenteric malperfusion; wall permeability; lymph transport; vascular permeability; bioelectricity; pulmonary congestion; peripheral vasoconstriction; lymphatic flow; erythrocyte aggregation; venous congestion"
"331","80","energy-aware protocols; optimization and allocation; self-correction; multi-stage puncture path planning; automated reasoning; high-fidelity phenotyping; token selection and enhancement; work simplification; prototypical soft label correction; modified differential evolution; testing and explanation; technical innovations; modelling and identification; bio-behavioral sensing; modelling and realization; causal reasoning and diagnostics; high-performance; physiological forecasting; technological constraints; human activity"
"332","53","evolutionary dynamics; evolutionary forces; evolutionary computation; coevolutionary strategy; differential evolution; evolutionary game; temporal interactive evolution; evolutionary games; cooperation mechanism; hierarchical mechanism; core-selection mechanism; pathogen evolution; evolution analysis; evolutionary profile; evolution population dynamics; evolutionary trend; signaling theory; evolution strategy; evolutionary restraints; time series selective mechanism"
"333","51","streak artifact elimination; motion artefact; motion artifact reduction; muscle artifacts; artifact reduction; motion artifact; artifacts compensation; motion artifact removal; artifact restoration; respiratory motion estimation; respiration motion; cardiac motion; breathing artifacts; motion artifacts; muscle artifact; motion artifact correction; signal leakage correction; respiratory motion; noise artifacts; respiratory motion patterns"
"334","43","hybrid brain-computer interface; brain–computer interfaces; brain-computer interaction; brain–computer interface; brain-machine interfaces; brain-computer-interface; brain-machine interface; brain-computer interfaces; noninvasive brain stimulation; gaze-independent brain–computer interface; neurostimulation; brain–computer-interface; brain-computer interface; brain-computer interfacing; high definition transcranial current stimulation; motor cortex stimulation; multisensory stimulation; epidural electrical stimulation; epidural cortical stimulation; brain stimulation"
"335","73","calcinosis; chorea; acne inversa; neurofibroma; hypochondria; amycolatopsis eburnea; hypomimia; hypernym; nephroblastoma; adenomyosis; spondylosis; porphyria; pollinosis; diadochokinesis; atypical diabetes; nevi; intracranial hyperten- sion; rare disesases; local lipschitz; keloid"
"336","40","medic; breast; onc; medi; trans; eng; mob; bat; metalloprotein; tech; cardio; gard; microbe; news; ed; lar; hernia; ann; magnetic; microbial"
"337","65","organizational climate; organizational leadership; organizational readiness; organizational culture; work motivation; workplace stress; nurse burnout; job satisfaction; job stress; organizational modeling; employee turnover; career satisfaction; provider burnout; organisational factors; organizational productivity; organizational efficiency; job expectation; organisational change; mentoring competence; organizational management"
"338","47","pleurae; sesamoiditis; blisters; exudates; nasal polyp; pleural cavity; soft exudate; hard exudates; glottis; otitis externa; nares; nasal cavities; eardrum; abdominal cavity; vaginosis; otitis media; sclera; phlebitis; sores; exudate"
"339","48","haplotype inference; haplotype reconstruction; population structure; genealogy; heteroplasmy; diploid haplotypes; polyploidy; population diversity; population divergence; haploidy; deep diversity; haplotype network; multiracial populations; genealogy and heraldry; population substructure; character transitions; admixture history; allopolyploid; haplotype networks; phylostratigraphy"
"340","71","ovarian neoplasms; thyroid neoplasms; urologic neoplasms; pancreatic neoplasms; gastric neoplasms; gastrointestinal neoplasms; endometrial neoplasms; laryngeal neoplasms; uterine cervical neoplasms; testicular neoplasms; mediastinal neoplasms; intestinal neoplasms; peritoneal neoplasms; breast neoplasms; bone neoplasms; pleural neoplasms; spinal neoplasms; germ cell tumours; nasopharyngeal neoplasms; colonic neoplasms"
"341","57","racemethionine; diazinon; dantrolene; esketamine; acrolein; oxycontin; hydrogen peroxide; delta-8-tetrahydrocannabiol; acetone; β-amyrin; phenylthiohydantoin; α-chaconine; quinoline; l-phenylalanine; cystine; biguanide; oxoisoiguesterin; gambogic acid; succinic acid; naphazoline"
"342","35","fetal development; brain development; cognitive development; neuronal development; embryonic development; prenatal development; embryonic and fetal development; early childhood development; neurobehavioral development; motor development; embryo development; pediatric growth and development; infant growth; embryonic growth; pediatric development; language development; infant cognitive development; growth plate development; bone development; intrauterine growth"
"343","36","health attitudes; public attitudes; public attitude; health professional perceptions; psychological attitudes; illness perceptions; individual attitudes; parental perceptions; illness perception; caregiver attitudes; health beliefs; physician attitudes; perceived needs and attitudes; physician and consumer attitudes; health belief; perceived beliefs; youth attitudes; self-perception; risk perceptions; patient attitudes"
"344","68","ppi network embedding; network inference; network pruning; network reconstruction; global network partitioning; network motif detection; network evolution; network motifs; network clustering; network construction; network layout; network motif; biological networks integration; local network motif; network representation; differential network inference; metabolic network visualization; graph node correlation modeling; network extraction; similarity network fusion"
"345","27","drug use disorder; opioid use disorder; tobacco use disorder; cocaine use disorder; substance-use disorders; methamphetamine use disorder; substance use disorder; substance use disorders; stimulant use disorder; drug use disorders; cannabis use disorder; nicotine use disorder; opioid use disorders; alcohol use disorder; substance-related disorder; alcohol use disorders; substance abuse disorder; substance-related disorders; alcohol-related disorders; medication for opioid use disorder"
"346","55","proteomic platform; human biomolecular atlas program; genomic data integration; human disease network; integrated human disease network; knowledge discovery in databases; pharmacotranscriptomic platform; caner driver gene identification; human genome data; mammalian transcriptomic database; human gut cell atlas; biomedical data discovery; epigenomic annotation; cancer cell line encyclopedia; mirna database; pan cancer analysis; accessible chromatin annotation; bioconductor ctcf package; genome catalogs; metadata integration in microbiome models"
"347","95","landmark localization; iris segmentation; gland segmentation; phase segmentation; ear segmentation; vertebra segmentation; cervical segmentation; rib segmentation; articular cartilage segmentation; contour evolution; panoptic segmentation; pedicle recognition; landmarks detection; 3d segmentation network; concave point detection; catheter shape estimation; glioma segmentation; subregion segmentation; nuclear segmentation; border detection"
"348","74","cystadenomas; choristoma; microadenoma; inverted papilloma; pilomatricoma; adrenal masses; germinoma; endometrial lesions; ovarian cysts; breast masses; endometriomas; breast lesions; seminoma; breast lesion; thyroid nodules; benign tumor; xanthogranulomatous cholecystitits; mucinous cyst; macrocalcifications; vestibular schwannoma"
"349","121","moud; elm; popper; vader; incart; naver; crossvit; pindar; quipp; cicer; modhe; revel; ressel; heranorm; histon; myov; olap; mobifall; mirt; kernal"
"350","13","personnel, hospital; financial management, hospital; personnel administration, hospital; equipment and supplies, hospital; medical staff, hospital; maintenance and engineering, hospital; laboratories, hospital; materials management, hospital; purchasing, hospital; nursing staff, hospital; crew resource management, healthcare; data warehousing, transportation of patients; polyclinic and laboratory operations"
"351","40","dna repair; dna recombination; dna replication; dna damage repair; chromosome instability; chromosomal instability; chromosome pairing; genome instability; homologous recombination; double-strand dna breaks; dna methyltransferase; dna mismatch repair; dna damage and repair; nucleotide excision repair; replication origin; chromosome segregation; telomere maintenance; dna replication timing; dna damage; dna repeats"
"352","87","workarounds; personnel delegation; nurse scheduling; patient transports; consumer workaround; training requirements; staffing scheduling; nurse call; provider scheduling; nurse-patient assignments; ward rounds; discharge preparation; safety huddles; medical tasks; handoffs; appointment scheduling; teleworking; physician work; workaround; surgical case logistics"
"353","56","stewardship; opioid stewardship; quality management; risk management; patient safety management; user safety; policy compliance; safety management; alarm policies; safety checklist; quality improvement framework; patient safety; control policy; medical error reduction; radiation safety; maintenance policies; risk communication; cost management; device regulation; surgical safety"
"354","28","self-assessment; self-measurement; self-report; self-reporting; self report; self-examination; self-test; self-rated; self-reported; self-assess; self-administered test; online self-report; self-reports; experience measures; self-administered testing; home-based test; self-recording; self-weighing; online self-assessment; diagnostic self-evaluation"
"355","34","severe acquired brain injury; acute kidney injuries; traumatic brain injury; acute/chronic acquired brain injury; acute kidney injury; acute traumatic brain injury; severe acute kidney injury; traumatic axonal injury; mild traumatic brain injury; acute cerebrovascular syndrome; acute respiratory distress syndrome; acute respiratory syndrome; structural brain injury; neonatal abstinence syndrome; cardiac surgery-associated acute kidney injury; acquired brain injury; severe acute respiratory syndrome; pediatric acute-onset neuropsychiatric syndrome; neonatal necrotizing enterocolitis; persistent acute kidney injury"
"356","89","concept bottleneck models; prophet model; surge models; communication models; multi-view model; fusion model; explainable ai model; keystroke-level model; logical model; metux model; active shape model; hierarchical division; maturity model; large-scale foundation model; dynamic representation; brokenstick model; small language model; persuasive systems design model; explainable ai models; pathways language model"
"357","34","mirna binding sites; splicing factor-binding sites; rbp binding sites; transcription end sites; circrna-rbp binding site; circrna-rbp binding sites; circrna binding site; differential editing sites; donor and acceptor splice sites; translation initiation site; dna-binding sites; rna binding motifs; specificity-determining sites; rna splice sites; splicing events; transcription factor binding sites; alternative splicing events; transcription initiation site; internal ribosome entry sites; nucleotide motifs"
"358","35","single-cell rna sequencing; single cell sequencing; single cell rna-sequencing; single-cell sequencing; long-read rna sequencing; single-cell whole-genome sequencing; single-cell long-read sequencing; single-cell transcriptome sequencing; single-cell mrna sequencing; single cell rna sequencing; long-read sequencing; short-read genome sequencing; single-cell rna-sequencing; single‒cell sequencing; single nucleus rna-sequencing; single-cell dna sequencing; bulk rna-sequencing; single-cell atac sequencing; linked-read sequencing; small rna-sequencing"
"359","66","spatial shift; gradient centralization; spatial constraints; boundary correction; multiresolution critical spectral verge; noise reduction; orientation determination; depth estimation method; space extension; mapping errors; depth cues; miscentered position; estimation of gradients; displacement vector; optimal location; geometric compensation; grid displacement; parametric constraints; directional gradient; radius-margin"
"360","43","maternal mental health; emotional health; positive mental health; subjective health; physical health; perceived health; parental mental health; general health; men’s health; emotion and mental health; functional health; physical and mental health; workplace mental health; men's health; positive health; behavioral and social aspects of health; postpartum mental health; psychosocial health; perception of own health; paternal mental health"
"361","45","informatics (d048088); self-care (n02.421.784.680); radiology (d011871); data mining (d057225); population health management (d000076602); holistic health (n01.400.350); d057286; biomedical engineering [h02.070]; crowdsourcing (d063045); d058492; electronic health records (d057286); radiology information systems (d011873); expert systems (d005103); diabetes mellitus (d003920); risk factors (d012307); cancer survivors (d000073116); self care [n02.421.784.680]; research (d012106); physicians’ [n05.300.625]; diagnosis, differential (d003937)"
"362","31","activity of daily living; physical disability; social function; activities of daily living; daily functional activity; daily life activities; physical impairment; independent living; daily living; instrumental activity of daily living; instrumental activities of daily living; daily mobility; physical and motor disability; functional activities; mobility disability; activities of daily life; physical function; functional disability; mobility limitations; assistive living"
"363","61","respiratory frequency; respiratory characteristics; respiratory flow; breathing rate; tidal breathing; inspiratory flow; respiratory sound analysis; respiratory volume; respiratory complexity; respiratory airflow; airflow resistance; respiratory effort; respiratory dynamics; breathing activity; respiratory changes; breathing pattern; inspiratory time; breathing pattern variability; cardiorespiratory activity; respiratory patterns"
"364","74","disease specificity; disease patterns; disease trajectories; disease profiles; age-related features; dynamic changes; age-related difference; disease trajectory; disease correlation; disease-specific features; recovery trajectories; temporal relation; temporal stability; sex-difference; age related changes; differential association; longitudinal changes; disease types; epidemiological restrictions; longitudinal trends"
"365","24","colposcopy; ethoscopy; medical tube detection; pap smear; cervical smear; blood biopsy; vaginal smears; prostate palpation; colposcopic images; lumbar puncture; dental charting; ptychography; rectal bleeding; phlebotomy; oral impression taking; colonoscopy preparation; parasitological processing; venepuncture; chest patch; dental chart"
"366","72","remote intervention; smartphone intervention; technology intervention; mobile app intervention; workplace intervention; transitional care intervention; mhealth intervention; team interventions; mobile phone intervention; tailored feedback interventions; social network intervention; crisis intervention; workplace interventions; mobile intervention; behaviour change intervention; gamified intervention; computerized interventions; daily life intervention; internet intervention; pharmacist intervention"
"367","18","lower limb amputation; lower extremity amputation; postmastectomy breast reconstruction; prosthesis fitting; two stage breast reconstruction; transtibial prosthesis; lower limb prosthetics; functional splint; microvascular free flap reconstruction; lower extremity wound; knee brace; fibula free flap; upper limb prostheses; lightweight splint; fibular allograft combined with impaction bone grafting; revascularization of lower limbs; foot & ankle deformity; assisted gait for partial weight-bearing"
"368","26","heel height; nasal valve area; abdomen circumference; cervical length; nuchal translucency measurement; body height; bone thickness; pelvic floor measurements; femur length; lower lumbar angle; head circumference; cobb angles; head circumference measurement; bulb diameter; height; cobb angle; intermetatarsal angle; cup-to-disc ratio; facial measurements; femoral neck t-score"
"369","126","vnet; v-net; vdot; ssvep; mcar; udb; tcim; egoa; gdl; epts-tl; cfpd; cmylife; pwat; mretinex block; emas; imbp; flow-vrt; dsst; at-patch; m-ctsib"
"370","44","recombinant vaccine; subunit vaccine; viral vaccines; subunit vaccines; recombinant vaccines; conjugate vaccines; rna vaccines; peptide vaccine; recombinant zoster vaccine; peptide vaccines; protein vaccines; multi-epitope subunit vaccine; papillomavirus vaccines; inactivated vaccine; live vaccine; synthetic vaccine; influenza vaccines; epitope-based subunit vaccine; chimeric vaccine; inactivated vaccines"
"371","83","sequence recombination; degenerate exons; homologous template; virus insertion site; nucleosomal sequence; integrations; exon-exon junction primers; promoter sequence; entry restriction; kozak sequence; partial methylation domains; amino acid recoding; long sequence; transcript structure; cpg context; purging allelic sequences; integration of peks and pke; mutation distance; cloning; exogenous gene information"
"372","154","rsi; vbhc; smp; vmr; vca; cih; mipd; aal; ghi; aam; ftp; emi; agi; hme; cmi; vcf; pdp; mmpa; mgf; mbti"
"373","43","histologic subtype classification; tumor subtyping; histologic subtype; subtype classification; clinical subtypes; molecular subtypes; disease subtypes; nsclc subtype classification; tumor grading; benign/malignant classification; tumor subtype; molecular subtype; tumor grade; patient subtypes; breast invasive carcinoma subtypes; consensus molecular subtype; tumor-node classification; transcriptomic subtypes; outcome-guided molecular subtyping; molecular classification"
"374","25","enteric nervous system; cancer in the nervous system; nervous system; peripheral nervous system; stem cells in the nervous system; regeneration and repair in the nervous system; immune system; cell death in the nervous system; diseases of the nervous system; automatic nervous system; brain structure and function; haemic and immune systems; transporters in the nervous system; transmission between brain structures; development of the nervous system; genetics of the nervous system; olfactory system; spinal nervous system; haematopoietic system; epigenetics in the nervous system"
"375","39","computerized provider order entry; computerised provider order entry; computerized physician order entry; computerized prescriber order entry; computerised physician order entry; computer provider order entry; computerised provider order entry system; clinical provider order entry; computerized provider order entry systems; computer physician order entry; computerized physician order entry system; computerized physician order entry systems; inpatient computerized provider order entry; automated medical consultation; computerised provider order-entry system; computerized prescription entry order; radiology order entry; automated icd-10 code assignment; automatic medical coding; automated clinical notes"
"376","61","b-cell epitopes; b-cell epitope; t-cell epitopes; t cell epitopes; b cell epitope; linear b-cell epitopes; t cell epitope; conformational b-cell epitopes; hla peptide ligands; b cell dominant epitope; hla epitopes; tcr specificity; mhcii binding epitopes; splice variant neoantigens; t-cell antigen receptor specificity; t cell-based tumor epitopes; neoantigens; t-cell receptor repertoire; cross-reactive epitopes; linear epitopes"
"377","47","chronic back pain; chronic pelvic pain; musculoskeletal pain; back pain; shoulder pain; lower back pain; nonspecific low back pain; low-back pain; knee pain; chronic musculoskeletal pain; pelvic girdle pain; chronic low back pain; low back pain; cervical pain; whiplash associated disorders; neck pain; chronic pain; musculoskeletal pain disorders; recurrent low back pain; musculoskeletal-related pain"
"378","52","multi-sensor fusion; markerless tracking; radar technology; unobtrusive sensing; smart sensor detection; sensor-based activity recognition; inertial sensing; vision-based sensors; sensor-based tracking; multi-platform tracking; human-machine interfacing; multimodal sensor fusion; camera-based infant monitoring; real-time location systems; real-time spectral unmixing; markerless motion capture; pose-aware tooth detection; radar system; seismic sensing; multisensorial system"
"379","40","iui outcome prediction; hip fracture detection; high-risk veterans; infection prediction; treatment initiation prediction; sepsis screening; high-risk medicines; pulmonary embolism detection; suicide detection; adverse outcome pathways; overtreatment detection; nocturnal hypoglycemia early alarm; preterm birth prediction; preterm birth risk estimation; high-risk subgroups; cardiac arrest prediction; high-risk; sepsis risk; chronic disease early prediction; infant suffocation risk detection"
"380","18","kidney donation; organ donation; kidney paired donation; organ donor; blood donation; living kidney donation; eye donation; hispanic organ donation; organ procurement; blood donor; organ allocation; tissue donors; tissue and organ procurement; living kidney donor; blood donors; kidney allocation; barriers to kidney donation; donor matching"
"381","45","breast cancer histopathology; breast cancer grading; lung cancer classification; lung cancer pathology; cancer morphology; breast cancer recognition; cancer dynamics; breast cancer community; lung cancer recognition; breast cancer cadx; cancer identification; breast cancer classification; cancer tumour; cancer previvors; prostate cancer classification; disease progression network; prostate cancer and bims; breast cancer nuclei; cancer worry; lung cancer identification"
"382","60","tumor ecosystem; lymphoma segmentation; cancer segmentation; osteosarcoma segmentation; melanoma segmentation; malignancy estimation; brain gliomas discrimination; breast cancer segmentation; melanoma-asymmetric; tumor phylogeny; pancreatic cancer segmentation; malignant tumor patients; brain tumors segmentation; pathological significance; lung cancer image; cancer histopathological image; colorectal cancer histopathology image; gcta; neoplasm invasiveness; breast cancer images"
"383","55","kidney segmentation; breast density segmentation; breast mass segmentation; thyroid segmentation; pancreas segmentation; bone ct segmentation; bone segmentation; breast-region segmentation; fat segmentation; bladder segmentation; colon wall segmentation; subchondral bone segmentation; ventricle segmentation; prostate segmentation; pulmonary airway segmentation; bone surface segmentation; ct image segmentation; thyroid nodule segmentation; lung tumor segmentation; myocardial segmentation"
"384","37","amino acid prediction; protein structure predictions; secondary structure prediction; enzyme sequence evolution; peptide sequences; amino acid scoring matrices; amino acid sequences; similar structure analysis; motif models; biological sequence modeling; substitution matrices; protein models; amino acid sequence; sequence classification; rna sequences; sequence comparison; multiple sequence alignments; predicted protein features; amino acid frequencies; amino acid sequence analysis"
"385","106","social media content; online social networks; online social network; social media marketing; mobile social media websites; social network site; social media networks; social networking; health social media; social media platforms; social media adoption; online social networking; social media outreach; social media usage; government social media; health promotion and social media; web surfing; social media metrics; health blogs; social media use"
"386","57","pitch perception; face recognition; object recognition; speech-recognition; depth perception; voice recognition; face emotion recognition; speech emotion recognition; emotion recognition; color perception; facial emotion recognition; human facial perception; auditory processing; sign language recognition; auditory localization; vibrotactile perception; perceptual enhancement; boundary perception; facial expression recognition; visual search patterns"
"387","63","coronary atherosclerotic heart disease(chd); peripheral artery disease (pad); ischemic heart disease (ihd); coronary artery disease (cad); lower extremity arterial disease (lead); heart failure (hf); coronary heart disease (chd); congenital heart disease (chd); valvular heart diseases (vhd); chronic liver disease (cld); diabetic foot ulcers (dfu); type 2 diabetes mellitus(t2dm); type 2 diabetes mellitus (t2dm); myocardial infarction (mi); end-stage kidney disease (eskd); atrial fibrillation (af); atherosclerotic cardiovascular disease (ascdv); heart valve diseases (hvds); diabetic peripheral neuropathy (dpn); st elevation myocardial infarction (stemi)"
"388","108","immune; pancreas; neoplasia; hazard; obstetrics; forum; pacific; affect; assist; biomedical; tendon; origins; epigen; energy; gene; voice; campaign; endocrine; fertility; clinic"
"389","51","selective internal radiation therapy; radiation therapy; radio therapy; proton therapy; adjuvant radiation therapy; proton radiotherapy; chemoradiation therapy; stereotactic radiotherapy; robotic radiotherapy; radiosurgery; chemoradiation treatment; adaptive proton therapy; prostate radiotherapy; chemo-radiation therapy; radioiodine therapy; mri-guided radiation therapy; stereotactic body radiation therapy; radiotherapy treatment; image-guided radiation therapy; adaptive radiotherapy"
"390","48","methamphetamine use; stimulant use; stimulant drug use; marijuana use; illicit drug use; cannabis use; drug use; unhealthy alcohol use; excessive drinking; chronic opioid use; substance use; alcohol use; opiate use; excessive alcohol consumption; nicotine poly-use; high-risk drinking; cigarette use; opioid use; substance users; marijuana abuse"
"391","46","ventricular arrhythmia; cardiac arrhythmias; atrial arrhythmias; cardiac arrhythmia; cardiac dysrhythmias; atrial arrhythmia; heart arrhythmias; bradyarrhythmia; atrial tachycardia; ventricular tachycardia; tachyarrhythmia; ventricular fibrillation; cardiac dysrhythmia; cardiac electrophysiology; cardiac rhythm; hypsarrhythmia; heart rhythm; sinus rhythm; tachysystole; life-threatening ventricular arrhythmia"
"392","68","public health systems research; health system research; multisite clinical research; usability research; health preference research; implementation research; population based research; patient-centered outcome research; patient-centered outcomes research; health economics and outcomes research; patient-centered research; online survey research; practice-based research; patient oriented research; longitudinal research; family-based research; comparative effectiveness and safety research; patient-oriented research; organizational research; evaluation research"
"393","26","disease free survival; disease-free survival; progression free survival; recurrence-free survival; progression-free survival; disease-specific survival; patient survival; pathological complete response; pathologic complete response; overall survival; survival; complete remission; cancer recurrence; biochemical recurrence; breast cancer recurrence; poor ovarian response; cancer distant recurrence; platinum chemotherapy response; overall survival (os); karnofsky performance status"
"394","46","physical fitness assessment; motor skill assessment; psychosocial measures; cognitive tests; neuropsychological screening; functional assessment; neurocognitive tests; autonomous cognitive examination; sleep quality assessment; daily life measures; health status measurement; conners continuous performance test; mini-mental state examination; motor assessment; healthy behavior index; mini mental state examination; smartphone-based cognitive assessments; functional behavioral assessment; suicide risk assessment; youth activity profile"
"395","47","wearable activity trackers; consumer sleep trackers; health and activity trackers; activity trackers; smart wearables; patient wearables; health care wearables; smart home systems; physical activity trackers; smartwatches; consumer wearables; wrist wearables; personal fitness trackers; smartphones; sleep wearables; electronic dashboards; smart watches; health portals; fitness trackers; wearables"
"396","48","voice messaging; instant messaging; periodic messaging; text messaging; audio messaging; electronic messaging; digital messaging; mobile messaging; direct messaging; patient messaging; mobile phone messaging; secure text messaging; messaging; patient portal messaging; health messaging; text-messaging; secure-messaging; secure messaging; concurrent messaging; secure electronic messaging"
"397","53","creatinine levels; coagulation markers; total hemoglobin concentration; platelet count; blood urea nitrogen to albumin ratio; hemoglobin level; non-laboratory parameters; bone turnover marker; fructosamine; hematological factors; kidney function; prothrombin time; procalcitonin; cd4 lymphocyte count; serum metabolites; partial thromboplastin time; serum albumin; renal function; blood indicators; coagulation function"
"398","45","dental abutments; dental treatment; dental brackets; dental internal fit; orthodontic treatment; fixed prosthodontics; dental prosthesis; orthodontic wires; dental alignment; orthodontic brackets; dental implant; dental treatment plans; orthodontic tooth movement; dental articulators; implant treatment; dental prosthesis design; mandibular implant; complete denture; complete dentures; oral appliances"
"399","40","adverse drug events; symptomatic adverse event; adverse clinical events; symptomatic adverse events; adverse drug event; immunotherapy-related adverse events; hospital adverse event; disease specific adverse event; chemotherapy adverse events; adverse medical event; adverse events; immune-related adverse events; drug discontinuation events; adverse drug reactions; vaccine adverse events; sequential adverse events; vaccine adverse effects; adverse drug reaction; patient safety events; drug-drug interaction events"
"400","75","surgical workflow recognition; patient flow coordination; clinic layout; pharmacy workflow; dispatch prediction; prehospital workflow; surgical workflow; field triage; process deviations; staff workflow; operating theatre efficiency; frontline; emergency department boarding; operations improvement; handover; hospital patient flow; procedure delay; surgical control time; operating room staffing; patient isolation"
"401","49","molecule optimization; drug synthesis; thiazoles; blockchains; drug structure; molecular structures; peptide; chemical structure; biomolecules; molecule scaffold; biological active points; biomolecule; macromolecules; molecular clusters; peptides; drug molecular structure; ligands; drug chemical structure; drug conjugation; active molecule"
"402","73","deliberative interaction; conversational technologies; social feedback; social communication; reflective processes; affective communication; interpersonal communication; social reactions; interpersonal challenge; situational awareness; therapeutic relational connection; conversational capacity; relational agents; embodied conversational agents; narrative persuasion; conversational agents; empathic agents; paternalistic interaction; collective behavior; cognitive autonomy"
"403","39","type ii kinase inhibitors; α-ketoamide inhibitor; tubulin modulators; trypanothione reductase inhibitors; glutaminyl cyclase inhibitors; atpase inhibitors; carbonic anhydrase inhibitors; enzyme inhibitors; enzyme activators; quorum sensing inhibitors; cytochrome p-450 enzyme inhibitors; aggregation inhibitors; herg blockers; helicase inhibitor; sodium-glucose transporter 2 inhibitors; atpase inhibitor; androgen receptor ligands; peptide inhibitor; allosteric modulators; allosteric inhibitor"
"404","48","rare variants; non-coding variants; somatic missense variants; somatic small variants; regulatory variants; missense variants; disease-associated variants; low-frequency variant; functional variants; germline variant; genomic variations; noncoding variants; somatic structural variation; cancer-related variants; copy number variants; genomic variants; non-coding variant; somatic variation; copy number variant; genetic missense variants"
"405","149","immigrant; hav; paradox; mosquito; stride; somatic; war; sw; danger; migrant; entr; tailor; tele; taa; rpa; moral; elbow; smart; ankle; hog"
"406","159","trviz; pagerank; wegovy; vikor; constrained pagerank; chatbot; yank; wechat; hisan; shapgcn; mingle; ramzis; momunet; roni; reng; holmes; voqanet; deparray; katg; shinyapp"
"407","46","antigens, protozoan; dna breaks, double-stranded; killer cells, natural; hypertension, pregnancy-induced; food, genetically modified; genes, x-linked; dna, environmental; rna, double-stranded; heparin, low-molecular-weight; genes, tumor suppressor; genes, mitochondrial; organisms, genetically modified; biobank, high-throughput; dna, mitochondrial; plants, genetically modified; dyskinesia, drug-induced; lectins, c-type; genes, protozoan; antigens, nuclear; polymorphism, single nucleotide"
"408","50","smoke exposure; environmental exposure; household exposure; personal exposure; occupational exposure; pesticide exposures; sun exposure; secondhand smoke exposure; cement dust exposure; pathogen exposure; airborne pollutant exposures; alcohol exposure; chemical exposure; heavy metal exposure; maternal exposure; early life exposure; ultraviolet radiation exposure; trace element exposures; cold air exposure; tobacco smoke pollution"
"409","47","perceived effectiveness; perceived responsiveness; perceived quality; perceived importance; perceived usefulness; perceived value; perceived benefit; perceived source credibility; perceived uncertainty; perceived usability; perceived proximity; perceived persuasiveness; perceived need; perceived trust; perceived technology; perceived risk; perceived discrimination; perceived benefits; perceived expertise; perceived argument quality"
"410","37","influenza a virus; influenza virus; influenza viruses; coronaviruses; seasonal influenza a viruses; coronavirus; influenza b virus; corona virus; seasonal influenza b viruses; norovirus; human coronaviruses; sars-cov-2 virus; coronavirus disease; respiratory syncytial viruses; respiratory syncytial virus; betacoronavirus; coronavirus variants; wuhan seafood market coronavirus; coronavirus infections; human adenoviruses"
"411","43","multi-dimensional feature-guided learning; parallel heterogeneous deep learning; distance-based learning; hybrid-supervised learning; graph self-supervised learning; taxonomy-aware machine learning; graph-based machine learning; graph-based learning; multi-task self-supervised learning; multi-modality self-supervised learning; graph-based deep learning; self-supervised learning; artificial intelligence federated learning; simulation-supervised learning; multi-layer feature learning; connectome-constrained deep learning; model-agnostic meta-learning; graph-based algorithms; semantic deep learning; supervised reinforcement learning"
"412","48","transcriptional gene regulation; transcription regulation; transcriptional regulation; gene regulation; rna gene regulation; transcriptional mechanisms; gene expression regulation; post-transcriptional gene regulation; posttranscriptional regulation; gene regulatory; transcriptional regulator; mirna regulation; gene regulator; transcriptional activation; transcription regulator; transcriptional control; gene regulatory circuits; transcription cofactor; transcriptional program; post-transcriptional regulation"
"413","68","hand hygiene; skin care; cold contact; hand washing; sunlight protection; sanitization; gloves; eye contact; sunscreen; compulsive hand washing; decontamination; mask decontamination; sun protection; skin picking; oral hygiene; personal protective equipment; handwashing; skin-picking; sunscreens; biocuration"
"414","48","mycoplasma pneumoniae; enterobacter cloacae; streptococcus pneumonia; salmonella typhi; streptococcus pneumoniae; streptococcus pyogenes; klebsiella pneumoniae; aspergillus fumigatus; mycoplasma pneumonia; legionella pneumophila; streptococcus agalactiae; chlamydia pneumoniae; acinetobacter baumannii; enterococcus faecalis; c. difficile; gardnerella vaginalis; pseudomonas aeruginosa; c. trachomatis; campylobacter jejuni; microorganisms"
"415","56","citizen science; politics; medical dialogue; social justice; social world; political economy; moral foundations; humanity; morals; science diplomacy; social systems; humanities; philosophy; science in business; socials; political party; human capital; scientific citizen; science literacy; principlism"
"416","57","sexual and gender minority; sexual and gender minorities; racial/ethnic minorities; gender minorities; ethnic and racial minorities; gender and sexual minorities; sexual minorities; gender minority; minority women; racial minorities; ethnic minorities; sexual minority; sexual minority women; immigrant women; sex and gender minorities; ethnocultural minority; transgender and gender diverse adults; gay men; ethnic minority; racial/ethnic minority"
"417","38","performance test; clock drawing test; clock-drawing test; finger-tapping test; finger tapping test; stroop task; serial reaction time task; psychomotor vigilance test; task-shifting; clock drawing test (cdt); trail making test; motor task; iowa gambling task; finger-tapping; motor and cognitive dual task; dual-task cost; timed up and go test; multilingual speech tasks; finger tapping; performance-based task ability"
"418","30","crizotinib; immune checkpoint blockade; bortezomib; checkpoint inhibitors; tyrosine kinase inhibitors; immune checkpoint inhibitor; immune checkpoint inhibitors; erlotinib; egfr inhibitor; immune checkpoints inhibitors; ponatinib; tkis; car-t immunotherapy; gefitinib; paclitaxel; pd-l1 immunotherapy; afatinib; vemurafenib; anti-pd-1/pd-l1 immunotherapy; docetaxel"
"419","32","sexual behaviour; sexual behaviours; sexual behavior; sexual networks; sexual partners; sex workers; sexual network; illicit drugs; risky sex; unsafe sex; illegal drugs; sexual media; illicit transport; street drugs; illegal online pharmacies; sexual orientation; sexual education; illicit online pharmacies; homosexual; sexual risk"
"420","45","glioma cells; human cells; human induced pluripotent stem cells; breast cancer cells; human pluripotent stem cells; skin stem cells; colorectal cancer cells; human embryonic stem cells; pluripotent stem cells; induced pluripotent stem cells; neural stem cells; cancer cell lines; madin darby canine kidney cells; multipotent stem cells; neuroblastoma cell lines; cancer cell line; embryonic stem cells; multiple myeloma cells; mesenchymal stem cells; alveolar type 2 cells"
"421","33","5-methylcytosine; n6-methyladenosine; dna n4-methylcytosine; dna n6-methyladenine; rna 5-hydroxymethylcytosine; dna n(4)-methylcytosine; n4-acetylcytidine; dna n4-methylcytosine sites; methyladenine; rna n6-methyladenine; dna n6-methyladenine modification; deoxycytidine monophosphate; n6-methyladenine; o6-methylguanine-dna methyltransferase; 5-methyluridine; adenine-5’-triphosphate; dna n6-methyladenine (6ma); bpde-guanine adducts; methylated dna; methylcytosine (5mc"
"422","27","wrist and hand movements; finger movements; finger movement; upper limb movement; arm movements; forearm and hand motion; prosthetic hand control; finger flexion and extension; upper-limb; hand grasp; finger-pinching; finger dexterity; effortful tongue rotation; hand and wrist; manual dexterity; hand dexterity; hand grasps; dexterity; toe off; hand exercises"
"423","54","health status disparities; mental health disparities; racial disparities; healthcare disparities; health-care disparities; racial health disparities; vaccine disparities; race-ethnic disparities; socioeconomic disparities; health care disparities; racial and ethnic disparities; ethnic disparities; ethnic health disparity; health inequities; racial disparity; health inequalities; geographic disparities; sex-based disparities; health care disparity; rural health inequalities"
"424","143","osteocytes; mismatch; tremor; tsg; lbd; salience; tdp; proteasome; hsp70; isg; multisensory; mct; trp; centromere; ferritin; ache; entropy; cooperative; ihc; mbc"
"425","39","treatment adherence; medication refill adherence; medication adherence; therapy adherence; prep adherence; patient adherence; therapeutic adherence; program adherence; medical adherence; drug adherence; exercise adherence; medication non-adherence; patient nonadherence; refill adherence; appointment adherence; cpap adherence; medication persistence; medication compliance; antiretroviral therapy adherence; treatment compliance"
"426","63","intensive care; intensive care burns unit; intensive care unit; pediatric intensive care; icu care; intensive care units; acute medical unit; pediatric acute care; care unit; specialized care unit; paediatric intensive care; pediatric intensive care units; neonatal intensive care units; neonatology intensive care unit; newborn intensive care units; surgical intensive care; primary health care unit; hospital care; neonatal intensive care unit; intensive and critical care"
"427","46","fluid-structure interactions; fluid-structure interaction; fluid–structure interaction; long-range interaction; atomic interactions; high-order interaction; fluid-solid interaction; chemical-protein interactions; high-order interactions; long-distance interactions; hybrid higher-order interaction; local interactions; chemical-protein interaction; atom-type interaction; macromolecular crowding; local-global interactions; chemical–chemical interaction; noncovalent interaction; local-global interaction; protein electrostatics"
"428","63","simple silicosis (ss); odontogenic cystic lesion (ocl); cerebral microbleed (cmb); degree of stenosis (dos); fenestrated artery (fa); left ventricular arrhythmia (lva); anastomosis leakage (al); b-cell aplasia (bca); stomach adenocarcinoma (stad); placental chorionic surface vascular network (pcsvn); post-surgical complication (psc); architectural distortion (ad); spontaneous coronary artery dissection (scad); articular cartilage (ac); osthole (ost); atrial bigeminy (ab); microaneurysms (ma); pacemaker mediated tachycardia (pmt); epileptic seizure (es); relative afferent pupillary defect (rapd)"
"429","45","guanidine alkaloids; monosaccharides; stearates; quaternions; lysophospholipids; galactosides; glycosylated flavonoids; epoxy compounds; pyrimidines; polysaccharides; glycolates; ribonucleosides; glycomimetics; flavonoids; sanguinarine derivatives; glycopeptides; nucleoside analogues; glycoproteins; coenzymes; phosphoric monoester hydrolases"
"430","69","interaction propensity; deletion outcome modelling; cocktail party effect; longitudinal clustering; age stratification theory; discordance set; casemix; grouped test; partner-specific graph; differential pathlength factor; interaction power; surrogate generation; median-effect equation; pseudo probability; concordance set; dichotomizers; genetic relationship matrix; interaction control; outcome expectancy; nested u-net"
"431","36","implementation barriers; communication barriers; adoption barriers; structural barriers; economic barriers; research barriers; language barriers; drivers and barriers; process barriers; healthcare access barriers; socio-technical barriers; health barriers; logistical barriers; facilitators and barriers; psychological barriers; technical barriers; technology adoption barriers; institutional barriers; community challenges; benefits and barriers"
"432","38","small noncoding rna; long non-coding rna; long non-coding rnas; small rnas; long noncoding rna; noncoding rnas; long noncoding rnas; viral circrna; long rnas; circular rnas; noncoding rna; coding rna; small nucleolar rna; circular rna; intragenic mirna; small ncrna; circrna regulation; viral-encoded mirnas; non-encoding rna; ubiquitously expressed lncrnas"
"433","41","cardiovascular risks; cardiovascular risk; cardiometabolic risk; cardiometabolic health risk; secondary disease prevention; cardiovascular health monitoring; cardiovascular disease risk; osteoporosis risk; cardiometabolic health; cardiometabolic disease; cardiometabolic diseases; cardiovascular disease risk assessment; cardiovascular risk assessment; cardiovascular risk prediction; cardiovascular disease prediction; cardiovascular disease prevention; cardiovascular risk reduction; cardiovascular risk management; heart disease risk; metabolic risk management"
"434","116","bulb detection; mobility prediction; transition prediction; dynamic consent; relocation problem; severity estimation; delay transmission; athlete monitoring; disorder recognition; detection certainty; fate potency; disease hierarchy; analogy completion; population testing; gender detection; innovation resistance; phenotyping error; mobility pattern; bite detection; catastrophe triage"
"435","34","cpg island density; cpg islands; cpg island; microsatellite repeats; cpg sites; differential gene methylation; low-methylated region; differential-methylation; differential methylation; cpg methylation; abnormal dna methylation sites; gene neighborhoods; differentially methylated regions; non-variant regions; dna variations; cis-eqtl; haplotype blocks; microsatellites; genome-wide snps; y-chromosome genes"
"436","114","teleassessment; telemanagement; telementoring; pre-emptive innovation; lightweight attention mechanism; remote diagnosis; augmented realitiy; open-door policy; reopening policy; nonfinite-modality; few-shot prompting; remote trials; multisite; containment delay; safety-net; marginal decompression sickness; infrastructuring; overtriage; triaging; costeffectiveness"
"437","101","results-based accountability; physician-rating apps; technology-enabled care; sex-specific care; home-based telemonitoring scenarios; app-based tracing; question-type reasoning; software-defined healthcare; paper-based ecg; specialty-specific ehr; on-duty deaths; computer-mediated care; child-targeted cereals; disease-specific vocabulary; smartphone-based hemoglobin; high dependency; age appropriate design code; independent mobility; risk-based alert; degree-aware sampling"
"438","74","intersector collaboration; intersectoral collaboration; transdisciplinary collaboration; academic–community partnerships; academic-community partnership; inter-organisational cooperation; inter-organizational cooperation; interorganizational collaboration; community-academic partnership; inter-organizational collaboration; academic-community partnerships; interprofessional collaboration; stakeholder partnerships; community–academic partnership; interdisciplinary collaboration; community-academic partnerships; community partnerships; community research partnerships; community–academic partnerships; interprofessional team collaboration"
"439","24","canadian classification of health interventions (cci); international classification of diseases (icd); international classification of disease (icd); international classification of external causes of injury (iceci); international classification for nursing practice (icnp); international classification of health interventions (ichi); international classification of diseases version 10 (icd-10); systematized nomenclature of medicine clinical terms (snomed ct); standardized nursing terminology (mesh); logical observation identifier names and codes (loinc); diagnosis-related groups (drg); continuity of care document (ccd); diagnosis-related groups (drgs); icd-9 (international classification of diseases ninth); national drug code (ndc); medical subject headings (mesh); icnp (international classification for nursing practice); emergency medical services [mesh terms]; cpoe (computerized prescriber order entry); medical information mart for intensive care iii (mimic-3)"
"440","74","drug toxicity; drug efficacy; drug effectiveness; therapeutic efficacy; drug potency; cancer drug side effect; drug synergy; drug efficiency; cytotoxicity; peptide toxicity; acute toxicity; antiviral efficacy; protein toxicity; toxic effects; drug mechanisms; drug response; drug effects; pharmacological effects; drug synergism; drug tolerance"
"441","36","adoption model; technology acceptance model; techno-humanism model; organizational models; user-centered model; relational similarity model; engagement model; stereotype content model; teacher-student model; common sense model; personal health models; shared mental model; push-pull mentoring model; acceptance framework; maturity framework; blended value collaboration enactment framework; shared mental models; kirkpatrick framework; iterative process model; pcm model"
"442","34","choroidal layer; optic disk; retinal vessel; optic disc; retinal nerve fiber layer; optic cup; retinal photograph; retinal nerve fibre layer; retinal degeneration; optic nerve head; retinal layers; retinal angiography; optic nerve; retinal vessels; dense focal loss; fovea centralis; retinal vascular; retinal nerve fiber layer thickness; retinal damage; retinal arteriolar morphometry"
"443","38","urologic surgical procedures; thoracic surgical procedures; vascular surgical procedures; urologic procedures; neurosurgical procedures; gynecologic surgical procedures; otolaryngological procedures; elective surgical procedures; surgical and invasive medical procedures; plastic surgery procedures; cardiac surgical procedures; orthopedic procedures; surgical procedures; therapeutic procedures; operative surgical procedures; surgical obstetric procedure; dental and oral procedures; surgical interventions; ambulatory surgical procedures; minimally invasive surgical procedures"
"444","30","family caregiver; family caregivers; informal caregivers; spousal caregivers; informal carers; informal caregiver; pediatric caregivers; family carers; informal dementia caregivers; informal caregiving; family caregiving; dementia caregivers; parent/caregiver; spousal care; adult-child caregivers; immigrant informal caregivers; caregiving burden; professional caregivers; caretaker; caregiver burden"
"445","117","transposon; proteoglycan; pollen; salt; oocyte; citrus; cytosine; rain; fruits; sewage; desert; deer; admixture; rbc; barley; kan; api; guanine; dystrophin; starch"
"446","62","african american; african-americans; african americans; asian american women; african-american; asian americans; black american; mexican americans; african american women; hispanic americans; asian americans and pacific islanders; african americans/blacks; hispanic ethnicity; african american race; asian american; african american men; non-hispanic black; black or african american; racially diverse groups; minority men"
"447","53","preterm delivery; preterm labour; obstetric labor; threatened preterm labour; labor and delivery; term delivery; threatened preterm labor; elective delivery; intrauterine pregnancy; early pregnancy; adolescent pregnancy; second pregnancy trimester; early labor; sga foetus; cesarean delivery; preterm birth; post-partum; skilled delivery; obstructed labor; post partum"
"448","44","health prevention; cancer prevention; alcohol prevention; community prevention; disease prevention; prevention policy; obesity prevention; cervical cancer prevention; child injury prevention; primary prevention; fall prevention; health communication; falls prevention; chronic disease prevention; health coaching; health intervention; health risk communication; community health assessment; health interventions; childhood obesity prevention"
"449","44","long non-coding; protein coding regions; exon-intron boundaries; 5' untranslated regions; spliced leader; 3' untranslated regions; promoter region; consensus region; cg-rich region; premature stop codons; open reading frame; splice junctions; transcript isoforms; start/stop codon information; intron retention; intronic polyadenylation; open reading frames; vector integration sites; transcript variants; exon usage"
"450","117","iterations; clips; grouping; superposition; timeline; tracing; masks; screen; fusion; rounds; tagging; phase; deconvolution; module; chart; sorting; quadrants; paralogs; zones; label"
"451","48","bacterial infections; salmonella infections; nosocomical infection; staphylococcal infections; bacterial infection; pulmonary infection; bloodstream infection; fungal infections; bacterial pneumonia; pseudomonas aeruginosa infection; mrsa infection; viral pneumonia; mixed infection; bladder infection; parasitic infection; fungal infection; chlamydia infections; bacteraemia; bone infection; rotavirus infections"
"452","27","nmda receptor; gaba(a) receptor; orexin receptors; opioid receptor; p2x7 receptor; cannabinoid receptors; α2-adrenergic receptor; glutamate receptor pathway; neurotransmitter receptor; acetylcholine receptor; alpha-adrenergic receptor; interleukin-10 receptor beta subunit; glucagon receptors; p2x3r; inositol trisphosphate-sensitive store receptors; calcitonin receptor-like receptor; receptors, dopamine d2; glutamate receptor 2; serotonin receptor interactions; cyclooxygenases"
"453","65","regulatory affairs; soft-label; marketing; drug reposition; drug recommendation; drug candidate; target profile; drug transition; fda approved; medicines; transaction safety; immunogenicity; drug alert; fda; patent; therapeutic interchange; product liability; codeine; repurposing; nonmem"
"454","95","uwf photograph; lesion partition; lesion aware; modified region growing; lesions detection; vertebrae localization; iris localization; tongue image; pathology localization; nodule dataset; femur localization; bleeding zone delineation; phonation habits; hemorrhage detector; arteries and veins segmentation; ear mold; discs labels; emboli detection; microaneurysms detection; nodule characteristic"
"455","56","sivelestat; phytocompounds; tremelimumab; tylenchida; hololens; piplom; tabula muris; bacopa monnieri; lichen planopilaris; neospora; riccia fluitans; diabetes mellititus; microtia; swintransformer; echis; brusselator; heliconius erato; morisita–horn; androctonus zagrosensis; boruta"
"456","72","vesicular transport; protein transport; signaling dynamics; cellular plasticity; neuronal plasticity; calcium signalling; axonal transport; cell transport; cell coupling; calcium signaling; intracellular dynamics; ion transport; motility dynamics; chemical synaptic transmission; gap junction coupling; mechanotransduction; synaptic plasticity; intercellular communication; higher-order cell–cell communication; molecular adaptation"
"457","106","public demand; subsumption; remoteness; hiring; routinisation; implementation sceince; technology acceptance; competition policy; user enablement; citizen concerns; social prescribing; safety alarm; clinician trust; service demand; alert fatigue; permissiveness; business ecosystem; use decisions; purchase pattern; restful services"
"458","66","family health; community health; school health; pediatric mental health; social health; behavioral health; primary health; maternal health; adolescent mental health; indigenous health; prenatal health; sexual reproductive health; workplace health; youth health; newborn health; population mental health; primary public health; mental health; chronic health; oral health"
"459","64","provider engagement; academic engagement; patient engagement; community engagement; student engagement; consumer engagement; user engagement; patient health engagement; physician engagement; research engagement; user-engagement; technology engagement; learner engagement; stakeholder engagement; patient and community engagement; virtual community engagement; digital health engagement; meaningful engagement; online engagement; digital engagement"
"460","108","sexual health services; rural health services; mental health services; family planning services; social care services; community health services; wellness services; maternal health services; maternal healthcare services; child health services; maternal-child health services; community mental health services; hospice care services; mobile health services; mobile health management services; preventive health services; transitional services; mobile healthcare services; community pharmacy services; support care services"
"461","40","artery stenosis; aortic aneurysms; aortic stenosis; aortic aneurysm; symptomatic aortic stenosis; aortic disease; thoracic aortic aneurysm; intracranial artery stenosis; abdominal aortic aneurysms; acute aortic dissection; aortoiliac bifurcation; coronary bifurcation; stenosed artery; carotid bifurcation; aortic dissection; arterial stenosis; abdominal aortic aneurysm; internal carotid stenosis; ascending thoracic aorta aneurysm; ascending thoracic aortic aneurysm"
"462","30","short term memory; long-short term memory; short-term memory; long short-term memory; long short term memory; long-short-term memory; memory formation; episodic memory; long–short-term memory; memory trace; memory consolidation; deep bidirectional long short-term memory; reward learning; bidirectional long-short-term memory; learning and memory; bidirectional long short-term memory; auditory memory; memory; long lasting memories; long-term plasticity"
"463","52","energy metabolism; glucose metabolism; thiol metabolism; mitochondrial metabolism; carbohydrate metabolism; muscle metabolism; glutamine metabolism; nucleotide metabolism; lipid metabolism; cholesterol metabolism; enzyme metabolism; fat metabolism; metabolic regulation; metabolic adaptation; peroxisome fatty acid metabolism; bacterial metabolism; nad metabolism; metabolic pathway; glycolysis pathway; aerobic glycolysis"
"464","67","nodule diagnosis; thyroid diagnosis; tumor diagnosis; clinical diagnosis; primary diagnosis; polyp diagnosis; breast neoplasm diagnosis; thyroid nodule diagnosis; pulmonary tuberculosis diagnosis; thorax disease diagnosis; auxiliary diagnosis; tissue origin diagnosis; etiological diagnosis; brain tumor diagnosis; pathology diagnosis; medical auxiliary diagnosis; skin disease diagnosis; breast tumor diagnosis; thyroid disease diagnosis; dental diagnosis"
"465","39","sequence co-evolution; constrained multi-shape evolution; temporal self-evolution; viral evolution; convergent evolution; parallel evolution; cross-species functional evolution; enzyme evolution; evolutionary trees; coevolution; adaptive evolution; multi-trait evolution; virus evolution; protein evolution; codon evolution; ancestral genome reconstruction; variational bayesian phylogenetics; genome-content evolutionary history; genetic speciation; gene-family evolution"
"466","60","clinician experiences; provider experiences; health professionals’ perspective; staff experience; nurses’ perception; rehabilitees’ experience; researcher experiences; research experiences; user experiences; patients’ experience; staff perspectives; provider’s perspective; health care experiences; provider experience; health professional views; nurses experiences; patient experiences; public perceptions; global experience; caregiver perspectives"
"467","90","provider messages; caregiver preparedness; pediatric confidentiality; physician resistance; organizational decision; patient consultation behavior; patient behavior; distance counseling; physician fatigue; treatment trajectory; communication accommodation; facilitators; physician choice making; caregiver empowerment; behavioral change communication; clinician information needs; participation inequality; research participant preference; participant-centered; clinician experience"
"468","46","antibody generation; antibody diversity; peptide immunogenicity; antibody repertoire; antibody engineering; chimeric antigen; therapeutic antibody; peptide generation; antibody affinity; antigen specificity; antibody affinity enhancement; therapeutic antibodies; anti-coronavirus peptide; anti-coronavirus peptides; chimeric protein; affinity maturation; antibody escape; anti-drug antibody; antibody binding affinity; bispecific antibodies"
"469","213","spatiotemporal; artificial; determinants; universal; determinant; discriminate; triad; discrete; proactive; holistic; ica; ovarian; crossover; discriminatory; thromboembolic; multifactor; frail; responder; cascade; sequelae"
"470","68","disease documentation; medication detection; medication mapping; side effect prediction; drug-side effect frequencies; adverse drug event (ade) extraction; pneumoconiosis classification; patient state recognition; diagnosis code; symptom extraction; exposure notification; medical problem list; medication episode construction; diagnosis registry; adverse drug reaction prediction; disease demographics; icd code embedding; clinicoimaging linkage; drug-disease relation classification; control state detection"
"471","54","benign prostatic hyperplasia; chronic gastritis; benign prostate hyperplasia; bronchiectasis; seronegative villous atrophy; pulmonary emphysema; chronic atrophic gastritis; interstitial pneumonia; nasopharyngeal lymphoid hyperplasia; intestinal metaplasia; prostatic hyperplasia; squamous dysplasia; barrett’s disease; oral submucous fibrosis; villous atrophy; interstitial cystitis; immune infiltration; inflammatory lesions; synovitis; barrett's esophagus"
"472","34","ocular disease; eye disease; eye diseases; ocular diseases; retinal disease; retinal diseases; retinal and vascular diseases; retinal vascular diseases; corneal diseases; corneal disease; glaucoma eye disease; multiple ocular diseases; posterior segment eye diseases; glaucoma disease; lens diseases; blinding eye disease; dry eye disease; diabetic eye disease; optic nerve diseases; retinal vascular disease"
"473","62","osa detection; anemia detection; exacerbation detection; eye disease detection; abnormality detection; stenosis detection; wheeze detection; ocular disease detection; patient deterioration detection; scar detection; lung disease detection; speech impairment detection; sleep apnea detection; sarcopenia detection; clinical deterioration prediction; skin detection; abnormalities detection; stenosis classification; anemia recognition; voice pathology detection"
"474","45","symptom checker; symptoms checker; distress screening; whoqol-bref; symptom-checker; self-checker; ghq-12; symptom checkers; mmse-2; vsq-9; symptom checklist; online symptom checker; domain index; csq-8; ehealth literacy questionnaire (ehlq); phq-8; symptom-checkers; covid-19 severity assessment; ehealth literacy questionnaire; sdm-q-9"
"475","78","e-pedigree; m-pac; g-card; e-obs; e-ic; i-climate; a-phase; e-cohort; d-dimer; e-inclusion; n-td; g-codes; i-pass; e-liquid; m-healthcare; s-curve; d-separation; e-recruitment; b-learning; k-nn"
"476","13","superoxide dismutase 1; galectin 3; cyclooxygenase 1; mpges-1; collagen vi; nitric oxide synthase type i; collagen type i; cyclooxygenase 2; collagen iv; superoxide dismutase-1; apolipoproteins e; deoxyribonuclease i; apolipoprotein l1"
"477","69","interoperability; registry interoperability; systems interoperability; health data interoperability; large-scale interoperability; ontology interoperability; organisational interoperability; hospital interoperability; healthcare interoperability; healthcare data interoperability; multi-nomenclature interoperability; third-party emr integration; cross-domain interoperability; semantic interoperatbility; semantic interoperability; mobile cross-platform development; image sharing interoperability; teleoperation; digital health interoperability; federated model sharing"
"478","80","social alarm; sentiment evolution; contextual conversion; emotion accumulation; threat modeling; self-attention network; resilience enhancement; adaptive leadership; crisis continuum; self-expressive network; social robot; dream-global; pain narratives; coping mechanisim; loss framing; temporal reasoning; self-attention networks; attention module; continuance intention; interactivity perception"
"479","43","electronic health literacy; digital health technology literacy; digital literacy; critical health literacy; media health literacy; digital health literacy; genomic health literacy; digital health readiness; digital mental health literacy; health literacy; health information literacy; electronic mental health literacy; patient health literacy; digital media literacy; media literacy; environmental health literacy; transactional e-health literacy; nutrition literacy; patient digital literacy; ehealth literacy efficacy"
"480","32","precision medicine; precision cancer medicine; personalized medicine; cancer precision medicine; personalized healthcare; personalized diagnosis; personalized cancer medicine; intelligent medicine; personalized biomarkers; genotype-based medicine; personalized therapeutics; genomic-driven medicine; personalized screening; individualized medicine; personalised medicine; personalized modeling; personalized nutrition; in silico medicine; personalized care; personalized risk assessment"
"481","41","disc degeneration; cervical disc degeneration; facet joint degeneration; intervertebral disc degeneration; intervertebral disc displacement; disc herniation; lumbar disc herniation; lumbar intervertebral disc; patellar cartilage; meniscus tear; lumbar intervertebral disc degeneration; disc collapse; disk herniation; knee cartilage injury; vertebral body tethering; lumbar intervertebral discs; rotator cuff injury; patellofemoral cartilage; intervertebral disc; bony impingement"
"482","38","receptors, antigen; receptors, complement; receptors, glucocorticoid; receptors, vasopressin; receptors, igg; receptors, antigen, t-cell, alpha-beta; receptors, virus; receptors, antigen, b-cell; receptors, androgen; receptors, ccr5; receptors, adrenergic, beta-3; phospholipases a2, secretory; receptors, adrenergic, beta-2; receptors, glycine; receptors, ccr7; receptors, cxcr4; gene rearrangement, t-lymphocyte; gene rearrangement, b-lymphocyte; receptors, cytoplasmic and nuclear; epitopes, b-lymphocyte"
"483","48","primary care providers; office-based providers; specialist providers; healthcare provider; health care providers; frontline care providers; cardiology healthcare providers; health care provider; general healthcare providers; community-based physicians; health providers; office-based physicians; safety-net providers; primary care clinician; family physicians; healthcare providers; safety net providers; primary care physicians; care providers; primary care provider"
"484","34","dna, ribosomal; dna, bacterial; rna, untranslated; rna, ribosomal; rna, neoplasm; dna, intergenic; rna, plant; dna, viral; rna, bacterial; rna, circular; rna, transfer; rna, viral; rna, small nucleolar; rna, messenger; dna, satellite; rna, ribosomal, 18s; rna, small cytoplasmic; dna, ancient; rna, long noncoding; dna, fungal"
"485","42","anonymization matrix; consent policy; consent effectiveness; consent template; consent model; consent implementation; consent registry; consent preference; approval; consent bias; consent management; consent process; consent communication; anonymization; identity verification; sanction certainty; patient data hiding; euthanasia; authentication and key agreement; anonymize"
"486","63","mortality outcome prediction; icu mortality prediction; patient trajectory prediction; delirium prediction; sepsis mortality prediction; sperm retrieval risk prediction; postoperative mortality prediction; readmission risk prediction; early mortality prediction; day readmission prediction; disease progression prediction; neonate mortality prediction; frailty prediction; mortality risk prediction; coma outcome prediction; hiv risk prediction; icu risk of death prediction; decompensation prediction; outcome early prediction; readmission prediction"
"487","50","odorants; sulfur compounds; reactive metabolites; organophosphorus compounds; natural hazards; ultraviolet radiation; welding fumes; explosions; organic contaminant; volatile organic compounds; gas poisoning; organophosphate poisoning; trace elements; spatial repellent; vapors; greenhouse gases; volatile organic compound; ultraviolet rays; textiles; hydrocarbons, aromatic"
"488","64","medical electronics records; healthcare records; paper medical records; hospital records; medical notes; medical checkup data; personal health records; individual medical records; health records; clinical records; hospital discharge records; medical documentation; longitudinal patient records; medical laboratory data; care records; medical data; medical health records; medical shift data; nursing records; electric medical records"
"489","27","missense variant analysis; exome sequencing; targeted panel sequencing; clinical panel sequencing; ngs testing; whole exome sequencing; wgs/wes analysis; mutation spectrum analysis; variant analysis; targeted sequencing; rare variant analysis; targeted variant analysis; targeted resequencing; mutation impact analysis; whole-exome sequencing; gene sequencing; hybridization capture panel sequencing; targeted gene panel; gene panel; transcript reassignment"
"490","39","hospital-acquired infections; hospital-associated infections; hospital acquired infections; hospital acquired infection; hospital-acquired infection; healthcare-associated infections; healthcare-acquired infections; healthcare-acquired infection; vascular catheter-associated infections; community-acquired infections; invasive bacterial infection; health care-associated infection; icu acquired infections; nosocomial infections; hospital-acquired urinary tract infection; healthcare acquired infections; serious bacterial infection; biofilm-associated infections; nosocomial infection; catheter-related infections"
"491","75","learning health care systems; learning health systems; learning health care system; learning healthcare systems; re-engineering in health services; smart health care; ubiquitous healthcare; citizen healthcare; pervasive healthcare systems; smart health care system; health care informatics; intelligent healthcare management; learning healthcare system; health systems reform; ubiquitous healthcare system; modelling health-care services; multi-domain sustainable healthcare; ai in health care; data-centric health-care; responsible innovation in health"
"492","35","intellectual and developmental disability; children with disabilities; intellectual and development disabilities; intellectual disability; persons with intellectual disabilities; persons with disabilities; people with disabilities; cognitive disabilities; motor disabilities; intellectual disabilities; developmental disability; learning disabilities; people living with disabilities; language impairments; users with disabilities; intellectual developmental disabilities; people with disability; persons with visual disabilities; specific language impairment; neurodevelopmental disability"
"493","68","lymphocyte activation; leukocyte differentiation; leukocyte recruitment; rbc transport; platelets activation; fiber transport; organ crosstalk; lymphocyte differentiation; tissue damage; extracellular traps; coagulation cascade; tissue degradation; gap closure; complement cascade; tissue response; polyp recognition; microaggression; platelet activation; tumour angiogenesis; microglial activation"
"494","52","road traffic; automotive safety; road safety; traffic safety; motor vehicles; traffic crash; pedestrian safety; road traffic safety; driving safety; traffic accident; driver sleepiness; automobile driving; traffic accidents; truck drivers; driver fatigue; driving attributes; motor vehicle collisions; vehicle accident; occupational safety; school safety"
"495","64","hierarchical representation learning; multi-modal learning; cross-dimensional transfer learning; multi-source transfer learning; multi-level representation learning; metric transfer learning; hierarchical graph representation learning; hierarchical metric learning; representational learning; multi-modality learning; similarity learning; hierarchical multiview learning; hierarchical learning; cross-modality learning; multi-graph representation learning; self-representation learning; task-incremental learning; attention-based representation learning; multi-view attribute learning; neighbor contrastive learning"
"496","71","coverage path planning; healthcare capacity planning; continuity planning; goal prioritization; capacity planning; network redesign; research prioritization; patient prioritization; de-implementation; outpatient capacity planning; resource allocation planning; individual development plans; streamline integration; hospital planning; patient prioritisation; data-driven policy making; action planning; collaborative action planning; action plan; job submission and monitoring"
"497","65","drug dosing; iron dosing; drug substitution; sedative dosing; subcutaneous infusion; medication dosing; levodopa infusion; drug titration; drug dosage calculations; daily intake; insulin administration; drug formulation; barcode medication administration; medication delivery system; medication administration; daily dosage; intravenous infusion; dosage forms; self-medication administration; repeated supra-therapeutic ingestion"
"498","67","capacity assessment; health status assessment; healthfulness assessment; delirium assessment; frailty assessment; readiness assessments; malnutrition assessment; severity assessment; competency assessment; physician competence assessment; stress resilience assessment; lifestyle assessment tool; geriatric assessment; frailty tools; mental health assessment; home-based assessment; nursing assessment; discharge assessment; motivational indicators; competency assessments"
"499","52","hpkm2; nrp1; psmc1; bag2; arhgef6; egr1 protein; hoxb7; dhis2; alppl2; splicing factor sfpq; znf32-as2; chchd2; brca1 protein; espl1; skap2 and s100a7a proteins; ythdf2; egln3; serpine2; nd6 protein; brca2 protein"
"500","45","health analytics; medical analytics; health data analysis; digital health analytics; healthcare analytics; health data analytics; health social media analytics; call data analytics; healthcare data analytics; health care analytics; population health data analytics; health data mining; critical care data analytics; health disparity analysis; network analytics; healthcare big data analytics; healthcare text analytics; semantic data analytics; web analytics; population health analytics"
"501","66","v-plda; kmt2d; lppc; gpt4; odebase; tam2; gls1; trpc-net; gpt-4; pfdxr; hr-pro; gpt-3.5; pgk1; gpt2; dhodh; sha-2; ri-clpm; e-pro; m-pro; tmpk"
"502","109","health management platform; ehealth policy; corporate health; digital health wallet; telemental health; remote health; health data hubs; telehealth solutions; health and research platforms; knowledge services; smart healthcare service; cloud health; ehealth services; e-health development; ehealth resources; mhealth service; porter systems; healthcare platforms; health institution; mobile health wallet"
"503","46","gene prediction; gene function prediction; eukaryotic gene prediction; orthology; functional ontology prediction; gene coannotation prediction; pseudogene annotation; gene conservation; gene annotation; orthologous clustering; divergent gene pairs; pipolin gene annotation; conserved gene groups; orthologous groups; hmm-based gene grouping; gene context conservation; gene clusters; gene order; genomic sequence-based prediction; gene pairs"
"504","40","spatio-temporal features; multi-granularity features; spatiotemporal features; temporal features; spatio-temporal feature; heterogeneous features; eye-related features; temporal dynamics; local patterns; deep spectrum features; non-linear features; spatiotemporal characteristics; multimodal expression patterns; sample-specific features; local features; spatio-temporal information; geometrical-features; locally shared features; multiple features; temporal pattern changes"
"505","100","smooth gradients; local gradient pattern; waterpipe; boundary feature; small shift; curved channel; spherical cavity; free form deformation; boundary information; position information; homogeneous texture; nonlocal elasticity; dense cues; protein embedding; inner-sphere; low complexity; point pattern distribution; cross channel; curve shape pattern; linear-gradient pattern"
"506","52","exercise training; physical training; aerobic exercise; progressive exercise; resistance training; physical conditioning; exercise programs; aerobic training; exercise program; progressive training; physical exercise; endurance training; high-intensity interval training; exercise coaching; resistance exercise; balance training; exercise prescription; physical exercises; physical endurance; muscle-strengthening exercise"
"507","89","phase mapping; phase map; coherent point drift; time domain; phase detection; dipole kernel; phase shift; pulse-taking depth; window shift; spectral matching; rest-activity patters; phase-wise; noise elimination; signal characteristic; local activation time; average activation sequence; gap times; pixel connectivity; intensity detection; phase space"
"508","29","electrohysterogram; electrogram; seismocardiogram; multi-channel electrohysterogram; electrograms; echocar- diograms; uterine electrohysterogram; photoplethsymogram; vectorcardiography; electrogastrogram; electronystagmogram; cardiotocogram; wavefronts; dynamic electrocardiogram; interictal signals; csf velocity waveform; f-wave characteristics; photople-thysmogram; electrogastrography; synthetic atrial electrograms"
"509","59","weight management; weight reduction program; smoking cessation program; brief weight management; lifestyle behavioral monitoring; weight loss program; self-management program; weight loss programs; low-carbohydrate counseling; lifestyle management; behaviour modification; home exercise program; weight reduction programs; weight loss intervention; weight-loss maintenance; fitness program; weight reduction; personalized lifestyle recommendation; behavioral maintenance; lifestyle recommendation"
"510","91","medical futures; geography, medical; medical model; chatbots in healthcare; ai in healthcare; dynamics of health care topics; dynamics of healthcare topics; practice management, medical; medical internet of things; ai in health; health care trainees; medical multimodal foundation models; aviation pilots; medical models; work in transformation; economics, hospital; chinese nurses; medical semiotics; health 2.0; mhealth, concussion"
"511","31","electronic health report; electronic clinical information; electronic health portal; digital clinical communication; multimedia patient information; electronic clinical documentation; electronic documentation; electronic patient communication; digital medical information; brain computer interface; electronic patient portal; electronic clinical decision support; electronic surveillance; electronic disease surveillance; brain computer interfaces; online medical information; electronic clinical safety reporting; electronic product information; electronic knowledge resources; online health resources"
"512","66","semantic transformation; semantic labeling; semantic fusion; semantic representation; semantic expansion; semantic relation; semantic features; semantic matching; semantic complexity; semantic uncertainty; semantic change; semantic space; semantic relations; linguistic pattern; semantic information; concept recognition; syntactic knowledge; semantic map; semantic encoding; semantic segmentation"
"513","70","smart home technologies; connected health technologies; smart home technology; remote patient care technologies; smartwatch technology; smart technologies; mhealth technology; ehealth technologies; dashboard technologies; wearable technology; mobile ehealth technology; home technology; smart systems; mhealth technologies; smart technology; health-enabling technologies; disruptive technologies; ambient listening technology; music technology; avatar technology"
"514","66","hip joint; foot and ankle; finger joint; hand joints; knee joint; shoulder joint; thumb function; lower leg; talon; cervical vertebra; achilles tendon; thoracolumbar; lower-limb; mandibular joint; vertebral column; flat foot; distal tibia; upper extremity; lower extremity; rotator cuff"
"515","28","aortic regurgitation; mitral regurgitation; valvular regurgitation; mitral valve regurgitation; tricuspid regurgitation; valve regurgitation; aortic valve disease; aortic valve stenosis; bicuspid aortic valve; secondary mitral regurgitation; mitral valve insufficiency; aortic annulus; mitral valve morphology; aortic root; aortic valve opening; mitral valve; valvular heart sound; mitral inflow; left ventricular outflow tract; supravalvular aortic stenosis"
"516","40","national health survey; national food consumption surveys; national health and nutritional examination survey; community health survey; cardiovascular health study; ethiopian demographic and health survey; bangladesh urban health survey; health care survey; national health and nutrition examination survey; demographic and health survey; digital health study; longitudinal population health data; health information national trends survey; brazilian national health survey; national health interview survey; medical expenditure panel survey; national monitoring survey; national electronic health records survey; demographic and health surveys; health interview surveys"
"517","87","prosthesis control; reconstruction plate; replacement augmentation; space filling design; decompression model; prosthetic control; prosthetic hands; retrieval augmentation generation; patient-specific reconstruction plate; dynamic clipping strategy; surgery augmentation; first-level digital divide; antithetic pid controller; multi-size guiding matching; decompression illness; mesh disease; expandable nail; repair operator; oncological implant; rib matching"
"518","90","pathway-based microarray analysis; differential co-expression analysis; gene co-expression analysis; differential binding analysis; integrative pathway analysis; differential network analysis; differential gene expression analysis; weighted gene coexpression network analysis; pathway enrichment analysis; weighted gene co-expression network analysis; differential ppin analysis; topology-based pathway analysis; differential expression analysis; regulatory gene analysis; enrichment analysis; differential analysis; functional and pathway enrichment analysis; differential coexpression analysis; comparative differential analysis; network-based metabolic pathway analysis"
"519","31","akr1c3; tnfaip3; irakm; ccrl2; vkorc1; cxcr6; ace2; ccr8; il2ra; cd146; mtra; chi3l1; cd93; ugt1a1; ifng response; sphk1; hprt1; nfkb; trem2 agonist; muc4"
"520","72","distension; arrhythmia; lactate; preload; wakefulness; contractility; gfr; anp; responses; fio2; binding; albumin; glycemic; artifacts; icg; volume; lfp; peep; stimulation; fmd"
"521","30","central lymph node metastasis; lymph nodes; non-sentinel lymph node metastases; regional lymph node metastasis; metastatic lymph nodes; tumor staging; pathological stage; axillary lymph nodes; tnm stage; lymph node; postoperative recurrence; tumor recurrence; pathological t-downstaging; extraprostatic extension; lymph node ratio; extranodal extension; bone resection; sentinel lymph nodes; pnc; disease recurrence"
"522","37","chile; europe; utah; mexico; european; massachusetts; government; china; ohio; iran; usa; eu; australian; pharmacy; uk; national; argentina; america; california; denmark"
"523","78","culturally infused social network (cisn); community-academic partnership (cap); community-engaged research (cenr); sexual, reproductive and mental health (srmh); children and young people (cyp); legal and social issues (elsi); online health information seeking (ohis); patient-family centered care (pfcc); health systems strengthening (hss); diversity, equity, and inclusion (dei); health information seeking behavior (hisb); residential aged care (rac); ethical, legal and societal implications (elsi); community engagement (ce); social media listening (sml); social environment (mesh); connected health (ch); science and technology studies (sts); practice-based research networks (pbrns); social network (sn)"
"524","27","thrombectomy; endovascular therapy; transcatheter delivery; coil embolization; mechanical thrombectomy; endovascular treatment; transcatheter arterial chemoembolization; percutaneous radiofrequency ablation; radiofrequency ablation; endovascular navigation; variceal embolization; extracorporeal shock wave lithotripsy; endovascular intervention; interventional bronchoscopy; shockwave lithotripsy; endoscopic intervention; percutaneous nephrolithotomy; fetoscopic laser coagulation; radioembolization; interventional planning"
"525","38","heat pain; pain sensation; acute pain; olfactory perception; pain sensitivity; repetitiveness; thermal pain; tactile sensation; facial pain; multilayer skin perception; visceral referred pain; referred pain; skin reaction; generalized pain recognition; pain perception; mechanical pain; acute prolonged pain; pain flares; loss of taste; dental pain"
"526","50","diversity regularization; cell-type composition estimation; diversity supplements; composition architecture; composition bias; diversity supplement; receptor abundance estimation; growth-stage companies; community structure search; intra- and inter-species ppis; locomotion mode recognition; out-of-distribution (ood) detection; microbial community dissimilarities kernel; growth-optimal proteome configurations; bacterial morphotypes recognition; biomass composition data; phage-host interactions prediction; morphological profiling; diversity estimation; gc content preservation"
"527","34","demographic characteristics; characteristics; practice characteristics; demographic features; recipient characteristics; population characteristics; clinical characteristics; demographic information; hospital characteristics; individual characteristics; patient characteristics; demographic subgroups; health characteristics; maternal characteristics; demographic data; residence characteristics; sex characteristics; smoker characteristics; personal characteristics; patient demographics"
"528","105","relational phrase clustering; semantic aggregation; semantic annotation; multi-granularity semantic dictionary; semantic clustering; programmatic synonym mapping; semantic embedding; semantic tags; semantic mapping; text-based relation representation; semantic spaces; knowledge graph embeddings; batch knowledge ensembling; triple semantic feature alignment; entities relation discovery; knowledge structure; semantic annotations; concept-based document representation; semantic harmonization; network-to-text transformation"
"529","47","clinical outcomes; treatment outcomes; sepsis outcomes; growth outcomes; patient outcomes; mooc outcomes; outcomes; clinical outcome; motor outcome; disease outcome; delivery outcomes; postoperative outcome; cognitive outcome; childbirth outcomes; intensive care unit outcome; stemi outcomes; neonatal outcomes; critical care outcomes; rehabilitation outcomes; stroke outcome"
"530","65","single cell multi-omics data; high-dimensional omics data; high dimensional omics data; single-cell omics data; multi-omics expression data; multi-omics data; single-cell multiple omics data; multi-modal omics data; single-cell multiomics data; single-cell multi-omic data; single-cell multi-omics data; time-series omics data; high-dimensional gene expression data; single and multi omics data; multi-omics datasets; multi-dimensional cancer genomic data; ultrahigh-dimensional omics data; single-cell transcriptomic data; multi-omics cancer data; multiomics data"
"531","31","excess adiposity; morbid obesity; childhood obesity; maternal obesity; metabolic healthy obesity; pediatric obesity; early childhood obesity; visceral fat; normal-weight obesity; infant obesity; adolescent overweight and obesity; hypertriglyceridemic waist phenotype; adiposity; abdominal adipose tissue; insulin resistance; glucose intolerance; prediabetes; visceral adipose tissue; child obesity; metabolic syndrome"
"532","64","pc-based display systems; software medical device; video teleconsultation system; tactile imaging system; 3d display technology; networked medical device systems; diagnostic devices; navigation systems; cad/cam technology; system navigation; augmented reality system; real-time systems; ultrasound machine; ensite precision system; digital twin systems; real-time locating system; digital delivery modality; imaging diagnostics; miniaturized ultrasound system; robotic solutions"
"533","51","graduate training; medical training; graduate nursing education; medical teaching; medical student; medical residency; clinical faculty; nursing education post graduate; health professions training; nursing student; nursing education graduate; medical graduate; pharmacy education graduate; undergraduate nurse; medical rotations; graduate education; undergraduates; trainee; registrars; research faculty"
"534","30","clinician satisfaction; learner satisfaction; service satisfaction; participant satisfaction; student satisfaction; physician satisfaction; provider satisfaction; client satisfaction; user satisfaction; consumer satisfaction; ehr related satisfaction; physicians’ satisfaction; end-user satisfaction; consumer dissatisfaction; communication quality; perceived service quality; parent satisfaction; decisional satisfaction; treatment satisfaction; physician quality"
"535","50","epithelial cells; endothelial cells; granulosa cells; pancreatic β-cells; mast cells; stromal cells; insulin-secreting cells; β-cells; muscle cells; chromaffin cells; trophoblasts; endothelial cell; corneal endothelial cells; smooth muscle cells; dopaminergic neurons; extracellular vesicles; hair cell; melanosomes; erythroid cells; outer hair cells"
"536","47","chest ct scan; pet/ct scan; pet/ct imaging; psma pet/ct imaging; thyroid imaging; chest computed tomography scan; spect/ct; bone scintigraphy; indeterminate lung nodule; magnetogastrography; dynamic pet imaging; chest mri; breast enhancement; pulmonary nodule; lung nodule; pet–ct; pulmonary nodules; whole-body scintigraphy; indeterminate pulmonary nodule; chest radiography"
"537","66","concerto; klenico; apollo; nelumbo; abaqus; cio; epio; lora; pesi; teleguidance; sica; comic; interrai; immuniza tion; audéo; crypto; autalasso; siilo; interologs; electra i"
"538","56","older adults; elderly adults; senior adults; middle-aged and older adults; aged adults; older black adults; homebound older adults; older ethnic adults; frail older people; community-living adults; young adults; frail older adults; older people; frail elders; middle aged adults; adolescents and young adults; youth and young adults; older persons; elderly people; working adults"
"539","47","fetal hypoxia; fetal movement; neonatal acidosis; fetal distress; fetal death; prenatal stimulation; neonatal hypoglycemia; fetal morphology; fetal acidemia; neonatal acidemia; intrauterine adhesion; perinatal asphyxia; neonatal acidaemia; fetal maturation; birth asphyxia; fetal acidosis; neonatal jaundice; fetal demise; fetal state; fetal weight estimation"
"540","122","msrf-net; csu-net; plvnet; wechat based; uu-net; rtls; vcfshiny; mambacpg; fbse-ewt; ai policy; pri-nl-pca; mdf-net; isbi challenges; ai act; hrc; haodf platform; cied innovation; ehds; ai scribe technology; mamalift plus"
"541","55","incidence rate; fatality rate; transmission rate; cooperation rate; infection rate; detection rate; mortality rate; utilization rate; compliance rate; death rates; conversion rate; adoption rates; sampling rate; dropout rate; attrition rate; response rate; vaccination rates; hazard rate; transition modeling; information transfer rate"
"542","25","african swine fever virus; orthopoxvirus; rift valley fever virus; west nile virus; cowpox virus; monkeypox virus; human metapneumovirus; west nile fever; hepacivirus; rubella virus; sindbis virus; nipah virus; poxviruses; herpes viruses; porcine respiratory and reproductive syndrome virus; foot-and-mouth disease virus; porcine epidemic diarrhea; hepatitis b virus; crimean-congo hemorrhagic fever; hepatitis c virus"
"543","53","chromosomes, plant; genes, cdc; genes, plant; enhancer elements, genetic; epigenesis, genetic; adaptation, physiological; adaptation, biological; transcription initiation, genetic; transcription, genetic; gene expression regulation, neoplastic; recombination, genetic; chromosomes, mammalian; genes, reporter; chromosomes, artificial, bacterial; transduction, genetic; sos response, genetics; genes, insect; cell transformation, viral; gene expression regulation, plant; evolution, molecular"
"544","47","endothelin converting enzyme; epidermal growth factor; vascular endothelial growth factor; granulocyte-colony stimulating factor; nerve growth factor; hepatocyte growth factor; endothelin-converting enzymes; luteinizing hormone; platelet-derived growth factor; human growth hormone; circulating growth factors; angiotensin-converting enzyme; angiotensin converting enzyme; growth hormone-releasing hormone; renin angiotensin system; angiotensin i-converting enzyme; tissue plasminogen activator; osteoprotegerin; thyroid-stimulating hormone; renin-angiotensin system"
"545","17","low-density lipoprotein; low-density lipoproteins; lipoproteins, ldl; ldl cholesterol; lipoprotein subclasses; low-density lipoprotein cholesterol; oxidized low-density lipoprotein; apolipoprotein c-ii; ldl-c; apolipoprotein a-ii; cholesterol, hdl; non-high-density lipoprotein cholesterol; blood cholesterol; cholesterol, ldl; apolipoproteins b; lipoproteins, vldl; lipoproteins"
"546","66","scdna-seq; mnase-seq; drna-seq; scatac-seq; merip-seq; snrna-seq; dna-seq; mars-seq; chip-seq; bulk rna-seq; smrna-seq; clip-seq; slam-seq; mirna-seq; clt-seq; srna-seq; cite-seq; deepvariant rna-seq; eclip-seq; mrna-seq"
"547","42","medical costs; medical care cost; drug costs; dental care costs; medical cost; health care costs; economic costs; health care cost; treatment cost; hospital costs; healthcare costs; out-of-pocket costs; patient costs; direct medical costs; healthcare cost; long-term care costs; medical expenditure; test costs; health care expenditures; health expenditures"
"548","31","treebag; tree structure; multi-scale neighbor topologies; tree-like structure reconstruction; tree partitioning; treeview; minimum spanning trees (mst); tree-like branch; snp-based phylogeny; substitution matrix; single-copy gene trees; mega analysis; phylip format; pairwise neighbour topology; local topology preservation; gene family trees; pairwise relationships; phylogenetic supertrees; graph-based mitochondrial genome; sub-sequences"
"549","49","similarity measure; similarity matrix; average consensus matrix; distance metric; similarity measures; jaccard matrix; entropy measure; distance metrics; local descriptor; signed distance map; euclidean structure; feature-barcode matrix; k-nearest neighbours; generalized cross-entropy; deformation ability-aware dissimilarity metric; orientation-free ring feature descriptor; string similarity metric; different similarity measures; k-mer jaccard distance; maximum similarity"
"550","30","germline development; gametogenesis; invariant cell lineage; architecture centric development; cell fate determination; insect mirna regulation in development; system development life cycle; gene expression regulation, developmental; early evolution of life; axon guidance pathway; structure learning and mushroom reproduction; body patterning; mouse embryo; trophectoderm; embryonic lethality; adult germline stem cells; flight muscles; morphogenic segmentation; gastrulation; plant immunity"
"551","59","emotional dysregulation; psychological resistance; depressive mood; anxiety sensitivity; guilt proneness; catastrophization; emotional eating; catastrophizing; threat appraisal; sleep restlessness; phobias; binge eating; shame proneness; obsessive compulsive; social anxiety; irritable mood; phobia; symptom appraisal; generalized anxiety; pain catastrophizing"
"552","57","human variation; human migration; human ear; human element; human uncertainty; human knee; human thorax; mouse movements; human action; human body; human; human embryo; adult immunization; human mobility; swine heart; humans; human clinicians; human factors; zebrafish larva; human trafficking"
"553","51","phenotype algorithm; disease phenotyping; phenotype classification; phenotyping algorithm; clinical phenotype modeling; disease characterization; phenotype comparison; phenotype prevalence; phenotype profiles; disease clustering; genotype and phenotype relationship; phenotype features; clinical phenotyping; disease subtype identification; phenotype transitions; phenotyping algorithms; temporal phenomic map; temporal phenotyping; phenotype clusters; genotype-phenotype correlations"
"554","47","community-engaged research; community engaged research; stakeholder-engaged research; equity in research; patient-engaged research; clinician-engaged research; community-partnered participatory research; transdisciplinary research; patient and community engaged research; inclusive research; participant-centered research; participatory design research; participatory health research; community-based participatory research; patient- and community-engaged research; networked research; participatory action research; community-informed research; transdisciplinary science; decentralized research"
"555","30","sexual violence; child physical abuse; domestic abuse; interpersonal violence; domestic violence; dating violence; domestic violence and abuse; sexual abuse; cyber dating abuse; family violence; family and domestic violence; childhood sexual abuse; physical abuse; intimate partner violence and abuse; sexual assault; intimate partner violence; childhood maltreatment; child abuse and neglect; cyber abuse; child maltreatment"
"556","63","discharge delay; direct discharge; patient delay; discharge order; waiting time; delayed discharge; discharge prediction; home stay; treatment delay; reintegration; waiting list; maximum care hospital; intensive outpatient; early supported discharge; hospital discharge; waiting lists; discharge planning; re-triage; medical prognosis; patient discharge"
"557","49","jmir publication analysis; supervised; writing; edge supervision; cell factory design; ai/ml data preparation; data translation; data representation; input data perseveration; work design; ai-generated scientific content; collaborative work; data preparation; creative co-design; body and edge supervision; co-design; co-construction; data preparation methodology; data segregation; clinician supervision of ai"
"558","157","employment; homeless; intentions; teachers; psychosocial; stigma; acceptance; openness; minorities; anxiety; relational; acculturation; couples; oncologists; vulnerability; clients; willing; exercises; parenting; neighborhood"
"559","44","oxygen support; ventilator weaning; respiratory support; mechanical circulatory support; respiratory assistance; pressure support ventilation; basic life support; intensive management; chestfeeding support; non-invasive ventilation; bag-mask ventilation; cardiopulmonary resuscitation; lung protective ventilation; continuous positive airway pressure; airway management; home mechanical ventilation; va ecmo; ventilation system; invasive mechanical ventilation; ventilator unloading"
"560","65","gene profiling data; snp data; microarray data; single-cell expression data; microarray gene expression data; dna methylation data; microarray expression data; genomic variant data; temporal gene expression data; methylation data; single cell rna sequencing data; gene expression data; snp genotype data; bulk rna-seq data; chromatin interaction data; expression data; multi-condition bulk rna-seq data; metagenome data; real scrna-seq data; long-read sequencing data"
"561","77","cost loss; cost efficiency; cost saving; cost control; demand analysis; benefit redemption; cost reduction; cost-consequence; cost sharing; screening-cost reduction; technology acceptance lifecycle; economic advantage; health care rationing; usage decisions; cost savings; telehealth cost; productivity gains; billing; price transparency; cost factors"
"562","23","white coat hypertension; high blood pressure; primary hypertension; secondary hypertension; diastolic hypertension; hypertension; arterial hypertension; masked hypertension; home blood pressure; diastolic blood pressure; patients with hypertension; long-term blood pressure; prehypertension; hypertension control; pregnancy-induced hypertension; high blood lipid; high blood sugar; self-monitoring of blood pressure; apparent treatment-resistant hypertension; early stage hypertension"
"563","56","chronic conditions; chronic illness; chronic medical conditions; chronic illnesses; chronic health conditions; mental health conditions; chronic condition; multiple chronic disease; chronic comorbidity; multiple chronic conditions; co-occurring disorders; severe mental health; mental conditions; complex medical condition; disease co-occurrence; medical conditions; common mental illness; psychiatric conditions; multiple morbidity; multiple comorbidities"
"564","75","pathomics; immunoinformatic; wireless health; precision nutrition; biomedical enhancement; computational diagnostics; stem-cell biotechnology; chronotherapeutics; multiomics; physiological medical signal; computational toxicology; stem cell optimization; vaccine engineering; drug informatics; computational diagnosis; radiogenomics; mrna therapeutics; computational health; biological microinjection; nanoswimmers"
"565","27","soft tissues; subcutaneous tissue; mandibular bony structures; soft tissue; phalanx; pelvic bones; finger phalanges; sternum; sphenoid bone; skull base; temporal bone; pterygium; eyelids; subfibular ossicle; vertebral bodies; plantar soft tissue; soft tissue and ligaments; cortical bone; supraorbital; posterior limb of internal capsule"
"566","46","beta oscillations; mu oscillations; stable eeg components; oscillatory activity; rest-activity rhythm amplitude; theta activity; eeg suppression; alpha oscillation; unstable eeg components; phase synchrony; low-frequency fluctuations; phase synchronization; high frequency oscillations; inter-muscular coherence; sleep spindle detection; γ amplitude; beta-band oscillations; alpha rhythm; cortico-muscular coherence; eeg arousals"
"567","69","elbow tracking; posture transitions; posture estimation; hip joint symmetry; body posture detection; posture correction; balance precision; lateral perturbations; upper-limb motion estimation; body posture analysis model; knee joint angle prediction; limb motion identification; biomechanical shell; motion sickness; anti-gravity straining maneuver; stance learning; arm orientation; online joint angle prediction; trunk compensation; orientation measurement"
"568","37","image-guided surgery; minimally invasive thoracic surgery; minimally invasive hand surgery; computer assisted surgery; robotic assisted surgery; minimal invasive surgery; minimally invasive abdominal surgery; virtual laparoscopic surgery; computer-guided surgery; minimally invasive surgery; robotic surgery; computer-assisted orthopedic surgery; robot-assisted surgery; robotic minimally invasive surgery; computer-assisted orthopaedic surgery; radio guided surgery; image guided surgery; 3d computer-guided surgery; transsphenoidal surgery; assisted surgery"
"569","53","translational research; clinical medicine; clinical translational research; clinical and translational research; clinical and translational research administration; clinical resources; translational science; clinical communications; clinical and translational science; clinical and translational research evaluation; clinical support; clinical-translational science; clinical translational science; clinical research support; clinical engineering; clinical research administration; cancer surveillance; clinical education; medtec; medical translation"
"570","40","invasive fungal disease; contagious disease; contagious diseases; viral disease; high-consequence infectious disease; pneumoconiosis; legionnaires' disease; invasive pneumococcal disease; aspergillosis; bacterial keratitis; dermatomycoses; aids-related opportunistic infections; blood-borne viral infections; fungal endophthalmitis; infectious keratitis; endophthalmitis; microbial etiology; congenital syphilis; tick bites, borreliosis; sexually transmitted disease"
"571","26","tumor clonal heterogeneity; clonal heterogeneity; tumor clonal evolution; mutational signature; clonal mutation; mutational heterogeneity; clonal evolution; mutational signatures; somatic hypermutation; clonality; mutation profiles; clonal expansion; tumor evolutionary pattern; somatic mutational signature; tumor mutational burden; mutational signature activity; heterogeneous gene gain/loss rates; deep mutation profiles; tumor subclone; tumor mutation burden"
"572","66","electronical health records; electronic health records; electronic healthcare records; electronic health/medical records; electronic health care records; electronic health and medical records; personal electronic health records; electronic oral health records; electronic personal health records; electronic pharmacy records; electronic medical records; electronic vaccination records; patient-accessible electronic health records; electronic patient records; standardized electronic health record; patient-accessible electronic health record; tethered personal health records; multimodal electronic health records; shared care records; electronic dental records"
"573","51","movement control; movement execution; hand movement; muscle coordination; motor execution; motor control; hand-eye coordination; postural control; eye-hand coordination; motor planning; spatial postural control; limb movement; movement planning; motor learning; body movement; postural coordination; voluntary movement; volitional control; balance control; phantom motor execution"
"574","43","microrna target; mirna target; ncrna; mirna mrna integration; mirna sponge; micrornas (mirna) target; ncrna family; mirna sponging; mirna fusion; microrna activation; mirna tss; microrna targets; mirna; lncrnas; lncrna methylation; noncoding rna regulatory; mirnas; functional mirna target; microrna 485; endogenous target mimic"
"575","51","medication management; risk factor management; drug management; blood glucose management; glucose management; diet management; physiologic disease management; home catheter management; glycemic management; medication therapy management; pill management; pain management; asthma management; disease management; polypharmacy management; symptom management; medication review; cardiovascular patient management; heart failure management; ambulatory disease management"
"576","64","serological test; virus testing; swab tests; clinical laboratory test; antibody test; tuberculin skin test; biochemical test; duplicate laboratory test; laboratory test results; smear test; urine drug testing; fecal immunochemical test; laboratory testing; laboratory test; clinical laboratory test results; ab testing; clinical laboratory tests; prick test; rapid antigen tests; drug-susceptibility testing"
"577","51","smart ring; smart card; smart speaker; oura smart ring; smart speakers; smart chair; smart alarm; smart medical bed; smart patch; smart glass; smart prosthesis; smart cards; smart helmet; smart home; smart t-shirt; smart diaper; smart spaces; smartloss; smart sensors; smart scales"
"578","41","health administrative data; administrative health data; health insurance data; administrative claims data; claims data; administrative hospital data; primary health care data; routine health care data; health and social administrative data; inpatient administrative health data; claim insurance data; cancer registry data; medical claims data; electronic claims data; secondary health care data; administrative data; insurance claims data; claim data; health department data; hospital data"
"579","90","in-person; self-rescheduling tool; in-consultation; in-clinic; patient-led; self-supervised amri; self-triage; remote triage; in-car experience; self-phenotyping; per-individual support; ward round; in-patient; one-person household; visit type; in-person care; patient-paid; mass vaccination centre; telephone nursing; next-visit prediction"
"580","86","cancer screening; melanoma screening; colorectal cancer screening; cervical cancer screening; individual health screening; population based cancer screening; lung cancer screening; mass screening; universal screening; bowel cancer screening; breast cancer screening; primary screening; breast screening; risk-based screening; cervical cytology screening; cervical screening; non-invasive screening; fast screening; ai-based screening; pre-laboratory screening"
"581","42","personalized prescribing; electronic prescribing; optimal testing prescription; electronic prescriptions; automated pharmacies; duplicate prescribing; self-titration; computer interpretable guidelines; active usage; electronic transmission of prescriptions; pediatric sedation; electronic prescription; indication-based prescribing; computer-aided prescription; optimal transport; sustained low-efficiency dialysis; computer-interpretable guidelines; nonclinician guidance; distributed execution of clinical guideline; pharmacy dispensing"
"582","65","nmf-tdnet; fg-bert; hhie-s questionnaire; llm steering; lhs; lf-slic; sfts; s-bert; dtw-nn; ai training; jp core; hd-semg; wqmc; dslr; msvr; g-mauq; cliq; ai transparency; gen-rwd sandbox; w-netr"
"583","69","keratoconus; amblyopia; corneal curvature; corneal vibration; ocular alignment; keratopathy; presbyopia; refractive errors; refractive error; corneal ectasia; ocular surface; anisometropia; sub-clinical keratoconus; ocular dynamics; corneal arcus; dry eye; anterior segment; anterior eye chamber; eye closure time; horizontal strabismus"
"584","24","middle age; young adulthood; older adulthood; late life; middle aged; young adult; old age; older adult; early life; early childhood; adulthood; middle-aged; older age; emerging adulthood; midlife; emerging adult; childhood disability; preschooler; middle aged and elderly; childbearing age"
"585","46","renal cell carcinoma; endometrial carcinoma; papillary renal cell carcinoma; papillary thyroid carcinoma; uterine corpus endometrial carcinoma; thyroid carcinoma; squamous cell carcinoma; oral squamous cell carcinoma; renal cell carcinomas; basal cell carcinoma; cutaneous squamous cell carcinoma; clear cell renal cell carcinoma; merkel cell carcinoma; kidney clear cell carcinoma; head and neck squamous cell carcinoma; basal-cell carcinoma; hepato- cellular carcinoma; invasive ductal carcinoma; gallbladder carcinoma; gastric carcinoma"
"586","59","icd code; icd-10 z codes; icd-10 codes; icd-9 coding; icd-9 codes; icd coding; icd codes; icd-10 coding; icd-10-cm codes; icd code classification; icd9 codes; medical code; drug codes; diagnostic code; icd-o3; medical codes; diagnosis codes; icd-9 coding classification; diagnostic codes; billing codes"
"587","37","genetic polymorphisms; ancestry informative marker; copy number polymorphisms; ancestry-informative marker; single methylation polymorphism; reference allele frequencies; ancestry informative markers; linkage disequilibrium; single nucleotide polymorphism; single-nucleotide polymorphisms; variant allele frequency; gene polymorphism; non-synonymous single nucleotide polymorphisms; single nucleotide polymorphisms; single-nucleotide polymorphism; ancestry-informative markers; allele frequencies; genetic markers; cytokine gene polymorphisms; short tandem repeat variation"
"588","61","healthcare policy; health it policy; health policies; health policy; health-care policy; health care policy; digital health policy; health data policy; food policy; national health policy; security policy; public health policy; nhs policy; health information technology policy; public health financing; health services planning; national policy; pharmaceutical policy; health care policies; innovation policy"
"589","47","bacteria detection; strain-aware; inoculation strategies; strain transmission; pathogen filtration; plasmid replicon typing; heat strain; culture conversion; lysogeny indicators; probiotic functionality; mmgbsa; toxin detection; bacteria segmentation; multilocus exploration; isolation; mc132 homologs; virulence factor detection; plasmid reconstruction; active strain; phenogrouping"
"590","54","corneal subbasal nerve plexus; ganglion cell complex; germinal matrix; ciliary patches; basilar membrane; hair follicle; myelin sheath; zona pellucid; dense deconvolutional layer; inner ear; lumbosacral plexus; ganglionated plexi; myelinated axon; deformable interendothelial slits; capillaries; nerve fibers, myelinated; syncytia; extracellular vesicle; dentinal tubules; septum pellucidum"
"591","45","digital mental health interventions; digital health interventions; digital sexual health interventions; smartphone-based digital health interventions; mobile health interventions; computer-based health interventions; digital lifestyle interventions; digital health intervention; digital mental health intervention; digital social interventions; mobile-based interventions; mobile health intervention; digital psychosocial intervention; telehealth interventions; digital behavioral health intervention; tailored internet interventions; ehealth interventions; digital behavioral interventions; digital public health interventions; technology-based psychological interventions"
"592","35","herbal ingredients; herbal medicines; herbal medicine; herbal formula; herbal prescription; medicinal treatment; herbal treatment; botanical drugs; aromatherapy; horticultural therapy; herbal material; psychedelics; herbal synergism; food herbs; phyto-therapies; homeopathic remedies; herbal therapies; synergistic medicine; medicinal cannabis; herbs"
"593","175","ihe; vae; gae; vret; sorf; lsic; ilo; soi; imu; manet; ottm; lifi; deepunet; evisit; dei; icer; halr; egam; eor; gadget"
"594","37","epigenetic profiling; transcriptomic profiling; transcriptome profiling; gene abundance profiling; chromatin profiling; dna methylation profiling; transcript expression profiling; genomic profiling; gene profiling; metagenomic profiling; methylome analysis; gene expression profiling; spatial molecular profiling; chromatin occupancy profiling; epigenomic analysis; ribosome profiling; comprehensive genomic profiling; sequencing error profiling; multi-omics profiling; bulk methylomics"
"595","59","health information; cancer health information; health information exchange; health information exchanges; health care communication; health care website; healthcare communication; health care information; patient health information exchanges; patient health information; health information standards; health information website; health care reports; health information communication; healthcare information; quality health information; health and risk communication; health website; health websites; health information tool"
"596","59","wearable devices; wearable sensor devices; wearable monitoring devices; wearable health care devices; wearable electronic devices; healthcare wearable devices; wearable healthcare devices; wearable fitness devices; wearable electronics; wearable monitoring device; wearable systems; wearable health devices; wearable medical devices; wearable wireless device; healthcare wearable device; wearable self-monitoring devices; handheld electronic devices; consumer wearable devices; consumer wearable technologies; wireless devices"
"597","52","antigens, neoplasm; chromosomes, bacterial; genes, viral; antigens, viral; genes, fungal; models, immunological; genes, bacterial; receptors, immunologic; genes, neoplasm; antibodies, viral; models, cardiovascular; models, neurological; models, dental; antibodies, neoplasm; receptors, hiv; receptors, kir; genes, helminth; toxins, biological; models, molecular; genes, microbial"
"598","58","dynamic brain network; functional connectivity network; high-order functional brain network; connectivity network; cortical network; network connectivity; multi-scale brain network; attention-based network; functional connectivity networks; directed brain network; brain connectivity networks; high-order functional connectivity; multi-level attention network; multi-level functional connectivity networks; functional brain networks; multi-functional connectivity; global channel attention network; dynamic functional network connectivity; functional connectivity; intra-network connectivity"
"599","52","diagnostic error; diagnostic delay; diagnosis; diagnostic errors; clinical diagnostic reasoning; diagnostic tool; diagnostic uncertainty; clinical entity identification; diagnostic contribution; diagnostic excellence; diagnosis accuracy; pulse diagnosis; diagnostic classification; pseudoprogression diagnosis; meningitis diagnosis; appendicitis diagnosis; esophageal diagnosis; pneumothorax diagnosis; wrist pulse diagnosis; tongue diagnosis"
"600","67","professional education; undergraduate health care education; medical education; primary health care education; midwifery education; health workforce education; competency education; workforce education; professional learning; health professions education; health profession education; resident education; undergraduate medical education; healthcare education; nursing education; interprofessional education; continuous medical education; competence-based education; health informatics education; academic curriculum"
"601","43","voice diseases; voice disorder; vestibular disorders; laryngeal pathologies; voice disorders; voice-affecting disorder; swallowing disorders; vocal fold disease; pathological voice disorder; feeding disorders; speech disorder; deglutition disorders; swallowing disorder; speech sound disorder; laryngeal movement disorders; ear diseases; speech disorders; vocal fold physiology; vestibular diagnostics; pulmonary diagnostics"
"602","34","heart-lung sounds; heart murmurs; murmur; heart murmur; systolic murmurs; auscultation; lung auscultation; diastolic murmurs; innocent murmur; murmurs; cardiac and respiratory sounds; auscultatory waveform; respiratory sounds; pulmonary sounds; lung sounds; cardiomegaly; cardiac auscultation; pediatric heart sounds; pathologic murmur; abnormal heart sounds"
"603","21","disease progression; chronic disease progression; ckd progression; disease deterioration; disease reduction; disease severity; longitudinal disease activity; analysis of disease progression; emphysema progression; rapid progression; disease activity; disease development; early neurological deterioration; clinical deterioration; progression of kidney function loss; glaucoma detection and progression; disease activity indices; diabetic retinopathy risk progression; diabetic retinopathy progression; trajectory of symptom change"
"604","33","potassium channels; calcium channels; potassium channel; sodium channel; stretch activated channels; chloride channels; ionic channels; stretch-activated channels; ion channels; transmembrane current; membrane channels; ion channel; ion channel signalling; calcium dynamics; ether-a-go-go potassium channels; calcium sparks; remodeling ionic currents; herg channel; epithelial sodium channels; small-conductance calcium-activated potassium channels"
"605","60","personal health information sharing; private record linkage; patient information; doctor-patient data sharing; distributed biobanks; personal health data; personal data; biobanks; ehr data linkage; health data integrity; patient access to records [mesh]; patient access to personal records; personal information; bio-repository; personal medical information; individual patient data; unique patient identification; patient-centric repository; personal health information; personal genetic information, research ethics"
"606","23","alzheimer's disease diagnosis; brain disorder diagnosis; ad diagnosis; alzheimer’s disease diagnosis; parkinson's disease (pd) diagnosis; dementia diagnosis; brain disease diagnosis; parkinson's disease diagnosis; dementia subtype diagnosis; subjective memory complaints (smc) diagnosis; depression diagnosis; autism spectrum disorder diagnosis; psychiatric diagnosis; aphasia diagnosis; alzheimer's disease (ad) diagnosis; alzheimer’s disease (ad) diagnosis; cerebellar ataxia diagnosis; multimodal ad diagnosis; adhd automatic diagnosis; insomnia diagnosis"
"607","58","auxiliary training system; medical appointment scheduling system; reminder system; training systems; nurse call system; track and trigger systems; appointment scheduling system; decision support-system; skill acquisition system; ai management system; closed-loop management system; coaching systems; online appointment scheduling system; telemedicine system; paper-based nursing documentation system; triage system; revision control system; telemedicine triage system; sms system; telemedical follow-up management system"
"608","43","human-centered design; stakeholder-centered design; decision-centered design; decision centered design; patient-centered design; user-centered design; participatory design approach; participatory design; user-centred design; participatory approach; user-centered intervention design; leadership approach; user-centered approach; practice-based approach; clinician-informed design; physician-centered design; motivational design principles; user centered design; educational game design; participatory design workshop"
"609","64","physiological assessment; physiological profile; bed-egress analysis; body analysis; maturity assessment; wound assessment; wound analysis; organ size; longitudinal phenotyping; fat acceptance; pliability; neuromuscular characterisation; capillary network analysis; biological age estimation; deep phenotyping; nutrient profiling; dynamic covid-19 risk assessment; imbalance correction; healthy spines whole-body vibration; sex determination analysis"
"610","44","metagenomic assembly; metagenomic sequencing; metagenome analysis; metagenomes; phage metagenomics; metagene analysis; microbiome assembly; metagenome assembly; metagenomic binning; metagenome binning; metagenomic reads; taxonomic profiling; shotgun metagenomics; metagenome coverage; metaproteomes; metagenome and metatranscriptome; metagenome assembly validation; s rrna profiling; metagenome-assembled genomes (mags); metagenomics"
"611","32","mirna microarray; gene amplification; housekeeping genes; rt-pcr; housekeeping gene; expression quantification; transcript concentration; qrt-pcr; target gene; per-cell transcript quantification; reference genes; digital pcr; nanostring ncounter expression; nucleic acid quantification; microrna microarray; relative expression; ribosomal dna; hsa-mir-19b-3p; messenger rna; endogenous controls"
"612","95","health justice; public safety; health protection; public health; health public; public health activity; health humanities; health surveillance; public health preparedness; public health index; public health emergency; emergency health; global health; health metrics; health; public health issue; health predictions; public health protection; health translation; health rights"
"613","49","patient-centered care; patient-focused care; person-centered care; integrated patient care; family-centered care; patient-centred care; patient centered care; patient centred care; person-centred care; culturally competent care; patient and family centered care; holistic care; interprofessional care; patient-centered healthcare; participatory health care; patient—centered care; value-based health care; personalised care; personalized health care; culturally congruent care"
"614","108","unary potential; overwork; smarter pregnancy; fake news; hate speech; dream challenge; racist; my hakeem; hard bed; overwhelm; overwork death; dream challenges; thingspeck; greedy pursuit; shiny app; back; easee; feelings; urge; calm air"
"615","65","mental health support; informational support; caregiver support; informal support; health support; professional support; breastfeeding support; peer support; chronic patient support; self management support; recovery support; peer-support; support groups; postnatal support; therapist support; peer-to-peer support; self-management support; online therapist support; psychosocial stimulation; social care support"
"616","37","cerebral arteriovenous malformation; brain arteriovenous malformation; cerebral aneurysms; cerebral arteriovenous malformations; brain aneurysm; solitary intracranial aneurysm; microaneurysms; cerebral aneurysm; intracranial aneurysms; intracranial aneurysm; renal arteriovenous malformation; intracranial hemorrhages; microaneurysm; aneurysm rupture; retinal vascular occlusions; arteriovenous fistula; brain avm; hematoma, subdural, intracranial; giant aneurysms; chronic subdural hematoma"
"617","45","coronary artery segmentation; coronary calcium detection; coronary-geometric refinement; coronary artery stenosis detection; coronary segmentation; coronary artery semantic labeling; coronary perfusion; heart location; perfusion defect percentage; lumen detection; plaque localization; myocardial motion; coronary modelling; myocardial perfusion; myocardial scar segmentation; ffr; cmr segmentation; coronary calcium volume; cardiac motion scoring; multiview cmr"
"618","112","htp; dnb; tda; dnc; vaf; blv; fma; ndf-rt; bct; tpb; fhr; crbsi; dipa; dnr; dhi; gba; dhis; nrt; tdinn; pdhlts"
"619","32","elective percutaneous coronary intervention; transcatheter aortic valve repair; coronary angioplasty; coronary artery stenting; percutaneous transluminal coronary angioplasty; coronary stenting; percutaneous mitral valve repair; transcatheter aortic valve replacement; mitral valve repair; carotid artery stenting; off-pump coronary artery bypass grafting; manual percutaneous coronary intervention; transcatheter aortic valve implantation; endovascular aortic aneurysm repair; coronary artery bypass grafting; coronary artery bypass graft; endovascular aortic repair; coronary artery reconstruction; coronary artery bypass; primary percutaneous coronary intervention"
"620","58","fibular transfer; defect reconstruction; bone surface reconstruction; mandibular reconstruction; bone defects; tissue reconstruction; breast reconstruction; bone defect; craniofacial reconstruction; mandibular osteotomy; breast augmentation; bone fracture healing; vascular reconstruction; segmental bone defect; bone graft; ossicular chain reconstruction; bone harvesting; bone fracture repair; bone healing; guided reconstruction"
"621","51","public health nursing; nursing innovation; nursing practice; health workforce; public health informatics; nursing informatics; health informatics; health profession; nursing science; social informatics; healthcare informatics; community nursing; pharmacy practice; nursing; perinatal nursing; dental informatics; pharmacy informatics; digital health informatics; workplace learning; healthcare workforce"
"622","42","nephrolithiasis; urolithiasis; gallstone; choledocholithiasis; kidney stones; renal obstruction; cholecystitis; cholecystolithiasis; ureteric stones; kidney stone; kidney calculi; calculi; urinary tract stones; recurrent hepatolithiasis; upper ureteral stones; gallstones; bowel necrosis; severe acute pancreatitis; acute peritonitis; abdominal hernia"
"623","55","computerized provider entry system (cpoe); patient data management system (pdms); patient accessible electronic health record (paehr); computer physician order entry (cpoe); quality management system (qms); electronic medical records (emr); computerized physician order entry (cpoe); computerized provider order entry (cpoe); electornic health records (ehrs); computerised provider order systems (mesh); learning management system (lms); computerised provider order entry (cpoe); electronic patients records (epr); clinical decision support system (cdss); electronic medical record (emr); clinical decision support (cdss); routine health information system (rhis); mobile patient monitoring systems (mpmss); patient-reported outcomes measurement information system (promis); electronic data capture (edc)"
"624","51","lysine post-translational modification; post-translational modification; posttranslational modification; lysine phosphorylation; posttranslational modifications; post-translation modification; serine phosphorylation; post-translational modifications; lysine crotonylation; n-linked glycosylation; s-palmitoylation; post-translational modification sites; multiple k-ptms; lysine lactylation; n-phosphorylation; protein phosphorylation site; n-terminal acetylation; kinase-specific phosphorylation; coexisting combinations of post-translational modifications; core fucosylation"
"625","72","kidneys; intestines; scalp; cornea; semen; lungs; feces; mucus; ileum; skin; sputum; transplants; epithelial; myoblasts; cardiomyocytes; organ; epidermis; pbmc; stroma; ascites"
"626","21","bap1; mcl-1; crnkl1; cyclin a; bcl2 like 1; jak1; bcl-2; smn1; brca1/2; proto-oncogene proteins c-bcl-2; structural maintenance of chromosome protein 1; rip1; mutl protein homolog 1; bcl-xl; p62/sqstm1; beta-site amyloid precursor protein cleaving enzyme-1; ataxin-3; bcr-abl; program cell death protein 1; wilms' tumour-1"
"627","105","esprit; uexplorer; eplacebo; wsiou; imia; getis-ord; elsa; corona-warn-app; covarep; omicron; dia-nn; deepseek ai; iparihs; teletriage; covid-gan; elmi app; dud-e; inertial senor; smote-enn; timor-leste"
"628","40","gender integration; gender inequity; gender equality; gender gap; gender equity; gender diversity; gender norms; gender incongruence; gender determination; gender bias; gender identity; gender disparity; cultural equity; racial biases; racial justice; gender pay gap; gender role; gender stereotype; cultural difference; racial differences"
"629","41","firing rate; cumulative spike trains; single fiber potential; spike sorting; gated recurrent units; unit response; spike-ins; channel activity detection; recurrent dense siamese decoder; action units; spike detection; fiber pathways; icc network entrainment; bidirectional gated recurrent unit; motor unit; action potential generation; calcium transient signals; spike- like projections; motor units; gated recurrent unit"
"630","34","clinical care settings; real-world setting; health care setting; clinical settings; healthcare settings; low-resource setting; ambulatory setting; non-surgical setting; practice setting; primary health care settings; clinical setting; low resource settings; community settings; ltc setting; hospital settings; home setting; nonhospital settings; resource-limited setting; limited resource setting; in-patient setting"
"631","51","disease-drug associations prediction; mirna-disease association identification; mirna–disease association prediction; microbe-disease association prediction; mirna-disease associations prediction; gene-disease association prediction; disease–gene association prediction; brain disease gene prediction; microrna–disease association prediction; mirna-disease association prediction; disease-related lncrnas prediction; lncrna-disease association prediction; lncrna–disease association prediction; disease-gene associations prediction; neural pathway mining; mirna–disease associations prediction; drug-side effect association prediction; circrna-disease association prediction; microbe-disease associations prediction; disorder prediction"
"632","52","obstetric care; child care; perinatal care; maternal care; reproductive care; maternal healthcare; neonatal care; infant care; newborn care; pediatric care; home healthcare; hiv care; breast cancer care; baby care; specialized care; palliative care; endometrial medical care; day care; pediatric healthcare; continence care"
"633","137","eric; elt; masld; bae; jpip; poesus; enutri; etsm; tiktok; faers; parachute; lifu; modalyser; edis; sisfall; evali; omop; honode; snn; shacl"
"634","50","host factors; socio-technical factors; influential factors; pathogenic factors; promoting factors; influence factors; individual factors; extrinsic risk factors; temporal factors; sociological factors; causal factors; risk and success factors; maternal factors; age factors; environmental factors; non-medical factors; economic factors; epidemiologic factors; institutional factors; influencing factor"
"635","74","catboost; siamese architecture; waspas method; weevils; frobenius norm; galaxyproject; ellipsis resolution; deepstrain; deeptracer; cobrapy; albatross plot; gastrovision; weaponized; balli-stocardiogram; dragonfly algorithm; wraparound artifact; lissajous curves; mapreduce; interrai cha; mycopd"
"636","49","dynamic neural network; bidirectional recurrent neural network; multi-stream neural network; feed forward neural network; feed-forward neural networks; feed-forward neural network; sequential neural network; shallow neural network; neural networks; multi-layer neural network; dual-paths neural networks; multi-layer neural networks; randomized neural network; pyramid convolution neural networks; multilayer artificial neural networks; graph-based deep neural networks; relational graph convolution network; radial basis neural network; randomized neural networks; multi-branch octave convolution neural network"
"637","74","reprocessing; supply chain; drug supply chain; service lifecycle; drug shortage; transport time; proper reconstitution rate; anti-contamination; epidemic logistics; procurement; clean plant program; food supply chain; overhydration; secondary reuse; turnaround time; automated dispensing cabinets; self-quarantine; hospital cold storage; inspections; deduplication"
"638","44","mendelian disease genes; disease genes; disease phenotype; disease variants; disease gene identification; disease gene cluster; disease risk genes; genetic syndrome; complex phenotypes; complex phenotype; hereditary syndromes; disorder genes; essential lethality genes; complex disease inheritance; mendelian disorders; orphan genes; disease-mutation relationship; combined haploinsufficiency; protein complex mutations; disease gene"
"639","30","genetic diseases; autoimmune diseases; autoimmune disorders; immune diseases; inflammatory diseases; genetic disorders; multifactorial diseases; genetic heart disease; complex diseases; genetic disease; microbiome-associated disease; hereditary disease; human diseases; multiple diseases; monogenic disease; metabolic diseases; mendelian diseases; complex disease; metabolic disease; mammalian diseases"
"640","23","uniform sampling; dual-sampling; active sampling; probabilistic sampling; multi-level sampling; non-uniform sampling; random sampling; stratified sampling; negative sampling; over-sampling; groupwise intelligent sampling; multistage modelling; hard negative sampling; sparse sampling; random waves; repeated sampling; residual sampling; irregular sampling; respondent-driven sampling (rds); random sample"
"641","70","gene loss detection; hypermutation detection; cnv detection; genomic island detection; gene-level mutation impact; copy number variation detection; mutation detection; gain-brca method; mutation calling; mutation incidence; somatic-germline discrimination; target detection; b cell receptor sequencing; mosaicing; genotype specificity; mutation landscape; genotyping; fetal chromosomal aneuploidy detection; allele detection; linkage accuracy"
"642","30","digital trials; digital therapy; digital paper; digital care; digital therapeutics; digital healthcare; digital medicine; digital ophthalmology; digital therapies; digital therapeutic; digital mhealth; digital pathology; digital treatment; digital assessment; digital communication; digital framework; digital excellence; digital dentistry; virtual medicine; digital surgery"
"643","57","host switching; host adaptations; anthropomorphism; complex contagion; habit formation; coadaptation; genetic exceptionalism; adaptive capacity; dispersed foraging strategy; patternrecognition; survivability; disease resistance; phenotypic switching; conservation and displacement analysis; anthropomorphization; conditional essentiality; swarming; idiosyncratic horizontal pleiotropy; resource competition; disperse foraging strategy"
"644","156","ili; bronchi; lca; hpc; multilayer; sigmoid; humerus; eagle; ribosome; neutrophil; codon; reb; alu; pms; pep; eosinophil; hop; rag; iot; temper"
"645","99","cardiorespiratory; repulsion; epidemics; intravascular; dietary; transplant; pulmonary; biodegradable; neonatal; respiratory; epidural; flavonoid; transdermal; hereditary; neonate; hydrophilic; replacement; nociceptive; osteogenesis; metabolic"
"646","34","genetic variation; genetic relatedness; local genetic correlation; genetic clustering; genetic diversity; genetic admixture; standing genetic variation; genomic variation; genetic drift; host and pathogen genetic variation; genomic diversity; genome variation; genetic introgression; phenotypic plasticity; genetic heterogeneity; trans-ethnic genetic similarity; genetic overlap; genotypic diversity; global genetic correlation; genetic variations"
"647","46","emergency care; emergency triage; emergency responders; emergency services; emergency department; emergency transport; emergency healthcare; emergency service; pediatric emergency; emergency professionals; emergency departments; medical emergency; emergency organization; neonatal emergency; emergency ambulance; critical care; emergency telemedicine; emergency response; emergency medicine; resuscitation activities"
"648","62","energy efficiency; heat transfer; energy density; waste reduction; microbial metabolism; energy harvesting; power loss; energy efficient; mass transfer; power consumption; energy substrates; improved artificial potential energy field; heat and moisture transfer; heat accumulation; deposition fraction; sulfur acids; nitrogen cycle; carbon emissions; denitrification; energy-efficiency"
"649","47","medication alerts; automatic alerts; telehealth alerts; medical alerts; false alerts; automated alerts; electronic alerts; e-alerts; patient specific alerts; ehr alerts; interruptive alerts; drug alerts; alerts; push alerts; structural alerts; critical alarms; drug-dose alerts; push notifications; best practice advisory alerts; best practice alerts"
"650","71","retention rate; fold-rate; volume doubling time; cell inhibition rate; template switching rate; mutation rate; detection speed; b-factor; cell density; half-life; instantaneous reproduction number; start time; residence time; enzyme turnover rate; uptake rate; low-sample-to-feature ratio; turning angle; total product life cycle; mean count value; relative residence time"
"651","51","triage errors; prescribing errors; practice patterns; prescribing error; ordering errors; medication errors; drug prescription errors; prescribing behavior; medication discrepancies; medication inaccuracy; physician variability; treatment patterns; prescribing patterns; medication error; clinical practice patterns; healthcare variation; prescription errors; prescription quality; guideline concordance; opioid supply chain"
"652","38","chronic myelogenous leukemia; myeloid malignancy; acute lymphoblastic leukemia; acute myeloid leukemia; myeloproliferative neoplasms; myelodysplastic neoplasms; b-cell leukemia; chronic lymphocytic leukemia; chronic lymphocytic leukaemia; hematologic neoplasms; acute lymphocytic leukaemia; myeloproliferative disorders; myeloproliferative disease; chronic myeloid leukemia; acute myeloid leukaemia; chronic myeloid leukaemia; acute promyelocytic leukaemia; hematological malignancies; acute leukemia; hematological malignancy"
"653","52","wbc classification; blood glucose level prediction; cell count accuracy; lactate level prediction; white blood cell detection; white blood cell prediction; white blood cell segmentation; white blood cells classification; laboratory test reduction; blood pressure estimation; lab test reduction; white blood cell classification; blood glucose tracking; peripheral blood cell images; test result management; mngs test; height and weight estimation; wbc segmentation; blood detection; lymphocyte detection"
"654","29","long-term outcome; short-term outcome; long-term outcomes; early outcome; long-term results; long-term seizure outcome; postoperative function; functional outcome; long-term trajectory; multiclass surgical outcomes; long-term survivors; long-term; functional score; survival outcome; return of individual results; unfavorable outcomes; long-term condition; functional recovery; return of results; long-term tracking"
"655","31","medical examination; physical exam; physical examination; medical exam; neurological examination; neurologic examination; cardiovascular system physical examination; neurologic exam; clinical examination; clinical examination reports; physical sign; medical investigations; cognitive examination; gastric x-ray examination; belamaf eye examination; urinoculture screening; physical examination data; digital medical history; anamnesis; psychiatric evaluation"
"656","53","periodic limb movement index (plmi); apnea-hypopnea index (ahi); apnea–hypopnea index (ahi); urea reduction ratio (urr); perfusion index (pi); bone age assessment (baa); pulmonary function test (pft); composite index for anthropometric failure (ciaf); hypotension prediction index (hpi); estimates of glomerular filtration rate (egfr); hepatic venous pressure gradient (hvpg); lung allocation score (las); body mass index (bmi); childhood asthma control test (c-act); serum creatinine (scr); standardized erythema value (sev); unified parkinson’s disease rating scale (updrs); mini-mental state exam (mmse); left ventricle ejection fraction (lvef); unified parkinson's disease rating scale (updrs)"
"657","67","virus-host interactions; virus–host interaction; host-microbe interaction; host-microbe interactions; host interactions; pathogen-host interactions; host–phage interaction; virus-virus interactions; host–virus interaction; cell–cell interaction; phage–host interaction; phage–host interactions; human–pathogen interactions; host-parasite interactions; host-pathogen interactions; cell-cell interaction; influenza virus–host interactions; human-ai interactions; human-ai interaction; phage-host interactions"
"658","54","physical health, ehealth; forums, digital health; video visit, outpatient care, disturbance, perceived limitation, telemedicine, telehealth, ethnography; rheumatoid arthritis, digital health, mobile health; health information exchange, adaptive, complex, construct, scoping review, ehealth; wearable device, digital health, mhealth; digital health, research protocol, real world data; online, internet, tracking, health behavior change, advanced activity trackers, wearables; digital health, mobile health, patient-generated health data; health literacy, bioethics; big data, health informatics; ehealth literacy, enablement; machine learning, chronic heart failure, risk of occurrence; ehealth literacy, health communication; digital ageism, geriatrics; machine learning, racial sentiment; asthma, self-management, telehealth, mobile application, social media; netnography, qualitative research; health, digital media; depression, employees, occupational therapy, internet, prevention"
"659","46","blood cell count; blood count; leukocyte count; complete blood count analysis; cell count; blood counts; blood test results; complete blood count; laboratory results; white blood cells; hematologic tests; peripheral blood smear; peripheral blood smear analysis; bone marrow examination; urinalysis; bone marrow smear; blood test samples; cbc analysis; clinical chemistry tests; blood test"
"660","51","cdk9 inhibitor; trk inhibitor; hdac1 inhibitors; parp14 inhibitors; parp1 inhibitors; kinase inhibitors; hdac6 inhibitor; hdac inhibitors; pdgfrb inhibitor; selective pi3kγ inhibitor; hdac6 inhibitors; ddr1 inhibitors; pi3kα inhibitor; kdm1a/lsd1 inhibitors; usp5 inhibitors; gamma-secretase inhibitor; kinase inhibition; tyrosine kinase inhibitor; topoisomerase i inhibitors; jak3 inhibitors"
"661","80","isthmuses; convnext; scribe; parallel corpora; cereblon; nidus; imus; parastomal hernia; cuspid; anus; heart atria; juxtapleural nodule; pediculus; thoracolumbar fascia; convnext blocks; turbomachinery; atrial morphing; complex undulating sheet; curved artery; carina"
"662","49","protein‒protein interactions (ppi); protein–protein interaction (ppi); protein cysteine modifications (pcms); rna binding protein (rbp); t-cell engager (tce); protein-protein interaction (ppi); t-cell receptor (tcr); protein–protein interactions (ppis); transcriptional enhanced associate domain (tead); receptor-like kinases (rlk); nucleotide binding site-leucine rich repeat (nbs-lrr); protein-protein interactions (ppis); estrogen receptors (ers); protein–peptide interactions (ppepis); transcription factors (tfs); human nuclear receptors (nrs); s-nitrosylation (sno); long noncoding rna (lncrna); microrna (mirna); double-stranded dna binding protein (dsb)"
"663","64","health crisis management; organizational change management; business strategy; policy making; governance mechanism; business planning; organisational policy; policy framework; governance strategies; trust management; identity management; service reform; business process; policy decision making; strategic management; organizational innovation; conflict management; policy maker; community governance; crisis management"
"664","47","blood vessels; blood vessel; cerebrovascular structures; hepatic vasculature; capillary network; cerebral vessels; microvasculature; large blood vessels; coronary circulation; cerebral veins; vascular network; vessel network; hepatic vessel; vessel collapse; retinal vascular tree; cerebral microvasculature; cerebrovascular circulation; microvascular network; lung vessels; micro-circulation"
"665","38","professional knowledge; professional skills; professional development; professional competence; professional health care knowledge; professional roles; professional role; professional work practices; professional orientation; learned professions; physician experience; physician's role; medical professional; health care roles; nurse's role; entrepreneurial training; academic skills; health knowledge; nurse’s role; technological proficiency"
"666","73","dynamic attention mechanism; multi-level attention mechanism; dual-path channel attention; multi-level attention; cross-phase attention; temporal attention; representation-level attention mechanism; attention switching; relation-level attention; attentional control; spatial and channel interactive attention; dynamic attention mechanisms; deep learning attention mechanism; selective attention; multi-layer attention mechanism; two-sided attention mechanism; visual attention; feature category-level attention; self-attention mechanism; relation-aware attention"
"667","117","homeostatic surface; perturbation efficiency; growth modulation; local rigid; mechanomyogram; lunge performance; human ventricle; salivary ferning; activity transition; physiological linkage; concept creep; local escaping operator; breathing guides; propagation characteristic; in situ strain; human augmentation; system uptake; immunogenic cocktail; gated mechanism; function determinants"
"668","26","centers for medicare and medicaid services; centers for medicare & medicaid services; us national institute of mental health; national institutes of health; united states department of veterans affairs; us public health surveillance; center for medicare & medicaid services; national library of medicine; centers for disease control and prevention; national institutes of health research; national institute for health and care excellence; united states department of defense; united states food and drug administration; center for disease control and prevention; american heart association; us national library of medicine; journal of american medical association; american sexual health association; centers of excellence; national sleep research resource"
"669","42","hazardous drugs; new psychoactive substances; novel psychoactive substances; counterfeit drugs; multi-component drugs; convulsants; psychoactive agents; complex drug patterns; psychoactive product; generic drugs; drug similarity and investigational compounds; multiple drugs; unregulated substances; novel psychoactive substance; broad-spectrum drugs; drug mode-of-action; cancer-type-specific drugs; weak-binding drug; antimetabolites; drug class"
"670","46","medical insurance; healthcare insurance; health insurance; health insurance payment; dental insurance; universal health insurance; insurance coverage; health insurance claims; long-term care insurance; insurance claims; private indemnity health insurance; health claim; national health insurance; statutory health insurance; health claims; prepaid health plans; health insurance provider; medicaid reimbursement; health insurance marketplace; medicaid program"
"671","43","patient attitude; patient uncertainty; patient preferences; physician preferences; patient willingness; patient competence; patient acceptance; patient understanding; patient choices; resident preferences; patient preference; patient autonomy; patient concern; patient perspective; patient perspectives; patient-expectations; patient centered; patient interaction; patient support; patient perceptions"
"672","89","frequency-perception; time-delay; domain-adaptation; remote-facilitation; task-coupling; age-friendly; time-delayed; distance-independence; view-adaptive; dual-phase-lag; task-aware; view-sensitive attributes; burst-suppression; axial-attention; condition-specificity; time-dependent interpretability; grad-cam explainability; macro-texture; ego-motion; phase-synchrony"
"673","33","encounter notes; templated notes; shared notes; free text notes; free-text notes; nursing notes; clinical vignettes; vignettes; unstructured clinical notes; paper diaries; documentations; unstructured clinical narrative; free-text chief complaints; narrative information; free-text reports; narrative nursing notes; uncoded consultation notes; unstructured clinical documents; vignette; video vignettes"
"674","29","central sleep apnea; positional sleep apnea; sleep apnea syndrome; sleep apnea; sleep apnea hypopnea syndrome; sleep apnea–hypopnea syndrome; obstructive sleep apnea syndrome; sleep apnea syndromes; sleep apnea and hypopnea; obstructive sleep apnoea; sleep disordered breathing; primary snoring; obstructive sleep apnea; obstructive apnea; sleep-disordered breathing; comorbid insomnia and sleep apnea; central apnea; obtrusive sleep apnea; osas; infant sleep apnea"
"675","83","admission preferences; admission avoidance; hospital admission prediction; hospitalization-; admission control; admittance control; in-hospital fall; patient admission scheduling; daily discharge prediction; length of stay modeling; catheter status recognition; emergency department visit prediction; length of stay prediction; ultrasound appointment strategy; outpatient prediction; mortality/morbidity diagnosis; admission prediction; hospital tool; bed-exit alert; in-icu modality"
"676","44","idr conformation map; local structure; amino acid proximity network; amino acid embeddings; ime1 motif; local structure orientation; conserved binding topologies; positively invariant region; small linear motif; rmsd prediction; protein-atp binding residues prediction; structured dmsp templates; phi psi angle prediction; protein-nucleotide binding residues prediction; sequence intrinsic composition; structural features; nucleic acid-binding residue identification; contact map; contact/distance map; dfg motif"
"677","112","distribution-based model; utility function model; dropout-aware modeling; multi-proportion channel ensemble model; multi-dimensional hybrid model; hybrid models; disease-specific model; decomposed storage model; vector space model; transmission model; hmm model; drfm model; spatial-temporal model; dual-rate model; multilingual pre-trained language model; interaction dynamics modeling; outbreak prediction model; sequential models; no-strand-bias model; hybrid monitoring model"
"678","29","skin temperature; core temperature; body core temperature; body temperature; wrist skin temperature; core body temperature; body surface temperature; basal body temperature; basal temperature; wrist temperature; wet-bulb globe temperature; body temperature regulation; ambient temperature; human skin temperature; skin conductance; oral temperature; heat pain threshold; epithelial surface temperature; sinusoidal heat flux; hair cortisol concentration"
"679","89","disease experience; disease recognition; disease exacerbation; remission time; symptom flare up; post-infection syndrome; acute exacerbation; acute disease; disease progression patterns; spatial trasncriptomics; disease incidence; post-viral fatigue; omicron reinfection; disease classes; asymptomatic patient; medically-dependent features; symptoms onset; flares; active patients; disease specific"
"680","31","sleep disorder; sleep disturbance; sleep fragmentation; sleep wake disorders; sleep loss; sleep impairment; sleep disorders; sleep efficiency; sleep quality; sleep breathing disorders; sleep initiation and maintenance disorders; sleep stages; sleep duration; sleep architecture; sleep stage; sleep-onset difficulties; sleep related breathing disorders; sleep phenotypes; sleep analysis; breathing disorder"
"681","54","breast cancer detection; colorectal cancer detection; prostate cancer detection; early breast cancer detection; colon cancer detection; early colorectal cancer detection; skin cancer detection; early cancer detection; pancreatic cancer detection; breast tumor detection; cervical cancer detection; early disease detection; early-stage detection; nodule detection; early illness detection; breast mass detection; early tumor detection; cancer detection; cervical lesion detection; universal lesion detection"
"682","49","mutations; frameshift mutation; protein mutation; gene mutation; missense mutation; point mutation; mutation; pathogenicity mutation; gene mutations; tnc mutations; disease mutations; missense pathogenicity; amino acid insertion mutations; diverse mutation; gene mutation prediction; non-coding mutation; passenger mutation; de novo mutation; mutation hotspot; dominant mutation"
"683","124","dual-space perturbation; dual-path fusion; cross-modal; multi-level loss; dynamic link prediction; one-hot encoding; field-aware patterns; multi-mode distribution; multi-stream-powered; multiclassifier; degradation-aware model; low-shot learning; multiclassifiers; multi-view cluster- ing; dual-correlate optimization; dynamic convolution; multi-stage generator; long-branch attraction; few-shot prediction; full-duplex security"
"684","61","periodic movements; heartbeat; cyclic movements; rotational activity; simultaneous and continuous movement; rhythmic wall motion; periodic variation; active contraction; time irregularity; stereotyped movement; motor fluctuations; peristaltic motion; fetal heartbeat; cyclic alternate pattern; transitive closure; irregular timing; motor activity; peristalsis; cyclic alternating pattern; heartbeat rhythm"
"685","64","ppp2ca; kpna2; gjb2; gpx3; ythdf1; klf6; lin28a; ccnb1; ulbp6; anxa3; prkca; usp7; adam12; efnb1; tgfbr2; usp21; akap3; c17orf53; prmt5; prkcq"
"686","31","dietary records; dietary reporting; health care exam; physical activity data; dietary intake monitoring; 24-hour hour dietary recalls; customized dietary recording; health checkup; health checkup questionnaire; dietary intake assessment; health check; dietary assessment; health questions; 24-hour dietary recalls; food report; medical check-up; food logging; health examination; 24-hour dietary recall; daily diaries"
"687","85","health ai; health cloud; health assets; health accounts; healthtech; healthcare ecosystem; medical health; health care task; health confidence; health standard; mental health diagnostics; health emergency; health ict; mental health app; health demand; health care complexes; digital health hub; health games; health care avoidance; consumer health vocabulary"
"688","54","donor demultiplexing; genome polishing; read reordering; barcode indexing; pooled sample demultiplexing; suffix array construction; sequencing quality control; batch alignment; sequencing performance; assembly validation; genotype phasing; quality assignment; peak picking; metadata quality control; read-based phasing; read-through; phasing; peak error correction alignment; haplotype phasing; genome recovery"
"689","55","medical decision-making; physician decision-making; medical decision making; clinical-decision making; diagnostic decision-making; clinical decision making; risk decision making; patient decision making; timely decision-making; reimbursement decision-making; nurse decision-making; health decision-making; treatment decision making; clinical decision- making; clinical decision-making; prehospital decision-making; health care decision-making; vaccine decision-making; operational decision-making; health decision making"
"690","70","medical collaboration; collaboration support system; innovation-corps; service center; bert clinical research; biomedical research workforce; biomedical research equity; isupport program; translational science teams; research personnel; research collaboration network; consultation service; medical laboratory science; recruitment innovation center; telesemiology; facility; power grids; translational team; hospital collaboration; oncology service"
"691","68","spatial variability; spatial structure; spatial relations; spatial characteristics; spatial pattern; spatial heterogeneity; spatial organisation; spatio-temporal variability; spatial-temporal characteristics; spatial network; temporal-spatial distribution; spatiotemporal variability; temporal clustering; spatial dependency; geographic mapping; spatial distribution; spatial location; location specificity; spatial interactions; common spatial pattern"
"692","35","enteroscopy; capsule endoscopy; gastrointestinal endoscopy; colon capsule endoscopy; esophagoscopy; single balloon enteroscopy; endososcopy; gastroscopy; esophagogastroduodenoscopy; laryngeal endoscopy; cystoscopy; hysteroscopy; videocapsule endoscopy; video capsule endoscopy; videolaryngoscopy; otoscopy; nasal endoscopy; ureteroscopy; small bowel capsule endoscopy; urography"
"693","68","collective reflection; personal model; researcher-subject relations; interreality; lived expertise; contextual embedding; rapport; shared mindset; positive reflection; contextual awareness; interactivity; contextual integrity; negotiation; contextualization; affirmative care; decision making (shared); acceptance process; enactment; accomplishment; agency metaphor"
"694","35","audiometry; speech reception threshold test; hearing test; speech audiometry; perimetric threshold test; automatic audiometry; auditory testing; auditory threshold; automated audiometry; stereophotogrammetry; visual field testing; perimetry test; audiogram; threshold perimetry; computerized audiometer; pupillometry; oculomotor test; pure-tone audiometry; speech articulation tests; vision tests"
"695","81","phage viral proteins; transmembrane proteins; intrinsically disordered proteins; bacterial proteins; protein domains; membrane proteins; repressor proteins; protein-protein interaction sites; peripheral membrane proteins; atp binding proteins; protein structural elements; capsid proteins; bacteriophage proteins; protein structural motif; three-dimensional structural proteins; helix-turn-helix motifs; basic helix-loop-helix proteins; protein subunits; protein–membrane regions; viral envelope proteins"
"696","69","bowel disease; gastrointestinal disease; rheumatic disease; rheumatic diseases; joint diseases; intestinal diseases; thyroid diseases; pancreatic disease; kidney diseases; gastrointestinal diseases; inflammatory bowel diseases; thyroid disease; bone diseases; crohn’s disease; renal disease; pulmonary diseases; pulmonary disease; esophageal disease; joint disease; pancreatic diseases"
"697","54","dynamic blood pressure; pulse pressure; systolic pressure; central arterial pressure; cuffless blood pressure; central blood pressure; blood pressure; systolic blood pressure; continuous blood pressure; capillary blood pressure; mean arterial pressure; central aortic pressure; central pressure; central aortic blood pressure; blood pressure variability; cuffless continuous blood pressure; force derived arterial pressure; central arterial blood pressure; arterial pressure; cuff-less blood pressure"
"698","82","parental technoference; selformer; andragogy; teleheath; artificial intelligence chatbots; medmnist; medqa; teletrauma; uhealth; aapi; telesurgery; mis-c; stress detecion; whymedqa; cyberchondria; health comminucation; infosphere; research voluntarism; ampwrap; hospital cyberattack"
"699","35","tumor cells; tumor budding; metastatic tumors; circulating tumor cells; tumor evolution; neoplastic stem cells; tumor mass; malignant transformation; tumour budding; tumor progression; cancerous tumors; peri-tumor tissue; neural infiltration; neoplastic cells, circulating; rare cell types; mitotic count; tumor cells, cultured; premalignant lesions; tall cell variants; invasion front"
"700","51","patient care outcomes; health-related outcomes; healthcare outcomes; performance outcomes; patient-centered outcomes; psychological outcomes; opioid-related outcomes; mental health outcomes; patient-report outcomes; health care outcomes; population health outcomes; patient-reported outcomes; health care outcome; care outcomes; clinical health outcomes; patient-reported outcome; observer-reported outcomes; chronic disease outcomes; neurodevelopmental outcomes; cardiovascular outcomes"
"701","39","behavioral symptoms of dementia; behavioral and psychological symptoms of dementia; delirium superimposed on dementia; parkinson disease-related motor symptoms; persons living with dementia; parkinson’s disease-related motor symptoms; people living with dementia; parkinson's disease-related motor symptoms; early stages of psychosis; neuropsychiatric symptoms; patients with dementia; hyperkinetic movement disorders; older adults with dementia; post-stroke dementia; psychomotor behaviors of delirium; transition to psychosis; eeg-based diagnosis of unipolar depression; telediagnosis of parkinson’s disease; alzheimer's disease diagnosis and management; quality of life in patients with epilepsy"
"702","36","human-automation interaction; human–automation interaction; human–computer interaction; human-smartphone interaction; human-computer interaction; human-computer interactions; human-robot interaction; user-device interaction; human-robot interactions; human automation interaction; human computer interaction; human-technology interaction; human machine interaction; human technology interaction; human-machine interaction; human–system interaction; body–computer interactions; doctor-patient-computer interaction; human–avatar interaction; face-to-face interaction"
"703","43","neonatal clonic seizure; focal epilepsy; epileptic seizures; hypermotor seizures; pediatric epilepsy; nonconvulsive epileptic seizures; photosensitive epilepsy; refractory epilepsy; epileptic seizure; posttraumatic epilepsy; tonic clonic seizures; generalized tonic-clonic seizure; mesial temporal epilepsy; drug-resistant epilepsy; temporal lobe epilepsy; epileptic seizure recognition; epilepsy and seizure; seizure semiology; mri-negative focal epilepsy; status epilepticus"
"704","66","therapeutic peptides; antiviral peptides; delivery peptides; cell-penetrating peptides; anti-cancer peptide; bioactive peptides; anti-cancer peptides; anti-microbial peptides; therapeutic peptide; bioactive peptide; cyclic peptide; antiviral peptide; cyclic peptides; collagen mimetic peptides; tumor-homing peptides; small peptides; biologically active peptides; tb-active peptides; small peptide; tumor homing peptide"
"705","43","lung transplantation; liver transplantation; kidney transplantation; renal transplantation; organ transplantation; pancreas transplantation; heart transplantation; renal transplant; lung transplant; cardiac transplantation; solid organ transplantation; kidney transplant; pediatric organ transplantation; liver transplant; bone marrow transplant; living donor kidney transplantation; hematopoietic cell transplantation; bone marrow transplantation; organ transplant; organ transplant recipients"
"706","52","rna 3d structure; protein tertiary structure; rna structure; protein complex structure; protein secondary and tertiary structure; rna secondary structure; lncrna secondary structure; tertiary structure; 3d-structure; peptide secondary structure; molecular architecture; d protein structures; 3d structure; beta-sheet structure; d protein structure; secondary structure; domain architecture; alphafold ted domains; alphafold2-multimer; 3d genome structures"
"707","65","gene–phenotype associations; drug-gene interaction; drug–gene interaction; gene–trait relationship; drug–gene association; gene-phenotype associations; disease–gene association; drug-gene interactions; gene–disease association; drug–disease associations; gene–drug association; genotype-phenotype associations; gene-gene interactions; drug-disease associations; gene-disease association; gene-gene interaction; phenotype-genotype associations; multigene-environment interaction; gene–drug interactions; drug–disease association"
"708","68","quinone reductases; oxidoreductases; thioredoxins; type iia topoisomerases; myosins; globins; ribosomal proteins; acetyltransferases; nif proteins; cohesins; spliceosomes; dynamins; hemeproteins; photosystem ii protein complex; pyruvate dehydrogenase complex; endonucleases; photosystem i protein complex; opsins; nitrogen cycling proteins; myofilaments"
"709","31","therapeutic insulin; insulin treatment; automated insulin treatment; basal insulin titration; insulin therapy; glycemic control; insulin pump; basal-bolus insulin therapy; basal insulin dose adjustment; metformin monotherapy; subcutaneous insulin; glycaemic control; hemoglobin a1c, glycosylated; insulin-plus-pramlintide strategies; insulin aspart; hb a1c; hba1c reduction; glycated hemoglobin a1c; hemoglobin a1c; glycated hemoglobin hba1c"
"710","58","artificial intelligence in health care; information technology in healthcare; blockchain technology in health care; machine learning in healthcare; artificial intelligence in healthcare; machine learning in health care; information systems in healthcare; process automation in health care; big data platform in health care; digital transformation in healthcare; deep learning in healthcare; autonomous robotics in healthcare; information technology in health; digital transformations in health care; sustainability in digital health; machine learning in health; mobile applications in health; digital service solutions in health; smartphone applications in health; cloud computing in healthcare"
"711","53","kinase; endocytosis; proteolysis; nucleosome; mtor; lysosome; trafficking; glycolysis; gpcr; ppis; phagocytes; kinetochores; chemokine; chemotaxis; ptm; histone; deacetylation; sumoylation; organelles; methyltransferases"
"712","14","pathology department, hospital; obstetrics and gynecology department, hospital; surgery department, hospital; radiology department, hospital; anesthesia department, hospital; emergency service, hospital; emergency services, hospital; nuclear medicine department, hospital; medical records department, hospital; pharmacy service, hospital; nursing service, hospital; university hospital; hospitals, university; virgen del rocío university hospital"
"713","63","fundus imaging; fundus images; eye fundus images; fundus screening; ocular fundus images; ocular fundus imaging; retinal fundus image; confocal corneal microscopy images; corneal confocal microscopy images; corneal imaging; retinal fundus images; fundus image; vw eye images; retinal image; octa; sd-oct images; ophthalmic image; retinal images; optic disc localization; oct b-scans"
"714","117","trachea; esophagus; attraction; midbrain; colon; cochlea; chondrocytes; uterus; olfactory; penetration; babies; cilia; ears; bowel; jejunum; bladder; capillary; vessel; subcellular; brainstem"
"715","51","drug terminology; nursing classifications; clinical free text; clinical narratives; nursing terminology; clinical documents; clinical terms; clinical free-text notes; biomedical documents; clinical free-text; nursing classification; narrative clinical report; medical terminology; chinese clinical texts; biomedical classifications; clinical reports; text classification; korean clinical notes; biomedical classification; medical text"
"716","65","protein–protein binding; protein-nucleic acid binding; dna-protein binding; mhc class ii-peptide binding; mirna-mrna binding; protein–dna binding; tcr–antigen binding; rna-protein affinity; protein–nucleic acids binding; tcr–peptide binding; mhc-peptide binding; rna-binding; tcr-epitope binding; antibody antigen interaction; antigen binding; mirna binding; protein translocation; promoter recognition; nucleic acid-binding; co-activator binding"
"717","38","fairness assessment scale; world health organization-five well-being index scale; self-rating depression scale; quality of recovery scale; mobile app rating scale; mobile apps rating scale; numerical rating scale; game addiction scale; discomfort rating scale; covid-19 ordinal scale; mobile application rating scale; satisfaction with life scale; warwick-edinburgh mental well-being scale; everyday cognition scale; self-report scale; app behavior change scale; overall anxiety severity and impairment scale; ehealth literacy scale; montgomery-åsberg depression rating scale; modified ashworth scale"
"718","26","real-world; real-world mobility; real-world uptake; real-world evidence; real-world implementation; real world evidence; real-world classification; real-world microscopy; real-world data; real-world falls; real-world application; real-world intervention; real-world dataset; real-world effectiveness; real-world experience; real-life deployment; real-world data exploration; real world research; real-world clinical evidence; real diabetes data"
"719","44","balloon placement; device placement; directional ablation; epicardial ablation; cardioversion; catheter guiding; port placement; catheter ablation; catheter placement; lithotripsy; guided ablation; defibrillatory shock; electrical defibrillation; low-energy defibrillation; virtual stent deployment; defibrillation; tavr procedure; percutaneous needle insertion; defibrillator-like shock; radiofrequency catheter ablation"
"720","68","skepticism; health misinformation; medical misinformation; stereotype; popular legitimacy; public sentiment; offline reputation; online reputation; health portraits; political communication; misinformation; subtle medical misinformation; public sentiments; medical jargon; antivaccine misinformation; fraudulent responses; technology abandonment; prejudice; belief in rumors; cancer misinformation"
"721","72","affective adaptation; emotional evolution; emotional dynamic; emotional dynamics; mood recognition; attention bias; affective decoding; fear recognition; emotion detection; attention model; emotion prediction; cognitive throughput; mood-tracking; incentive mechanisms; emotional analysis; emotional model; co-attention mechanism; happiness analysis; attention models; cognitive demand"
"722","53","topological network; network topology; similarity networks; heterogeneous graph network; static ppi networks; similarity network; protein network topology; dynamic networks; relational similarity network; weighted ppi networks; dynamic functional network; graph topology; mixed physical and regulatory networks; weighted protein–protein interaction networks; metabolite similarity network; disease similarity network; complex networks; 3d dense connectivity network; topology subgraph; network centrality"
"723","32","genetic aortopathies; muscular dystrophies; diabetic nephropathies; familiar cardiopathies; myopathies; bone dysplasias; neurogenetic disorders; rare genetic diseases; titinopathies; spondylarthropathies; lipid-storage diseases; rare neurological diseases; primary immunodeficiency disorders; idiopathic inflammatory myopathies; gba-2 related diseases; rare skin diseases; auto-immune disorders; skin pigmentation disorders; diabetic neuropathies; cardiomyopathies"
"724","27","tumor microenvironment; tumor tissue microenvironment; cancer microenvironment; tumor immune microenvironment; tumor immune environment; tumour microenvironment; tumor micro-environment; brain immune microenvironment; immune microenvironment; cell microenvironment; tumour micro-environment; tumor-immune microenvironment; tumoral immune micro-environment; immune tumor microenvironment; cancer tumor microenvironment; cellular microenvironment; tumor subenvironment; immunosuppressive microenvironment; stem-cell niche; stem cell niche"
"725","75","public health administration; health administration; health services administration; veterans healthcare administration; health care administration; health departments; veterans health administration; public health service; reproductive health service; federal government; cdc; national health service; health information management/organization & administration; veterans health; blood banks; pharmaceutical research; health service; pharmaceutical industry; tobacco industry; public health department"
"726","59","academic placement; career development; career progression; academic training; career choice; careers; research career development; academic career; career advancement; academic entrepreneurship; academic promotions; mentee career development; career planning; career pathways; mentor recognition; career success; career orientation; mentored career development; professional programs; biomedical workforce"
"727","30","camp receptor protein (crp); κ-opioid receptor (oprk1); fatty acid-binding protein 5 (fabp5); metalloproteinase 9 (mmp9); transporter associated with antigen processing (tap); farnesoid x receptor (fxr); polo like kinase 1 (plk1); methylenetetrahydrofolate reductase (mthfr); signal transducer and activator of transcription 3 (stat3); p-glycoprotein (p-gp); epidermal growth factor receptor (egfr); integrin subunit alpha m (itgam); sympathetic nervous system (sns); haemoglobin subunit beta (hbb); clic6 (chloride intracellular channel 6); fabp7(fatty acid binding protein 7); prodynorphin (pdyn); glutamate dehydrogenase (gdh); serine/threonine-protein kinase (pim-1); interleukin-6 (il-6)"
"728","42","health behaviors; preventative health behaviors; risk behaviors; health-risk behavior; preventive health behaviors; risk behavior; health risk behaviors; risky health behavior; health-related behaviors; health-related behavior; multiple health behaviors; protective behaviors; health-promoting behavior; risk reduction behavior; multiple health risk behaviors; health self-management behaviors; health behavior; health risk behavior; lifestyle risk behaviors; oral health behaviors"
"729","55","arterial blood pressure (abp); blood pressure variability (bpv); respiration pattern variability (rpv); radial artery pulse pressure waveform (ppwr); heart rate recovery (hrr); mean arterial pressure (map); pulse-to-pulse interval (ppi); hemodynamic response (hr); r-r intervals (rri); blood pressure (bp); respiration rate (rr); heart rate (hr); cerebral blood flow velocity (cbfv); electro dermal activity (eda); interbeat interval (ibi); galvanic skin response (gsr); cuffless blood pressure (bp); inter-pulse interval (ipi); continuous blood pressure (bp); cyclic variation of the heart rate index (cvhri)"
"730","55","socio-technical system; socio-technical systems; social innovation; life-course; technological ecosystems; life course; network and systems medicine; multi-scale context; development trends; global context modeling; multiscale; emerging economies; citizen centric; ecological network; resilient system; multiscale and multidimensional modelling; pathologization; human lifestyle; multi-perspective; naturalistic"
"731","44","assistive robots; wearable exoskeletons; physically-assistive robots; robotic exoskeletons; smart insoles; assistive robotics; socially assistive humanoid robots; lower-limb assistive robots; home-care robotics; socially-assistive robots; socially assistive robots; natural neuroprostheses; prosthetic control systems; lower-limb exoskeletons; humanoid robots; pressure insoles; avatar robots; bionic footwear; hip exoskeleton; speech-based systems"
"732","61","sleep apnea–hypopnea syndrome (sahs); sleep apnea/hypopnea syndrome (sahs); periodic limb movement disorder (plmd); sleep apnea-hypopnea syndrome (sahs); fibromyalgia syndrome (fms); acute bacterial rhinosinusitis (abrs); cancer therapy-related cardiac dysfunction (ctrcd); cardiac sarcoidosis (cs); sleep-disordered breathing (sdb); cardiac autonomic neuropathy (can); velopharyngeal dysfunction (vpd); post-traumatic epilepsy (pte); psoriatic arthritis (psa); coal workers' pneumoconiosis (cwp); sleep apnea (sa); exertional heat stroke (ehs); drug-induced immune thrombocytopenia (ditp); rapid eye movement sleep behavior disorder (rbd); hiv-associated nonaids (hana); psychogenic nonepileptic seizure (pnes)"
"733","41","infant feeding; complementary feeding; infant and young child feeding; formula feeding; exclusive breastfeeding; healthy feeding; nutrition support; circumcision; breast feeding; male circumcision; breastfeeding; exclusive breast milk feeding; nutritional support; infant formula; family planning; bottle feeding; poor nutrition; meal preparation; multiple urination; infant feeding practices"
"734","23","osteoporotic fractures; vertebral fracture; osteoporotic vertebral fractures; osteoporotic vertebral fracture; fragility fracture; vertebral compression fractures; bone fracture; hip fracture; bone density; low bmd; bone mass density; hip fractures; low bone mass; low bone mineral density; bone mineral density; bone loss; geriatric hip fracture; vertebral fracture analysis; femur neck; trabecular bone"
"735","56","indel calling; variant calling; snp calling; small-variant calling; low-frequency variant calling; pan-genome variant calling; production-quality variant calling; multiregion sequencing; cnv calling; transcript-aware variant annotation; haplotype calling; haplotype assembly; indel filtering; minor variant calling; snp identification; variant filtering; structural variant calling; genome quality assessment; multiregional sequencing; recombination filtering"
"736","20","lower respiratory tract infection; respiratory tract infections; respiratory tract infection; respiratory infections; upper respiratory tract infection; respiratory infection; acute respiratory infections; upper respiratory tract infections; lower respiratory infections; acute respiratory tract infection; pulmonary infections; respiratory illness; urinary tract infection; respiratory syncytial virus infections; lung infections; urinary tract infections; respiratory tract; pharyngitis; skin infections; pathogens of pneumonia"
"737","37","medical devices; pediatric medical device; medical device; connected medical devices; home medical devices; implantable devices; networked medical devices; connected medical device; ai medical devices; pediatric medical devices; implantable medical devices; home medical device; connected health devices; cardiovascular implant devices; ai medical device; portable devices; medical implants; ai/ml-enabled medical device; neural implants; central venous access devices"
"738","18","hand radiograph; skeletal radiograph; lateral cephalogram; orthopantomogram; lateral cephalograms; intraoral scan; panoramic radiograph processing; intraoral scanning; panoramic radiography; pelvic radiograph; digital mammogram; digital tomosynthesis; digital breast tomosynthesis; panoramic radiographic; craniofacial scans; radiologic impression; cephalometric; 2d bi-planar radiographs"
"739","111","red cross; cross-branch attention; black hole; shadow module; ghost convolution; blackbox; black market; dark biomarker; backsplicing junctions; green pass; boundary aware; scar assumption; darknet; dynamic anchor mask; point pattern; greenhabit; ball b-spline; black box problem; grid tagging; edge aiot"
"740","42","protein binding site; cofactor binding site; metal-binding site; rna binding site; metal ion-binding site; colchicine binding site; fad binding site; rna-small molecule binding sites; substrate binding sites; protein-binding pocket; binding site; lipid-binding sites; protein-protein interaction site; allosteric site; strand-oriented binding sites; atpase site; s-sulfenylation sites; nucleic acid binding sites; rna-binding residues; acetyl-lysine binding pocket"
"741","46","facial biotypes; facial morphology; facial landmarks; human skeleton features; hybrid facial feature; anatomical features; anatomical characteristics; facial image; baby facial shape; lip features; facial biometric data; facial features; anthropomorphic cues; tongue features; craniofacial relationship; facial symmetry; facial identification; human trunk and limb features; wing shape; shape variability"
"742","17","people with hiv; persons living with hiv; people living with hiv; young people living with hiv; persons who inject drugs; people living with hiv and aids; sti/hiv; people who inject drugs; hiv-aids; young gay and bisexual men; adult hiv-positive; hiv/aids; hiv/hcv; hiv-negative men who have sex with men; plwh; men who have sex with men; young men who have sex with men"
"743","29","evidence; evidence based; evidence generation; evidence assessment; evidence appraisal; strength; evidence map; evidence communication; clinical record; evidence dissemination; evidence mechanism; recommendation type classification; evidence based practice; evidence description; practice evidence; question types classification; decision level fusion; evidence base; severity level; skill level"
"744","76","integration strategy; health informatics implementation; digital health implementation; service delivery framework; ehr implementation; curriculum transfer strategy; implementation enhancement plan; policy tools; policy mapping; promotion strategy; incremental expansion framework; governance framework; incremental innovation; benefits evaluation framework; innovation process; implementation strategy; implementation framework; implementation success; strategy implementation; governance frameworks"
"745","31","university students; college students; vocational school students; vocational students; health care college students; high school students; female students; nursing students; medical students; chinese college students; pharmacy students; vocational education students; female college students; undergraduate students; college student; adolescents and students; undergraduate medical students; alcohol college students; psychology students; elementary school students"
"746","43","career development awards; medical scientist training program; clinical translation science awards; research training program; clinical and translational science awards; research development programs; ctsa program; clinical and translational science award program; academic product development; physician scientist training program; academic industry collaboration; k awards; all of us research program; clinical research nursing education and professional development program; nih training program; research facilities; government programs; research and development; early-career investigator; core facility"
"747","28","dialysis initiation; time of onset; symptom onset time; levodopa response; convalescence; time-to-event; treatment response; early treatment response; subsequent event; treatment initiation; hemodialysis (hd) adequacy; time to treatment; identification of a relapse; time of death; weight regain; 30-day; treatment completion; door-to-needle time; post-covid/long-covid symptom recovery; time after death"
"748","37","behavioural risk factors; individual risk factors; risk factors; medical risk factors; high-risk factors; lifestyle risk factors; fall risk factors; cardiovascular disease risk factors; social risk factors; lifestyle factors; heart disease risk factors; cancer risk factors; falls risk factors; work-related risk factors; metabolic risk factors; traumatic injury risk factors; psychosocial risk factors; risk factor; independent risk factors; risk and protective factors"
"749","26","patients safety; patients scheduling; patients narratives; patients adherence; patients subgroups; patients data; patients management; patients’ flow; patients; patients care paths; sample importance; cohort creation; patients experience; patient population; patient to trials matching; sample imbalance; subjects׳ variability; cohort query; patients and relatives outreach; procedure"
"750","35","translational research centers; clinical research centers; public health centers; clinical research center; academic research centers; public health center; health center; academic health center; academic health centers; trauma centers; medical centers; national cancer institute cancer centers; federally qualified health centers; healthcare center; johns hopkins children's medical and surgical center; federally qualified health center; academic medical center; poison control centers; children’s hospital; tissue banks"
"751","89","similarity filter; similarity searching; hierarchical level set evolution; local fragment representation; distance representation; temporal rule mining; pssm matrix; dependency structure; topological sorting; sequential pattern mining; similarity selection; self-similarity structure; enriched node embeddings; pattern mining; graph partition; two-hop similarity; label co-occurrence learning; similar-inhibition dictionary selection; semantic relationship mining; frequent subgraph mining"
"752","6","caspase 8; caspase 9; caspase 3; caspase 12; caspase 10; cathepsin b"
"753","48","prognosis prediction; prognostic prediction; prognostic assessment; prognostic risk prediction; prognostic tool; prognostic outcome prediction; prognostic score; prognostic index; prognostic value; prognosis markers; prognostic risk assessment; cancer marker prediction; prognostic marker; therapeutic response prediction; risk profiling; patient risk stratification; cancer survival prediction; cancer recurrence prediction; risk predictions; risk prediction"
"754","88","readiness for health technology; adoption and implementation; organisational change and information technology; implementation of health information technology; collaborative work practices and information technology; skills for health technology; diffusion and adoption; user acceptance of information technology; adoption of technology; diffusion of innovations; organizational change and information technology; automation in technology evaluation; quality of decisions; flexibility of service selection; accessibility and inclusion in stem education; user acceptance and resistance; adoption of innovation; testing and evaluation of health information technology; diffusion of innovation; solutions to health misinformation"
"755","68","self-care technologies; self-help devices; self-management app; mobile reminders; home care technology; adherence apps; telenursing interventions; behaviour change technologies; home monitoring app; self-care application; eldercare technology; technology-assisted coaching; digital self-management support tool; smartphone-supported home tests; app-based therapy; tele-exercise; medication adherence app; fitness technologies; medication adherence technology; messaging therapy"
"756","73","phenotype standardization; phenotype normalization; haplotype matching; mapping maintenance; biological variation preservation; mapping evolution; signature matching; clonal deconvolution; variant filtration; allele frequency calibration; genetic variations visualization; structural variants resolution; k-merald; biological region prompt; phenotype terminology; identity mapping; hetero- geneous graph; mutation multiplicity; markers selection; neo-splicing graphs"
"757","43","drug delivery; protein delivery; peptide delivery; intranasal drug delivery; nano-drug delivery; offline drug delivery; pulmonary drug delivery; respiratory drug delivery; transdermal drug delivery; targeted drug delivery; gene delivery; targeted gene delivery; particle delivery; cargo drug delivery; viral gene delivery; dual-hormone delivery; bi-directional aerosol delivery; ocular drug delivery; drug delivery systems; sirna delivery"
"758","23","butterflies; spiders; amphibians; honeybee; nematoda; invertebrates; arthropods; wasps; coleoptera; marine sponges; mediterranean fruit fly; fruit fly; apis mellifera; drosophila pupa; planarians; aquatic algae; aquatic organisms; hemiptera; drosophila melanogaster; cartilaginous fish"
"759","29","drug side effects; side effects; treatment side effects; drug-related side effects; adverse drug effects; adverse effects; drug side effect; adverse drug effect; side effect; adverse effect; treatment-related side effects; psychotropic adverse effects; drug-side effect; adverse reactions; side-effects; polypharmacy side effects; medication side effects; contraceptive side effects; side effect relationship; adverse reaction"
"760","72","feature conversion; textmessaging; graph sampler; sweep vector encoding; synthetic tabular data evaluation; text representation; graph completion; code book; tabular transformer; graph transformer; module perspective; cascading style sheets; text query; graph evaluation; data scrambling; multiple camera fall dataset; graph streams; data segmentation; text matching; module choice"
"761","28","mouse model; human model; rhesus macaque model; preclinical models; animal disease models; animal models; animal model; ob/ob mouse model; in silico modelling; in silico models; zebrafish model; sciatic mouse model; nonhuman primate experiment; surrogate models; preclinical investigations; preclinical therapeutic studies; behavioral studies; preclinical rheumatoid arthritis; cross-species study; healthy individuals"
"762","50","donor registration; health registry; health workforce registry; biomedical registry; vaccine registry; patient health record; health data sharing; information sources; cancer registration; healthcare record accessibility; biobank resources; dta database; tastepd database; health information sources; resource accessibility; electronic health record standards; child immunization record; electronic health data sharing; healthcare data sharing; vaccine registration websites"
"763","65","mathematical biology; system biology; systems biology; structural systems biology; quantum biology; spatial biology; cell and structural biology; cellular biology; comparative biology; quantitative biology; cancer systems biology; network biology; evolutionary biology; biomolecular engineering; medical systems biology; systems engineering; biomedical engineering; single-cell biology; biology network; basic science"
"764","91","journal; science; epidemiology; medicine; cam; resnet; research; psychiatry; gynecology; med tech; chronobiology; scimat; reputations; pharmaceutical; spine; cellular; oncology; microbiology; space research; jama"
"765","31","natural compounds; bioactive compounds; natural active substances; alkaloid compounds; terpenoids; phytochemical compounds; phenolics; african antidiabetic plant terpenoids; phytochemicals; natural products; anticancer natural products; triterpenoids; phytoconstituents; anthraquinones; marine compounds; african natural products; antimicrobial compounds; natural molecules; natural bioactive compounds; marine natural products"
"766","80","ovarian cancer; lung cancer; uterine cancer; endometrial cancer; colon cancer; prostate cancer; gastric cancer; breast cancer; gastrointestinal cancer; pancreatic cancer; liver cancer; kidney cancer; oral tongue cancer; colorectal cancer; bladder cancer; thyroid cancer; esophageal cancer; gynecological cancer; renal cancer; breast carcinoma"
"767","70","joint fusion; spinal fusion; bone fracture fixation; bone fixation; bone fusion; intramedullary nailing; fixation stability; high tibial osteotomy; retrograde nailing; deformity correction; lumbosacral fusion; high-level fusion; wedged locked nail fixation; pedicle screw; percutaneous cannulated screw fixation; cementless fixation; external fixator; fixation plate; vertebrae fusion; hip implant"
"768","96","smart body area network (smartban); mobile health (m-health); digital health intervention (dhi); health information system (his); personal health information management (phim); medical internet of things (miot); smart healthcare system (shs); personalized mobile patient education system (pmpes); body channel communications (bcc); wireless information transfer (wit); health information systems (his); smartphone application (app); health information management (mesh); human–computer interaction (hci); digital mental health intervention (dmhi); fast healthcare interoperability resources (fhir); artificial intelligence of medical things (aiomt); digital health interventions text analytics (dhita); real-time triage optimisation framework (rtof); human computer interaction (hci)"
"769","92","public hospital; pediatric hospitals; acute hospital; surgical services; call centres; public health facilities; acute care hospital; hospitals, teaching; community hospital; service centre; public hospitals; municipal hospitals; local hospitals; public primary health facilities; dental service; healthcare control centre; health units; mobile health units; cardiology hospital service; healthcare facilities"
"770","60","infectious outbreaks; virus airborne transmission; disease outbreaks; influenza epidemics; disease spread; viral pandemic; mother to child transmission; transmission clusters; nosocomial transmission; pandemics; infectious disease outbreaks; mother-to-child transmission; onward transmission; household transmission; epidemic control; asymptomatic transmission; secondary transmission; disease dynamics; measles outbreaks; mass epidemic infections"
"771","80","drug prescription; drug usage; drug prescriptions; opioid prescription; medication prescriptions; opioid prescriptions; opioid prescribing; medication prescription; prescription medication; controlled substance prescribing; opioid usage; self-medication; drug prescribing; prescription drugs; polypharmacy; medication routes; prescription drug overuse; use pattern; e-medication; discontinuance usage"
"772","50","electrooculogram (eog); electrooculography (eog); movement-related cortical potential (mrcp); movement related cortical potential (mrcp); electro- encephalogram (eeg); electro-encephalogram (eeg); intracranial eeg (ieeg); electroencephalogram (eeg); electroencephalogram(eeg); electroencephalograph (eeg); electromyography (semg); steady state visual evoked potential (ssvep); auditory event-related potential (aerp); electroencephalographic (eeg); steady-state motion auditory evoked potential (ssmaep); intracranial electroencephalogram (ieeg); electroencephalography(eeg); electroencephalography (eeg); steady-state visual evoked potential (ssvep); code-modulated visual evoked potential (c-vep)"
"773","43","user perspective; ehr user experience; user experience; user preferences; end user satisfaction; user reviews; consumer experience; user behaviours; app user perspective; user behaviour; user survey; end-user experience; user perspectives; user behavior; user preference; users perspective; user-experience; consumer perspectives; user rating; elderly user requirements"
"774","35","human mesenchymal stem cells (hmsc); hybrid nanoparticles (ag-au/blood); magnetic nanoparticles (mnps); bacille calmette guerin (bcg); high-level disinfection (hld); photothermal therapy (ppt); red blood cells (rbcs); irreversible electroporation (ire); poly(l-histidine); electro-conductive biolpolymers (ecbps); human induced pluripotent stemcells(hipsc); glucocorticoids (gc); circulating tumor cell (ctc); orally disintegrating tablets (odts); low-density lipoproteins (ldls); induced pluripotent stem cells (ipscs); thyroid hormone (th); indirect immunofluorescence (iif); flufenamic acid (flu); epoxyeicosatrienoic acids (eets)"
"775","38","dynamic treatment strategies; dynamic treatment strategy; personalized treatment strategies; balancing strategies; mci management strategies; vaccination strategies; network-based strategies; risk minimization measures; adaptive interventions; customized therapeutic strategies; personalized rehabilitation strategies; training strategies; personalized clinical treatment strategy; adaptive treatments; maintenance strategy; preventive options; just-in-time adaptive interventions; marketing strategies; technological interventions; rehabilitation strategies"
"776","54","provider efficiency; referral efficiency; hospital efficiency; resource consumption; resource utilization; hospital healthcare flows; emergency department usage; hospital policy; hospital occupancy; hospital productivity; appointment scheduling metrics; hospital performance; computer utilization; operating room efficiency; hospital bed occupancy; facilities and services utilization; health system performance; provider burden; provider productivity; healthcare efficiency"
"777","56","muc1; klotho; survivin; nfκb; cyp2c9; tsa; ahr; tyrosine; hcmv; cdk5; ghrelin; pink1; tp53; p63; smad4; cftr; idh1; a20; nras; cdk2"
"778","42","negative emotions; emotionality; emotional valence; emotional stimulation; emotion valence; positive emotion; positive affect; positive emotions; negative affect; negative emotion; emotional expression; positive valence; emotional content; emotional tone; positive psychological response; emotional awareness; emotional response; affective risk responses; emotion expression; maladaptive beliefs"
"779","49","targeted drug therapy; targeted therapy; personalized target therapy; targeting therapy; targeted cancer therapy; adoptive t cell therapy; antisense oligonucleotide therapy; antiangiogenic therapy; car t-cell therapy; molecular targeted therapy; molecularly targeted therapy; her2 target therapy; anticancer therapy; personalized cancer therapy; tumor targeting therapy; car-t cell therapy; immune therapy; targeted therapies; car t cell therapy; tumor therapy"
"780","36","monkey respiratory tract; human nasal cavity; nasal cavity; respiratory mucosa; human respiratory tract; intestinal mucosa; monkey nasal cavity; human upper airway; oral mucosa; human nasal cavity and trachea; human respiratory system; respiratory airways; digestive system; small intestine; tracheobronchial airway; gastrointestinal tract; nasopharynx; oral cavity; human tracheobronchial airways; human airways"
"781","46","electro- encephalograph; electroencephalography; electro- encephalogram; electrooculography; surface electrotromyography; electrooculogram; electroencephalogram; electromyogram; intracranial electroencephalography; cerebellar electroencephalography; electro-oculogram; electroencephalograms; electroencephalograph; electroence- phalography; electroen cephalography; oculography; clinical electroencephalography; resting electroencephalogram; visual seismocardiography; electroencephalography (eeg) spectrogram"
"782","33","private sector; health companies; pharmaceutical firms; pfizer; public sector; nonprofit; human service nonprofits; health care industry; private company; pharmaceutical company; insurance company; nonprofits; private partnerships; healthcare industry; commercial sector; non-health sector; sickness funds; trust to government; trust in government; intellectual property rights"
"783","16","atazanavir; indinavir; grazoprevir; ritonavir; efavirenz; sofosbuvir; lopinavir; valacyclovir; ganciclovir; interferon-beta; peg-ifn alpha; interferon beta-1b; darbepoietin alfa; tenofovir disoproxil fumarate/emtricitabine; tocilizumab; enoxaparin"
"784","23","nasal airway obstruction; airflow obstruction; airway obstruction; central airway obstruction; nasal obstruction; bronchial asthma; airway disease; nasal polyps; allergic asthma; atopic dermatitis; pediatric asthma; atopic eczema; nasal flow; nasal symptom score; asthma severity; nasal resistance; nasal airflow; airway stenosis; severe asthma; childhood asthma"
"785","25","respiratory allergies; pollen allergy; chemical allergens; food allergy; allergen immunotherapy; skin allergens; respiratory allergens; allergic rhinitis; allergenicity; drug allergy; allergen avoidance; plant allergens; hypersensitivity; seasonal allergic rhinitis; allergyintolerance; food hypersensitivity; drug-allergy reaction; asthmatic wheezing; rhinitis, allergic, seasonal; rhinitis, allergic"
"786","30","influenza-like illness; acute respiratory diseases; acute childhood illness; acute respiratory distress symptoms; acute illness; febrile illness; acute febrile illness; viral chest diseases; episode of illness; history of present illness; travel-related illness; acute rheumatic fever in childhood; pediatric fever; reproductive signs and symptoms; medically unexplained symptoms; heat related illness; clinical suspicion of infection; medically unexplained physical symptoms; influenza-like illness – ili; respiratory signs and symptoms"
"787","52","samoa; malay; togo; liberia; yemen; moroccan; easthmacare; paranoia; ukrainian; yaoundé; orlando; suriname; cote d'ivoire; qatar; palestine; mali; syrian refugees; amhara; ukraine; diagui"
"788","30","intervention usage; intervention mode; intervention acceptability; intervention features; intervention integrity; intervention evaluation; intervention timing; intervention quality; intervention implementation; intervention analysis; intervention targets; intervention effectiveness; intervention; intervention mapping; intervention study; intervention requirements; intervention use; intervention model; intervention design; interventions recommendation"
"789","46","two-stage detection; multi-step prediction; multi-staged integration; multi-stage transfer; multi-step-ahead prediction; multi-modal biosensor; multi-stage prediction; central-line detection; multi-modal synthesis; full-cycle management; multi-disease detection; multi-modal sequencing; multi-phased design; ai-driven diagnostics; sequential admixture; counting-based biomarker; life-logging; ai-driven assessment; multi-step training strategy; fourth-generation synchronous program"
"790","61","hypoglycemic agents; erythropoetin stimulating agents; vitamin k antagonist; pde5 inhibitor; antiarrhythmia agents; anti-asthmatic agents; antirheumatic agents; antifibrinolytic agents; adrenergic beta-antagonists; antihypertensive agents; anti-epileptic drugs; anti-epileptic drug; anti-hypertensive drugs; ace inhibitors; calcineurin inhibitors; angiotensin receptor blockers; androgen antagonists; potassium channel blockers; immunosuppressive agents; anticoagulant agents"
"791","130","mihc; ovcf; swt; csgan; pcori; mml; gphr; dhli; bcor; hsat; dtool; wgdi; im6a; pplacer; lsvm; isa; mpox virus; lopd; alphaflow; gsso"
"792","87","nursing clinical workflows; care processes; patient-facing systems; pharmacy practice models; surgical workflows; health care delivery models; patient work system; patient facing systems; healthcare workflows; care models; large-scale service systems; patient processes; patient care process; personal health systems; shift handovers; work systems; work system; healthcare processes; healthcare process; healthcare logistics"
"793","43","automated assessment; automated patient screening; automated screening; automated algorithm; automated pre-screening; fully automated surveillance; automated diagnosis; automated report generation; automated follow-up; automated extraction; automatic phenotyping; automated feedback; automated rule extraction; automated quality assessment; automated risk assessment; automated clinical care; automated radiology report generation; automated algorithms; automated survey; automated contact tracing"
"794","22","missingness; missing heritability; missing relationship error; complex missingness; block missingness; dropouts; missing; missing relations; informative missingness; missing sample; dropout events; patient dropouts; missing data mechanisms (mcar, mar, mnar; missing at random (mar); missing registrations; incomplete data; missing not at random (mnar); treatment withdrawal dropouts; incomplete labeled data; missing modality completion"
"795","50","transcription factor localization; subcellular localization; subcellular location; cell context specificity; dna function; protein localization; protein subcellular location; nucleosome positioning; enhancer activity; mrna subcellular localization; cell compartmentalization; rna localization; protein subcellular localization; macrophage spatial organization; dna occupancy; signaling specificity; protein function; cell localization; transcription factor binding; bacterial subcellular localization"
"796","36","physicochemical property; physiochemical properties; physicochemical properties; bio-physiochemical features; biochemical property; biological property; binding properties; molecular properties; structure-dependent properties; functional selectivity; chemical property; molecular property; physicochemical characteristics; structure-derived properties; drug stability; functional activity; surface properties; quantitative properties; druggability; antigenicity"
"797","67","food risks; food safety; health risk assessment; toxcsm; human impact assessment; health risk monitoring; health monitoring; consumer protection; lead toxicity; emergency toxicology; tobacco additives; environmental protection; human monitoring; environmental monitoring; risk assessment; plant health classification; human safety; genetic toxicology; environmental; food chemical"
"798","21","international classification of diseases, tenth revision; international classification of medication and disease; international classification of diseases 11th revision; international classification of diseases; international statistical classification of diseases; international classification of disease; international classification of functioning; international statistical classification of diseases and related health problems codes, tenth revision; international statistical classification of diseases and related health problems codes, eleventh revision; international classification for nursing practice; international classification of functioning disability and health; international classification of functioning, disability and health; international classification of health interventions; international classification for patient safety; systematized nomenclature for medicine; systematized nomenclature of medicine; diagnostic and statistical manual of mental disorders, fifth edition; ajcc cancer staging manual 8th edition; diagnostic and statistical manual of mental disorders; consolidated framework for implementation research"
"799","40","ventilator induced lung injury; ventilator-associated lung injury; liver injury; lung injury; kidney injury; ventilator-induced lung injury; acute lung injury; cold injury; sepsis-associated liver injury; osmotic injury; brain injury; high altitude pulmonary edema; chemical and drug induced liver injury; aortic injury; drug-induced liver injury; thermal injury; experimental spinal cord injury; focal cerebral ischemia; lung ischemia reperfusion injury; acute brain dysfunction"
"800","53","medication order entry; provider order entry; medication ordering; drug ordering; physician information; medication surveillance; medication verification; physician documentation; medication order review; medication reminders; pharmacy records; pharmacy refill data; physician-generated information; medication storage; structured medication order; medication information; medication distribution; vaccination records; physician orders; medication records"
"801","54","biological phenomena; physiological phenomena; cell physiological phenomena; physiological adaptation; biomechanical phenomena; biochemical phenomena; physiological heterogeneity; physiological change; cellular behavior; spatiotemporal phenomena; biological transport; cellular adaptation; physiological variability; cardiovascular physiological phenomena; biological variation; physiological pattern recognition; blood physiological phenomena; physiological complexity; chemical phenomena; skin physiological phenomena"
"802","18","oxygen uptake; maximal oxygen uptake; oxygen consumption; maximum oxygen consumption; fractional tissue oxygen extraction; pulmonary gas exchange; resting metabolic rate; maximal voluntary ventilation; cerebral fractional tissue oxygen extraction; minute ventilation; diffusing capacity; peak vo2; pulmonary diffusing capacity; metabolic rate; endogenous glucose production; glomerular filtration rate; metabolic clearance rate; estimated glomerular filtration rate"
"803","42","adolescent and youth; school children; children and adolescents; children and adolescent; transition-aged youth; teenagers; child and youth; preschool children; youth and adolescents; child and adolescent; latina adolescents; school-age children; young children; primary school children; preadolescents; black youth; hispanic youth; teenage years; sexual minority youth; preadolescent"
"804","126","sparked; hacking; vehihealth; ride-hailing; social chatbot; ethical hacking; bird-beak; cybercrime; fear appeals; crowdfund; firewall; medical scribes; flone; lévy flight; long covid; raking; darts; winner's curse; warmline; grow-cut"
"805","77","multimodal sensor; voice call; signals; body sensor; hidden size; provotypes; periodic traffic; body pose; vocal biomarker; dating app; mis simulator; chat counselling; ear dataset; breakhis dataset; speech biomarker; hand taxonomy; mr; prototypical network; voice 2 ai; tactile internet"
"806","71","single-cell imputation; spatial trainscriptomics prediction; spatial transcriptomics integration; single-cell transcriptome simulation; transcriptome subtypes; mirna-seq normalization; single-cell privacy; rna-seq database; temporal expression extraction; transcript evolution; methylation-based cfdna tracing; spatial transcriptomics data simulation; tfeq; transcriptome evolution; single-cell transcriptomics atlas; metagenomics pipeline; expression evolution; single-cell atac-seq integration; single-cell reference; gcgan-based data augmentation"
"807","52","burkholderia; chromothripsis; corynebacterium pseudotuberculosis; bartonella; arthrospira platensis; corynebacterium glutamicum; myxococcales; pseudomonas putida; bartonella bacilliformis; aerobiosis; pasteurella multocida; plesiomonades shigelloides; yersinia pestis; pneumococcus; xenophobia; trichophyton; paraphilia; streptomyces antibioticus; bacillus amyloliquefaciens; clostridia"
"808","46","outdoor physical activity; daily physical activity; physical activity; moderate to vigorous physical activity; physical inactivity; leisure time physical activity; sedentary activity; sedentary behaviour; passive physical activity; physical activities; physical activity pattern; physical activity behavior; light intensity physical activity; nutrition and physical activity; moderate-to-vigorous physical activity; sedentary behavior; physical behavior; physical activity intensity; moderate- to vigorous-intensity physical activity; sedentary behaviors"
"809","26","electronic personal health record; electronic patient record; personal electronic health record; longitudinal electronic health record; electronic medical/health record; electronic medical record; shared electronic health record; electronic records; universal electronic health record; swiss electronic patient record; comprehensive electronic health record; electronic patient database; tethered personal health record; electronic health registry; chinese electronic medical record; electronic health record; occupation+electronic health record; electronic personal health information; electronic-health-record; mobile electronic health record"
"810","44","sars-cov-2; sars cov-2; sars-2; sars-cov2; african sars-cov-2; sars-cov-1/2; central asia sars-cov-2; sars-cov-1; sars cov 2; sars‐cov‐2; sars-cov-2 proteins; asian pacific sars-cov-2; sars-cov-2 variants; us sars-cov-2; denv-2; ars-cov-2; mena sars-cov-2; coronavirus 2; sars-cov-2 rna; sars-cov-2 spike"
"811","24","kidney failure, chronic; renal insufficiency, chronic; bronchitis, chronic; hepatitis b, chronic; pancreatitis, chronic; thyroiditis, autoimmune; angina, unstable; alveolitis, extrinsic allergic; scleroderma, diffuse; fatigue syndrome, chronic; hepatitis c, chronic; cardiomyopathy, dilated; angina, stable; urinary bladder, overactive; lupus erythematosus, systemic; spondylitis, ankylosing; multiple sclerosis, chronic progressive; scleroderma, systemic; xanthomatosis, cerebrotendinous; hypotension, orthostatic"
"812","68","protein context integration; msa class logos; sequence-structure integration; in-frame sequence features; motif sampling; class-specific logos; protein family embeddings; sequence features; structure-based features; motif structure; long sequence modelling; protein structure clustering; amino acid sequence descriptors; neighbour topology information; motif scanning; protein remote homology detection; protein cluster-based tokens; prott5 embeddings; domain assembly; hmms"
"813","54","de novo network enrichment; pathway enrichment; network enrichment; functional enrichment; gene enrichment; enrichment scoring; go-term enrichment; gene set enrichment; gene clustering; upstream/downstream regulatory network analysis; gene ranking; gene sets; disease enrichment; differential network; enrichment factor; enrichment score; pathway visualization; gene set; motif enrichment; gene ontology reverse lookup"
"814","53","mental health symptoms; anxiety symptoms; depressive symptoms; depressive mood symptoms; depressive symptom; depression symptoms; anxiety or depressive symptoms; residual depression symptoms; psychological symptoms; behavioral health symptoms; emotional distress; nonclinical depressive symptoms; symptom distress; mood symptoms; psychological distress; mental distress; panic symptoms; insomnia symptoms; psychosocial distress; psychological symptom"
"815","61","program implementation; service implementation; services implementation; program effectiveness; health plan implementation; healthcare implementation; community development evaluation; program sustainability; service evaluation; service effectiveness; team effectiveness; guideline implementation; retention strategies; engagement strategies; mobile promotion strategy; implementation factors; system implementation; promotional strategy; implementation fidelity; organizational strategy"
"816","40","diagnosis prediction; diagnosis assignment; diagnosis labeling; diagnosis tool; diagnosis test; diagnosis system; diagnosis complexity; patient diagnosis paths; diagnosis timing; diagnosis explanation; diagnosis text; diagnosis evidences; diagnosis classification; diagnosis coding; diagnosis support; diagnosis apparatus; primary diagnosis prediction; diagnosis information; diagnosis-inspired; diagnoses prediction"
"817","37","reinforcement fine tuning; fine-tuning; fine tuning; fine-tuning llms; directional filters; instruction fine-tuning; multi-level thresholds; spatial spike detection; temporal localization; parameter tuning; staged fine-tuning; spatial-temporal physiological connections; spatio-temporal integration; task-specific fine-tuning; spatial orientation guidance; subject-specific fine-tuning; visual input; spatial-frequency; multi-receptive field; structured receptive fields"
"818","40","histopathology reports; operative reports; pathology reports; radiology report; operative report; synoptic pathology report; pathology reporting; diagnostic reports; clinical pathology reports; radiology reports; microbiology report; pathology report; radiological report; breast radiological reports; free-text pathology reports; endoscopic reports; patient reports; forensic autopsy reports; postoperative pathology reports; case reports"
"819","55","drug safety surveillance; pharmacovigilance; post-marketing surveillance; post market drug safety surveillance; safety surveillance; postmarketing drug surveillance; post-market safety surveillance; postmarket surveillance; postmarketing surveillance; post-market drug safety surveillance; postmarketing product surveillance; postmarket surveillance system; vaccine safety monitoring; drug safety; patient medication safety; remote trial monitoring; medication monitoring; cardiac drug safety; drug therapy safety; prescription drug monitoring"
"820","50","information bias; data bias; sampling bias; response bias; underreporting; algorithm bias; modality bias; non-contact estimation; underrepresented; latent confounding; under-reporting; protocol-specific biases; compositional bias; approach bias modification; response quality; collider bias; underrepresentation; weighting scheme; low-sample; quantitative misrepresentation"
"821","43","zoonotic diseases; parasitic diseases; vector borne diseases; mosquito borne diseases; emerging infectious diseases; bacterial pathogens; tropical febrile diseases; viral pathogens; latent infectious diseases; foodborne diseases; bacterial diseases; emerging human pathogens; re-emerging infectious diseases; endemic infectious disease; legionnaires' infectious disease; swine diseases; foodborne disease; zoonotic disease; virus diseases; emerging diseases"
"822","57","cardiovascular disease detection; cardiovascular disease assessment; diabetes identification; cvd prediction; heart disease prediction; diabetes prediction; kidney disease awareness; hypertension monitoring; snoring prevention; stroke detection; osteoarthritis management; obesity prevalence; chronic diseases prevention; prediabetes management; osteoporosis prediction; chronic disease monitoring; heart attack treatment; population management; elderly surveillance; injury surveillance"
"823","35","internet-based survey; telephone-based survey; text-based surveys; online surveys; general practice patient survey; survey data; uncontrolled survey administration; telephone interview; household survey; provincial field survey; mobile data collection; online intercept sampling; health data collection; self-sampling; smartphone questionnaire survey; survey participation; passive data collection; mobile app–based survey; self-made questionnaire; face-to-face interview"
"824","81","gene-level metrics; gene co-expression dynamics; region-based profiling; small scale genetic signature; network-based gene prioritization; methylation-based read discrimination; gene covariation; phenome-wide prediction; gene expression prediction; gene expression dynamics; epigenome-augmented eqtl mapping; genomic clustering; aging-related gene prediction; structure mapping; hi-c data integration; trait clustering; phenotypic landscape; local co-methylation patterns; genomics cross-exploration; sparse microbial association signals"
"825","25","ellagic acid; catechin; glycyrrhizic acid; kaempferitrin; naringenin; quercimeritrin; dicaffeoylquinic acid; rosmarinic acid; kaempferol; apigenin; catechin gallate; hesperidin; iridoid glycoside; hinokiflavone; caffeoyl malic acid; tanshinone iia; chlorogenic acid; syringic acid; epigallocatechin gallate; baicalein"
"826","37","ovarian stimulation; female infertility; primary ovarian insufficiency; post-menopause; irregular menstrual cycles; post-menarche; menstrual cycles; menstruation; heavy menstrual bleeding; diminished ovarian reserve; minimal ovarian stimulation; premenstrual; male infertility; women with infertility; follicular phase; male factor infertility; ovarian reserve; subfertility; pre-menarche; premature ovarian insufficiency"
"827","46","sympathetic system; autonomic regulation; autonomic-cardiac regulation; autonomic modulation; sympathetic arousal; sympathovagal balance; parasympathetic nervous system; autonomic nervous system; sympathetic nervous system; autonomic signals; parasympathetic system; autonomic nervous function; autonomic nervous system activity; autonomic stability; sympathetic hyperactivity; neuroregulatory system; cardiac vagal regulation; sympathetic nervous activity; cardiorespiratory control system; cardiovascular system"
"828","111","paging; freetext; boarding; step counters; rebranding; skip connection; fact checking; keyhole symbol; trace-back; in person; checksum; cobots; scan path; sensory room; data restitution; downtime; chat message; skip connections; liftover; life logging"
"829","54","informatics infrastructure; healthcare informatics infrastructure; health information infrastructures; public health informatics infrastructure; innovation infrastructure; ehealth infrastructure; grid infrastructure; infrastructure development; healthcare infrastructure; digital infrastructures; network infrastructure; information infrastructures; ehealth infrastructures; information service development; national infrastructures; health infrastructure; healthcare infrastructures; fast health interoperability resources; global health informatics; technology accessibility"
"830","68","emotional wellbeing; physical wellbeing; mental wellbeing; social wellbeing; wellness dimensions; mental wellness; parental wellness; psychological burden; psychosocial wellbeing; psychosocial status; well being; work-life integration; family functioning; housing instability; social domains; daily functioning; mental health status; presenteeism; school absenteeism; housing insecurity"
"831","31","ccnet; brca1; mmp9; pten; akt1; pik3ca; hras; brca2; cd24; erbb2 gene; her2; dnmt1; plk1; pdac; bclaf1; kras; mmrc; tlr4; bace1; scmlnet"
"832","63","chronic inflammation; inflammatory response; acute inflammation; systemic immune regulation; autoimmune disease development; immunoregulation; immune tolerance; immune response; cellular immunity; maternal immune activation; inflammatory cytokines; cytokine induction; immune dysfunction; cytokine storm; immunopathogenesis; intestinal inflammation; pulmonary inflammation; proinflammatory peptide; kidney inflammation; adaptive immunity"
"833","73","genetic pleiotropy; gene pleiotropy; disease heritability; heritability analysis; quantitative genetic model; correlated pleiotropy; phenotypic prediction; genetic correlation; quantitative traits; genetic inheritance; genetic results; quantitative trait prediction; genetic variants; pleiotropy; genetic association test; polygenic adaptation; genetic linkage; polygenic disease risks; pleiotropic loci; zygosity"
"834","41","sub-size image; infrared image; cross-view; low-resolution pathology image; multi-view; infrared images; infrared thermal image; live streaming; overlapping pap smear images; electron microscopy image; f-contrast; depth image; direct immunofluorescence image; cartographic representation; color correction; wound image; automated gland segmentation: colon histopathology images; cross-section; tissue image representation; four-chamber view"
"835","57","disease outbreak; outbreak tracking; outbreak surveillance; outbreak detection; disease outbreak detection; pandemic management; pandemic prevention; disease notification; surveillance platform; outbreak investigation; epidemic classification; infectious disease spreading; cholera epidemic; pandemic modelling; epidemic management; malaria prediction; infectious disease transmission; outbreak management; infectious disease outbreak; outbreak characterization"
"836","39","gastrostomy; ventriculostomy; cholecystostomy; ileostomy; external lumbar drainage; lumbar drainage; colostomy; vascular access; chest tubes; external ventricular drain; ventriculoperitoneal catheters; pediatric tracheostomy; cvc; central venous catheter; nasogastric tube; cricothyroidotomy; tympanostomy tube; urinary catheter; sphenoidotomy; brain shunts"
"837","49","social discrimination; social stigma; personal stigma; victim support; social identification; public stigma; mental health stigma; social loneliness; health-related stigma; self disclosure; racial discrimination; acceptance of illness; complicated grief; bereavement; selfefficacy; self-disclosure; romantic rejection; friendship conflict; mental illness stigma; depersonalization"
"838","24","false positive; false negative; false negatives; true positive; true negative; false detection; false alarm; positive prediction value; false positive control; false alarms; false positives; negative predictive value; positive predictive value; false positive rate; false negative reactions; false-positives; positive predictive values; false information; false positive reactions; negative pattern"
"839","81","model-based clustering; multi-subject clustering; graph-based algorithm; graph-based clustering; network-based prioritization; multi-context module; 2-tuple-based method; stacking-based meta-classifier; lstm-based prediction; distribution-based representation; self-supervised clustering; model-based filtering; concept-based summarization; perturbation-based saliency method; soft-clustering; ensemble clustering; k-medoids clustering based attribute weighting; rule-based prediction; pathway-based modularization; ai-based annotation"
"840","40","b-cell lymphoma; t-cell lymphoma; cutaneous melanoma; leiomyosarcoma; synovial sarcoma; cutaneous malignant melanoma; uveal melanoma; malignant mesothelioma; non-seminoma; hodgkin’s lymphoma; hepatoblastoma; burkitt lymphoma; skin cutaneous melanoma; soft tissue sarcoma; non-hodgkin lymphoma; hodgkin lymphoma; malignant pleural mesothelioma; uterine carcinosarcoma; diffuse large b-cell lymphoma; soft-tissue sarcoma"
"841","30","drugbank database; chembl database; drug databases; medical publishing; biological database; bio-signal database; proteomic databases; public library; biological databases; web publishing; genomic databases; web resources; human metabolome database; sequence databases; molecular databases; biomedical databases; drug database; medical journals; biomedical publications; genetic databases"
"842","34","knee arthroplasty; total joint replacement; total ankle replacement; total knee replacement; total knee arthroplasty; joint arthroplasty; hip arthroplasty; revision arthroplasty; total joint replacements; total hip arthroplasty; knee replacement; shoulder arthroplasty; total hip replacement; arthroscopic surgery; primary tka; hip replacement; hip and knee arthroplasty; arthroplasty, replacement; tibiotalocalcaneal arthrodesis; fusion techniques"
"843","41","closed-loop control; adaptive power control; adaptive impedance control; leap motion controller; adaptive load control; sliding mode control; closed-loop system; transmission power control; operational control; time varying control system; external control arm; hand controller; fuzzy impedance control; controlled acceleration; control systems; sensor-based control; physiologic closed-loop control; delay system; physiological closed-loop control; closed-loop systems"
"844","29","search data; market search; local search; extractive search; search filter; web search engine; tabu search; search engine; search efficiency; search query; search history; baidu search rate; contextual scholarly search; covid-19 scholarly search; google search query; snowball search; medline indexing; search trends; keyframe extraction; search query log"
"845","34","myeloid cells; innate immune cells; immune cells; monocyte-macrophage precursor cells; innate lymphoid cells; th17 cells; natural killer t-cells; hematopoietic stem cells; t-helper 2 cells; granulocyte-macrophage progenitor cells; antigen-presenting cells; cytotoxic t cells; natural killer cell; follicular t-helper cells; t-helper 17 cells; dendritic cells; conventional dendritic cells; nk cells; haematopoietic stem cells; regulatory t cells"
"846","42","cognitive failures; cognitive fragmentation; cognitive failure; cognitive function; neurocognitive performance; cognitive involvement; cognitive change; cognitive interactions; cognitive performance; cognitive responses; cognitive disparities; cognitive frailty; cognitive monitoring; visuospatial function; cognitive effort; cognitive burden; cognitive rigidity; memory loss; cognitive deficits; cognitive ability"
"847","57","cancer subtype; colorectal cancer subtypes; cancer subtypes; cancer subtype classification; breast cancer subtype classification; cancer subpopulations; cancer evolution; cancer patient subtyping; cancer subtyping; pan-cancer; tumor phylogenetics; cancer-driving sites; methylation in cancer; lung cancer subtypes; landmark for cancer prognosis; cancer molecular subtypes; cancer prognosis; integration of clinical and molecular annotations; disease and cancer association; cancer mutational signatures"
"848","62","nursing staff; hospital staff; healthcare staff; health personnel; school staff; health care staff; house staff; health care personnel; frontline staff; medical staff; head nurse; nurse leader; ed nurses; nurse preceptor; hospital nursing; healthcare personnel; medical personnel; project team members; physician executives; pharmacy technicians"
"849","34","group decision-making; group decision making; decision-making; decision making; strategic decision making; shared decision making; proactive decision making; shared-decision making; shared decision-making; sequential decision making; multicriteria decision-making; doctor decision-making; consumer decision making; multicriteria decision making; intuitive decision-making; consumer-decision making; shared-decision-making; ai decision making; informed decision choices; multi-attribute decision making"
"850","97","teleproctoring; tele-consultation; mobile-based consultation; tele-visit; telemedicine service; tele-surveillance; tele-health; remote healthcare; home telecare; synchronous telepsychiatry; remote consultation; tele-medicine; video-based telehealth service; smart wellness service; tele-nursing; telemedicine services; telehealth service; telehealth services; hospital-based telehealth; remote consultations"
"851","57","time series distribution; distribution shifts; distance profile; distribution shift; time-variant; delta rank matrix; temporal drifts; time-varying delay; time distribution; time series generation; transformation matrix; local variance; time dimension; spatial point process; distance map; intersectdistributions; matrix profile; revised genova score; continuous phenotypes; time-varying window length dfc"
"852","110","cathlab; nepc; cbir; covid; healthnlp; ubtech; metchem; nnunet; timeteller; telesupport; moocs; sparco; lifeworld; mir2pathway; tech health; wurcs; bmugm; segnet; mmwave communication; opttmt"
"853","36","colon biopsy; liver biopsy; cervical histopathology; kidney biopsies; renal biopsy; kidney biopsy; breast histopathology; colorectal polyp; renal pathology; prostate biopsy; gastric histopathology; colonic polyps; bone marrow; colorectal polyps; colonic polyp; histocytochemistry; colon polyps; psoriasis skin biopsy; renal mass; gallbladder polyps"
"854","46","peptide therapeutics; drug therapeutics; peptide drugs; pharmaceutical marketing; pharmaceutical drugs; drug molecule; pharmaceutical manufacturing; biotherapeutics; biopharmaceutics; drug molecules; pharmaceutics; biological products; anticancer drug; nucleic-acid therapeutics; breast cancer drugs; pharmacopeia; cancer drug toxicity; biopharma; anticancer peptide; antitb drug discovery"
"855","41","hiv infection; hcv infection; hiv therapy; latent tuberculosis infection; hepatitis b virus infection; hiv treatment; hiv seropositivity; hiv quasispecies; antiretroviral treatment; hiv viral load; antiretroviral therapy; art therapy; viral hepatitis; chronic hepatitis c; hepatitis c; hiv/siv; viral quasispecies; viral suppression; viral load; virologic cure"
"856","7","protein tyrosine phosphatase, non-receptor type 4; protein tyrosine phosphatase, non-receptor type 11; protein tyrosine phosphatase, non-receptor type 12; protein tyrosine phosphatase, non-receptor type 3; receptor-like protein tyrosine phosphatases, class 5; protein tyrosine phosphatase 1b; receptor-like protein tyrosine phosphatases, class 2"
"857","42","carcinoma, papillary; carcinoma, neuroendocrine; mesothelioma, malignant; malignant tumor; neoplasms, basal cell; carcinoma, squamous cell; carcinoma, renal cell; neoplasms, glandular and epithelial; neoplasms, squamous cell; endometrioid; cystadenoma, serous; carcinoma, hepatocellular; thyroid cancer, papillary; cystadenoma, mucinous; carcinoma, pancreatic ductal; diffuse glioma; low-grade glioma; lymphoma, follicular; lymphoma, non-hodgkin; carcinoma, ductal, breast"
"858","36","tri-omics; multic-omics; bulk multi-omics; multi-omics integration; multiple omics; multi-omics integrative; spatial multi-omics; multimodal omics; integrative omics; single omics; single cell multi-omics; multi-modal disease-omics; single-cell multimodal omics; integrated omics studies; cross-omics translation; molecular omics; multi-omics; trans-omics regulation; multi-omics outputs; single-cell multi-omics"
"859","67","skin disease classification; growth pattern classification; cervical lesion classification; multi-disease neurological classification; nail classification; multi-disease classification; mallampati classification; snore sound classification; skin lesion classification; subtomogram classification; patient subtyping; wound tissue classification; pathological gait classification; omaha problem classification system; functional classification; pregnancy/labor classification; respiratory disease classification; severity classification; tcm formula classification; emphysema classification"
"860","59","ensemble feature selection; global feature selection; feature ranking; feature permutation importance; causal feature selection; score selection; feature gene selection; feature robustness; feature crossing statistical strategy; boruta feature selection; feature clustering; parameter selection; feature importance ranking; prediction performance; alignment sensitivity; grouped variable selection; training set selection; feature selection bias; feature construction; consensus partitioning"
"861","82","dynamic network; hierarchical network; domain separation network; multi-group network; graph network; fusion network; self-attention graph network; graph transformer network; global network; multilayer networks; graph triple-attention network; dynamic heterogeneous graph; ego networks; multilayer network; heterogeneous graph structure; disjoint abstraction network; graph paths; graph neutral networks; dual-path network; hyper-graph"
"862","72","cholecystectomy; nephrectomy; hydrocephalus; dsa; splenectomy; bronchoscopy; operations; osteotomy; pneumothorax; mastectomy; mobilization; placement; irrigation; stenosis; cabg; operative; sedation; cesarean; wound; prostatectomy"
"863","87","vascular medicine; venereology; em medicine; gerotechnology; cardiovascular medicine; orthopaedics; gastroenterology; neonatology; urology; otology; ambulatory neurology; podiatry; urooncology; pulmonary medicine; emergency psychiatry; dental radiology; traumatology; gynecologist; oral pathology; physiology"
"864","38","epigenetic biomarkers; physiological biomarkers; blood biomarkers; metabolic biomarkers; inflammatory biomarkers; predictive blood biomarkers; blood-based biomarkers; csf biomarkers; physiological markers; immune markers; salivary biomarkers; microbial biomarkers; respiratory biomarkers; neurophysiological biomarkers; urinary biomarkers; sleep-related biomarkers; biochemical markers; composite biomarkers; predictive markers; bio-markers"
"865","27","group velocity; group information; group visit; group convolution; group identification; group signature; group therapy; group exercise; group cnn; group homes; group testing; group identity; group bridge; group structure; group; subject transfer; condition completeness; phase 1 volunteer; arm monitoring; cohort assessment"
"866","34","neurospora crassa; tetrahymena; chlamydomonas reinhardtii; streptomyces coelicolor; synechocystis sp. pcc 6803; clostridium acetobutylicum; dictyostelium; chlorocebus aethiops; saccharomyces cerevisiae; lactococcus lactis; escherichia coli; daphnia; paramecium; trypanosoma brucei brucei; microalgae; sus scrofa; fission yeast; homo sapiens; eukaryota; budding yeast"
"867","80","quadratic interpolation strategy; dual threshold iteration; binary whale optimization algorithm; adaptive fusion module; adaptive batch-wise class balancing; adaptive centroid alignment; joint sparse recovery; improved chimp optimization algorithm; distributed pca algorithms; constrained alternating group lasso; ghost node methods; gradient descent logit boosting; adaptive lasso; binary horse herd optimization algorithm; kernel combination; global curve optimization algorithm; kernel machine; adaptive linear activity classification; uniform manifold approximation and projection; adaptive segmentation"
"868","43","aβ peptide; amyloid-β; amyloid β; amyloid-β peptide; myelin proteins; viral genome; antibody maturation; huntingtin protein; amyloid beta peptide; hiv envelope protein gp120; rsv fusion; amyloid fibril; ebola virus protein vp24; immunoglobulin heavy chains; amyloid beta-peptides; viral proteome; cell envelope; immunoglobulin variable region; c9orf72 protein; prions"
"869","50","recruitment system; recruitment strategy; recruitment scheme; recruitment; recruitment platform; recruitment services; recruitment practices; recruitment strategies; recruitment participation; donor recruitment; participant enrollment; eligibility determination; subject recruitment; participant selection; research participant recruitment; recruitment optimization; participant recruitment; patient recruitment; participant retention; recruitment techniques"
"870","38","cerebral oxygen saturation; tissue oxygen saturation; blood oxygen saturation; muscle oxygen saturation; oxygen saturation; pulse oxygen saturation; tissue hemoglobin oxygenation; regional blood flow; cortical oxygenation; arterial oxygen saturation; blood oxygen; transcutaneous pressure oxygen; cerebrovascular oxygenation; intracranial blood flow; cerebral perfusion; oxyhemoglobin saturation; tissue oxygenation; sao2; cerebral blood flow; blood perfusion rate"
"871","66","spatially-enabled health registry; cross-border health data exchange; covid-19 surveillance system; routine health information use; multisource data; health data control; health surveillance assistants; health data collaborative utilization; immunization coverages; probabilistic linkage; temporal health event prediction; post-market surveillance; health data stream; hospital report cards; temporal health data; household registration; personal health forecasting; african covid-19 surveillance system; post market surveillance; resource profiles"
"872","43","network-based drug discovery; drug target identification; drug–target discovery; knowledge-based drug discovery; multiplex drug repurposing; personalized drug discovery; de novo drug discovery; network-based drug repositioning; ai-driven drug design; drug repositioning; personalized drug screening; drug discovery; web-based drug repositioning; drug repositioning/repurposing; machine intelligence-guided inhibitor selection; targeted drug selection; mirna–target identification; new drug discovery; novel class discovery; mutational analyses of cancer drug targets"
"873","97","representation unification; low-rank adaption; homomorphic encryption; long-range unified skip connection; link constraints; query reformulation; relational operations; singularity containerization; attack robustness; multi-branch consistence; multi-level basis selection; topology guarantee loss; link-clustering; local binary mode; variational problem; chaotic encryption; multi-concept discriminator; binary code; adams predictor-corrector scheme; machine learning explainability"
"874","93","vectorial architecture (vsa); explainable artificial intelligence (xai); dominant rotated local binary pattern (drlbp); flexible macroblock ordering (fmo); channel state information (csi); primary user-interference(pui); body area networks (bans); probabilistic packet marking (ppm); bee swarm optimization (bso); drum-buffer-rope (dbr); transmission power decision control (tpdc); membership inference attack (mia); digital twins (dt); frequency-shift keying (fsk); frequency shift keying (fsk); flow short scale (fss); cyclic alternating patterns (cap); neutrosophic entropy information (nei); triplet channel attention (tca); movement abc (mabc)"
"875","36","glottal flow; vocal fold immobility; vocal folds; sustained phonation; glottis motion; pathological voice recognition; double vocal channel; vocal cords; airway motion; dynamic phonation; extrathoracic airway obstruction; vocal fold vibrations; effortful prolonged swallowing; inducible laryngeal obstruction; pathological voice repair; laryngeal adductor reflex; endotracheal obstruction; impaired functional breathing; deep breathing; vocal cord"
"876","25","renal dialysis; continuous kidney replacement therapy; continuous renal replacement therapy; intermittent hemodialysis; haemodialysis; kidney replacement therapy; peritoneal dialysis; home hemodialysis; prolonged intermittent renal replacement therapy; medical dialysis; renal replacement therapy; insulin pump failure; platelet transfusion; erythrocyte transfusion; red blood cell transfusion; massive blood transfusion; parenteral nutrition; chronic dialysis; kidney failure with replacement therapy; perioperative blood transfusion"
"877","31","coronary ct angiography; ct angiography; computed tomography coronary angiography; computed tomography angiography; coronary computed tomography angiography; coronary artery computed tomography angiography; x-ray coronary angiography; coronary angiography; ct pulmonary angiography; cerebral computed tomography angiography; digital subtraction angiography; cerebral angiography; x-ray angiography; c-arm angiography; computed tomographic colonography; indocyanine green video angiography; invasive coronary angiography; coronary cta; 3d angiography; coronary cineangiography"
"878","72","drug-target interaction prediction; drug–target interaction prediction; drug-disease prediction; drug–target prediction; drug–protein interaction prediction; drug–drug interaction prediction; disease–gene prediction; drug-target prediction; drug–target interactions prediction; drug–target affinity prediction; drug–disease association prediction; drug sensitivity prediction; drug-protein interaction prediction; drug-pathway association prediction; drug-target affinity prediction; drug-target binding affinity prediction; drug target prediction; drug-disease association prediction; cancer drug response (cdr) prediction; drug-target interactions prediction"
"879","80","geriatricians; physiotherapists; pediatricians; physiatrists; psychiatrist; specialist physician; medical practitioners; pediatric hospitalists; emergency physicians; physiotherapist; gastroenterologist; medical doctors; emergency physician; dietitians; medical practitioner; endocrinologists; nutritionists; neurologists; dermatologists; cardiologists"
"880","54","hybrid nanoparticles; silica nanoparticles; ionizable lipid nanoparticles; therapeutic drug particles; magnetic nano-particles; gold nanoparticle; polymeric drug delivery system; magnetite nanoparticles; magnetic nanoparticles; micro-particle; hydrogels; self-assembling cmps; nanolayer-coated tetra-hybrid nanoparticles; graded scaffolds; flexible pcb electrodes; coupling scaffold-bone system; plasmonic materials; elastomers; 2d bio-scaffold system; micron-sized particles"
"881","26","crispr system; crispr/cas system; crispr-cas system; gene silencing; viral interference; crispr off-target; conditional molecular generation; targeted gene repair; homologous recombination deficiency; crispr–cas; vector transformation; expression systems; crispr essential genes; crispr cas-9; sirnas; artificial genome; whole genome amplification; sgrnas; yeast-two hybrid; sgrna guide design"
"882","70","chatbot agent; sidarthe model; adams-bashforth-moulton scheme; corss-speices; danrerlib; hausdorff dimension; kronecker product; flaubert; kapur’s entropy; ma-yolo model; wigner–ville transform; chatbot delivery; delone and maclean model; packman-molecule; wasserstein-gan; jeffrey fluid; krogh cylinder; rush–larsen method; chebyshev maps; kapur's entropy"
"883","39","medical informatics applications; medical informatic applications; clinical informatics applications; mobile health application; medical informatics application; medical information applications; digital care applications; mobile health applications; mobile health care applications; health informatics application; digital health application; mobile healthcare application; mobile health and medical application; healthcare applications; mhealth application; digital health applications; health and wellness mobile applications; telemedicine applications; mobile applications; big data health applications"
"884","37","interleukin-13; interleukin-6; transforming growth factor-beta; tgf-beta; interleukin 6; il-6; transforming growth factor beta; interleukin 13; tumor necrosis factor-alpha; interleukin-23; tgf-β; matrix metalloproteinase 9; matrix metalloproteinase 16; transforming growth factor-β; matrix metalloproteinase 2; matrix metalloproteinase; interleukin-1; interleukin-17; tnf-α; cxcl-10"
"885","35","professional competencies; team competencies; individual competencies; physician competency; core competencies; team science competencies; health informatics competencies; nurse-specific gcp competencies; informatics competencies; teamwork competency; organizational informatics competency; nursing informatics competency; psychosocial competencies; competencies in health informatics; nursing skills; it skills competence; fundamentals of nursing skills; ehealth competencies; competency standards; digital competencies"
"886","91","digital health technologies; digital health technology; mobile health technology; digital health care solutions; mobile health technologies; digital health innovations; digital health information systems; military digital health technology; mobile health information technology; digital health care technologies; digital health solutions; digital health care technology; mobile health solutions; consumer digital health; consumer health information technology; consumer health technologies; digital health information; healthcare information technologies; digital health care; digital health platform"
"887","76","friction coefficient; light attenuation; acoustic scatterer size; buckling pressure; elasticity coefficient; current density; pressure drop coefficient; homogenised continuum flexoelectricity; viscoelasticity; dynamic viscosity; attenuation coefficient; wall shear stress; hyper elastic mechanical properties; point spread function; axial shear rate; dipole effect; electric field strength; human infrared emittance; skin emissivity; electric conductivity"
"888","19","β-thalassaemia; α-thalassaemia; sickle cell trait; β-thalassemia; sickle cell anemia; beta thalassaemia; beta-thalassemia; alpha thalassaemia; sickle-cell disease; β-thalassemia major; thalassemia trait; haemoglobinopathies; sickle cell disease; sickle cell disorders; anemia, sickle cell; thrombophilia; hemophilia a; hemoglobin, sickle; cystic fibrosis"
"889","73","surge capacity; service capacity; capacity building; workforce training; workforce diversification; provider shortage; physician leadership; faculty development; workforce diversity; workforce development; mentoring incentives; reputation management; workforce retention; partnership development; capacity-building; organizational routine; voluntary commitment; staff workload; workforce planning; nurse staffing"
"890","65","home health care; home care nursing; home care; residential aged care; postacute care; acute nursing care; older adult care; residential care; long term care; home healthcare nursing; care home; elderly care; assisted living facilities; aged care homes; nursing homes; social care; care homes; residential care facility; aged care; home health care nursing"
"891","59","neurological disorders; cognitive disorders; neurological disorder; neuropsychiatric diseases; neurological diseases; psychiatric diseases; peripheral nervous system diseases; vestibular diseases; neuromuscular diseases; parkinsonian disorders; nervous system disorder; neurocognitive disorders; nervous system diseases; neurological and psychiatric disorders; neurologic disorders; neurological disease; central nervous system diseases; neurocognitive disorder; neuromuscular disorders; cns diseases"
"892","44","symptom monitoring; intake monitoring; musculoskeletal health monitoring; treatment monitoring; ulcer monitoring; adherence monitoring; diet monitoring; relapse monitoring; fall monitoring; disease monitoring; fall-risk monitoring; fertility monitoring; mental health monitoring; predictive monitoring; outpatient monitoring; symptom surveillance; mental disease monitoring; childbirth monitoring; palliative care monitoring; pregnancy monitoring"
"893","31","hyponatremia; hyperkalemia; uremia; hyperphosphatemia; b12 deficiency; potassium homeostasis; hypernatremia; adrenal insufficiency; fluid overload; acid-base imbalance; borderline dysnatremia; hypogonadism; hypothyroidism; hypovolemia; hypofibrinogenemia; hyperbilirubinemia; hyperuricemia; renal anemia; electrolyte imbalance; hyperglycemia"
"894","34","triple-negative breast cancer; triple negative breast cancer; serous ovarian cancer; non-small lung cancer; small cell lung cancer; estrogen positive breast cancer; her2-positive breast cancer; high-grade serous ovarian cancer; small-cell lung cancer; metastatic breast cancer; non-small cell lung cancer; non–small cell lung cancer; second primary non-small cell lung cancer; advanced or metastatic non-small cell lung cancer; metastatic colorectal cancer; muscle-invasive bladder cancer; non-small-cell lung cancer; non-small cell lung carcinoma; localized prostate cancer; metastatic prostate cancer"
"895","82","sensemaking; reluctance; staff morale; boredom; sovereignty; political trust; rumors; cheating; selfmanagement; mindset; coercion; incivility; continuance; trustworthy; trustfulness; mindlines; compassionate; persuasive; trust & distrust; empowered relief"
"896","30","satisfaction survey; service quality questionnaire; online physician ratings; online physician rating; physician survey; physician surveys; physician rating; preimplementation patient survey; physician ratings; physician response; provider surveys; patient ratings; usability and user satisfaction questionnaire; doctor ratings; patient participation tool; proms; virtual client experience survey; consumer ratings; patient-reported information; consumer health questions"
"897","127","provider pairing; chain cover; medical ai governance; trainee wellness; coalition game; professional capital; clinic bankruptcy; policy iteration; medical culture; corporate wellness; government perception; self-onn; health-related wechat public account; ai competencies; training service; airtime incentive; coalition attack; medical helpline; hospital transformation; work triage"
"898","45","skin lesion; skin lesions; pigmented lesion; cervical lesions; warts; skin ulcer; pigmented lesions; nodular lesion; pigmented skin lesions; diaper rash; skin appearance; red lesions; confluent lesions; velcro crackles; lumpy skin disease; cotton wool spots; peripheral pulmonary lesions; exanthema; lesion growth; benign skin lesions"
"899","79","fmlh; vmd; ldb; dhl; mmd; imf; rdf; fld; dcg; slr; rmlb; wsd; nfc; osg; ssm; fbm; rmds; lss; vlc; esb"
"900","57","image embedding; image-to-image translation; image skeletonization; image resizing; 2.5d image segmentation; pixel substitution; image domain transfer; dynamic image decoding; standard plane recognition; image standardization; image deblurring; image-to-image generation; 2-d/3-d registration; image-text fusion; image structures; image creation; image-based cfd; image stitching; ultrasound (us) image segmentation; image selection"
"901","31","sensor-based devices; sensing devices; embedded and wearable devices; ai-enabled medical devices; sensor-based technologies; integrated medical devices; sensor-based platforms; multimodal sensing devices; commercially available wearables; consumer-grade wearables; flexible sensing; haptic feedback and interface; interaction devices; commercial sensors; sensors and biosensors; haptic devices; artificial intelligence-based medical device; implantable biomedical devices; flexible circuits; paper and electronic devices"
"902","22","survival probability; survival rate; survival rates; survival risk; cancer survival; cure survival models; predicted survival probabilities; breast cancer survivability; survival markers; survival time; survivability prognosis; survival curve; cancer survivability; lung cancer survival; survival data; dynamic nomogram; gastric cancer survival; restricted mean survival time; hsv predictive model; ten-year-prognosis"
"903","41","proteomics analysis; proteome analysis; peptidomics; proteomic analysis; glycoproteomics; quantitative proteomics; peptide quantification; metaproteomic; single cell proteomics; peptide classification; spatial proteomics; protein identification; protein footprinting; glycopeptidomics; protein expression; protein quantification; global metabolomics; protein enrichment; resistome characterization; protein interaction mapping"
"904","40","single-stranded dna binding proteins; rna binding proteins; rna-binding proteins; dna binding proteins; dna-binding proteins; nucleic acid binding proteins; transcription factor-dna binding; rna binding protein; rna-binding protein; splicing factors; dna-binding protein; rna splicing factors; dna helicases; histone modifying enzymes; dna-directed rna polymerases; monomeric gtp-binding proteins; deubiquitylating enzymes; dna repair enzymes; chromatin remodeling; rna complexes"
"905","28","cardiovascular event; cardiovascular events; cardiovascular and cerebrovascular events; cardiovascular death; ischemic cerebrovascular events; major health events; major adverse cardiovascular event; major stroke; major adverse cardiac event; minor stroke; coronary event; adverse cardiovascular outcome; recurrent stroke; major adverse cardiovascular events; cardiovascular attack; cerebrovascular stroke; recurrent events; adverse cardiac event; cerebrovascular accident; heart attack"
"906","36","differential expression signature; transcriptional signature; gene signature; immune signatures; immune gene signature; gene signatures; gene expression signatures; transcriptional signatures; disease gene signature; genomic signature; metabolic signature; drug gene signature; drug signature; molecular signature; gene expression signature; consistent gene signature; clinical disease signatures; drug-gene signatures; drug-induced transcriptomic signatures; inter-tissue molecular signatures"
"907","48","time-lagged; time-varying predictors; multistage model; time-dependent covariates; time-varying effects; error adjustment model; time-dependent covariate; within-person; time-event dependency; time location factors; autoregression; mixed neighborhood information; nested events; conditional variable importance; time-varying; time variant and time invariant variables; time-varying data; variable neighborhood search; clustered outcomes; zero-inflated"
"908","53","corporate wellness programs; prescription drug monitoring program; wellness programs; immunization programs; ehealth support programs; capacity-building program; health care program; diagnostic screening programs; mobile meal program; prescription drug monitoring programs; employee orientation program; kidney exchange programs; preventive health program; opioid treatment programs; antibiotic stewardship program; antibiotic stewardship programs; regional medical programs; medication monitoring programs; value-based purchasing program; antimicrobial stewardship program"
"909","65","t-wave oversensing; t-wave; electrogram morphology; t-wave morphology; ventricular tachycardia exit sites; atrial activity; 2d-ecg; repolarization; p-wave; intra-qrs patterns; ventricular arrhythmas; epicardial potentials; p wave; ventricular fibrillation (vf); pace-mapping; voltage mapping; t-wave alternans (twa); 2d atrial mapping; qrs fragmentation; atrial mapping"
"910","81","noise filtering; multi-rate atrous convolution; wavelet transform denoising; spatio-temporal gaussian filter; laplacian edge detector; global feature transformer; prior shift regularization; linear spectral unmixing; pixel repetition method; gradient-aligned weight noise; curvelet transform; adaptive filtering; noise normalization; adaptive filter; sliding band filter; adaptive window; spatial-frequency enhancement; adaptive weight filtering; speckle denoising; subspace estimation"
"911","75","swara; nauru; somalia; bannmi; djibouti; tonga; mamba; cross mamba; kenyaemr; truvada; tigray; guam; belamaf; getis–ord; subsaharan africa; mauritius; keenoa; mena region; cromast; malay mauq"
"912","17","pediatric cancer survivors; cancer survivors; breast cancer survivors; pediatric cancer survivor; childhood cancer survivors; chinese cancer survivor; breast cancer survivorship; latinx cancer survivor; korean cancer survivor; cancer survivor; older cancer survivors; stroke survivors; ethnic minority cancer survivor; stroke survivor; cancer survivorship; pediatric brain tumor survivors; caregivers of stroke survivors"
"913","31","psychological well-being; social well-being; emotional well-being; mental well-being; affective well-being; worker well-being; physical well-being; well-being; family well-being; employee well-being; sexual well-being; psycho-emotional well-being; staff well-being; psychosocial well-being; subjective well-being; mental well being; clinician well-being; health and well-being; physician well-being; online well-being"
"914","46","quality of life assessment; health-related-quality of life; health-related quality of life; symptom burden; quality of life; quality-of-life questionnaires; pain burden; perceived health status; patient self-report; patient-reported outcome questionnaires; subjective health status; patient questionnaires; physical function profile; patient health questionnaire; patient-reported symptom; roland morris disability questionnaire; japanese allergic conjunctival disease standard quality of life questionnaire; world health organization quality of life survey; euroqol; sickness impact profile"
"915","26","vitals parameters; vital signs assessment; vital signs; non-contact vital signs; vital-sign data; vital signs monitoring; blood parameters; blood cell parameters; laboratory data; vital signs measurements; physiological parameters; vital sign; hematologic parameters and vital signs; monitoring vital signs; respiratory clinical parameters; routine blood parameters; hematologic parameters; haematological indices; laboratory values; vital sign comments"
"916","48","prevention strategies; universal prevention; preventive behavior; preventative health actions; preventive intervention; preventive services; prevention and treatment efforts; preventive healthcare management; preventative care; prevention strategy; proactive prevention; mitigating strategies; early intervention; protective strategies; school-based prevention; health promotion and disease prevention; communication strategies; prevention programs; early interventions; promotional strategies"
"917","53","distributed research network; health research data infrastructure; health data exchange; clinical data research network; clinical data research networks; medical informatics initiative; patient-powered research network; research consortium; patient-centered clinical research network; health information infrastructure; national health information infrastructure; bioregulatory network; health data repository; patient centered clinical research network; translational research platform; research networks; clinical data network; clinical research infrastructure; health data platform; federated research network"
"918","99","disease signal; biological valve; developmental landscape; pregnancy resources; neonate health; physiological signal; metabolic avatar; brain observation; cell mapping; cell susceptibility; brain gym; nutrition discourse; cell deconvolution; immune hotspot; disease driver; covid risk; transition cell; disease genome; syndemic; critical disabilities"
"919","18","urinary incontinence; fecal incontinence; female urinary incontinence; mixed urinary incontinence; sexual dysfunction; urgency urinary incontinence; voiding dysfunction; erectile dysfunction; de novo stress urinary incontinence; pelvic organ prolapse; female sexual dysfunction; continence; overactive bladder; female pelvic floor; sexual desire; urinary incontinence, stress; nocturia; urodynamics"
"920","73","gp consultation; telephone consultation; telehealth visit; patient-physician consultation; patient visits; telephone visits; phone consultation; telephone consultations; patient consultation; remote medical consultation; mobile medical consultation; telephone visit; healthcare consultation; patient appointments; telemedical consultations; well-care visit; clinic attendance; appointment reminders; physician visit; videoconferencing visits"
"921","35","active aging; bone aging; healthy aging; active and healthy aging; active ageing; normal aging; successful aging; functional ability, active and healthy aging; active and healthy ageing; arterial aging; cross-tissue aging; healthy ageing; population aging; brain aging; independent aging; accelerated aging; vascular aging; neural decline; relative risk difference in vascular aging; reframe aging"
"922","12","morphological sperm analysis; sperm morphology; sperm classification; semen analysis; sperm concentration; sperm morphology classification; home sperm test; sperm abnormality; sperm classification base-line; azoospermia; follicle count; oocyte retrieval"
"923","51","blood proteins; clotting factors; blood clotting; blood coagulation; coagulation factor; microaggressions; blood viscosity; blood cells; hemo-rheology; red blood cells; blood secretory proteins; coagulation system; human factor; von willebrand factor; colloidal aggregator; complement system; cellular product; red blood cell; colloids; blood platelets"
"924","28","potentially inappropriate prescription; potentially inappropriate prescribing; inappropriate prescribing; potentially inappropriate medication; appropriate prescribing; inappropriate use of prescription medication; rational drug use; individualised antimicrobial prescribing; alternative drug recommendation; counterfeit medicines; rational use of drugs; fitness-for-use; online promotion of prescription drugs; unsafe use; correct drug use; unwarranted clinical variation; unnecessary care; alternatives to sedation; neoplasm staging/therapeutic use; assessment of risks and interactions"
"925","22","ghana; ethiopia; tanzania; nigeria; malawi; nepal; sudan; pakistan; uganda; greece; thailand; russia; portugal; cameroon; malaysia; africa; netherlands; poland; egypt; atlanta"
"926","63","physician-patient relationship; patient-physician relationship; patient-provider relationship; patient-doctor relationship; patient-clinician relationship; nurse-patient relations; clinician-patient relationship; patient-physician relations; doctor-patient relationship; physician-patient relations; provider-patient relationship; doctor-patient relation; physician–patient relations; physician–physician relationship; patient and doctor relationship; patient–physician relationship; physician patient relationship; physician–patient relationship; patient-hcp relationship; doctor-patient relationships"
"927","45","ventricular extrasystole; premature ventricular complex; qrs complex; premature atrial complexes; qrs complexes; atrial flutter; complex fractionated electrograms; ventricular premature complexes; ventricular activation; qrs-complex; atrial premature complexes; qrs morphology; t-wave alternans; qrs-wave; premature ventricular contractions; reentrant arrhythmias; left bundle branch block; left branch bundle block; premature ventricular contraction; accessory atrioventricular bundle"
"928","58","mortality register; dialysis registration system; cancer registry; health registries; medical data registry; national health insurance database; trauma registry; cancer registries; medico-administrative database; disease registries; intensive care unit database; national patient register; medical registration system; electronic immunization registries; central pathology database; national claims database; healthcare surveys; national poison data system; national als registry; apple health records"
"929","55","electronic health information systems; electronic health records system; healthcare information system; personal health record systems; electronic health record system; oncology information systems; electronic patient record systems; electronic health record systems; electronic medical record system; electronic medical record systems; electronic health system; radiology information systems; personal health record system; digital health information system; clinical pharmacy information systems; healthcare information systems; electronic referral system; electronic healthcare system; electronic health systems; electronic symptom management systems"
"930","44","quality and patient safety; quality assurance and evaluation; benefits and drawbacks; monitoring and evaluation; interoperability and reproducibility; safety and quality; risks and benefits; standard of care; indicators and metrics; therapeutic efficacy and safety; quality of performance; benefit harm outcomes; quality and safety; security and reliability; quality of research; ease-of-use; quality of information; advantages and disadvantages; reliable sources of information; quality of patient data"
"931","40","drug labelling; consumer product safety; drug regulation; drug packaging; drug labels; drug product labeling; food and beverage marketing; regulatory policy; regulatory documents; food additives; pharmaceutical packaging; food marketing; public health regulation; safety information; product labelling; drug traceability; drug label; consumer products; regulatory agencies; regulatory guidance"
"932","37","chickenpox disease model; preclinical disease model; cancer models; disease model; infectious disease model; cancer progression models; cancer treatment modeling; lung model; uterine model; disease progression modeling; cancer progression modeling; systemic models; cancer in vitro model; metabolic modeling; hepatic fibrosis model; middle ear model; metabolic modelling; cell–cell interaction modeling; acute lung injury model; lung modelling"
"933","37","ventricular function; ventricular ejection fraction; ejection fraction; myocardial strain; diastolic function; left ventricle ejection fraction; left ventricular torsion; atrial wall thickness; left ventricular ejection fraction; m-mode echocardiography; cardiac force index; lvw; myocardial performance index; end-diastolic volume; peak wall stress; myocardial stiffness; fractional flow reserve; left ventricle mechanics; peak systolic velocity; 2d echocardiography"
"934","40","carotid plaques; carotid atherosclerosis; carotid plaque; carotid artery plaque; lipid plaque; coronary artery stenosis; carotid stenosis; coronary stenosis; asymptomatic carotid atherosclerosis; carotid plaque composition; calcified plaque; coronary artery lesions; coronary atherosclerosis; plaque composition; carotid artery stenosis; plaque geometry; non-calcified plaques; plaque morphology; non-calcified plaque; plaque area"
"935","47","blood glucose estimation; blood glucose prediction; glucose variability; glucose monitoring; blood glucose regulation; blood glucose control; glucose control; blood glucose monitoring; glucose prediction; glucose level prediction; blood glucose dynamics; insulin infusion; fasting blood glucose response; blood glucose; glycemic variation; glucose tolerance test; glucose homeostasis; glucose administration; glucose level; blood glucose level"
"936","48","network modules; network module; functional modules; functional module; cancer driver modules; mirna modules; gene modules; disease modules; gene functional modules; perturbed subnetworks; functional relationship network; sfpq interactome; potential disease modules; survival-related modules; biological modules; parkinson differentially expressed network modules; mirna cooperative modules; multi-scale k-mer modules; functional mirna–mrna regulatory modules; disease module"
"937","36","multi-level alignment; point set alignment; multislice alignment; seed-and-extension alignment; rna alignment; short sequence alignment; feature alignment; sequence-to-graph alignment; segment alignment; feature alignments; word alignment; splice graph alignment; point-cloud alignment; automated alignment; geometric alignment; kernel alignment; sliding-window assembly; image sequence alignment; pseudoknot alignment; dynamic alignment"
"938","38","bulk sequencing; whole genome sequencing; shotgun sequencing; amplicon sequencing; direct rna sequencing; srna sequencing; genomic sequencing; rna sequencing; degradome sequencing; low-pass whole-genome sequencing; shallow whole genome sequencing; transcriptome sequencing; target enrichment sequencing; mirna sequencing; shallow whole-genome sequencing; low-coverage whole-genome sequencing; whole-genome sequencing; long-reads sequencing; paired-end sequencing; whole genome bisulfite sequencing"
"939","39","histone modification; histone modifications; epigenetic modifications; epigenetic modification; histone methylation; dna methylation modification; protein methylation; epigenetic marks; rna methylation; dna modifications; arginine methylation; epigenetic regulation; rna modification; cytosine methylation; rna modifications; dna modification; dna methylation; histone modification marks; histone marks; non-histone acetylation"
"940","20","anti-proliferative activity; antimicrobial activity; antiviral activity; anticancer activity; antiviral capacity; antioxidant activity; anti-inflammatory activity; anticancer potential; anti-lung cancer activity; anti-tumour activity; mutagenicity; biological activity; genotoxicity; anti-cancer compound; hormone-like activity; biological assay; mosquitocidal efficacy; active compounds; in silico allergenicity; antioxidant capacity"
"941","73","k-mer representation; multi-cell-type annotation; differential expression k-mers; local k-mer strategy; hypergraph-based strategy; read-level de bruijn graph indexing; block-level duplication; gene fingerprint model; wgcna package; cross-chromosome generalization; low-abundant k-mer preservation; cluster sets comparison; cell-type incremental annotation; pairwise ncrnas classification; binding-site similarity detection; cnv inferring; cross-silo prediction; pan-genome landscape; k-mer; mixed k-mers"
"942","66","cell lineage; cell identity; stem cell development; cell plasticity; cell synchrony; cell phenotype; germ cells; cell type; cell cycle; cell differentiation; cell proliferation; cell polarity; cell fate transition; cell apoptosis; cell identification; cell classification; cell division; cell death; mitotic cells; cell interaction"
"943","55","practice guidelines; clinical practice guidelines; clinical-practice guidelines; medical practice guidelines; clinical guidelines; treatment guidelines; health planning guidelines; adherence to guidelines; clinical treatment guidelines; who guidelines; ctsa guidelines; screening guidelines; medical guidelines; combining clinical guidelines; inconsistencies in guidelines; acsm guidelines; clinic recommendations; clinical guideline recommendations; cpic guidelines; uspstf guidelines"
"944","51","african covid-19 transmission speed; african covid-19 transmission acceleration; mena covid-19 transmission speed; pacific asian covid-19 transmission speed; infection segmentation; infection hotspot; human-virus ppis; influenza prediction; asian pacific covid-19 transmission acceleration; infection detection; covid-19 pneumonia segmentation; central asia covid-19 transmission speed; central asia covid transmission acceleration; hevc; infection imaging; infected population; yolov8s; yolov8; flu prediction; pandemic prediction"
"945","68","clinical decision-making system; clinical decision support tool; clinical prediction rule; decision tool; risk assessment model; clinical practice guideline; clinical decision rules; clinical prediction modelling; decision pathways; clinical predictor system; clinical prediction rules; treatment decision rules; clinical decision support software; clinical decision support services; clinical decision model; aid decision algorithms; clinical prediction tools; recommendation systems; drug recommendation system; clinical indicators"
"946","32","electroencephalogram classification; electroencephalography signals; encephalogram signals; electroencephalogram signal; electroencephalography signal; electroencephalogram signals; eeg recognition; electroencephalography –; motor imagery electroencephalogram classification; electroencephalo- gram; electroencephalo-gram; electroencephalogram (eeg) decoding; electroencephalogram (eeg) signal representation; multi-scored eeg database; eeg signals; electrohysterographic ehg signal; polysomnography signals; electroencephalogram (eeg) compression; video-eeg; rhythms of the eeg signal"
"947","56","web-based consultation; web-based conversations; video-based; web-centered; web-based community; online training; web-based patient communities; video-based feedback; web treatment; text-based; web-based workshop; digital-based exercise; web-based ratings; pro-based dashboard; e-booking; multi-purpose tool; app-based; website-based; e-learning platforms; web-based health"
"948","33","video telemedicine; video messages; videoconferencing; video technology; video therapy; videoconference; short video; video surveillance; interactive video; video resolution; screen videos; short videos; visual communication; short-form video; gait videos; video motion; live interactive; smartphone camera; short-form videos; single-color video"
"949","38","suicide behavior; suicidal behavior; suicide attempts; assisted suicide; suicide; suicidal behaviour; suicide attempt; suicide death; gun violence; mass incarceration; violent behavior; suicide ideation; suicidal behaviors; criminal justice; sex offenses; youth suicide; refugee crisis; juvenile detention; firearm violence; homelessness"
"950","39","postoperative complication; postoperative complications; perioperative complications; postoperative infectious complications; postoperative pulmonary complications; surgical complications; postoperative infections; surgical complication; post-surgical complications; surgical duration; hospital acquired complications; post-operative complications; postoperative dysfunction; short-term postoperative complications; microvascular complications; postoperative wound infection; perioperative period; operative time; postoperative period; surgical morbidity"
"951","38","pi3k-akt pathway; pi3k-akt signal pathway; mtor pathway; nf-κb pathway; mtor signaling pathway; nf-κb/mapk signaling pathway; mapk pathway; nrf2 pathway; atm/atr/p53 pathway; nf-κb signalling pathway; hif-1α signaling pathway; map kinase signaling system; rhogdi pathway; pi3k/akt signalling; pi3k/akt/mtor axis; cgas-sting pathway; rap1 signaling; mapk signaling pathway; jak2/stat3 signaling; map3k1/map2k4/jnk signaling"
"952","57","universal sentence embeddings; graph semantics; overlapping semantics; word embeddings; semantic rules; semantic predications; semantic embeddings; transformative embeddings; entity embeddings; noun phrase semantics; subword embeddings; semantic graph patterns; interpretability in kg embeddings; syntactic structure; character embedding; semantic predication; global embeddings; learnable tokens; semantic predicates; dependency parsers"
"953","75","peptide folding; kinase conformational landscape; dna duplex stability; aggregation propensity; protein conformation; protein structure stability; interface binding dynamical behavior; protein multimerization; receptor flexibility; oligomerization state; structural flexibility; structural accessibility; dimerization inhibition; protein folding; structural heterogeneity; rna conformational switching; chemical structure recognition; structural ensembles; allosteric regulation; protein stability"
"954","48","epid dosimetry; 3d dose prediction; radiation tolerance; radiotherapy dose prediction; radiation exposure; radiation dose; radiation dosage; out-of-field dose; dosimeter; healthy tissue sparing; radiation dermatitis; motion tolerance; srt dose; normal tissue sparing; radiation visualization; gamma radiation localization; ehr in radiotherapy; dose reconstruction; brachytherapy; gradient compensation"
"955","41","digital triage; digital cessation; digital triggers; digital response; digital biomarkers; digital game; digital exercise; digital gaps; digital footprint; digital assistant; digital dementia; digital disparities; digital agent; composite digital biomarker; digital marker; digital trial; full digital approach; digital twin; digital transformation; digital dermatology"
"956","21","egfr mutation; kras mutation; her2 amplification; egfr mutations; tp53 mutation; idh mutation; idh mutation status; her2 overexpression; ki-67 antigen; receptor status; her2 assessment; k-ras; hormone receptor status; her2 low-expression; her2 receptor status; ki-67; ki-1 antigen; er pr her2 ihc markers; keap1 mutation; flt3-itd"
"957","34","ethical issues; ethical problems; ethical challenges; ethical challenge; ethical dilemmas; ethical considerations; performance issues; public health ethics; bioethical issues; social issues; security issues; ethical principles; policy and legal issues; ethical dilemma; ethical implications; ethical and legal issues; regulatory challenges; organizational and social issues; organisational and social issues; nursing issues"
"958","30","point-of-care resources; point of care test; point-of-care information; point-of-care technology; point-of-care tools; portable diagnostics; point-of-care tool; point-of-care systems; point-of-care ultrasound; point-of-care service; point-of-care imaging; point-of-care diagnostics; point-of-care; point of care technology; poc testing; point-of-care testing; non-invasive detection; point of care testing; smartphone-based testing; point-of-care summaries"
"959","101","proxy portal accounts; app store trial; secure-channel free; network calibration; period tracking app; period-tracking app; mobile phone penetration; remote working; contextual transformer module; pointer network; token-centric tagging; contextual information fusion; remote work; le2i fall detection dataset; sparkframework; federated feasibility queries; infrastructure model; user-composable ehr; composable ehr; geosocial networking apps"
"960","31","real-time video streaming; depth-camera; real-time video detection; depth camera; depth camera system; audiovisual; live video conferencing; rg-ir band camera; touchscreen; visual display; smart phone camera; video blurring; ambient digital scribe; interactive whiteboard; tof camera; digital camera; motion capture; cameras; facial videos; video frames"
"961","35","alzheimer disease rehabilitation; brain disorder detection; alzheimer's disease detection; brain disorder identification; parkinson’s disease classification; parkinson’s disease monitoring; alzheimer’s disease detection; parkinson's disease detection; parkinson’s disease detection; dementia classification; parkinson-plus syndromes; alzheimer’s disease classification; parkinson’s disease subtype recognition; schizophrenia detection; parkinson disease management; gene-related parkinson's disease diagnosis; rheumatoid arthritis validation; alzheimer's disease omics; dementia caregiving; dementia stage"
"962","48","biological models; physiological models; biological complexity; computational disease models; disease modeling; biological systems; biomathematical modeling; prokaryotes; biologic network; human disease modeling; biological perturbations; biomarkers and biological interpretation; biochemical systems; transgenic organisms; prokaryotic cells; quantitative models; gene models; cellular system; bacterial genes; basic science and animal modeling"
"963","42","suicide prevention; violence prevention; tobacco harm reduction; smoking prevention; oral health promotion; crisis prevention; malaria prevention; hiv prevention; breast cancer prevention; tobacco prevention; drug promotion; skin cancer prevention; melanoma prevention; tobacco control; hiv/sti prevention; precision prevention; tobacco promotion; preventive healthcare; public health screening; infection prevention"
"964","39","3d torso model; three-dimensional airway model; 3d anatomy model; anatomical model; 3d shape model; computational anatomy model; 3d model; 3d pelvic model; anatomic models; realistic airway model; anatomical models; 3d spinal model; 3d virtual models; deformable model; personalized lumbar vertebrae model; 3d morphable model; 3d models; anatomical 3d models; skull model; patient-specific heart-thorax model"
"965","126","eyeseecam; prochoice; smart band; smart ward; ledger; fsr sensors; smart pill; smart mirror; sensor-less; alphafold db; cheers guidelines; visi mobile; teleteaching; virtual ward; nurse technology fund; hadoop in healthcare; chatbot technology; painchek infant; iphones; cmos"
"966","43","lymphoma classification; cancer staging; breast tumor classification; glioma classification; neoplasm grading; brain tumor classification; disease grading; skin cancer classification; cervical lesion cell classification; cancer stages; cancer staging detection; renal tumor subtype classification; lung cancer stages; pathologist-level diagnosis; glioma stratification; neoplasms; glioma grading; tumor database; subtypes classification; who subtypes"
"967","23","very preterm infants; premature newborn; premature newborns; preterm infant; preterm neonate; premature babies; preterm neonates; premature infants; premature neonates; preterm newborn; preterm infants; infant, premature; premature birth; premature baby; full-term newborn; newborns and infants; low-birth-weight infant; infant, newborn; infants; febrile young infant"
"968","64","behavioral pattern; feeding behavior; behavioral patterns; exploratory behavior; food recognition; social preference; feeding behaviour; preference elicitation; social withdrawal; food preference; behavior pattern; behavioural aspects; behavioral trajectory; daily behavior; time preference; behavior patterns; movement behavior; behavioural response; food tracking; movement behaviors"
"969","112","diversity initiatives; collaborative innovation; collective awareness platforms; digital flourishing; participant-centric initiatives; curriculum reform; transnational upscaling; governance systems; leaning strategy; empowerment processes; technological solutions; human-technology relationship; diversity equity inclusion; medical foundational model; collaborative knowledge construction; health curriculum reform; health systems resilience; medical dialogue systems; multi-phase multi-scale assistance network; community driven"
"970","55","t1 mapping; ct image; t1-mapping; spect/mri fusion; mrt; t2t-chm; ct images; brain ct; ct; ct brain; prostate transrectal ultrasound image; ct imaging; computed tomography; parametric imaging; ute mri; ct and mri volumes; pet/ct image; ct lung; cardiac mri segmentation; parametric images"
"971","55","patient flow; patient diagnostics; patient diversity; patient representation; patient similarity; patient activation; patient community; patient representations; patient throughput; patient sensitivity; patient insights; patient expertise; patient need; patient timeline; patient pathway; patient portal; patient pathways; patient online; patient communities; patient network"
"972","21","human papilloma virus; papilloma virus; epstein-barr virus; human papillomavirus; human papillomavirus; simian immunodeficiency virus; htlv-1 virus; human papillomavirus viruses; lymphocytic choriomeningitis virus; oncogenic viruses; human immunodeficiency virus; human papillomavirus 16; endogenous retroviruses; pol gene products, human immunodeficiency virus; env gene products, human immunodeficiency virus; gag gene products, human immunodeficiency virus; kirsten rat sarcoma viral oncogene; colorectal neoplasms, hereditary nonpolyposis; abelson murine leukemia; spike glycoprotein, coronavirus"
"973","38","pathogen identification; bacterial identification; microbial species identification; bacterial pathogen identification; bacteria identification; strain-level identification; phage taxonomic classification; marker identification; virulence factor identification; phage–host identification; phenotypic subtyping; colony detection; proteoform identification; taxonomic assignment; eukaryotic virus identification; taxonomic analysis; culture sensitivity; taxonomic classification tools; tissue microorganisms; urine culture"
"974","53","multi-resolution; multi-view integration; multi-mode; multi-modal; multi-band; multi-modal information; multi-view information; bi-modal fusion; multi-modal fusion; multi-modal data; multi-modal integration; multi-plane; multi-modality integration; multi-view classification; multi-dimensional; multi-frequency; multi-modality similarities; multi-modality attributes; multi-modality visualization; multi-landmark localization"
"975","86","temporal association rules; mental state detection; task grouping; performance presentation; monitor-independent movement summary; contact-tracing app; directional separation focus; multi-utterance inference; preference elicitation software; phase retrieval; pointing behaviour detection; tactile enhanced; preference visualization; pretraining model; mental state prediction; feature coupling; distance map attention injection; process traces; trajectory branches; performance weight"
"976","67","host genetics; biotribology; forensic pathology; biological anthropology; cyberattacks; microbes; disease ecology; biota; forensic entomology; parasitology; bacteriology; forensic genetics; food microbiology; ergonomy; virome; telecardiology; museums; citizen opinion; vaccinomics; cybercivility"
"977","99","spike protein; enzymatic cleavage features; a1pp domain; multidomain selective feature fusion; domain shift; peptide encoding; disulfide bonding pattern; n protein; epitope spreading; epitope classification; antibody and multi-enzyme cleavage peptide; proteoform localization; protein encoding; c-linked; lysine glutaryation; molgpt; ppi site; binding site detection; poly(a) cluster; linkedin"
"978","90","opioid therapy; pharmacological therapy; immunosuppressive therapy; drug therapy; biological therapy; medical nutrition therapy; cpap therapy; maintenance therapy; systemic therapy; nutritional therapy; endocrine therapy; helmet therapy; opiate substitution therapy; medical therapy; opioid agonist therapy; drug combination therapy; combination drug therapy; receptor antagonist therapy; combined drug therapy; antioxidant therapy"
"979","33","quality indicators, health care; outcome and process assessment, health care; quality assurance, health care; outcome assessment, health care; process assessment, health care; professional-patient relations, primary health care; potentially preventable hospitalizations, medical informatics; decision making, telemonitoring; professional-patient relationship, professional guidelines; clinical data sharing, research barriers, data linkage, data sources, data management, environmental scan, research facilitation; patient-centered care, patient-generated health data; innovation, healthcare, national strategy; screening, public health settings; decision making, education of patients, electronic health record, computer graphics, clinical laboratory information systems; effectiveness, home care; technology, health; public policy, decision making, organizational; infectious diseases, cohort studies, acute otitis media, underreporting, patient compliance; physician-patient relationship, online treatment; clinical decision support, data visualization, electronic health records"
"980","47","surgical performance; surgical skill; surgical skills; surgical process; surgical expertise; surgical microscope; operation management; surgical robot; surgical communication; surgical instrument; surgical technical skills; operating point; operation room; operating room; surgical; surgical tray optimization; surgical videos; surgical guide; operative unit; intra-operative"
"981","25","biopsy; tumor biopsy; fine needle aspiration cytology; fine needle aspiration biopsy; cytology; fine needle aspiration; frozen section; bone marrow trephine biopsy; biopsy needle; fine needle aspiration (fna); histopathological features; surgical pathology; temporal artery biopsy; biopsy guidance; pathological slides; cytopathology; tissue malignancy; transbronchial biopsy; surgical microscopic image; sentinel lymph node biopsy"
"982","14","focus group interview; home interviews; qualitative interviews; focus group discussions; key informant interviews; in-depth interviews; structured clinical interviews; focus groups; expert interviews; organizational ethnography; qualitative data; focus group; reflexive thematic analysis; open discussion"
"983","69","nucleotide augmentation; growth factor transport; activity estimation; glycerol transport; pafa; vitamin b complex; sugar reduction; coa-hs; phecode; carotenoids; alpha-gal; vitamin k 3; faecal velocity; body-fluid proteome; federated analysis; acidaemia; xception-net; degradation-derived augmentation; neuraminidase inhibitor; feeding"
"984","24","foot ulcer; foot ulcers; venous ulcers; pressure ulcers; chronic leg ulcer; leg ulcer; chronic ulcer; diabetic foot ulcer; diabetic foot ulcers; diabetic ulcer; digital ulcers; lower extremities ulcers; arterial ulcers; pressure ulcer; chronic wounds; burn wounds; chronic leg ulcers; chronic wound; diabetic foot; burn scars"
"985","82","tutors; physician champions; learner; knowledge brokers; champion teams; nurse champion; health coach; physician builders; informationist; gamers; virtual health advisor; community scientists; champions; embedded librarian; physician leaders; librarians; blaze advisor; educator; train-the-trainers; wellness influencers"
"986","36","eagles; pikans; carps; owl; turtles; sharks; snakes; blackbird; merfish; parrots; galliformes; calcium flecks; northern krill; turkeys; monkeypox; buffaloes; secoiridoids; jawbone; mole rats; opossums"
"987","53","type-2 diabetes; type-1 diabetes; type 2 diabetes; type 1 diabetes; diabetes complications; type 1 diabetes mellitus; type ii diabetes; diabetes mellitus; gestational diabetes; type 2 diabetes mellitus; adult onset diabetes; diabetes treatment; pre- diabetic complications; diabetic complication; diabetic complications; pre-diabetes; gestational diabetes mellitus; diet and type 2 diabetes; childhood diabetes; type-2 diabetes mellitus"
"988","87","politicization; mutual authentication; mutual accountability; collective empowerment; humanization; social mobilization; professional autonomy; institutional entrepreneurship; public acceptance; self-creation; equity and inclusion; structural legitimacy; individual reputation; democratization; unforgeability; economic competition; professionalization; self-promotion; economic incentives; doctor reputation"
"989","24","nuclear structure; adherent cells and nuclei; nuclear morphology; cell clusters; nuclear organization; cellular morphology; cytoplasmic inclusions; overlapped nuclei; cell morphometric features; morphological changes; complex morphological changes; cytoplasm; cytoplasmic granules; nuclei; non-overlapping cells or features; touching cell nuclei; red nucleus; nucleosomal pattern; nuclear bodies; nuclear membrane"
"990","52","mirna synergistic network; heterogeneous herb-target network; drug-mirna network; drug-target networks; tf-mirna co-regulatory network; interaction network; host factor interaction networks; drug–drug network; pathway–pathway interaction network; drug-protein pair network; mirna network; drug–target–disease networks; mirna-mirna cooperative regulatory network; drug-phenome network; tf-mirna-gene network; drug target network; drug–target interactions network; microbial heterogeneous interaction network; receptor-to-tf network; tf and mirna regulatory network"
"991","46","k-mer composition; k-mer nucleotide composition; k-mer frequency; cpg contents; compositional mutation bias; codon degeneracy; codon usage bias; sequence length heterogeneity; long-range barcode information; sequence diversity; variable length coding; length cutoff; codon usage analysis; ka/ks ratio; match length; fragment length distribution; signal coverage index; gc content filtering; repetitive-region coverage; alignment identity threshold"
"992","32","knee rehabilitation; hand rehabilitation; pediatric rehabilitation; exercise rehabilitation; neurological rehabilitation; rehabilitation assistance; balance rehabilitation; gait rehabilitation; stroke rehabilitation; rehabilitation therapies; neurorehabilitation; rehabilitation training; rehabilitation; rehabilitation therapy; cardiovascular rehabilitation; geriatric rehabilitation; patient rehabilitation; rehabilitation therapists; prehabilitation; rehabilitation technology"
"993","70","cross-model segmentation; multi-view segmentation; image registration; deep learning image registration; cross-modality segmentation; shape registration; point cloud registration; multi-modal segmentation; deformable soft tissue image registration; automatic image registration; image denoising; deformable medical image registration; multi class segmentation; fully automatic segmentation; pseudo label denoising; 2d-3d registration; deformable registration; incomplete multi-modality segmentation; network denoising; hard region segmentation"
"994","43","research impact measurement; research agenda; translation research; research impact assessment; research impact evaluation; clinical practice research; health impact assessment; research priority; impact evaluation; research priorities; research priority model; research evaluation; research application; action research; research impact; policy evaluation; research applications; academic impact; health impact; societal impact"
"995","43","antimicrobial peptides; antibacterial peptides; hemolytic peptides; bacterial toxins; angiogenic peptides; antimicrobial peptide; antifungal peptides; venom toxins; nutritional peptides; antidiabetic peptides; bacteriocins; sensory peptides; ion channel-modulating peptides; bradykinin related peptides; defensins; peptide hormones; plant antimicrobial peptides; anti-inflammatory peptides; anti-cancer peptides tissue types; il-6 inducing peptides"
"996","40","ventricular assist device (vad); carotid artery stenting (cas); lung transplantation (ltx); left ventricular assist device (lvad); implantable medical device (imd); cardiopulmonary resucitation (cpr); transcatheter aortic valve implantation (tavi); advanced cardiac life support (acls); percutaneous coronary intervention (pci); cardiopulmonary resuscitation (cpr); cardiopul- monary resuscitation (cpr); non-invasive ventilation (niv); arteriovenous graft (avg); thoracic endovascular aortic repair (tevar); continuous renal replacement therapy (crrt); target controlled infusion (tci); infant cardiopulmonary resuscitation (cpr); percutaneous transluminal angioplasty (pta); implantable medical devices (imds); arteriovenous shunt (avs)"
"997","58","message-based psychotherapy; virtual group psychotherapy; mirror therapy; online cbt; video chat therapy; face-to-face psychotherapy; tele-support psychotherapy; interactive treatment; remote psychotherapy; online psychotherapy; cue exposure therapy; cognitive restructuring; erp therapy; internet cbt; face-to-face therapy; scientific yoga module; ehealth cbt; mindfulness meditation; internet mindfulness; self-treatment"
"998","72","internet-based health management; digital health coaching; online health management; internet health management; web-based health coaching; digital coaching; digital health integration; web-based mental health; self-guided digital services; digital wellness programs; digital care program; digital behavioral coaching; digital adherence support; digital mental wellness programs; health information integration; digital health initiatives; computer-tailored health communication; online pain management; health care digitalization; digital social care"
"999","25","coronavirus pandemic; influenza evolution; coronavirus outbreak; influenza a virus, h1n1 subtype; influenza a virus, h5n1 subtype; novel coronavirus pneumonia; rotavirus a; coronavirus genbrowser; influenza a virus, h3n2 subtype; influenza a virus, h7n9 subtype; influenza epidemic; influenza a virus, subtype h7n9; coronavirus literature; coronavirus ontology; influenza a; sars-cov-2 transmission; novel coronavirus classification; reovirus classification; influenza a and b; s. enterica subsp. enterica serotype typhi h58"
"1000","58","genetic marker; marker gene selection; haplotype block; snp informatics; snp classification; snp screening; gene variant; genotype estimation; haplotype comparison; snp validation; gene-marker; gene imputation; haplotype tagging; gene markers; allelic test; marker selection; gene allele; genetic map; snp markers; multi-marker ld"
"1001","52","automated cancer detection; automated wheezing detection; automated melanoma diagnosis; automated breast detection; automated neonatal seizure detection; automatic treatment stratification; automated cancer classification; automatic depression detection; automated vitiligo segmentation; automatic polyp detection; patient-specific seizure detection; automated oral cancer diagnosis; automated breath detection; automatic tb screening; medical error detection; automated icd assignment; malicious node detection; supervised saliency detection; low-latency seizure detection; automatic adverse event and medical error detection"
"1002","58","microcephaly; head deformities; craniosynostosis; hypertelorism; spinal dysraphism; congenital abnormalities; generalized joint hypermobility; short stature; spinal curvatures; eye abnormalities; chiari malformation; fetal spina bifida; dwarfism; central precious puberty; growth failure; dysmorphology; developmental delay; mental retardation; body dysmorphic disorders; spina bifida"
"1003","74","social connection; interpersonal connection; social cohesion; interpersonal continuity; social participation; interpersonal interaction; social isolation; episodic support; social presence; interpersonal relations; social circles; social modeling; social interaction; relational capacity; interpersonal relationships; emotional support; social competence; social influence; social activity; social connectedness"
"1004","34","histone deacetylase 2; forkhead transcription factors; gata1 transcription factor; ikaros transcription factor; e2f2 transcription factor; cyclin-dependent kinase 2; histone deacetylase 8; cyclin-dependent kinase 5; yy1 transcription factor; tead transcription factors; nuclear receptor coactivator 1; janus kinase 2; transcription factor; basic-leucine zipper transcription factors; cyclic amp response element-binding protein; stat5 transcription factor; nf-kappa b; zinc finger protein gli3; cdk3/cyclin e; histone deacetylase"
"1005","42","drug resistance; tumor drug resistance; intrinsic resistance; drug-resistance; anti-cancer drug sensitivity; antibody-resistance; cross-resistance; anti-cancer drug response; radio-resistance; cancer drug resistance; drug sensitivity; platinum resistance; multi-drug resistance; drug-resistant; cancer drug sensitivity; drug-induced resistance; anti-cancer drug synergy; drug resistance mechanism; therapy resistance; cancer therapeutic resistance"
"1006","41","snp analysis; methylation analysis; qtl analysis; mutation frequency analysis; baci analysis; mutation analysis; multi-allelic variant analysis; promoter analysis; mirna sequence analysis; single individual haplotyping; multi-point linkage analysis; linkage analysis; clonality analysis; dna methylation analysis; integrated phage analysis; epistasis analysis; microarray analysis; region-level methylation analysis; haplotyping; molecular typing"
"1007","54","psychotic disorder; dysthymic disorder; mood disorder; depressive disorder; psychotic disorders; affective disorder; psychotic depression; unipolar depression disorder; major depressive disorders; major depressive disorder; anxiety disorder; bipolar disorder; bipolar disorders; bipolar depression; depressive disorders; common mental disorder; personality disorder; psychiatric disorder; bipolar spectrum disorder; mental health disorder"
"1008","70","illness; neurodegenerative; antiretroviral; pathogenesis; efficacy; antiviral; ffq; biomarker; drug; multicenter; violence; nutrition; success; infectious; cognitive; harms; safety; hazards; perception; infancy"
"1009","33","cognitive decline; cognitive dysfunction; early cognitive decline; cognitive impairments; neurocognitive impairment; subjective cognitive decline; mild cognitive impairments; mild-cognitive impairment; cognitive function impairment; early mild cognitive impairment; cognitive diseases; cognition impairment; age-related cognitive impairment; post-stroke cognitive impairment; early cognitive change; cognitive impairment not dementia; mild cognitive impairment; vascular dementia; neuropsychiatric impairment; cancer-related cognitive impairment"
"1010","40","tissue architecture; tissue structure; bone structures; tissue components; elastic tissue; bulk tissue; biological tissue; vascular structure; deformable biological tissues; soft biological tissues; penile tissue; internal structures; osseous tissue; 3d cell cluster; vascular structures; bone organoid; bi-layer tissues; lesion formation; cellular structures; tissue micro-environment"
"1011","51","translation regulation; mrna stability; ribosome biogenesis; mrna splicing; transcriptional readthrough; rna stabilization; rna transport; mrna degradation; rna stability; protein synthesis; protein degradation; nuclear transport; rna splicing; ribosome loading; rna editing; cap-independent translation; differential splicing; spliced leader trans-splicing; isoform switching; spurious protein translations"
"1012","40","healthy lifestyle; lifestyle behaviour; lifestyle promotion; health-promoting lifestyle; lifestyle behavior; health lifestyle; active lifestyle; healthy lifestyles; healthy habits; healthy diet; healthy behavior; healthy life style; mental health promotion; active health; diet behaviour; physical activity promotion; behavioral habits; sedentary lifestyle; healthy living; modifiable lifestyles"
"1013","59","health policy development; global health crisis; health planning; rural development; health strategies; health programme; public health crisis; health sector; health challenges; health and economic development; government response; health data strategy; regional health planning; global health diplomacy; human resources; public crisis; health priorities; children's rights; community health pathways; public health response"
"1014","38","clinical research nursing; research translation; research competency; research automation; clinical research workforce; clinical research professional; clinical research informatics; clinical research nurse; practice-based research networks; clinical and translational research training; research workforce; research capacity; practice-based research network; research equity; pharmacy practice research; clinical research professionals; research continuum; clinical research coordination; research community; research hotspots"
"1015","38","silent myocardial infarction; st segment elevation myocardial infarction; st elevation myocardial infarction; acute myocardial infarction; non-st elevation acute coronary syndrome; non-st elevated myocardial infarction; myocardial infraction; st-elevation myocardial infarction; coronary artery syndrome; unstable angina pectoris; st-segment elevation myocardial infarction; myocardial infarction; takotsubo cardiomyopathy; acute coronary syndrome; takotsubo syndrome; ischemic cardiomyopathy; acute myocardial ischemia; acute coronary syndromes; unstable angina; sudden cardiac death"
"1016","23","low and middle-income countries; low-and-middle-income countries; low-and-middle income countries; low- and middle-income countries; low-and middle-income countries; low and middle income countries; low-income countries; lower- and middle-income countries; low-to-middle-income countries; high-income countries; low-middle income countries; middle- to high-income countries; low-resource countries; low- and lower-middle-income countries; middle-income countries; low- and middle-income country; low- to middle-income country; resource-limited countries; low-and middle-income; low- and middle-income"
"1017","29","gene relative expression order; relative expression order; reaction site bias; qpcr normalization; gene expression enhancement; gene expression attenuation; size-matched input normalization; ct-bert; cell marker gene; gene marker; relative expression ordering; array-type specific panels; low-signal gene; mirna normalization; marker gene recovery; gene name normalization; rt-pcr test; marker gene name; genes, duplicate; molecular fragment graph"
"1018","37","ophthalmoscopy; retinal fundoscopy; slit-lamp; visual odometry; corneal tomography; intraoperative optical coherence tomography; optometry; anterior segment optical coherence tomography; slit lamp microscopy; oculometry; corneal confocal microscopy; slit lamp; aberrometry; keratometry; corneal topography; digital dermatoscopy; corneal imaging system; teleretinal screening; scanning laser ophthalmoscopy; optical coherence tomography angiography"
"1019","31","pyridines; indoles; bromides; propanols; benzaldehydes; decanoates; cyanine; amines; benzeneacetamides; black-box distillation; cyano enone; amide i; imidazoles; transformations; hydroxybenzoates; general affordance; bucher; nitrobenzene; synthetic doublets; diane-35"
"1020","58","dependency management; management plan; acute disease management; decision management; patient management; alarm management; consumable management; newborn case management; trauma management; management strategy; access management; discharge management; fever management; bed management; case management; emergency management; icu management; telemedical interventional management; toxicity management; treatment management"
"1021","95","multi-discriminatory; multi-pooling; multi-phase; multi-label; multi-stage; multi-situation; cross-domain; cross-fusion; multi-classification; multi-physic; cross-seeding; multi-fragment; multi-scale; multi-owner; multi-authority; multi-case; cross-disciplinary; bidirectional transfer; multi-target; cross-covariance"
"1022","29","health information organization; health care organizations; health organizations; health maintenance organizations; health care organization; health maintenance organization; healthcare organization; accountable care organizations; health service organization; voluntary health associations; health information exchange organizations; healthcare organizations; health care economics and organizations; social service agencies; digital health companies; professional associations; national health programs; academic health institutions; alternative tobacco industry; accountable care organization"
"1023","27","automatic insulin delivery; automated insulin delivery; infusion pump; infusion pumps; insulin pumps; centrifugal blood pump; rotary blood pump; implantable rotary blood pump; insulin infusion systems; roller blood pump; target-controlled infusion; microneedle device; artificial pancreas system; high flow nasal cannula; artificial pancreas; membrane oxygenator; continuous subcutaneous insulin infusion; optimal insulin infusion; non-invasive respiratory device; cuffless blood pressure device"
"1024","20","chromosomes, human, pair 21; chromosomes, human, pair 2; chromosomes, human, pair 11; chromosomes, human, pair 22; chromosomes, human, pair 6; chromosomes, human, pair 14; chromosomes, human, pair 1; chromosome inversion; chromosome x; chromosomes, human; y chromosome; chromosomes, human, y; chromosomes, human, x; x chromosome; chromosome conformation; chromosome painting; x-chromosome; chromosome classification; 3d-structure of chromosomes; cleavage stage, ovum"
"1025","36","government regulations; government regulation; oecd principles; who standards; sanctioning rules; digital health systems regulations; iso standards; cen/iso 13606; governmental regulations; oecd; iso15189; eu law; legislative and regulatory compliance; iso13485; national containment; medical norms; regulatory framework; iso 9241-9 fitts law; casp15/casp16 evaluation; iso principle"
"1026","63","poisson mixed-effects model; fixed effects model; ordered logit regression model; interaction modeling; fixed effect model; regularized regression; mediation analysis; beta regression model; explanatory modeling; group-based trajectory modeling; regularized orthogonal forward regression; group-based trajectory model; binary logistic models; heterogeneous treatment effect; heterogeneous treatment effects; competing risks model; conditional restricted mean survival time; two-level model; maximum likelihood estimate model; competing risk model"
"1027","14","rifampicin-resistant tuberculosis; drug-resistant tuberculosis; multidrug-resistant tuberculosis; pulmonary tuberculosis; multi-drug-resistant tuberculosis; active tuberculosis; latent tuberculosis; multidrug-resistant or rifampicin-resistant tuberculosis; pediatric tuberculosis; extensively drug-resistant tuberculosis; intestinal tuberculosis; mdr-tb; mycobacterium infections, nontuberculous; tuberculosis, multidrug-resistant"
"1028","36","repeat elements; interspersed repetitive sequences; repetitive element; transposable elements; alu elements; simple sequence repeats; tandem repeats; short tandem repeats; inverted repeats; unique genomic regions; non-repetitive regions; ltr retrotransposons; inverted repeat sequences; minisatellite repeats; tandem repeat sequences; conserved genomic regions; ltr-retrotransposons; repetitive dna; divergent genomic regions; alu element"
"1029","51","vibrio; toxoplasma; fungal; salmonella; shigella; saccharomyces; pseudomonas; mycobacterial; staphylococcus; pathogen; aedes; candida; chlamydia; mtb; wolbachia; serotype; mycobacterium; anopheles; hmis; bacillus"
"1030","22","gram positive bacteria; gram negative bacteria; gram-positive bacteria; pathogenic microorganisms; gram-negative bacteria; multi-resistant bacteria; multidrug-resistant bacteria; multidrug-resistant organisms; pathogenic microorganism; carbapenem-resistant gram-negative bacteria; methicillin-resistant staphylococcus aureus; uropathogenic escherichia coli; hypervirulent klebsiella pneumoniae; gram-negative bacterial infections; micro-organism; carbapenem-resistant enterobacteriaceae; multidrug-resistant acinetobacter baumannii; bacterial strains; gram-negative; gram-positive"
"1031","44","tumor geometry; tumor purity estimation; tumor dissociation; tumor morphology; tumor histology; tumour purity; tumor shedding; tumor dynamics; tumor detection; tumor position; tumor content; tumor longitudinal prediction; tumor purity; tumor micronecrosis quantification; tumor localization; tumor burden; tumour synthesis; tumor size; tumor growth; tumor map"
"1032","23","facial nerve paralysis; laryngeal hemiplegia; bell palsy; paraplegia; tetraplegia; facial paralysis; bell’s palsy; facial palsy; hemiplegia; sixth nerve palsy; peripheral nerve injuries; diaphragm paralysis; facial nerve; upper limb paresis; cord compression; myelopathy; progressive spinal injury; postcoordination; inferior alveolar nerve injury; neuromuscular recovery"
"1033","68","clinical routine data; routine care data; medical volume data; patient-centric data; patient health data; routine data; longitudinal patient data; operational data; health-related data; intensive care unit data; clinical metadata; access log analysis; routine outcome monitoring data; routine clinical data; continuous monitoring data; pharmacy data; unstructured clinical data; centralized clinical data; patient data; clinical time series"
"1034","30","cluster randomized controlled trial; cluster randomized trial; cluster randomized trials; pilot randomized controlled trial; pilot randomised controlled trial; randomized parallel-group controlled trial; randomized waitlist-controlled trial; randomized pilot study; web-based randomized controlled trial; randomized trials; internet-based randomized controlled trial; feasibility studies, randomized clinical trial; multisite clinical trials; non-randomized controlled trials; comparative studies; randomized controlled trials; multicenter clinical trials; randomized controlled trial (rct); prospective cohort studies; randomized study"
"1035","30","coronavirus (covid-19); sars-cov-2 (covid-19); sars-cov-2(covid-19); novel coronavirus (sars-cov-2); sars-cov2 (covid- 19); sars-cov-2 mpro; sars-cov-2 omicron; sars-cov-2 pneumonia; sars-cov-2 (severe acute respiratory syndrome coronavirus 2); sars-cov-2 prediction; severe acute respiratory syndrome (sars); severe acute respiratory syndrome coronavirus 2 (sars-cov-2); sars-cov-2 surveillance; sars-cov-2 (sub)lineages; chikungunya virus (chikv); sars cov-2 m(pro); sars-cov-2 s stability; sars-cov-2 m(pro); respiratory syncytial virus (rsv); covid-19 variants"
"1036","81","model annotations; smorf annotation; protein feature visualization; active module identification; domain-domain interface annotations; substructure annotation; metabolite function prediction; peak annotation; orthology visualization; tf annotation; protein motif detection; mirna annotation; neuropeptide prediction; jaspar motif validation; ppicompare; module detection; protein complex scoring; module identification; mapping information; transcriptomic techno-logies"
"1037","50","online health consultation; online health community; online healthcare community; online health communities; online health care community; online healthcare communities; online medical community; online patient communities; online healthcare forums; online health group; patient online communities; online health care communities; online peer support forum; online health network; online health service; online health forums; online cancer community; online health websites; online medical consultation; online support services"
"1038","152","bariatric; ubiquitous; contraceptive; cervical; rheumatic; trimester; anabolic; leukaemia; gynecologic; affective; hotspot; pancreatic; lifestyle; neuromuscular; pediatric; haemoglobin; epidemic; calpain; paediatric; hypoglycaemia"
"1039","23","huangqin decoction; mahuang fuzixixin decoction; xiaochaihu decoction; yuanjiang decoction; huanglian jiedu decoction; lingguizhugan decoction; xiao chaihu decoction; san-ao decoction; da chaihu decoction; ling-gui-zhu-gan decoction; shufeng jiedu formula; shenfu injection; shen gui capsule; radix astragali; xuebijing injection; qigong; fu-huang ointment; xijiaqi formula; rehmanniae radix; sophorae tonkinensis radix et rhizome"
"1040","35","hepatitis, autoimmune; wasting disease, chronic; bronchiolitis, viral; skin diseases, infectious; hemorrhagic fevers, viral; arthritis, rheumatoid; pneumonia, viral; lung diseases, interstitial; polyendocrinopathies, autoimmune; leukemia, myelomonocytic, chronic; colitis, ulcerative; echinococcosis, hepatic; dermatitis, atopic; hypertension, pulmonary; death, sudden, cardiac; arthritis, juvenile; dysentery, bacillary; leukemia, lymphoid; tuberculosis, pulmonary; amino acid metabolism disorders, inborn"
"1041","61","multi-verse optimization; decentralized optimization; multi-target regression; multi-scale feature restructuring; dynamic optimization; dynamic cooperative optimization; adaptive scheduling; context-specific algorithm; multiskill task scheduling; data-driven optimization; learning-based control; client-side deployment; multi-criteria ranking; dynamic update strategy; test prioritization; scenario-based e-simulation; privacy-preserving cross-domain recommendation; adaptable and flexible process modelling; cross-domain adaption; adaptive routing"
"1042","33","myotonic dystrophy; machado-joseph disease; muscular dystrophy; gaucher's disease; duchenne muscular dystrophy; niemann–pick type c disease; hirschprung’s disease; legg-calve-perthes disease; fabry disease; ciliopathy; spinocerebellar ataxia; spinocerebellar ataxias; hirschsprung’s disease; tuberous sclerosis; mitochondrial disease; autosomal dominant polycystic kidney disease; prion diseases; cerebellar ataxia; tauopathies; autosomal disease"
"1043","28","bone scaffold; biomedical implants; porous dental implant; bone scaffolds; bone reconstruction materials; orthopedic implants; orthopaedic implants; tissue scaffolds; biomaterials; bionic trabecular bone scaffold; bone tissue scaffolds; bone tissue engineering; bone substitutes; bone allografts; composite materials; functionally graded materials; craniofacial implants; porous material; dental implants; bone-cement interface"
"1044","87","preeclampsia; t1d; endometriosis; psychosis; tia; anemia; intolerance; encephalopathy; stis; delirium; ibd; hypoglycemia; mania; myocarditis; ataxia; pruritus; pancreatitis; anaphylaxis; amyloidosis; copd"
"1045","37","arterial wall remodeling; ventricular remodeling; arterial remodeling; ventricular remodelling; cardiac remodeling; cardiac hypertrophy; autonomic dysfunction; pulmonary hypertension; cardiac remodelling; electromechanical remodelling; concentric hypertrophy; right ventricular dysfunction; vascular stiffness; arterial stiffness; contractile dysfunction; eccentric hypertrophy; aortic stiffness; arteriosclerosis; left ventricular hypertrophy; endothelial dysfunction"
"1046","49","vaccination hesitancy; vaccine refusal; vaccination promotion; vaccination refusal; vaccine hesitancy; parental vaccine decisions; booster hesitancy; reproductive autonomy; vaccination intention; treatment access; disease awareness; vaccination behavior; vaccine misinformation; overcrowding; disclosure intention; healthcare delays; contraception behavior; vaccination willingness; intention to donate; reporting delay"
"1047","44","heart rate interval; heartbeat intervals; r-r interval; rr intervals; newborn cardiac beat-to-beat intervals; heart rate; r-r intervals; instantaneous heart rate; qt interval variability; rr-interval; heart rate regulation; heart-rate; heart rate variability; heart-rate variability; neonatal heart rate; beat-to-beat intervals; heart rate reserve; pulse rate; cardiac time intervals; beat-to-beat variability"
"1048","90","health policy informatics; healthcare development; health data transformation; healthcare transformation; healthcare sustainability; healthcare standards; health care ethics; healthcare profession; health care profession; healthcare innovations; population health informatics; health innovation; healthcare value; health promotion technology; health care fragmentation; health data governance; health care future; healthcare governance; healthcare operations; health care simulation"
"1049","25","ventricular assist device; ventricular assist devices; implantable cardioverter-defibrillator; implanted cardioverter defibrillators; automated external defibrillators; implantable defibrillators; mechanical circulatory support device; implantable cardioverter defibrillator; left ventricular assist device; automated external defibrillator; subcutaneous implantable cardioverter-defibrillators; left ventricular assist devices; cardiac resynchronization therapy devices; continuous flow left ventricular assist device; implantable defibrillator; cardiac device; cardiac implantable electronic devices; cardiac device therapy; advanced cardiac life support; pacemakers"
"1050","51","pediatric hospital readmissions; hospital discharges; ed visits; recurrent admissions; pediatric hospitalizations; pediatric hospitalization; hospital visits; intensive care admissions; emergency department visits; hospital admissions; hospital inpatient episodes; intensive care unit admissions; emergency department revisits; unscheduled return visits; unplanned hospitalization; rehospitalization; avoidable readmission; emergency department visit; unplanned medical visits; unplanned hospitalizations"
"1051","14","drug resistance, microbial; drug resistance, fungal; antibiotic resistance, microbial; drug resistance, bacterial; drug resistance, multiple; drug resistance, viral; drug resistance, multiple, bacterial; skin diseases, bacterial; sexually transmitted diseases, bacterial; antigens, cd; drug resistance, neoplasm; drugs, essential; pathways, dissemination, clostridoides difficile; diagnostic tests, routine"
"1052","74","morphine; dexamethasone; paracetamol; buprenorphine; progesterone; epinephrine; methadone; rapamycin; ketamine; ibuprofen; caffeine; adenosine; clozapine; gabapentin; estradiol; chloroquine; fentanyl; tacrolimus; opioids; penicillin"
"1053","44","cell-specific; cell-type specificity; tissue-specific; tissue-specificity; cell-type-specific; cell-type specific; tissue-expression; cell type specific; cell-type identification; cross-condition expression patterns; disease-specific expression variability; novel cell-type identification; isoform-level expression; tissue specificity; cell type-specific expression; length-independent; cross-species generalization; cell-type abundance; co-expression; expression effects"
"1054","17","stress response; heat shock; oxidative stress response; heat stress; stress sensing; cell stress responses; heat shock response; physiological stress response; cadmium stress; heat-shock response; stress signalling; biotic stress; hypoxic stress; drought stress; heat stress disorders; nuclear stress-strain; leaf-senescence genes"
"1055","24","outpatient follow-up; remote follow-up; follow-up; postoperative follow-up; post-market clinical follow-up; follow up; patient follow-up; regular follow-up; posthospitalization follow-up; diagnostic test result follow-up; test result follow-up; postdischarge follow-up; long-term follow-up; follow-up examinations; lack of follow-up; precise follow-up; continuous headache follow-up; lost to follow-up; treatment loss to follow up; postsurgical surveillance"
"1056","35","post-covid syndrome; vasculitis syndromes; post-acute covid-19 syndrome; post-covid/long-covid syndrome; lupus nephritis; hellp syndrome; hypercomplex-gnn; postacute covid-19 syndrome; mcda; nephrotic syndrome; anti-n-methyl-d-aspartate receptor (nmdar) encephalitis; immunoglobulin e; immunoglobulin a nephropathy; anti-n-nuclear antibody (ana); myositis-specific autoantibodies; iga nephropathy; autoantibodies; rf antibodies; pauci-immune glomerulonephritis; alkaptonuria"
"1057","60","body sensors; depth sensor; portable sensors; bed sensors; tactile sensors; movement sensors; limb motion sensor; depth sensing; touchless sensor; wearable sensor; body sensor network; inertial sensor; sensor system; bed sensor system; wearable sensing; tactile sensor; insole pressure sensors; shoe sensors; diaper sensor system; wearable imu sensor"
"1058","48","tree ensembles; lineage allocation; phylogenetic tree simulation; phylogeny-based multi-path cnn; topology adaptive; origin and terminal state inference; population-structure preserving permutations; viral haplotype reconstruction programmes; vertically partitioned data; topology preservation; genomic grouping structure; orthology inference; species tree inference; ancestry inference; population structure inference; clustering resolution; vertically-partitioned data; lineage model; gene tree estimation error; phylogenetic tree inference"
"1059","49","self-efficacy; health self-efficacy; decision self-efficacy; academic self-efficacy; self efficacy; breastfeeding self-efficacy; self-concept; occupational self-efficacy; coping style; coping behavior; interpersonal skills; self-esteem; psychological self-monitoring; positive coping; self-appraisal; coping styles; coping skills; perceived seeking control; self-compassion; help-seeking motives"
"1060","55","liver tumor; brain tumour; breast tumor; ovarian tumor; liver tumour; pancreatic tumor; cns tumour; bladder tumor; cns cancer; liver carcinoma; brain tumor; prostate tumor; cns tumor; melanoma cancer; kidney tumor; kidney tumors; prostate neoplasms; bone tumor; prostate neoplasm; lung tumor"
"1061","36","patient volume; patient acuity; patient control; patient condition; patient types; patient classification; patient selection; patient distances; patient outcome; patient typology; patient cohort selection; patient-operated intervention; case selection; patient treatment selection; patient referral; patient design; patient-accessible; device selection; surgical team selection; patient cohort"
"1062","119","multi-representation fusion; instance-level detection loss; instance-level segmentation loss; dual-scale feature fusion block; multi-scale feature aggregation; byte-pair encoding; multi-scale dense skip connection; incomplete multi-view learning; spatio-temporal fusion; adaptive reweighting; similarity regularization; saliency-based xai; channel-wise recurrent fusion; space-time clustering; recursive gated convolution; adaptive feature transfer; deformable neighborhood attention; taxonomy-aware feature engineering; topological positional encoding; variational segmentation"
"1063","46","eye movements; eye movement; eye blinking; eye blink detection; fixation time; head movement; eye fixation; eye movement classification; limb movement detection; head movements; saccadic movement; eye gaze; saccadic movements; saccadic eye movement; eye blink artifact detection; movement detection; eye blink; eye tracking; eye movement signals; eye-tracking"
"1064","44","cell type prediction; cell type probabilities; cell type correlation; cell-type deconvolution; cell-type inference; cell-type annotation; cell type clustering; cell-type decomposition; cell type assignment; cell type deconvolution; cell-specific imputation; cell type mapping; class-activation map; cell-type proportions; disease-specific pathogenicity; single-cell type annotation; cell type-specific microbe; tissue-of-origin deconvolution; type-tng model; tissue expression evolution"
"1065","74","data quality assurance; quality assurance audit; public auditing; mapping quality assurance; quality recognition; ethical auditing; research data quality assurance; quality auditing; auditing; clinical audits; performance monitoring; quality assurance; process quality; quality improvement collaborative; process benchmarking; quality awareness; medical audit; quality monitoring; data auditing; data audits"
"1066","62","self-experimentation; self-reliance; self-determination; self-adaptive; self-awareness; self-talk; self-expression; self-isolation; self-conversation; self-worth; self-affirmation; mood-monitoring; self-control; learning motivation; self-reflection; self-guided; goal orientation; self-monitoring; self-selection; self-evaluation"
"1067","20","mice, inbred dba; mice, inbred nod; mice, inbred balb c; mice, inbred c57bl; rats, inbred wky; rats, inbred shr; mice, transgenic; rats, wistar; rats, inbred lew; mice, scid; models, animal; rats, mutant strains; mice, knockout; antibodies, monoclonal; rats, sprague-dawley; mice, inbred strains; diet, fat-restricted; leukemia virus, murine; serum albumin, bovine; genes, t-cell receptor beta"
"1068","46","bauhinia variegata; pimpinella; echinodermata; bambusa; withania somnifera; juglans regia; momordica charantia; rosacea; houttuynia cordata; houttuyniae herba; spinacia oleracea; coffea arabica; olea europaea; macedonia; saussurea involucrata; citrus aurantiifolia; rhododendron anthopogon; eremurus spectabilis; xylocarpus granatum; coriandrum sativum"
"1069","88","patient-oriented; mobile-based; self-supervised; self-delivered; home-based; screen-based; place-based; user-centred; msm-friendly; ai-based; office-based; rule-based; community-informed; performance-based; physician-centered; self-led; team-based; self-tracking; school-based; sms-based"
"1070","94","protein docking framework; peptide docking; antibody modeling; molecular modelling; computational prediction framework; loop modeling; allosteric ribozyme generation; protein model evaluation; molecular conformation; chain code; hex docking engine; molecular structure; protein generation; molecular modeling; stacking strategy; rna language model; molecular graph; multimodal molecular structure; mobility dynamics; target structure"
"1071","40","virtual motor rehabilitation; vestibular rehabilitation; motor rehabilitation; upper-limb rehabilitation; robotic rehabilitation; functional rehabilitation; robot-mediated rehabilitation; cognitive rehabilitation; rhythmic rehabilitation; internet-based rehabilitation; computerized cognitive rehabilitation; tele-rehabilitation; cognitive telerehabilitation; language rehabilitation; auditory rehabilitation; telerehabilitation; technologies-based rehabilitation; web-based rehabilitation; poststroke rehabilitation; exoskeleton-assisted rehabilitation"
"1072","81","rural communities; remote communities; chinese community residents; chinese rural residents; chinese residents; east asian people; poverty areas; marginalized community; abortion seekers; young persons; urban corporate population; indians; older migrants; rural community; farmworkers; rural and urban living; russian migrants; emigrants and immigrants; latino and hispanic individuals; rural areas"
"1073","46","biopsy image; cystoscopy documentation; endoscopy ultrasound; colposcopy image; lung nodules classification; biopsy pathological image; ultrasonography, mammary; colonoscopy video; pancreatic pathological image; cytology image; cervical smear image; blood smear images; cervical cytology images; colorectal histopathology images; peripheral blood smear images; chest x-ray classification; radiography, interventional; biopsy simulator; colonoscopy pathology; chestx-ray14 dataset"
"1074","82","home-based medical care(hbmc); home healthcare (hhc); contingency management (cm); clinical pathways (cps); intrabody communication (ibc); medication reconciliation (mr); decentralized autonomous organization (dao); active assisted living (aal); check of medication appropriateness (cma); preventive maintenance (pm); bar-code assisted medication administration (bcma); inpatient (inpatient cpoe); physician-certified verbal autopsy (pcva); diagnosis procedure combination (dpc); antimicrobial stewardship (ams); medical question-answering(qa); patient handling activity (pha); emergency ambulance dispatch (ead); after-visit summary (avs); computer-assisted medical diagnosis (camd)"
"1075","57","outpatient registration; patient recruitment system; mavericc clinical trial; patient register; adverse event detection; patient registry; datafication; clinical registry; registration staff; clinical trial site location; aclr registry; registration rate; event reporting; adr detection; client registry; biomarker detection; accrual; clinically integrated trials; early phase funding; trial participation"
"1076","45","covid-19; covi-19; long covid-19; covid–19; covid-199; pre-covid-19; nfbsi-16; mena covid-19; llama-3; llama-2; covid-19 transmission jerk; post sequelae covid-19; sub-saharan african covid-19; central asia covid-19; 5g covid-19; us covid-19; public health, covid-19; post-covid-19; ad5933; primateai-3d"
"1077","35","mobile app, self-management; telehealth, telemonitoring; mhealth, mobile applications; mhealth, mobile health; mhealth, mobile application; mhealth, tobacco use cessation; mental health, mobile phone; internet, social networking; mania, mobile phone; mobile phone, mhealth; e-learning, simulation technology; online self-diagnosis, online health information; diabetes mellitus, self-management; mobile apps, spanish apps; mobile app, weight loss; behavior change, mobile phone; telemedicine, symptom monitoring; general practice, self-management; ehealth, mhealth; texting, text messaging"
"1078","79","preoperative care; intraoperative care; surgical times; perioperative care; post-operative communication; perioperative activity; anesthesia plans; surgical care; postoperative nursing; perioperative services; perioperative communication; pre-operative care; post-operative patients; preoperative intervention; surgical phase; post-diagnosis management; patient comfort; surgical site classification; surgery time; perioperative nursing"
"1079","76","saliency cut; nightingale; dynamic opposite; local patterns techniques; spatial transcriptomic; spatial overlap degree; spatial omics; spatio-temporal feature aggregation; overlap community; spatial metabolomics; long-distance perceptual; morphological filtering; temporal mining; spatially variable gene; temporally varying gene; long-distance caregiving; temporal pattern mining; period-3 property; synchronization likelihood; regional constraint"
"1080","59","treatment requirement; management tool; treatment selection; treatment recommendation; medication abortion; treatment modulators; treatment pathway; medication duplication; treatment learning; treatments recommendation; treatment choice; medication normalization; pregnancy management app; physiotherapy triage; therapeutic duplication; pharmacological therapy selection; healthcare treatment sequence; treatment strategy selection; chronic disease management app; therapy support"
"1081","64","local septenary patterns; enhancements; reticular pattern; transversal isotropy; multi-appearance; elongated quinary patterns; architectural distortion; geometric patterns; macrocognition; enhanced bfi; asymmetric loss; growth patterns; medullary characteristics; hyper ellipse; muscle boundaries; transitional zone; single sign-on; discontinuities; multisemantic features; zonal anatomy"
"1082","28","auditory hallucinations; hallucination; feature hallucination; auditory hallucination; refractory auditory hallucinations; apathy; auditory verbal hallucination; motor tics; delusions; spontaneous speech; language change; multiple speech features; excoriation disorder; voice or speech; reference hallucination; verbal comprehension; drowsiness; manic episodes; patient's language learning; dysarthric speech"
"1083","29","single nucleotide variants (snvs); de novo mutations (dnms); copy number variation (cnv); single nucleotide polymorphism (snps); non-synonymous snps (nssnps); amplicon sequence variants (asvs; single nucleotide polymorphisms (snps); single nucleotide polymorphism (snp); differentially methylated region (dmr); variants of uncertain significance (vus); single-nucleotide polymorphism (snp); cancer driver mutation (cdm); protein-coding gene (pcg); variant identifiers across genome builds; indels (insertions/deletions); transposable elements (tes); low-abundance drug resistance mutations (la-drms; qrrs (quantitative reduced representation sequencing); differential methylation sites (dms; y-strs"
"1084","35","sphagnopsida; chiroptera; gastropoda; cycadopsida; autopolyploids; polychaeta; salamandridae; limonoids; phascolarctidae; elapidae; mollusca; tracheophyta; crithidia; prototheca; rhabditida; heliconius melpomene; ctenophora; boraginaceae; hymenoptera; euphorbia helioscopia"
"1085","77","pressure compensation; collocation technique; oscillatory flow; intramuscular pressure; pulsatile work; brain shift; pulse transit time; blood flow control; lung ventilation classification; tidal volume estimation; pressure gradient; patient-ventilator asynchrony; ventilation; recovery times; tensional homeostasis; shivering; global ventilation; intradaily variability; volume status; clamping force"
"1086","34","south indian population; disadvantaged population; australian population; dutch population; elderly population; chinese population; community populations; rural population; adult population; dual-population; multi-population; study population; community dwelling; urban population; geriatric population; pediatric population; whole patient population; general population; community sample; national cohort"
"1087","45","severity scores; point-based severity scores; acuity scores; symptom scores; severity score; t-score; severity of illness scores; severity indexes; gait variable score; acuity score; nonnasal symptom score; cognitive score; composite score; preference cutting score; z-scores; wells score; laplacian score; depressive scores; r-s scores; attention scores"
"1088","77","quadcopter flight control; star-transformer; gru-scanet; telenursing; mobile geopositioning; distributed ledger; transformer; ec-screen; smart plate; radio channel; remote fitting; machine learing; windkessel models; paillier crypto system; trackers; dual-path transformer; power control; radars system; zigbee communication; teleaudiology"
"1089","40","nasopharyngeal carcinoma (npc); differentiated thyroid cancer (dtc); renal cell carcinoma (rcc); bladder cancer (bc); ovarian cancer (oc); esophageal adenocarcinoma (eac); breast cancer (bc); oral squamous cell carcinoma (oscc); invasive ductal carcinoma (idc); esophageal squamous cell carcinoma (escc); cervical cancer (cc); pancreatic ductal adenocarcinoma (pdac); metastatic colorectal cancer (mcrc); bladder cancer (blca); lung adenocarcinoma (luad); intrahepatic cholangiocarcinoma (icc); lung squamous cell carcinoma (lusc); renal carcinoma (rc); metastatic prostate cancer (mpc); non-small cell lung cancer (nsclc)"
"1090","26","phenome wide association study (phewas); phenome-wide association study (phewas); biobank for cohort study; biobank studies; heart disease dataset (comprehensive); cancer gene expression study; genome-wide association study (gwas); trio studies; advancing clinico genomic trials on cancer (acgt) project; schizophrenia gene expression case study; pride study; genome-wide association studies (gwas); rakai community cohort study (rccs); national covid cohort collaborative; consortium studies; epic array; cohort discovery; snp array design; patient cohort discovery; privacy-preserving cohort discovery"
"1091","32","venous thrombosis; deep venous thrombosis; gastrointestinal bleeding; portal vein thrombosis; massive bleeding; acute variceal bleeding; gastrointestinal hemorrhage; thrombotic complications; pulmonary embolism; embolism and thrombosis; venous thromboembolism; stent thrombosis; deep vein thrombosis; coagulopathy; acute pulmonary thromboembolism; intraluminal thrombosis; unprovoked venous thromboembolism; cardiogenic stroke; massive limb bleeding; massive haemorrhage"
"1092","38","cancer analysis; cancer driver; cancer biomarker; cancer protein; cancer proteome; cancer gene; cancer grade; cancer genomic; cancer informatics; cancer membrane; cancer dependencies; cancer cell; cancer cure; cancer control; cancer studies; cervical cell; cancer data; cancer epigenetics; cancerome; cancer statistics"
"1093","25","estrogen receptor; nuclear receptor; glucocorticoid receptors; nuclear receptors; androgen receptor; epidermal growth factor receptor; peroxisome proliferator-activated receptors; nuclear receptor modulator; orphan nuclear receptors; farnesoid x receptor; liver x receptors; estrogen receptor alpha; erralpha estrogen-related receptor; erbb receptors; insulin-like growth factor-1 receptor; vitamin d receptor; aryl hydrocarbon receptor nuclear translocator; peroxisome proliferator activated receptor alpha/ gamma; peroxisome proliferator-activated receptor gamma coactivator 1-alpha; ppar gamma"
"1094","94","vector flow mapping; stammering; growth formulation; whale optimization; maturity models; fitness trackes; cloud migration; zonation; hunting strategy; geolocation; thermal waters; ant colony optimization; lodging; kinship decoupling; mass-spring system; ant colony optimizer; open pollination; seed expanding strategy; flower pollination algorithm; resource reallocation"
"1095","70","tonsillitis; sinusitis; erythema migrans; vaginitis; acute rhino-sinusitis; maxillary sinusitis; acute cystitis; streptococcal tonsillitis; ocular myasthenia gravis; skin disease; alopecia areata; thyroiditis; fungal ocular involvement; wart disease; enteritis; cystitis; vitiligo; actinic cheilitis; enterocolitis; peritubular capillaritis"
"1096","40","body fat distribution; body fat; body composition; fat percentage; body fat percentage; fat fraction; body composition analysis; body mass index; waist-hip ratio; muscle/fat; fat body tissue; weight and fat-related parameters; weight gain; body composition assessment; subcutaneous fat; body composition data; waist circumference; adipose tissue quantification; adipose tissue; glycemic index"
"1097","39","real-time health monitoring; remote symptom monitoring; centralized telemonitoring; remote healthcare monitoring; remote patient monitoring; remote health monitoring; tele-monitoring; patient remote monitoring; patient-led monitoring; real-time remote monitoring; remote health care monitoring; remote coaching; web-based monitoring; real-time patient monitoring; semi-online telemonitoring; store-and-forward telemonitoring; distributed telemonitoring; ai-driven monitoring; home telemonitoring; real-time adherence monitoring"
"1098","47","structural genomics; viral genomics; microbial genomics; medical genomics; connectomics; integrative genomics; comparative genomics; genomics; epigenomics; genome informatics; cancer genomics; evolutionary genomics; proteomics; phenomics; medical genetics; functional genomics; public health genomics; plant genetics; clinical epigenetics; clinical genomics"
"1099","48","plastic surgery; orthopedic surgery; gynecologic surgery; orthopedics; vascular surgery; oral and maxillofacial surgery; oral surgery; pediatric surgery; spine surgery; ambulatory surgery; pediatric orthopedics; reconstructive plastic surgery; obstetric surgery; proctology; heart surgery; otolaryngology; intensive care medicine; pediatric emergency medicine; ear surgery; cancer surgery"
