"cluster_id","size","top_keywords"
"0","4","generalized partial directed coherence; partial directed coherence; dilated residual network; stacked bidirectional gated recurrent unit"
"1","19","quick screening; prescreening; copd screening; systematic screening; risk stratified screening; screening; automated clinical trial eligibility screening; hiv self-screening; large-scale population screening; oral screening; diabetic retinopathy screening; eligibility prescreening; preventive health screenings; screening methods; neonatal jaundice screening; access to screening; scoliosis screening; toxicology screening; screening tool to alert doctors to right treatment"
"2","50","remote monitoring system; multisensorial system; remote monitoring systems; real-time locating system; real-time location system; location-based system; real-time monitoring system; real time location system; multiclassifier system; real time location systems; automatic detection system; multimer detection system; ai system; wireless sensor system; multi-vision system; in-network system; alarm system; human-machine system; social alarm system; radar system"
"3","19","coxph; synthetic ehr; mnmer; growth tensor; s protein; epros; s method; technophilia; musculotendon modeling; synthetic population; anisotropic attention; phenograph; synthetic benchmark; enzymenet; stockwell transform; constitution recognition; isoelectric energy; epro; eprom"
"4","57","data element mapping; documentation process; text validity; registry building; incremental data publishing; e-detailing; network protocol; subgraph interpretation; event log generation; object-centric event log; semantic guidance; document creation time; ontology auditing; coding standards; synthetic tabular data evaluation; protocols; template design; reproducibility through open prompts; procedural content generation; review of digital twin projects"
"5","29","in silico modeling; in-silico experimentation; in-silico modeling; in silico testing; in silico methodologies; in silico tools; in vitro experiments; in silico perturbations; in-silico evaluation; in silico predictions; in silico studies; computational studies; in vivo animal experiment; in vitro techniques; in silico saturation mutagenesis experiments; in-silico study; in silico study; in-silico methods; in silico pharmacokinetic analysis; proteochemometric modelling"
"6","41","discourse extraction; grounded report generation; content credibility; contextualisation; realist synthesis; thematic framing; research theme; engagement analysis; triangulation principle; content model; thematic evolution; topic analysis; phenomenological ethics; human–human conversation analysis; participant perceptions; narratives; narrative network; codebook approach; inductive bias; document analyses"
"7","43","physical-based modeling; agent-based modeling; constraint-based modelling; query-based modeling; constraint-based modeling; deep learning-based modelling; disease-based modeling; rule-based modelling; graph-based modeling; agent-based modelling; large-scale mechanistic modeling; adaptive basis function modeling; image-based modeling; constraint-based metabolic modeling; agent based modeling; subject-specific modeling; attention-based modeling; data-driven machine-learning-based modeling; genome-scale modeling; data-driven synergy modeling"
"8","64","clinic adoption; training strategy; pharmacy workflow; curriculum reform; referral model; centerline extraction; operations improvement; teaching modes; cpr training; frontline; boston process approach; coaching systems; nursing clinical workflows; service composition; hospital ratings; competency standards; nursing audit; process compliance; in-car experience; infrastructuring"
"9","143","correlate; capability; interruption; artefacts; parametric; innovations; reflection; heuristic; variability; asynchronous; continuing; modifier; concordance; indicator; holistic; operational; implement; skill; intent; multimodal"
"10","80","representation; labels; embedding; grasp; rules; metric; logic; module; frame; representations; expectations; clustering; coding; names; recognition; domain; expectation; ambiguity; plan; string"
"11","73","performance agreements; requirements analysis; communication standards; licensing model; usage decision; demand classification; dataset shift assessment; cost imbalance; regulatory reform; basecalling; resource validation; tool detection; performance risk; requirements engineering; market concentration; monitoring tool; attribute reduction; cost variability; label reliability; value specification"
"12","96","discrete representation learning; dual-hop learning; task-incremental learning; meta-transfer learning; sequential learning; multi-task learning; symmetry-aware learning; rule learning; dynamic learning; retrieval-augmented learning; joint contrastive learning; sequence representation learning; adaptive learning; multi-tasking learning; contrastive representation learning; sequence-structure learning; pattern learning; distance-learning; sequence learning; active transfer learning"
"13","39","classification algorithms; classification algorithm; classification rules; classifier algorithms; predictor algorithms; prediction algorithms; classification models; detection algorithms; classification methods; change detection algorithms; unsupervised systems; pattern recognition algorithm; classification model; classification framework; pattern prediction; classification tree algorithms; classification tree; classification methodologies; predictive labels; video prediction models"
"14","41","log-data analysis; deconvolution analysis; phasor analysis; log data analysis; signal analysis; multi-view analysis; curve analysis; residual analysis; search log analysis; dynamic analysis; distribution analysis; system analysis; data dependence analysis; time-course analysis; pseudotime analysis; deconvolutive analysis; multisample analysis; multicriteria analysis; sarpy analysis; vcf-compatible analysis"
"15","57","cross-modality atlas; cross-modal guidance; modality prediction; cross-modality translation; multimodal prediction; multimodal retrieval; longitudinal visualization; patient similarity learning; multimodal ai; multimodal embedding; cross-modality refinement; symptom mapping; modality matching; dtis prediction; patient similarity matching; slide-level representations; multimodal sensing; multimodal feature; multiple windows scanning; multi-label lesion localisation"
"16","43","social research; cognitive psychology; journalism; social sciences; social psychology; socials; engineering psychology; social ecological; social anthropology; market research; psychology; social neuroscience; health linguistics; mental accounting; psychological models; criminology; nursing research; sociology; child development; psychological profiles"
"17","4","neurological signals; neurological signal; biometric system; biomedical telemetry"
"18","38","spect/mri fusion; 3d-unet; pet-ct segmentation; tc images; mr-to-ct image synthesis; i-scan; t2t-chm; tagging mri; cardiac mri segmentation; post-therapeutic image prediction; cancer mri scan; imaging subtype; pet search; coronary computed tomography angiography scans; t2-flair mismatch; ct and mri volumes; cct-unet; pet-ct modality fusion; unet3p; spectcmp method"
"19","38","igd file format; bam file processing; json data format; log files; annotation files; sam format; sequence formatting; intermediate sequencing files; fastq input; fasta format; file generation; newick format; file systems; xml; bam file access; large data files; dicom management; parallel file systems; data formats; log file"
"20","21","path search; searchability; harmony search; random follower search; search; distributed search; triangular gaming search; scoring search; search literacy; domain selection; searching; search autocompletes; integration and search; query; pubmed log analysis; search and query; rule extraction; breadth first search; random searching; keyword"
"21","26","support vector machine (svm); support vector regression (svr); least-squares support vector machine (ls-svm); support vector machines (svm); multiclass support vector machine (svm); lagrangian support vector machine (lsvm); latent structured support vector machine (lssvm); random forest (rf); random forests (rf); gaussian mixture model classifier (gmm); recursive least squares (rls); discriminative feature selection (dfs); least absolute shrinkage and selection operator (lasso); correlation importance feature selection (cife); machine learning-based scoring function (mlsf); artificial neural networks (ann); radial basis function (rbf); boosting(adaboost); auto regression (ar); random under sampling boosting (rusboost)"
"22","79","hospital information systems; health management information system; medical information system; human resource information systems; clinical pharmacy information systems; healthcare information system; oncology information systems; radiology information system; primary health information system; drug information system; medical information systems; operating room information systems; radiology information systems; pharmacy information systems; laboratory information systems; ambulatory care information systems; laboratory information system; anesthesia information management systems; community health information systems; critical care information systems"
"23","42","local feature extraction; multi-level feature extraction; hybrid feature extraction; landmark-based feature extraction; independent subspace feature extraction; multimodal feature extraction; multi-scale feature extraction; texture feature extraction; adaptive feature extraction; deep features extraction; hog feature extraction; matching feature extraction; non-linear feature extraction; spatio-temporal feature extraction; feature extraction; texture-based feature extraction; topological feature extraction; time-series feature extraction; time-domain feature extraction; deep feature extraction"
"24","32","sequence representation; protein sequence representations; peptide sequence representation; sequence rendering; sequence graph; sequence segments; protein sequence classifier; sequence pattern; sequence labelling; multiple sequence alignment graph; sequence vectorization; sequence features; sequence-informed; template filling; sequence recovering; nucleotide sequence representation; protein sequence features; amino-acid sequence features; antibody sequence imputation; peptide representation"
"25","43","artificial intelligence; generative artificial intelligence; multimodal generative artificial intelligence; artificial intelligence algorithms; biomedical artificial intelligence; artificial intelligence technology; graph-based artificial intelligence; data-centric artificial intelligence; machine intelligence; health care artificial intelligence; medical artificial intelligence; artificial general intelligence; generative conversational artificial intelligence; graph artificial intelligence; wearable artificial intelligence; artificial intelligence development; intelligent information processing; natural language processing algorithm; augmented human intelligence; computer intelligent technology"
"26","43","ct-scan images; chest ct-scan images; computed tomography images; ct image; computed tomography (ct) images; computed tomographic (ct) images; cect image; non-contrast ct images; ct scan images; liver ct images; low-dose ct image; ct images; pet-ct image; computer tomography (ct) image; pet/ct image; x-ray and ct scan images; lung ct images; ct-scan based images; chest x-ray images; mammogram images"
"27","45","nature-inspired algorithm; bio–inspired data processing; nature-inspired control algorithm; physics-inspired method; nature-inspired optimisation; bio-inspired algorithm; neural-inspired algorithms; nature-inspired computing techniques; swarm-intelligence; reconfigurable architectures; bio-inspired; neural turing machines; self-organized feature engineering; hybrid architectures; swarm learning; artifical intelligence; nature-inspired; bio-inspired processing; nature-inspired optimization techniques; biomimetics"
"28","41","gait analysis; hand movement analysis; kinematic analysis; movement analysis; instrumented gait analysis; hand motion analysis; topological gait analysis; gait evaluation; free-living gait analysis; gait parameters; position-level analysis; mobile gait analysis; quantitative movement analysis; stance analysis; quantitative gait analysis; voice analysis; gait analyzing algorithm; latency analysis; gait characteristics; kinematics analysis"
"29","80","twc-windowing; dynamic tree cut; qr-based bbt; tree-ensembles; topology preserving; matching heuristic; multi-scale 2dcnn; tokenized mlp; hybrid graph-cut; pssm matrix; multi-view cluster- ing; tf-idf vectorization; linked-read deconvolution; wqfm-tree; sequence labeling model; link-ancestors algorithm; two-hop similarity; seq-to-seq model; hierarchical-split resnet; bayesian u-net"
"30","107","convolutional neural network; convolutional deep neural network; parallel convolutional neural network; convolutional recurrent neural network; recurrent convolutional neural network; fully convolutional neural network; bilinear convolutional neural network; deep convolutional neural network; deep convolution neural network; deep-learning neural network; cascade convolutional neural network; three-dimensional convolutional neural network; 3d convolutional neural network; deep neural network; compact convolution neural network; self-supervised neural network; convolution neural network; deep convolution network; residual convolutional neural network; long-term recurrent convolutional network"
"31","22","behaviour change technique; behaviour change techniques; behavior change technique; behavioral change technique; behavior change techniques; motivational strategies; motivational tools; behavioral change techniques; instructional strategies; behavioral coaching; teaching and learning strategies; teaching/learning strategies; behavior change systems; motivational interviewing; educational techniques; knowledge management techniques; information and communication techniques; cognitive control training; coping skills training; motivational interview"
"32","84","parametric pinna model; self-normalized model; shift model; resource allocation model; trajectory mapping; region-growing methodology; transmission trajectory prediction; group-personalized model; heterogeneous model collaboration; single-level basis selection; functional model; multimodal model; retrieval-augmented model; collocation method; baseline-model integration; longitudinal simulation; augmented estimation; age stratification theory; proxy model; mr-gamd simulation"
"33","91","temporal reasoning; learning preferences; action detection; heuristic rule; performance expectancy; temporal constraint; consistency learning; implicit-function; scale-aware attention; view-adaptive; symbolic representation; relational coordination; task shift; adaptive strategy; multimodal reasoning; rule similarity; anomaly attention map; adaptive representation; conformal inference; domain adaption"
"34","75","power spectrum; power density spectrum; frequency domain; frequency spectrum; spectral representation; time-frequency spectrum; wavelet entropy; spectral parameterization; spectral modelling; spectrogram; spectral embedding; spectral feature parameter; spectral entropy; frequency shift; spectral pattern; spectral correlation density; mel spectrogram; mel-spectrogram; harmonic phase; spectral models"
"35","41","plethysmography; impedance plethysmogram; impedance pneumography; electrical impedance pneumography; impedance myography; photoplethysmography; impedance plethysmography; impedance cardiography; respiratory magnetometer plethysmography; wrist photoplethysmography; videoplethysmography; force myography; photoplethysmograph; video plethysmogram; oscillometric method; camera-based photoplethysmography; photoplethysmography (ppg) analysis; ergometry; relaxometry; manometry"
"36","54","saliency analysis; observability analysis; fairness analysis; market basket analysis; sentiment analysis; concept mapping analysis; quantitative context analysis; counterfactual analysis; conformance analysis; topic modeling analysis; convergence analysis; social network analysis; explainability analysis; multi-level analysis; frequent itemset analysis; idiographic modeling; meta-ethnography; privacy-preserving regression analysis; multi-modal sentiment analysis; archetypal analysis"
"37","36","native xml database; web crawl data; user archetypes; metadata reuse; user data base; research query tool; content reuse; web crawler; metadata repository; landing page aggregator; open metadata; ontology reuse; publication-ready visualization; csv download; web usage mining; aop-wiki; natural language interfaces to database; neo4j exports and reproducible downloads; web-demo; wiki"
"38","53","4d-mri; dsc-mri; dw-mri; dynamic mri; cross-parametric mri; multi-contrast mri; high-resolution mri; mp-mri; multi-parametric mri; harp-mri; multi-echo mri; cine mri; 4d-flow mri; 3d mri; water-fat mri; biparametric mri; dti-mri; breast mri; phase contrast mri; 4d flow mri"
"39","47","computer aided detection (cade); optical projection tomography (opt); ftir-based imaging method (fim); digital volume correlation (dvc); computer-aided diagnostic (cad); super resolution (sr); narrow band imaging (nbi); multi-label computer-aided diagnostic (cad); imaged-based computational fluid dynamics (cfd); computer-aided diagnosis (cadx); virtual microscopy (vm); micro computed tomography (μct); computer aided cardiac diagnosis (cacd); computer aided detection system (cads); photoacoustic microscopy (pam); whole-slide imaging (wsi); automated breast ultrasound (abus); expansion microscopy (exm); computed tomo-graphy (ct); three-dimensional particle tracking velocimetry (3d-ptv)"
"40","40","comparative user evaluation; user-centered evaluation; system usability evaluation; usability evaluation; simulation-based evaluation; usability testing; usability test; performance evaluation; psychometric evaluation; external evaluation; realist evaluation; iterative evaluation; usability tests; user evaluation; content evaluation; formative evaluation; heuristic evaluation; human expert evaluation; feature ranking evaluation; usability assessment"
"41","23","electronic media; electronic mail; online portal; electronic/online support; electronic version; electronic survey; electronic source data; electronic resources; online services; electronic information; web of data; online media; electronic data; electronic publishing; online multimedia applications; new digital media; electronic readers; electronic request form; electronic regulatory submission; interactive registration"
"42","44","health platforms; pharmaceutical innovation; digital health wallet; medical innovation; mobile healthcare; ehealth development; eheals; health and research platforms; web marketing; biomedbridges; internet healthcare; healthcare innovations; gencrc; vision systems; mobile diagnostics; healthcare innovation; healthcare diagnostics; stanford biodesign; voice technology; digital healthcare products"
"43","49","technology diffusion; technology experience; technology assisted; technology ownership; technology aids; technology attractiveness; technology skill; technology dependence; technology strategy; technology selection; technology fatigue; technology ethics; technological solution; technology trust; technology usage; technology solution; technology use; technological frames; technology assimilation; technology transformation"
"44","61","particle picking; 3d matting; swin transformer; rotating flow; slimmable transformer; impeller pump; blogging; slicing; soft robotic glove; droplet escape; needle deflection; dry electrodes; autoinjector; jet flow; system light-loading; jet injection; micromanipulation; swin transformers; mlp-mixer; automated solutions"
"45","31","multiclass support vector machine; support vector machine classifier; penalized support vector machine; support vector machines; linear support vector classifier; support vector machine; fuzzy support vector machine; heuristic support vector machines; gradient boosting decision tree; boosting support vector machine; multi-class support vector machine; gradient-boosting decision trees; kernel extreme learning machines; ranking support vector machine; regularization extreme learning machine; incremental support vector machine; multilayer perceptron classifier; kernel extreme learning machine; support vector machine classification; gradient boosted decision trees"
"46","29","automated annotation tool; bioinformatic tool; ontology tools; functional prediction framework; automatic data mining tool; vista visualization tool; rapid text annotation tool; data integration tools; docking tool; computational design tool; annotation tools; ontology-engineering tool; iedb tools; computational tool; automated tools; optimization tools; semi-automated ontology development; online analysis tools; curation tools; software-implemented prediction model"
"47","53","software automation; laboratory software; control and monitoring software; online data collection software; software platform; software update; containerized software; software verification; software/utilization; software component engineering; eeg system development requirements; auto-expansion software; biosensor data streaming; software as a service; digitization; technical architecture; code verification; computer systems evaluation; computer systems development; free software"
"48","19","protein sequences; short protein sequences; protein sequence; protein domain boundaries; amino acid motifs; predicted protein structure; protein structural motif; functional amino acid region; predict protein sequence; protein domain retention; amino acid sequences; nucleotide and protein sequences; protein structure and sequences; amino acid sequence; split pseudo amino acid composition; protein sorting signals; protein families; amphiphilic pseudo amino acid composition; repetitive sequences, amino acid"
"49","73","generative adversarial network; hierarchical generative adversarial network; adversarial generative network; generative-adversarial networks; self-attention generative adversarial networks; multi-information generative adversarial network; sparse autoencoder network; two-stage generative adversarial network; feature-generative adversarial networks; generative adversarial networks; quantum generative adversarial network; multi-scale fusion network; equivariant graph neural network; feature information aggregation and diffusion generation adversarial network; deep laplacian pyramid network; 3d generative adversarial networks; topology-guided generative adversarial network; parallel fusion network; deep q-network; self-attention based deep network"
"50","46","conditional logistic regression; multiclass logistic regression; logistic regression; logistic regression; rank ordered logistic regression; ordinal logistic regression; multinomial logistic regression; bayesian logistic regression; kernel logistic regression; multiple-variant linear/logistic regression; multivariate linear regression; boosted logistic regression; cox regression; multivariable logistic regression; logistic regression modeling; two-step logistic regression; multivariate logistic regression; multivariable logistics regression; multivariate regression; segmented linear regression"
"51","30","ultrasound classification; ultrasound video; ultrasound segmentation; ultrasound videos; ultrasound view classification; ultrasound detecting; speckle reduction; doppler signal; ultrasound bone segmentation; sonography; intravascular ultrasound segmentation; ultrasound reporting; functional ultrasound; echocardiography motion estimation; doppler radar; ultrasound speckle reduction; echocardiography video segmentation; noninvasive data; ultrasound standard plane; elastograghy ultrasound"
"52","32","patient similarity; patient detection; patient control; patient throughput; patient analysis; patient segments; patient online; patient pathways; patient pathway; patient assessment; patient matching; patients stratification; patient expertise; patient classification; patient falls; patient question; patient value; patient network; patient clustering; patient judgments"
"53","21","genome-scale crispr screening; genome-based screening; pooled crispr-screening; rna-seq data mining; chip-seq validation; proteome-wide screening; rna-seq validation; sequence length profiling; crispr loss-of-function screens; high-throughput pharmacologic screens; single-cell crispr screens; real rna-seq data evaluation; transcriptomic screening; genome-wide identification; proteome-wide binder search; genome-wide motif disruption analysis; allele collection; quantification of genome function; influenza virus mutation generation and validation; genetic complementation test"
"54","82","learning arrangement; choice architecture; frequency learning; lesion-aware relation block; matching pursuit; intention decoding; signer independent action; interference fit; automatic gain suggestion; behavioral coherence breakdown; frequency constraint; matching clues; motor intent estimation; tactile enhanced; spatial-fusion block; self-adaptive weight fusion; high-order connection; attention-based cnn; masked learning; human activity detection"
"55","77","convolutional recurrent neural network (crnn); graph convolutional network (gcn); deep convolutional neural network (dcnn); graph convolutional neural network (gcnn); multilayer neural network (mnn); point-wise gated deep network (pgdn); deep belief network (dbn); pattern recognition neural network (prnn); convolutional neural network(cnn); convolutional neural network (cnn); bidirectional temporal convolutional network (bitcn); graph convolutional networks (gcnn); convolution neural network (cnn); bayesian confidence propagation neural network (bcpnn); graph recurrent neural network (graphrnn); convolutional network (cnn); fully convolutional network (fcn); stacked sparse autoencoder (ssae); graph neural network (gnn); back-propagation neural network (bpnn)"
"56","62","stenosis classification; stress classification; stenosis detection; severity stratification; severity staging; glaucoma severity prediction; fracture grading; cad modeling; polyp classification; severity classification; glaucoma detection; cads; cad tool; segment classification; lumen detection; coronary artery stenosis detection; bi-rads stratification estimation; rhythm classification; cobb angle estimation; emphysema classification"
"57","34","undergraduate health care education; nursing education; postgraduate education; student education; health professions education; health informatics education; undergraduate medical education; healthcare education; health profession education; postgraduate medical education; continuing education; radiology education; undergraduate education; academic medical education; continuous professional education; informatics education; anatomy education; extracurricular education; geriatric education; medical informatics/education"
"58","59","denoising diffusion model; denoising diffusion probabilistic model; dilated deformable refinement module; iterative level-0 algorithm; blur kernel estimation; denoising diffusion implicit model; fast fourier transform based accumulation method; adaptive channel weighting; semi-nonnegative ica algorithm; iterative constrained deformation; mesh-free based radial basis function; dynamic time warping; k-space conditional guided diffusion model; re-weighting loss functions; boundary feature loss function; dynamic directional convolution vector field; denoising diffusion probabilistic models; radial basis function kernel; active contour algorithm; region-based active contour"
"59","116","transunet; lifi; vret; mae; uber; dehaze; xai; egam; mims; preis; cantab; dia-nn; biglasso; ases; adme; slam; admet; fractal-unet; mhealthed; opt-in"
"60","37","transformer-based language models; pretrained language models; ai language models; biological language models; genomic language models; genomics-informed large language models; semantic annotation models; transformer language model; biomedical pretrained language models; biomedical language models; vision language models; medical language models; privacy-preserving language models; large pretrained language models; bert-like enhancer language model; knowledge graph embedding models; radiology language model; protein large language models; domain-specific language models; protein language models"
"61","48","biomechanical simulation; soft tissue simulation; biomechanical computational model; musculoskeletal modelling; acoustic simulation; fluid simulation; device modeling; blood flow simulation; clinical element model; musculoskeletal modeling; blood flow simulations; computational modelling; dynamic simulation modelling; in silico tumor simulation; biomechanical model; in silico flow simulations; biomedical simulation; computer modeling; patient-specific simulations; human thorax model"
"62","69","contact prediction; peptide contact map prediction; ligand binding site prediction; protein contact prediction; contact map prediction; antibody binding prediction; protein disorder prediction; protein energy prediction; kinase activity prediction; residue–residue contact prediction; activity target prediction; pka prediction; antibody structure prediction; protein intrinsic disorder prediction; protein folding prediction; activity prediction; epitope prediction; glutarylation prediction; cooperative motif prediction; protein solubility prediction"
"63","38","latent profile analysis; latent growth analysis; latent class analysis; latent transition analysis; latent class growth analysis; longitudinal latent factor analysis; trajectory analysis; multigroup analysis; latent semantic analysis; latent class trajectory analysis; conjoint analysis; path analysis; factor analysis; bayesian factor analysis; exploratory factor analysis; incremental principal component analysis; structural equation analysis; high-dimensional mediation analysis; multiple co-inertia analysis; structural bayesian factor analysis"
"64","43","subset visualization; model visualization; data exploration portal; module alignment; umi clustering; metadata modeling; graph sampler; sv visualization; text2model; fhir mapping language; t-sne visualization; module detection; component visualization; feature visualization; manifold visualization; psqan workflow; gwas visualization; msipixel; graph data augmentation; statistical metamodel"
"65","32","computer architecture; computational architecture; computer hardware; computing framework; computational complexity; hardware efficiency; computational performance; computation cost; runtime efficiency; computational efficiency; computational cost; computing efficiency; data architecture; machine learning implementation; computational framework; hardware implementation; software availability; computer programming; computational costs; neuromorphic computing hardware"
"66","58","scalper detection; semg-based control; high-density semg; voltage control strategy; biopotential sensor node; thick film sensors; face-mounted technology; rf transceiver; mems accelerometer; micro-offline; no-input no-output (nino) device; noncontact information; radio-frequency identification; frequency modulation based interface circuit; silver standard masks; digital isolation; wearble technology; imperceptible watermarking; hybrid mm filter; high-efficiency channel attention"
"67","35","health data sharing; biobank resources; research data repository; pediatric data sharing; data sharing platform; resource sharing; healthcare data sharing; genomic data sharing; data security sharing; data repository; personal health information sharing; international data sharing; health data repository; research patient data repository; data sharing; data sharing policy; information sharing; biobanking; metaverse data sharing; medical data sharing"
"68","57","contrast set mining; feature-level ensemble; twofold feature augmentation; multi-dimension feature confusion; feature exploration; ranking similarity regularization; clustering-based feature engineering; multi-scale holistic feature exploration; cross-prediction problem; cross-dataset robustness; sequential pattern mining; locus-level feature fusion; temporal rule mining; global feature attribution; multiple features learning; network feature; similarity selection; similarity search features; cross-dataset generalization; unsupervised domain adaptation"
"69","33","cohort analysis; cohort data; cohort identification; cohort selection; cohort study; patient cohort identification; observational data; patient cohort selection; cohort retrieval; observational cohort data; multi-cohort data; retrospective analysis; multicenter analysis; retrospective data analysis; prevalence study; cohort development; patient cohort; incidence study; observational study; observational analysis"
"70","61","multi-scale attention mechanism; multi-head attention mechanism; object-aware attention mechanism; multi-hop attention mechanism; bilinear attention mechanism; feature-level attention mechanism; two-sided attention mechanism; spatial self-attention mechanism; cross-attention mechanism; multi-attention mechanism; cross attention mechanism; hierarchical attention mechanism; temporal-spatial attention mechanism; hybrid attention mechanism; graph-level attention mechanism; geometric attention mechanism; non-local attention mechanism; multi-head self-attention mechanism; dual-path attention mechanism; self-attention mechanism"
"71","32","breast ultrasound (bus); sonomyography (smg); optical colonoscopy (oc); phonoangiography (pcg); transthoracic echocardiogram (tte); digital radiography (dr); micro-doppler signature (m-ds); chest x-ray images (cxr); digital rectal examination (dre); thyroid ultrasound standard plane (tusp); wireless capsule endoscopy (wce); computer-assisted diagnostic (cad); ballistocardiography (bcg); chest radiograph (cxr); total body photography (tbp); freehand ultrasound (us); intracoronary ultrasound (icus); pediatric chest x-rays (pedicxr); chest x-ray (cxr); cardiac four-chamber planes (cfps)"
"72","51","therapeutic synergy score prediction; drug efficacy prediction; drug combination prediction; drug synergy prediction; drug resistance prediction; drug–drug interactions prediction; clinical pathway mining; drug-response prediction; clinical pathway software; drug response prediction; phenotype algorithm; drug-drug interactions prediction; variant actionability; biomarker classification; drug-drug interaction event prediction; phenotyping algorithm; clinical event sequence modeling; crispr repair outcome prediction; ddi prediction; clinical pathways software"
"73","40","applied informatics; computational pathology; imaging informatics; physiological computing; biomedical enhancement; computational epidemiology; rheology; brain modelling; neuro-inspired; biometric recognition; imaging genomics; imaging genetics; immunoinformatic; healthcare information and management systems society analatics; reversible biosignal steganography; biomedical triplet extraction; computational deglutition; aeronautical engineering; precision neurology; vaccine engineering"
"74","69","informatics platform; integrated service platform; service platform; knowledge management platform; health data platform; digital learning platform; telehealth platform; cloud platform; blockchain development platform; digital care platform; google cloud platform; portable secure bioinformatics platform; medical federated learning platform; integrated platform; web service; mobile crowdsourcing platform; collaborative platform; virtual data warehouse; clinical learning platform; cloud-based platform"
"75","22","integrated behavior model; health belief model; shared mental model; integrated behavioral model; socioecological model; transtheoretical model; value attitude behavior model; capability, opportunity, and motivation–behavior model; capability, opportunity, motivation-behavior model; shared mental models; suicide risk model; biopsychosocial model of health; smoking behavior modeling; theory of change; healthy eating behavior; literacy and health conceptual framework; transtheoretical model of behavior change; extended theory of planned behavior; biopsychosocial model for chronic pain; biopsychosocial model to health and disease"
"76","56","joint sparse representation; sparse adaptive representation; network sparsification; discriminative sparse representation; group sparsity; cross-space distance-preserving regularization; adaptive sparse representation; dense scale invariant feature transform; model sparsity; structural sparsity; locally linear embedding; joint sparse method; nonlinear dimension reduction; sparse residual entropy; local linear embedding; sparse observability; deep learning matrix factorization; low-dimensional embedding; spatial sparsity; sparse regression"
"77","45","optimal control theory; logical probability theory; fisher vector theory; network theory; cooperative game theory; hybrid theory; information foraging theory; complex network theory; graph theory; classic test theory; optimal transport theory; copula theory; chaos theory; game theory; gestalt theory; relaxation theory; rough path theory; systems theory; fractal theory; principal-agent theory"
"78","48","public health informatics; digital health informatics; consumer health informatics; healthcare informatics; global health informatics; health informatics; medical informatics; biomedical health informatics; health policy informatics; health for informatics; biomedical informatics; radiology informatics; informatics research; clinical informatics; research informatics; disease informatics; participatory health informatics; personal health informatics; critical care informatics; precision informatics"
"79","20","google analytics; google play; google palm; googlenet; google drive; google vision; google cloud; google assistant; google ads; google network; google trends; social web; social computing; public computer; google trend; marketscan; amazon mechanical turk; san francisco; san diego; washington, dc"
"80","34","motif discovery; motif analysis; tf identification; motif mining; perturbation analysis; biological validation; motif identification; search query analysis; promoter identification; combinatorial analysis; sequence mining; kinase identification; cellular perturbation experiments; duplication analysis; transcription factors motif discovery; biological sequence analysis; protein complex identification; phenotype analysis; peptide identification; off-target analysis"
"81","24","biotinylation; chemical modification; isotope labeling; product labeling; isotopic labeling; cross-linking; chemical cleavage; uv crosslinking; site nonspecific cross-linking; 4su-tagging; cysteine modification; protein purification; metabolic rna labeling; chemical modifications; peptide synthesis; phosphosite characterization; sequence labeling; rna metabolic labeling; synthetic peptide; ligand preparation"
"82","87","multiresunet; repairnatrix; intelliprove; draphnet; protfun; telepresenter; opttmt; autoahp; progenetix; mobilevit; cosmx; bio-heat; multihmm; cellromer; protégé; cellmarker; microjet; medtech; siri; teleconsult"
"83","54","latent representation; latent clustering; latent space; conditional data augmentation; multiway decomposition; vector autoregression; causal decomposition; informative dropout; autoregressive prediction; covariance matrix; joint distribution; multivariate hawkes process; analytic solution; level set model; latent-class conditional logit; covariance matrices; mixed clustering; data covariance matrix; latent process decomposition; independent components"
"84","85","graph convolutional network; dual graph convolutional network; deep graph convolutional network; directed graph convolutional network; convolutional hybrid fusion network; regional graph convolutional network; dense graph convolutional network; weighted graph convolutional network; relational graph convolutional network; multi-view graph convolutional network; dynamic graph convolutional network; convolutional network; heterogeneous graph convolutional network; graph convolution network; recurrent convolutional network; hyperbolic relational graph convolution network; relational graph convolution network; spatio-temporal graph convolutional network; feature aggregation graph convolutional network; graph convolutional networks"
"85","19","abms; molecular convergence; beam search; diffractive block; electronic identity; synthetic aperture; fragmentomics; eproms; 510(k); ccsvi; x-ray grid; d2h2 platform; xacml; scattering network; data fragmentation; 400 mhz band; 400 mhz band; 3cl(pro); dft and mep"
"86","65","ai evaluation; iis algorithm; hfcd; ai translation; ai documentation; lfcshrink; fwa detection; hfcc; ai explanation; ai attitude; cvh prediction; fdi notation; ai engineering; catd pipeline; ai methods; ai bias; gpd model; ai model; cpp prediction; abcd rule"
"87","61","knowledge mobilisation; patient-centered insights; technology readiness; provider messages; behaviour change technologies; team leadership type; communication modality; health literacy; decision-making support; communication program; primary care knowledge; persuasion knowledge; information quality perception; distance counseling; technology readiness levels; education support; adoption intentions; persuasive systems; spaced education; organizational innovation"
"88","56","fractional optimal control problem; inverse ecg problem; regularized least-squares problem; linear constraint; inverse problem; linear matrix inequalities; nonlinear solving; approximation algorithms; correspondence problem; constrained variational problems; one-to-many correlation problem; iterative optimization model; numerical encoding; expression constraint simplification; matrix computation; optimization problem; boundary value problem; singularly perturbed problems; inverse problems; invertibility"
"89","21","markov chain monte carlo method; monte carlo method; approximative stochastic simulation; weighted markov chain; stochastic parameter sampling; monte carlo tree search; markov chain monte carlo; monte-carlo tree search; monte carlo sampling; markov chain; discrete-time markov chain; mcmc method; mcmc methods; monte carlo methods; runge–kutta method; monte carlo sampling methods; monte carlo test; markov-chain-monte-carlo; runge-kutta; monte-carlo"
"90","47","ekf algorithm; time delay method; gradient reversal; swot analysis; multipoint pacing; bed-egress analysis; pressure prediction; fractional optimal control; dual indexing; faster mrf; adaptive correction; tqwt method; proximal-point algorithm; controlled attenuation parameter technology; prediction time; dehazing algorithm; moca algorithm; backtracking; dual optimizer; adversarial optimisation"
"91","52","modeling standards; science facilitation; science mapping; information asymmetry; biodiversity informatics; library science; edge intelligence; science rejection; infoveillance; biometrics protection; knowledge evolution trends; physiology sensors; academic ecosystem; vision sensing; inference net; speech foundation models; applied mathematics; computataional psychiatry; cell interactive manifold; webometrics"
"92","21","animated videos; video animations; animation video; animated video; animations; streaming videos; audio-video recordings; computer animation; interactive video drama; digital animation; digital pain drawings; digital pain drawing; animated visualization; virtual human narration; videorecording; facial videos; digital drawings; videotape recording; video recording; web-based videos"
"93","86","neuromechanical model; electromechanical model; neural mass model; eulerian wall film model; force model; modified optical flow model; spring-network model; cell kinetics model; wave propagation model; parametric physical model; deformation model; body channel model; gradient vector flow (gvf) snake model; differentiable image formation model; system dynamics model; lumped-element model; hydrodynamic model; joint energy-based model; physiology based model; physics-based model"
"94","58","dynamic epidemic model; stochastic epidemiological model; hurdle model; dynamic model; probability model; epidemic growth models; spatiotemporal point distribution model; epidemic model; hurdle models; probabilistic seir model; random direction mobility model; epidemic models; forecasting model; seir model; multistate model; dynamic models; queuing model; discrete model; turbulence model; arima model"
"95","53","mobilenet; web intelligence; mobile data; digital autonomy; mobile payments; mobile development; mobile cognition; mobile game; digital economy; ehealthcare data; mobile working; ict use; information mobility; digitals tools; stem digital game; message features; consumer language; app database; new ict; web quality"
"96","32","telepresence robots; collaborative robots; digital dashboards; humanoid robots; medical robots; interactive dashboards; consumer wearables; ai voice robots; clinical dashboards; interactive prototypes; socially assistive robots; cooperative robotics; human-centered robotics; socially-assistive robots; dashboards; social robotics; intelligent robots; robots; consumer sleep trackers; wearable activity trackers"
"97","17","multimodality imaging; multimodal medical imaging; multimodal images; medical-imaging; multimodal imaging; multimodal brain images; longitudinal medical imaging; biomedical image; biomedical images; multi-modality medical imaging; multimodal medical image; interventional imaging; radiology and imaging; ophthalmic imaging; biomedical imaging; nuclear medicine imaging; cardiovascular imaging"
"98","26","multi-channel registration; 2d-3d registration; 3d-3d image registration; 3d registration; multi-resolution registration; 3d-to-2d registration; 2d/3d registration; 3d/2d registration; inter-slice registration; geometry-based registration; intensity-based registration; non-rigid registration; 2d/3d real-time registration; zero-shot image registration; image-phantom registration; image-to-patient registration; brain mri registration; brain image registration; motion prior-based registration; histological image registration"
"99","49","dipole fitting; surface parameterization; cross-modal alignment; histogram modeling; contact force prediction; surface fitting; domain boundary prediction; cell separation algorithm; 3d curve-fitting; trajectory fitting; curve fitting; zero-shot affinity estimation; domain discretization; orientation determination; hexahedral mesh generation; peak-valley detection; large eddy simulations; spherical deconvolution; polygon-fitting; supervised discretization"
"100","59","value assessment; value clarification; importance weight; merit raise; perspectives; text relevance measurement; value engineering; value proposition; recommendations; relevance learning; key recovery; relevance; comparison statement; relevance assessment; topic; pseudo-relevance feedback; key point detection; evaluation literacy; perspective; relevance feedback"
"101","51","collective dynamics; network dynamics; gene regulatory dynamics; dynamical clustering; adaptive human-agent interaction; temporal interactive evolution; hierarchical mechanism; stochastic processes; nonlinear interaction; scale-free dynamics; multiscale aggregation; dynamical systems; transitive interactions; cell state dynamics; dynamic interaction processes; dynamic cell clustering; gestural interface; nonlinear interdependency; population dynamics; multiscale diffusive process"
"102","68","stacked ensemble classifier; stacking-based classifier; probabilistic relational neighbor classifier; hybrid classifier; bayesian network classifiers; random-forest classifier; soft voting classifier; stack-based ensemble classifier; multiclass composite classifier; extreme random tree classifier; dynamic ensemble classifier; bayesian classifiers; mlp classifier; naïve bayesian classifier; probabilistic classifier; adaboost classifier; voting classifier; ls-svm classifier; max-margin tree classifiers; softmax classifier"
"103","34","cluster-randomized trial; quasirandomized controlled trial; placebo-controlled trial; stepped-wedge trial; feasibility randomized controlled trial; randomized parallel-group controlled trial; micro-randomized trial; randomized pilot study; single-arm trial; microrandomized trial; randomized waitlist-controlled trial; single-arm behavioral trial; cluster randomization trial; pilot randomized controlled trial; explorative randomized controlled trial; stepped-wedge cluster randomized trial; single-arm feasibility study; uncontrolled multicenter trial; micro-randomized trials; stepped-wedge design"
"104","84","fault tolerance; security effectiveness; security factors; actionability; judgement; scaliness; usage decisions; harmonization; unification; safety-net; harmonisation; regulatory focus; therapeutic affordances; data sovereignty; fragile watermarking; pervasive monitoring; knowledge valuation; autonomous testing; multisite; nonattrition"
"105","53","cost effectiveness analysis; costing analysis; cost/utility analysis; health economic evaluation; cost-effectiveness analysis; cost-benefit analysis; cost benefit analysis; budget impact analysis; decision analysis; cost–benefit analysis; cost utility analysis; utility analysis; health economic analysis; health decision modelling; decision modeling; health economic modeling; economic evaluation; cost analysis; health economics evaluation; economic analysis"
"106","29","signal magnitude area (sma); signal magnitude vector (smv); heart sound segmentation (hss); difference visibility graph (dvg); vectorcardiogram (vcg); gated recurrent unit (gru); normalized cross correlation (ncc); thermal region of interest (troi); lesion region of interest (lroi); gated recurrent units with decay (gru-d); correlation-dependent connectivity map (cdcm); epiphyseal regions of interest (erois); integrated gradient (ig); lead asymmetric pooling (lap); received signal strength (rss); generalized glottis motion function (ggmf); intravoxel incoherent motion (ivim); texture representation of image (tri); region of non-interest (roni); gated recurrent units (grus)"
"107","59","flexible macroblock ordering (fmo); hamming encoding digital transmitter (hedt); homotopy analysis method (ham); multi-body simulation (mbs); medial axis transform (mat); simultaneous and proportional control (spc); diagonal loading (dl) csp (dlcsp); moth–flame optimization (mfo); optimal transport (ot); digital transformation (dt); compact half-edge (che); enhanced bat optimization (ebo); hyperdimensional computing (hdc); compressive sampling (cs); super-twisting control (stc); closed-loop control (clc); fluid-structure interaction (fsi); modified differential evolution (mde); lie detection (ld); dual-detector architecture (d2a)"
"108","74","hybrid machine learning; auto machine learning; relational machine learning; active machine learning; batch machine learning; federated machine learning; centralized machine learning; multi-view machine learning; homogeneous ensemble machine learning; distributed machine learning; machine and deep learning; no-code machine learning; stacking machine learning; graph machine learning; scientific machine learning; deep and machine learning; interactive machine learning; transparent machine learning; causal machine learning; super- vised machine learning"
"109","46","hyper-parameter optimization; grid-search optimization; subset-accuracy space optimization; quadratic optimization; pareto optimization; genetic algorithm optimization; hierarchical particle optimization; partition-based optimization; competitive swarm optimization; local powell optimization; binary particle swarm optimization; deep neural network optimization; multi-objective ant lion optimization; gradient-based optimization; scale-set optimization; optimal control optimization; batch nuclear norm optimization; swarm optimization; hybrid bayesian optimization; pose optimization"
"110","62","clinical assignments; clinical task; clinical topic; clinical it; clinical questions; clinical credibility; clinical scholars; clinical usability; clinical prediction; clinical engineer; clinical expertise; clinical reasoning; clinical term; clinical ambiguity; clinical continuity; clinical value; clinicalbert; clinical performance; clinical factor; clinical pathways"
"111","52","multi-wavelength; multipath channels; one-stage detector; multi-channel; single-source; dual-wavelength; single-element transducer; nonlinear beamforming; fiber-optics; beamforming; passive auto-focusing; multiband; dense optical flow; multi-type detectors; multi-direction; two-stage detector; light transformer; photon transport; structured light; infrared light"
"112","50","event logging; data logging; event logs; ehr log data; progress notes; symptom logging; medication collection process; activity logging; ehr audit logs; medication information extraction; audit log data; call detail records; provider response time; monitoring/data tracking function; event-log re-ordering; system log data; raw audit logs; event log; clinic visit recording; symptom information extraction"
"113","20","speech discrimination score; speech recognition; speech test; speech discrimination tests; speech analysis; subjective listening test; hearing tests; hearing aid evaluation; voice recognition; audio speech recognition; hearing screening; speech-in-noise test; loudness perception; pure tone; pathological voice quality assessment; pure tone average; dynamic noise thresholds; sound quality index; taste perception; acoustic startle response"
"114","54","alert systems; monitoring systems; driver monitoring system; alerting system; driver monitoring systems; reminder systems; early warning system; medication alerting system; patient monitoring systems; early warning systems; automated monitoring and surveillance systems; patient identification systems; medication alert system; automated alert system; diagnosis support systems; spontaneous reporting systems; outbreak detection system; telemonitoring systems; quality evaluation system; emergency response system"
"115","53","journal citations; publication database; physionet database; journal article; public databases; weblog; journal guidelines; information sources; journal disruption index; scientific communication; public data; publication records; life review; child immunization record; journal comments; internet research; public reports; public interest; science communications; drug reviews"
"116","39","plain-photography images; back tongue images; scalogram images; diabetic tongue image; image examination; facegram; intraoral ultrasound videos; facial and tongue images; stereolithographic; radiographer; photographs; face skin image; photography; photograph; dental ct; cephalogram correspondence; image recomposition; radiological image and text; sinogram; occlusal depth image"
"117","36","multi-omics data fusion; multi-dataset integration; cross-omics data merging; single-cell data integration; hi-c data integration; cross-dataset integration; multiomics data fusion; multi-omics data simulation; multi-modal data fusion; graph-based data delivery; spatial transcriptomics data simulation; sequence-structure data integration; kernel-based data integration; multi-source data fusion; multi-sensor data fusion; multi-omics fusion; high-dimensional data visualization; ehrs data modeling; genotype data integration; biobank-scale gwas visualization"
"118","19","mixed methods systematic review; qualitative evidence synthesis; living systematic review; qualitative evidence-synthesis; qualitative review; qualitative meta-synthesis; qualitative studies; mixed-methods review; narrative synthesis; systematic reviews as topic/methods; scoping review of reviews; scoping review of literature; review, overview of systematic review; methodologies of structured report; inconsistent evidence; mixed outcomes; number of citations; methods of economic evaluation; quality of papers"
"119","32","high-speed videolaryngoscopy; video for cystoscopy; chromoscopy; high-resolution magnification endoscopy; endososcopy; computer-assisted endoscope; microendoscopy; chromoendoscopy; endoscopic view; wireless capsule endoscope; stethoscope; dermoscopy; high-speed laryngoscopy; computer-aided hysteroscopy; flexible endoscopes; integral photography; gastroscopy; medical photography; biomicroscopy; smartphone-based funduscopy"
"120","47","contrastive clustering; adaptive clustering; deeply learned clustering; similarity-based aggregation; global second-order pooling; balanced topological augmentation; dynamic ensemble pruning; robust rank aggregation; iterative clustering; privacy-preserving clustering; manifold clustering; cube clustering; low-complexity detection; unsupervised manifold alignment; simultaneous clustering; affinity propagation clustering; iterative reweighting; incremental clustering; center clustering; center kernel alignment"
"121","28","symptom severity identification; depression prediction; symptom tracking; symptom severity classification; mental health symptom detection; depression analysis; symptom prediction; depression risk prediction; depression risk recognition; depressive disorder prediction; happiness analysis; stuttering detection; depression severity classification; cognitive bias modification; dynamic memory diagnosis; suicide-risk identification; posttreatment predictors; psychiatric symptom recognition; comorbidity identification; pain typology"
"122","69","force estimation; angle estimation; position weights; impedance matching; torque estimation; weightlessness simulation; joint angle prediction; radius estimation; diameter estimation; stress prediction; deflection control; finacing strategy; upper-limb motion estimation; backstepping control; force variation; kinematic calibration; stress modelling; conductivity estimation; shear stress computation; bending angle prediction"
"123","67","adversarial domain augmentation; siamese network architecture; federated feasibility queries; token-mixer architecture; multitask; restful api; model-drivel communication; efficientnetb2; attribute linkages; tokenisation; reachability query; half-face data storage structure; open-set recognition; contextual transformer module; context query; semantic process mining; umi-aware simulation; deep union transformer; variational autoen code; attribute learning"
"124","53","quality recognition; process quality; performance quality; quality assurance audit; quality assurance; performance monitoring; system quality; information quality; drug data quality; ontology quality assurance; performance reporting; performance guidance; quality standards; alarm system quality; pharmacy service quality; data quality assessment standards; quality and system design; quality principles; system performance monitoring; scalable quality assurance"
"125","28","food records; dietary records; dietary food records; diet records; food diaries; 3-day food diary; food diary; dietary intake assessment; food measurement; food frequency questionnaire; dietary intake monitoring; dietary reporting; mobile food record; physical activity questionnaire; health checkup questionnaire; sleep diaries; short food frequency e-questionnaire; dietary assessment method; image-based dietary records; sedentary and physical activity measurement"
"126","44","single-cell rna sequencing data; single-cell rna-sequencing data; ddrad sequencing data; single cell rna sequencing data; next-generation sequencing data; genomic sequencing data; chip-seq data; single-cell rna-seq data; bulk rna-seq data; single-cell and spatial transcriptomics data; sequencing data; transcriptome and methylome data; pathogen sequencing data; high-throughput sequencing data; long-read sequencing data; snp data; real scrna-seq data; multiplexed single-cell data; rna-seq data; dna-binding sequencing data"
"127","39","recruitment strategy; recruitment strategies; recruitment techniques; enrollment procedures; recruitment practices; recruitment; recruitment methods; subject recruitment; recruitment services; recruitment method; recruitment participation; multimodal recruitment strategy; sampling strategy; clinical trial eligibility criteria; recruitment materials; participant recruitment; data collection methods; enrollment methods; study recruitment; participant selection"
"128","36","computational virtual screening; structure based virtual screening; structure-based virtual screening; virtual high-throughput screening; ligand-based virtual screening; virtual drug screening; in silico drug screening; in silico drug repositioning; in silico drug discovery; in silico vaccine discovery; small molecule screening; pharmacophore-based screening; covalent virtual screening; computational target identification; in silico vaccine development; next-generation interaction screening; in silico screening; virtual drugs screening; in silico discovery; library screening"
"129","22","user computer interfaces; graphical user interface; application programming interface; graphical interface; natural language interface; web based applications; brain machine interface; brain computer interfaces; web applications; system interface; graphical user interfaces; application-programming interface; database interfaces; brain computer interface; application programming interfaces; natural language interfaces; open application programming interface; computer applications; academic track application programming interface; interactive clinical systems"
"130","33","enriched node embeddings; co-occurrence network embeddings; unsupervised gene embeddings; multi-channel pairwise attributes; local feature attributions; pairwise model similarity graph; tree-based ensembles; embedding distributions; k-modes clustering; redundancy-reduced scale sets; nearest-neighbor graph smoothing; fc-densenets; pairwise logratios; prott5 embeddings; intra-layer similarity edges; within-sample relative expression orderings; semantic-based distances; positive and negative annotations; ensemble of cnns; pre-trained cnns"
"131","33","review process; review methods; review of app; scientific review; review method; review websites; tic review; expert review; systemic review; review of apps; review article; scientific commentary; overviews; review automation; publishing correction; apps review; review literature; literature recommendation service; clinical evidence summarization; review of systems"
"132","51","limb movement detection; gaze movement modeling; arm movement identification; gesture detection; gaze tracking; finger force prediction; face/eye detection; eye movement classification; gaze estimation; eating gesture detection; onset time detection; gesture classification; finger motion classification; face tracking; activity tracking; continuous movement decoding; probe tracking; auditory displays; face mask detection; finger movement tracking"
"133","27","healthcare databases; mortality databases; french national mortality database; national health care data set; national health insurance database; healthcare surveys; claims datasets; administrative databases; disease databases; wisconsin data set; amsterdam university medical centers database; healthcare dataset; diabetes registries; health data collaborative utilization; national health insurance claims database; critical care–related databases; medical database; medical databases; comparative national analysis; data marketplace"
"134","65","dimension-matching free; tv-l1 approximation; sparse attack; sparse annotation; adaptive weight tensor; sparse dynamic; membership inference attacks; similarity kernels; sparsity and technical noise mitigation; fuzzy c-mean cluster; collaborative constraint gan; hyperparameter guidelines; texture-constrained gan; kernel ridge; dimensionality reduction localization; orthogonal matching pursuit; sparse label; kernel shap; sparse approximation; kernel distance covariance"
"135","42","multimethod data analysis; collage analysis; low-code data analysis; data stream analysis; pandemic data analysis; sequential data generation; data envelopment analysis; concept analysis; data and structure modelling; coword analysis; and time-series data analysis; data analyses; secure data analysis; (mesh) data collection; schema analysis; active data collection; data collection and processing; long-term data collection; fraud-analysis; sport data analysis"
"136","36","composite prioritization score; personalized frailty scores; connectivity score; disease index; nursing dependency index; preference cutting score; frailty index; satisfaction index; genetic risk score; organizational index; severity of illness scores; domain overlapping score; genetic risk scores; pediatric appendicitis score; ari index; adjusted rand index; environmental risk score; continuous suicidal risk assessment; recovery and exacerbation index; skin cancer risk scale"
"137","56","collaborative strategy; collaborative innovation; innovation adoption; innovation process; collaborative tools; leaning strategy; operational challenge; multi-modal collaboration module; participant-centric initiatives; persuasive systems design; collaborative documentation; competency mapping and extension; task-oriented dialogue system; patient-driven innovation; diversity initiatives; collaborative environment; pedagogical innovation; persuasive system design; collaborative knowledge construction; infrastructure model"
"138","40","automated classification; automated pattern recognition; automatic cell recognition; automatic lymphoma classification; automated text classification; automatic summarization; automatic classification; automatic data augmentation; automated cancer classification; automatic information extraction; automatic text processing; automatic text classification; automated diagnosis; automatic food image recognition; automatic text summarization; automatic kinetics parameterization; automated semantic annotation; automatic text summarisation; automatic annotation; automatic report generation"
"139","81","terahertz spectroscopic imaging; hyperspectral imaging; multispectral imaging; microscopic hyperspectral imaging; polarization imaging; ultrafast ultrasound imaging; super-resolution flow imaging; high-dimensional multiplex imaging; narrow-band imaging; terahertz pulse imaging; lens-free imaging; photoacoustic endoscopic (pae) imaging; multispectral autofluorescence imaging; photoacoustic imaging; synchrotron-radiation phase-contrast imaging; digital holographic imaging; localization fluorescence imaging; medical hyperspectral imaging; spatiotemporal super-resolution; blind super-resolution"
"140","49","frequency-domain enhancement; waveform component localization; time-frequency atoms; frequency-domain perturbation; frequency separation; reference-free compression; modulation spectrum; zero-shot evaluation; high-frequency signal; signal decomposition; frequency domain calculus; sinogram data consistency; monocomponent signal; phase-only correlator; fast fourier transformer; signal compression; time delay estimation; spectral whitening; acquisition function; spectral data simulation"
"141","43","3d-2d feature mapping; gradient-weighted class activation mapping; scale-kernel space; multi-scale class activation maps; class activation maps; diffusion kernels; medium-resolution maps; k-space interpolation; multi-head mapping; dipole kernel; activation mapping; total field maps; extended chaotic maps; enriched ctp maps; multi-scale weighted dilated convolution; emotion maps; superpixel decomposition; channel-wise multifusion; cross-layer feature enhancement; point-voxel network"
"142","38","local sequence alignment; sequence alignment; local alignment; multislice alignment; backbone alignment; rna secondary structure alignment; pairwise sequence alignment; seed-based alignment; rna alignment; small rna sequence alignment; protein alignments; sequence-alignment; rna alignments; progressive hierarchical protein alignment; alignment-free sequence comparison; reference sequence alignment; rna structural alignment; multiple sequence alignment; progressive alignment; structure alignment"
"143","30","biological data integration; genomics data integration; regulatory pathway data integration; genomic data integration; omics data integration; multiomics data integration; omics data visualization; depmap data integration; genomic variant data integration; multi-omics data integration; genomic data visualization; uniprot data integration; integrative data fusion; metabolomics data visualization; biomedical data integration; host metadata integration; dynamic data visualization; variant annotation integration; semantic data integration; biomedical information integration"
"144","27","imaging techniques; diagnostic techniques; visualization techniques; elasticity imaging techniques; medical imaging techniques; non-invasive techniques; image enhancement techniques; diagnostic tools; histological techniques; segmentation techniques; noninvasive diagnostic methods; non-invasive optical method; biomedical analytical methods; immunological techniques; embedding techniques; image processing techniques; non-invasive tests; cardiac imaging techniques; investigative techniques; non-invasive method"
"145","47","knowledge assessment; readiness assessment; competency assessment; causal knowledge assessment; preference assessment; skill assessment; competency assessments; disability evaluation; education assessment; health status assessment; educational assessment; surgical skill assessment; symptom assessment; utility assessment; hand function assessment; functional assessment; symptom analysis; pain assessment; fall risk assessment; risk factor assessment"
"146","44","clinical guideline; clinical recommendations; clinical process; clinical rules; clinical decisions; clinical concepts; clinical consultation; clinical subgroups; clinical practices; clinical tools; clinical conversations; clinical prediction rules; clinical prediction tools; clinical practice guideline; clinical decision rules; clinical intervention; clinical text; clinical practice guidelines; clinical-practice guidelines; clinical index"
"147","32","thermometer; thermometers; three-axis accelerometer; thermograph; thermometry; oscillo- metry; force test system; pressure platform; tri-axial accelerometer; photogrammetry; multiparameter; cylindrical-shaped dynamometer; goniometer; fetal scalp electrode; hand-held device; traditional goniometer; gauss meter; weighing machine; concentric needle electrode; in-ear microphone"
"148","44","syndromic surveillance; multisite surveillance; participatory disease surveillance; multi sources surveillance; geographical disease surveillance; molecular surveillance; epidemiological monitoring; influenza surveillance; environmental surveillance; population surveillance; epidemiologic methods; infectious disease monitoring; epidemiological methods; mobile surveys; viral epidemiology; epidemiologic surveillance; epidemiological investigations; hiv surveillance systems; epidemiologic method; infectious disease management"
"149","18","fundus photography; retinal fundus photography; ophthalmic photography; slit-lamp photographs; fundus photograph; eye fundus images; fundus image; fundus photos; fundus camera; fundus photograghy; slit-lamp imaging; fundus tessellation; smartphone funduscopy; clinical photography; corneal fluorescence staining; fluorescence fundus angiography; fluorescein angiography; improved focal loss"
"150","35","alignment-based filtering; data-driven normalization; read-level clustering; clustering-based post-processing; cell-type-specific demultiplexing; automated cell-type annotation; index-free filtering; alignment matrix post-processing; variation-aware read alignment; automated cell type annotation; omics-data denoising; indel-aware annotation; machine-assisted pre-annotation; co-normalization; fast data filtering; alignment-free snv detection; intensity-based normalization; auto-annotation; multiple pre-processing; pre-annotation"
"151","43","activity theory; relational similarity model; stereotype content model; argument theory; acceptance model; emotional model; meta-heuristic; dual model; expectation-confirmation model; teacher-student model; prime theory; expectation confirmation model; conspiracy theories; utaut model; control-oriented model; conceptual view; schema modeling; counterfactual prediction; attention-based models; concept-based explanations"
"152","55","training curriculum; teaching rounds; mentee training; curriculum enhancement; facilitator training; training module; mentor training; self-learning module; mentorship education; curriculum management; curriculum innovation; self-mixup training; teaching methodology; informatics training; course development; elective module; teleworking; mentorship; feedback lecture; research mentor training"
"153","52","motion correction; motion estimation; motion artifact reduction; head pose estimation; motion artifact removal; motion compensation; metal artifact correction; crystal artifact detection; artifact correction; motion transformation; motion artefact; artifact detection; respiratory motion estimation; motion detection; pose estimation; segmentation error prediction; motion-artifact reduction; metal artifact reduction; motion robustness; registration similarity estimation"
"154","63","xai evaluation framework; hourglass network; agile project management; cpoe/cds market challenges; disciplinary infrastructure; large-scale foundation model; data collaboration framework; trial innovation network; innovation infrastructure; portfolio analysis; online-target two-branch network; collaboration network; scip framework; cross consortium chain; collaborative pathology; research collaboration network; biodiversitypmc platform; collaboration support system; trial innovation center; portal delegates"
"155","38","network science; system science; health data science; learning science; complexity science; data science research; convergence science; systems science; medical knowledge engineering; regulatory sciences; biomedical data science; medical information science; healthcare delivery science; regulatory science; innovation science; reproducible science; healthcare data science; medical data science; remote research; data intensive science"
"156","53","system interoperability; systems interoperability; software interoperability; interoperability; data interoperability; registry interoperability; information interoperability; health information system interoperability; data integration and interoperability; ontology auditing scalability; device interoperability; health data interoperability; large-scale interoperability; health information interoperability; ehr interoperability; healthcare data interoperability; cross-domain interoperability; cross-tool interoperability; image sharing interoperability; model scalability"
"157","23","whole-slide images; whole-slide image; whole slide image; whole slide images; multichannel images; phase images; macro-images; high dimensional images; multiple images; color image; digital image; digital images; linked color imaging; dicom images; dic images; wound images; image gray-scale histogram; two-dimensional (2-d) gel images; whole-slide scans; kymograph"
"158","27","electrical stimulation; functional electrical stimulation; electric stimulation; high definition transcranial current stimulation; peripheral electrical stimulation; transcranial electric stimulation; transcranial alternating current stimulation; transcranial electrical stimulation; transcranial direct current stimulation; multichannel transcranial magnetic stimulation; non-invasive brain electrical stimulation; transcutaneous electrical nerve stimulation; neurostimulation; intrafascicular electrical stimulation; repetitive transcranial magnetic stimulation; nerve stimulation; spinal cord stimulation; non-invasive brain stimulation; neuromuscular electrical stimulation; optical stimulation"
"159","37","trans-theoretical model; constructivist learning model; prescriptive maturity model; hot-fit framework; program logic model; sociotechnical model; process model; fitt framework; unified theory of acceptance and use of technology model; theoretical model; conceptual model; three-dimensional framework; conceptual framework; integrative model; conceptual models; theoretical domains framework; kirkpatrick framework; chronic core model; precede-proceed model; process-based framework"
"160","34","medical information sharing; data access; information access; electronic information exchange; electronic data exchange; case record form; multilingual information access; privacy preserving record linkage; single source information system; uniform resource locator; patients’ online record access; programmatic database access; electronic consent; interactive record linkage; personal information; structured report; structured information; structured reports; electronic product information; case report form"
"161","115","vmr; twa; ghi; dtm; trr; ftp; rsi; aam; pdp; llm; bpt; efl; sba; dtd; cnr; asr; hme; dfc; ece; psr"
"162","49","differential co-expression analysis; gene-set analysis; differential binding analysis; functional enrichment analysis; multiple gene list analysis; gene set analysis; gene-set enrichment analysis; functional and pathway enrichment analysis; gene set enrichment analysis; enrichment analysis; functional pathway analysis; network-based pathway analysis; differential coexpression analysis; gene set overrepresentation analysis; differential regulation analysis; weighted gene coexpression network analysis; differential protein expression analysis; pathway analysis; gene sets enrichment analysis; gene network analysis"
"163","54","multi-view framework; auto-learning search framework; deep learning framework; deep fusion framework; modularized iterative network framework; graph-based random walk framework; multi-branch framework; multi-front-end framework; graph-based framework; adversarial framework; hierarchical framework; multi-domain coupled framework; federated learning framework; multimodal generative framework; multi-dimensional computational framework; machine learning framework; generative framework; end-to-end multi-task framework; convnet-transformer hybrid framework; embedgem framework"
"164","40","dual-view ultrasonic imaging; phase-contrast imaging; x-ray phase contrast imaging; ultrasound imaging; high-dimensional imaging; three-dimensional imaging; 3d ultrasound imaging; limited-view imaging; phase contrast imaging; contrast-enhanced imaging; multi-view imaging; ultrasound fusion imaging; functional ultrasound imaging; breast ultrasound imaging; ultrasonic imaging; multiparametric imaging; acoustic thoracic imaging; low-dose imaging; high-resolution microct; 3d quantitative phase imaging"
"165","15","respondent-driven sampling; telephone-based survey; telephone interview; respondent driven sampling; computer-assisted telephone interview; random digit dialing; computer-assisted personal interviewing; survey instrument; nested case-control design; web-based respondent-driven sampling; anonymous linkage methods; within-person design; computer-assisted self-interviewing; computer-assisted self-interview; unequal sample coverage"
"166","58","voice-activated technology; computer-tailoring; feedback technology; voice-enabled analytics; ai-based technology; computer-mediated; technology-assisted coaching; ai-driven technology; arm-based platform; attribute-based access control; smart sensor detection; mobile-based sensor; audio-based aal applications; ai-enabled scribe technology; teleoperation; multihead self-attention; enhanced recognition framework; multiple computer tailoring; app-based services; rapid prototyping"
"167","30","viability analysis; cell migration assays; viability assay; motility analysis; wound image analysis; cancer cell line morphological analysis; cellular thermal shift assay; bioimage analysis; colocalization analysis; wound healing assay; protein array analysis; drug sensitivity assays; real-time statistical analysis; cell counting; tumor stem cell assay; biochemical assays; clonogenic assays; mtt-formazan assay; xenograft model antitumor assays; comet assay"
"168","51","poisson mixed-effects model; negative binomial mixed effects model; random effects model; logistic growth model; cox proportional hazard model; hierarchical negative-binomial model; cox proportional hazards model; mixed-effect model; mixed-effects model; linear mixed-effects model; proportional hazards model; random effect model; accelerated hazard model; proportional hazard model; latent class mixed model; functional mixed-effect model; negative binomial mixture model; random regression model; random-effects model; multivariate autoregressive model"
"169","35","periodic limb movement index (plmi); oscillatory shear index (osi); heart rate variability (hrv); bone age assessment (baa); childhood asthma control test (c-act); pulmonary function test (pft); pulse wave velocity (pwv); coronary artery calcification score (cacs); arterial stiffness (as); coronary artery calcification (cac); coronary artery calcification(cac); simpson-angus scale (sas); multiple sclerosis performance test (mspt); snoring (sn); fractal analysis (fa); sleep apnea (sa); index of microcirculatory resistance (imr); vessel-wall-plus-plaque thickness (vwt); carotid artery intima-media thickness (imt); pulmonary fibrosis exacerbated (pfe)"
"170","68","landmark fitting; landmark localization; marker recognition; labeler; position encoding; label encoding; positional encoding; label hierarchy; shap framewok; nodexl pro; keyhole symbol; label smoothing; position embedding; tooth instance segmentation; label propagation; label embedding; hole embedding; racoon_clip; location constraint; label noise"
"171","23","internet-based health management; internet-based health care; electronic pro-based symptom management; blended care therapy; computer-tailored health communication; internet health management; use of mobile phone applications; mobile smoking cessation; digital behavioral coaching; medication adherence technology; telehealth-care; computer-based counseling; web-based symptom monitoring program; internet-based online medical service; computer-based therapy; internet-assisted; mobile and web-based lifestyle apps; team-based care delivery; sms text messaging–based telehealth; smartphone addiction"
"172","58","respiratory rate detection; heart activity sensing; thoracic movement signal; heartbeat normalization; heart rate estimation; breath rate tracking; heart rate band; heart rate complexity; respiratory rate estimation; heart sound segmentation; heart rate sensor; heart rate tracking; heartbeat alignment; heartbeat localization; muscle activity detection; hr estimation; body pressure mapping; body surface potential signals; respiratory cycle detection; ecg/eeg signal compression"
"173","18","pulse decomposition analysis; transfer function analysis; amplificaion curve analysis; phase analysis; cepstral analysis; cepstrum analysis; hypnogram analysis; normal mode analysis; hysteresis loop analysis; bifurcation analysis; poincaré plot analysis; cartographic analysis; hypercomplex fourier analysis; positive negative peak histogram analysis; forced oscillation technique; harmonic-percussive source separation; subtraction technique; fast gradient method"
"174","26","classification and segmentation; tracking and segmentation; image preprocessing and segmentation; feature point detection and classification; image decomposition and classification; object localization and segmentation; automatic segmentation and classification; segmentation and localization; superpixel feature extraction and selection; medical image segmentation and localization; multi-scale feature extraction and fusion; feature extraction and fusion; skin lesion segmentation and classification; cell segmentation and tracking; iterative tracking and segmentation; medical image classification and segmentation; motion estimation and extraction; image processing and classification; adaptive spectrum segmentation and recognition; edge detection and intensity adjustment"
"175","23","shiny r package; rcx r package; coni r package; bioconductor ctcf package; immunedeconv r package; qsc r package; intlim r package; r/bioconductor package; tidytof r package; enrichintersect r package; bioconductor package; scdiv r package; r package bioconductor; bioconductor-compatible r package; triage r package; cran package; r package; r bioconductor; r/bioconductor; bioconductor"
"176","34","information exchange; information transmission; information storage; information transfer; information service; information organization; information support; information system; information utilization; information management; laboratory information exchange; information infrastructure; health information usage; information communication; information standards; information network; information services; medical information delivery; health data exchange; inter-agency information transfer"
"177","43","equivariant diffusion model; elastic network model; diffusion model; discrete diffusion model; deformable model; multi-phase deformable model; rigid-body model; cascaded diffusion model; stacking ensemble model; active contour model; hybrid deformable model; diffusion models; coarse-grained model; reduced order model; active shape models; three-pore model; bass diffusion model; state-transition model; projective geometric model; bond graph modeling"
"178","64","wsis classification; ilae classification; classifications; candidacy framework; driver distraction classification; complex classification; evolving classification; grading of hr; decision-level fusion; elite algorithm; clinical nlp; polarity classification; nph classification; faceted classification; outlier system; risk level classification; on-device classification; modality classification; order recommendation system; multilevel classification"
"179","26","multisensory stimulation; acupuncture stimulation; biofeedback training; biofeedback; mobile alcohol avoidance training; intracortical brain-machine interface; sound therapy; dynamic pedography; dual-hormone delivery; computer-aided mental training; neuromodulation; neural prostheses; neurofeedback; teletherapy; robot-mediated rehabilitation; thermal conditioning; neuro-steered hearing devices; tactile feedback; real-time functional magnetic resonance imaging neurofeedback; computerized pain body map"
"180","77","generative ai usage; constrained classifier chain; hierarchical features fusion; bimodal feature fusion cnn; graph neural architecture search; sparse transformer block; adaptive feature weighting fusion; adaptive sparse awareness; network propagation regularization; nonlinear multiple kernels fusion; feature architecture mapping; label distribution learning; deep learning screening; deep factorization machine; generative ai paradigm; ensemble regressor chains; multiview network embedding; knowledge-aware dice loss; neural network search; learning with noisyt label"
"181","30","dataset bias; dataset augmentation; dataset shift; dataset shifts; dataset balancing; dataset mapping; dataset integration; metadata integrity; dataset expansion; metadata preservation; dataset annotation; dataset drift; metadata standardization; metadata standards; dataset manipulation; protein data augmentation; origami data augmentation; metadata registry; datasets integration; article metadata correction"
"182","54","open data kit; bioimage informatics; hubmapr; webcmap; heterogeneousnetwork; graph database; multireslinknet; microarray gridding; minion mk1c; openncp; data commons; geneset; genome security; capsule networks; edge computing; data hubs; sun polyp dataset; graph databases; data science pipeline; genomic security"
"183","28","observational studies as topic; clinical studies as topic; pragmatic clinical trials as topic; validation studies as topic; micro-randomized trial (mrt); multi-center distribution; twin studies as topic; randomized controlled trials as topic; longitudinal learning; self-controlled case series (sccs); evaluation study as topic; tems-study; multicenter studies as topic; clinical trials (as topic); multicenter classifier; multi-institutional reliance; group-level; secondary uses; retrospective studies and data mining; observational study privacy"
"184","36","motivational messages; persuasive strategies; communication strategies; motivational incentives; protective strategies; communication strategy; motivators; persuasive interventions; balancing strategies; emotional management; persuasive strategy; risk reframing; dynamic treatment strategies; informative path planning; prompting strategy; educational campaign; integrative strategies; educational awareness; narrative persuasion; smoking/harm reduction"
"185","44","semantic embedding; knowledge graph embedding; relational phrase clustering; semantic alignment; graph semantics; meta-path instance pair embedding; hyperbolic knowledge graph embedding; semantic spaces; semantic tags; concept-attribute relation classification; web semantics; pairwise attribute embedding; biomedical entity relation prediction; pairwise attribute representation; skip aggregation network; knowledge graph construction; semantic standards; biomedical ontology grounding; entity-attribute-value schema; hierarchical retrieval-augmented generation"
"186","44","hollow fiber membrane; coated metal oxide nanoparticle; charged particles; bio-coating; contact electrodes; high density electrode arrays; nanorobots; hybrid nanofluid; actuators; functionalized carbon nanotube; flexible pcb electrodes; soft substrate; multi-layer capsules; semi-porous channel; 2d bio-scaffold system; single-wall carbon nanotube; conductive textile; aggregation of nanoparticles; developable surface; micro-patterns"
"187","47","joint extended kalman filter; unscented kalman filter; constrained kalman filter; multiple-model kalman filter; ensemble kalman filter; extended kalman filtering; constrained ensemble kalman filter; adaptive median filter; extended kalman filter; multiscale matched filter; nonlinear kalman filtering; time-adaptive filtering; multistage nonlinear adaptive filter; smoothed kalman filtering; cascaded adaptive filtering; kalman filter; nonlinear bayesian filtering; decentralized kalman filter; recursive least square filter; kalman filtering"
"188","40","healthcare data storage; data storage; multi-institutions data sharing; data exchange; dna data storage; remote medical data sharing; dna-based data storage; hierarchical data access; data infrastructure; ehr data release; ehr data reuse; secure data integration; data-sharing; genomics data storage; data accessibility; data storage and sharing; privacy-preserving data sharing; data authentication; patient data repository; health data reuse"
"189","81","dual-hop; in-basket; position-aware; frequency-aware; one-time keys; remote-facilitation; simple-hgn; trajectory-aware; dual stream; multi-stream-powered; reference-guided; effort-to-compress; fallback options; dual-path fusion; pre-train; more-than-digital; on-target; class-balanced; hybrid-scholars; high-level commands"
"190","41","deconvolution methods; attribution method; level set methods; mapping methodology; network method; threshold methods; correction methods; matching methods; topsis method; modeling methods; connectivity estimation; neighboring method; level set method; connectivity methods; ensemble strategy; ensemble methodology; learning methods; connectivity protocol; modeling approach; cluster interpretation"
"191","45","cloud database; cloud tool; dsp platform; linkability; galaxy integration; cloud environment; r shiny application; cloud application; it platform; cloud deployment; web-scale discovery; app repository; web3; openehr approach; mobilenetv3; open standards; cloud healthcare api; websocket; open-source llms; shiny r application"
"192","64","ethics committee proposal; research data governance; research ethics; research ethics board; research ethics committee; irbs; irb; ethics committees; clinical research ethics; human subject protections; human research protection; institutional ethics committee; biobanking irb; health data governance; ethic; biomedical ethics; medical ethics; ethics approval; data access restrictions; deidentification"
"193","30","digital tools; digital system; virtualization; digitalization; digital platform; digital app; digital platforms; digital tracking; digital interlocutors; digital collection; digital twin technology; digital framework; digital gaps; digital features; digital solutions; digital diagnostic tools; digital workflow; digital applications; digital transfer; digital screening"
"194","46","patient risk prediction; disease outcome prediction; outcome prediction; clinical event prediction; mortality outcome prediction; clinical outcome prediction; clinical endpoint prediction; prognosis prediction; outcome early prediction; functional outcome prediction; endpoint prediction; coma outcome prediction; disease risk prediction; clinical risk prediction; clinical prediction rule; mortality risk prediction; patient outcome prediction; critical event prediction; patient specific survival prediction; pediatric disease prediction"
"195","31","single-lead ecg; 12-lead ecg system; single-lead ecg recognition; 12-lead ecg; qrs-centric ecg analysis; 12 ecg leads; electrocardiograms; 12-lead electrocardiogram; p-wave detection; electrocardiograph (ecg); single-lead ecg recordings; single-lead electrocardiogram; electrocardiogram(ecg); 12‑lead ecg; ecg data; holter monitoring; cardiac isochrones; qrs complex detection; holter monitor; multi-channel electrohysterogram"
"196","22","protein–peptide docking; structure-based docking; protein–protein docking; ab-initio protein docking; peptide–protein docking; small-molecule docking; protein docking; flexible docking; computational docking; interface restrained docking; in silico mutagenesis; molecular docking; computational saturation mutagenesis; in silico saturation mutagenesis; molecular docking and dynamics; molecular docking and simulation; covalent docking; in silico fragmentation; staphylococcus aureus, molecular docking; artificial mutagenesis"
"197","29","grant seeking; grants management; grant award size; foundation; fellowship; seed grants; training grants; fundraising success; funders; sponsorship type; cy pres funding mechanism; training grant; vision foundation model; fundraising; support, u.s. gov’t, p.h.s.; fundraise; funding; funding model; support, u.s. gov't, p.h.s.; clinical and translational science awards operations"
"198","95","components; prediction; architecture; transitions; metadata; assay; deconvolution; graphics; bert architecture; harvesting; programming; assembly; collaboration; algorithms; mapping; reviews; articles; methodologies; visualization; labelling"
"199","49","network activity evaluation; comparative tool evaluation; structure-based evaluation; application-oriented evaluation; trustworthiness evaluation; multi-method evaluation; content validity assessment; off-policy evaluation; hybrid usability inspection; construct-oriented evaluation; mooc evaluation; understandability evaluation; training evaluation; utility and privacy evaluation; usability benchmarking; network-based prediction evaluation; cross-environment evaluation; utility elicitation; credibility appraisal; privacy evaluation"
"200","86","data variability; data catalogue; data diversity; data standardization; data persistence; data imbalance; data maturity; data assimilation; data mart; data tagging; data suitability; data balancing; data donation; data revolution; data enhancing; data equity; data equivalence; data interaction; data segregation; data preservation"
"201","64","lysine crotonylation; lysine succinylation; succinylation; lysine lactylation; post translation modifications; lysine phosphorylation; lactylation; rna base modification; lipoylation; histone lysine crotonylation; rna modification; lysine malonylation; lysine post-translational modification; phosphoglycerylation; lysine ubiquitination; protein tyrosine sulfonation; protein s-sulfinylation; lysine acylation; histidine phosphorylation; nucleotidyltransferases"
"202","44","fuzzy membership; fermatean fuzzy set; fuzzy classification; fuzzy constraint; fuzzy s-tree; fuzzy matching; interval type-2 fuzzy sets; type-2 fuzzy logic; interval type 2 fuzzy logics; fuzzy entropy; fuzzy hypersoft set; intuitionistic fuzzy set; fuzzy set; fuzzy graph; fuzzy ontology; type-2 fuzzy ontology; fuzzy rule induction; fuzzy integral; fuzzy environment; fuzzy dematel"
"203","52","clinical decision-support system; clinical decision support system; diagnostic decision support systems; diagnostic decision support system; medical decision support systems; computerized decision support systems; computer decision support systems; clinical decision-support systems; medical decision support system; computerized clinical decision support systems; computerized clinical decision support system; computerized decision-support systems; decision support system; clinical decision support systems; clinical decision-making support system; computerized decision support system; computerised decision support systems; population decision support systems; decision-support systems; clinical decision-supporting system"
"204","35","movement-based interaction; higher-level interactions; non-proximal interdependencies; basic time relations; context-wise correlation; higher-order interdependencies; prediction for multiple types of associations; causality in target modulation; commonality and specificity; human–avatar interaction; accuracy of summaries; latent space alignment across modalities; cross-application discrepant identity recognition; generalizability across datasets; credibility of predictors; semantic distance and similarity; semantic similarity and relatedness; agreement between human and computer; combining static and dynamic variables; modeling interactions"
"205","44","chat intervention; mother-daughter intervention; chatbot intervention; resilience training; telenursing interventions; facebook intervention; violence intervention; coaching intervention; coaching strategy; psychotherapy training; sms intervention; peer navigation; mental health training; just-in-time intervention; psychosocial educational; personalized training; mirror therapy; self-help application; group practice; interactive treatment"
"206","19","hilbert schmidt independence criterion; fractional grünwald-letnikov method; maximum mutual information criterion; kernel kullback–leibler divergence; cauchy combination test; burg autoregressive (ar) method; hilbert‒schmidt independence criteria; nonparametric granger causality; projected covariance measure; dijkstra’s method; arellano-bond estimator, generalized method of moments; auxiliary loss weights; normal density discriminant function; kullback information criterion; fisher’s linear discriminant; convergence criteria; health services research, 2-step virtual catchment area (2svca) method, 2-step floating catchment area (2sfca) method; constant comparative method; kullback-leibler distance"
"207","51","motion sensors; kinematic sensors; inertial sensor; body sensors; inertial sensors; depth sensor; wearable accelerometer sensor; motion sensor; wearable eeg sensor; sensor system; wearable imu sensors; movement sensors; pressure sensors; kinematic sensor; bed sensor system; limb motion sensor; depth sensors; wearable imu sensor; bed sensor technology; body-fixed sensors"
"208","56","imaged- eeg; illumination normalization; in-slice attention; i-conect project; i-scan technology; pseudo-mass spectrometry imaging; stain normalization; stain separation; four-chamber segmentation; 3d-group ica; imaging metabolomics; i-conect dataset; high-resolution explanations; earcanal prototype; in situ imaging cytometry; n-of-1 trials; ultra-sound image; image acquisition modelling; x-ray imaging automation; ear mold"
"209","25","wireless sensor networks; wireless sensor network; wireless networks; healthcare wireless sensor networks; industrial wireless networks; wireless eeg sensor networks; computer communication networks; wireless sensor and actuator networks; communication networks; mobile data networks; body sensor networks; computer networks; medical sensor networks; wearable wireless body sensor networks; wireless system; wireless transmission; all-ip wireless sensor network; wireless power transmission; underwater wireless sensor networks; 5g mobile networks"
"210","36","ai evaluation framework; competency framework; benefits evaluation framework; integration framework; informatics framework; implementation science framework; competency frameworks; learning framework; integrated framework; accountability framework; system framework; benchmarking framework; business model framework; ai implementation framework; educational framework; evaluation frameworks; multimodal framework; ethical framework; evaluation framework; mixed sustainability-resilience framework"
"211","46","clinical & translational science award (ctsa); clinical and translational science award (ctsa); national research mentoring network (nrmn); biomedical research integrated domain group (bridg); health information technology for economic and clinical health act (hitech); center of biomedical research excellence (cobre); clinical information modeling initiative (cimi); machine learning (d000069550); consumer health informatics (l01.313.187); health information technology for economic and clinical health act of 2009 (hitech); organ procurement and transplantation network (optn); observational health data sciences and informatics (ohdsi); informatics (d048088); health information interoperability (d000073892); crowdsourcing (d063045); hl7 fast healthcare interoperability resources (fhir); computational pathology (cpath); semantics (d012660); national institute for health and care excellence (nice); national institutes of health (nih)"
"212","31","decision level fusion; experience based evidence; recommendation type classification; level set; evidence-based dentistry; evidence-based medicine pyramid; question types classification; evidence-base decision (ebd); severity level; evidence random forest; evidence-based pharmacy; evidence-informed; level crossing; clinical quality language; missing verification evidence; class level fusion; context-aware evidence grading; risk rating; review [publication type]; size reduction"
"213","35","disease prevalence; demographic confounders; misclassification bias; confounding factors, epidemiologic; selection bias; confounding bias; confounding index; confounding factors (epidemiology); recall bias; confounds; algorithmic bias; differential misclassification; confounding factor; confounding factors; incidence rates; source-biased data; matching rates; prepandemic cohort; methods for confounder control; confounding variable identification"
"214","34","social big data; health big data; big health data; medical big data; big-data; health care big data; healthcare big data; big data; biomedical big data; big omics data; big medical data; mobile health data; smart big data; big data networks; big data resources; big data analysis; imbalanced big data; twitter data; big knowledge visualization; big data paradigm"
"215","13","pragmatic randomized controlled trial; pragmatic cluster randomized trial; pragmatic trials; pragmatic clinical trial; pragmatic clinical study; comparative effectiveness trial; pragmatic trial; pilot randomised controlled trial; effectiveness trials; pragmatic clinical trials; long-term trials; comparative-effectiveness; microrandomized trials"
"216","28","image understanding; image generator; image perturbation; image homogeneity; image augmentation; image moment; image annotation; image omics; image structures; image simulator; image feature; image inversion; imagenet; image; image genetics; image semantic; images; image estimation; image representation; image grading"
"217","59","lifeworld; poet software; stun software; multicriteria instrument; surechembl api; blockchain technology; jess software; flexsim healthcare; visium hd data; orthofinder integration; hampel-filter; kubios software; cobra toolbox; comodule discovery; tensorflow lite; unirep; ai diagnostics; femtech; mlaprvfl; fur software"
"218","23","retinal image quality analysis; fundus image processing; retinal image processing; retinal oct image classification; fundus image analysis; fundus image segmentation; retinal image segmentation; retinal vessel segmentation; fundus image quality assessment; retinal image quality assessment; retinal image analysis; retinal image generation; dermoscopy image analysis; fundus vessel segmentation; retinal oct lesion segmentation; retinal vessel extraction; oct quality analysis; diabetic retinopathy image assessment; retinal image enhancement; retinal microvascular segmentation,geometric-field modeling"
"219","34","web-based platform; web-based system; web-based framework; interactive web portal; web-based support tool; web-based platforms; web-based tool; web-based data portal; web platform; web-based program; web-based systems; web-based visualization platform; web-based programs; web-based services; shiny-based web portal; web-based tools; web-bases; web-based; web portals; web-based resource"
"220","57","automated analysis pipeline; computational pipeline; nextflow pipeline; mapping pipeline; data standardization pipeline; automated virtual screening pipeline; end-to-end analysis pipeline; custom pipeline; informatics pipeline; computational omics pipeline; integrated analysis pipeline; workflow engine; gcompip pipeline; machine learning pipeline; biological pipeline; read-processing workflow; bioinformatic pipeline; knime workflow; nextflow workflow; data analysis workflow"
"221","43","cross-attention; cross-positional attention; knowledge-enhanced attention; focal loss-based attention; transformer-based attention; dual-cross graph attention; structure-guided attention; local self-attention; parallel multi-attention; multi-scale self-attention; multi-scale triplet attention; multi-scale spatio-temporal attention; dynamic cross-graph attention; depth-wise attention; multi-scale dynamic sparse attention; multi-channel attention; multi-head self-attention; channel-level attention; feature category-level attention; convolutional self-attention"
"222","16","interventional studies; prospective observational study; randomized controlled study; retrospective cohort studies; multicentric studies; multicenter studies; prospective study; retrospective studies; randomized controlled studies; prospective studies; observational studies; human studies; validation studies; non-randomized studies; observational cohorts; human subjects"
"223","17","crispr/cas9; crispr/cas9 system; crispr/cas; crispr-cas9 double knockout; tal effector nuclease; crispr-cas; crispr-cas9; crispr-cas tools; crispr; gene knockout; homologous recombination deficiency; rna interference; sirnas; rnai; sirna; crispr essential genes; mutagenesis, site-directed"
"224","30","remote photoplethysmography (rppg); strain plethysmography (spg); photo-plethysmography (ppg); impedance pneumography (ipg); photoplethysmography(ppg); photoplethysmography (ppg); pulse photoplethysmography (ppg); impedance pneumography (ip); force myography (fmg); force myography(fmg); surface electro- myography (semg); photoplethysmographic (ppg); imaging photoplethysmography (ippg); camera-based photoplethysmography (cbp pg); high-density electromyography (hd-emg); bioimpedance spectroscopy (bis); computerized respiratory sound analysis (corsa); camera-based photoplethysmography (cbppg); continuous noninvasive blood pressure measurement (cnibp); high-density surface electromyography (hd-semg)"
"225","41","cost loss; cost; costs; switch costs; medical care cost; cost efficiency; costs savings; health care cost; cost factors; cost efficacy; emission costs; environmental costs; telehealth cost; economic costs; cost allocation; communication cost; cost control; manufacturing costs; service price; food cost"
"226","32","software tool; software toolkit; software assistance; software pipeline; software application; software reliability; software problem; software deployment; software apps; software comparison; software safety; software testing; software algorithm; software usability; application software; software ecosystems; software agents; software architecture; software; software agent"
"227","42","learning gaps; training needs analysis; awareness initiative; stakeholder education; strategies for health it training; stakeholder insights; stakeholder perceptions; value sensitive design; data and decision support needs; research-to-practice gap; collaborative work practices and it; solutions to electronic health record challenges; need domains; evidence gap map; lessons learned; stakeholder views; physician information needs assessment; importance-aware; challenges in persuasion technologies; teamwork challenges"
"228","12","coronary artery calcium score; carotid ultrasound; carotid artery ultrasound; coronary artery calcification score; plaque perfusion analysis; 3d carotid ultrasound; coronary artery calcium; coronary artery calcium (cac) scoring; automated six carotid risk phenotypes; 2d carotid standardized map; cac score; carotid augmentation index"
"229","45","text embedding; text categorization; text clustering; text attention; text coherence; text difficulty; text string; text detection; text generation; text guidance; textmessaging; style alignment; text heterogeneous graph; sequence retrieval; article metadata; translation table; text index; wordnet; corpus annotation; semantic medline"
"230","18","open-source c++ implementation; open-source implementation; open-source python implementation; open-source r implementation; open-source framework; open-source code; open-source python package; java-based implementation; open-source workflow; python-based implementation; open-source r package; open-source; python software implementation; open source; open source initiative; python 3 implementation; open source technologies; open-source software (gnu license"
"231","28","sequence models; consensus sequences; sequence model; conserved sequence; consensus region; sequence logos; consensus sequence; long-range sequences; variable-length sequences; unique sequences; arrangements of sequence motifs; end motifs; sequence logo; motif composition; gc rich sequence; aligned rna sequences; rna sequence; sequence-structure motifs; variable-length dna sequences; tfbss"
"232","22","healthcare services specification project (hssp); observational medical outcomes partnership common data model (omop cdm); patient-centered outcomes research (pcori); digital behaviour change intervention (dbci); national covid cohort collaborative (n3c); acute care research (acr); canadian classification of health interventions (cci); ict patient empowerment model (ict4pem); health information and national trends survey (hints); sequential multiple assignment randomized trial (smart); good clinical practice (cgp); good clinical practice (gcp); national health insurance research database (nhird); research domain criteria (rdoc); national health interview survey (nhis); confusion assessment method for the intensive care unit (cam-icu); national drug code (ndc); consolidated framework for implementation research (cfir); vulnerable elders survey-13 (ves-13); sustainable development goals (sdgs)"
"233","28","systematic meta-review; systematic scoping review; scoping literature review; systematic (literature) review; scoping review; systematic mixed studies review; systematic review; systematic literature review; narrative literature review; technical scoping review; automated systematic review; systematic review of reviews; systematic literature analysis; rapid scoping review; narrative reviews; systematic assessment; systematic methodology; review and meta-analysis; systematic reviews; updating systematic reviews"
"234","29","human resources information systems (hris); decision aids (das); decentralized clinical trials (dcts); clinical pathways (cps); assistive technologies (ats); diagnostic decision support systems (ddss); diagnosis decision support systems (ddss); medical decision support systems (mdss); knowledge-based systems (kbs); child health information systems (chis); virtualization quality of services (qos); mobile electronic data capturing forms (medcfs); patient-reported outcomes (pros); patient reported outcomes (pros); decision aid (da); patient-reported outcome measures (proms); decision support systems (dsss); medication alert systems (mesh); patient-reported outcomes (pro); patient reported outcome measures (pros, proms)"
"235","35","mobile workflow; ai workflow implementation; benchmarking toolkit; application process; workflow integration; workflow simulation; edge application; data architecture evaluation; simulation tool; video-processing application; user verification; system usage scenarios; workflow automation; visualization application; mobile application development; scientific workflow; data application; system performance; cross domain application; technical framework"
"236","33","time-varying analysis; multistate modeling; sequential modeling; time-dependent modeling; linear-combination modeling; logistic-based modeling; time series modelling; joint modeling; spatial dependency modeling; dynamic causal modelling; patient-level modeling; two-level modelling; hybrid modeling; mixed-integer temporal modeling; temporal modeling; spatio-temporal modeling; survival modeling; time series modeling; multimodal modeling; interrupted time series regression"
"237","24","surgery, computer-assisted; diagnosis, computer-assisted; radiotherapy planning, computer-assisted; therapy, computer-assisted; decision making, computer-assisted; drug therapy, computer-assisted; signal processing, computer-assisted; radiographic image interpretation, computer-assisted; image processing, computer-assisted; medical decision making, computer-assisted; image interpretation, computer-assisted; decision making, computer assisted; numerical analysis, computer-assisted; printing, three-dimensional; imaging, three-dimensional; ai-delegated diagnostic procedure; biopsy, fine-needle; biopsy, large-core needle; radiotherapy, image-guided; analgesia, patient-controlled"
"238","51","homology detection failure; cell-type proportion estimation; clustering uncertainty; phenotype standardization; imbalanced data resampler; genetic data normalization; phenotype normalization; cell-type adjustment methods; independent test dataset; average pooling limitations; admixture outputs; bias-corrected coverage signatures; low rank representation; variant effect inference; multi-pooling and error screening forest; publication-level classifier; true discovery proportion; sequencing error mitigation; filtering strategy curve; propensity score representation learning"
"239","40","cluster analysis; k-means clustering analysis; clustering analysis; clustering algorithm; hierarchical clustering; k-means cluster analysis; k-medians cluster analysis; spectral clustering algorithm; k-medoid cluster analysis; clustering correlation analysis; hierarchical agglomerative clustering; clustering algorithms; agglomerative hierarchical clustering; an ensemble hierarchical clustering method; hierarchical 2-step clustering; hierarchical patient clustering; density-based clustering algorithm; dendrogram; unsupervised modeling; hierarchical feature profiling"
"240","33","cardiac electrophysiology modeling; cardiac models; cardiac modeling; cardiac model; cardiac modelling; cardiac propagation modeling; cardiac computational model; cardiac mechanics model; cardiac electrophysiological models; arterial system modeling; whole-heart model; cardiac electromechanical simulations; 4d cardiovascular modeling; cardiac simulation; cardiac computational modeling; kinematic cardiac growth model; computer heart model; hemodynamic model; lung biomechanical model; pulmonary airflow simulation"
"241","56","sparrow search algorithm; meta-heuristic optimization algorithm; catboost algorithm; greedy algorithm; meta-heuristic algorithm; k-nn algorithm; pattern searching algorithm; graph search algorithm; meta heuristic algorithm; cuckoo search algorithm; heuristic algorithm; path ranking algorithm; pruning algorithm; fp-growth algorithm; viterbi algorithm; distributed pca algorithms; clustering balanced subspace partitioning algorithm; harmony search algorithm; hashing algorithm; matching algorithms"
"242","47","x-ray image classification; thyroid ultrasound segmentation; whole mammogram classification; panoramic radiograph detection; x-ray computed; knee mri reports; fetal ultrasound video; endoscopy image; scan result; panoramic x-ray image detection; radiography, interventional; pap smear images; endoscopy images; cervical smear image segmentation; thoracic ct registration; colonoscopy images; mammogram classification; liver ct annotation; c-arm machine; thyroid ultrasound image segmentation"
"243","37","registry; donor registration; research recruitment registry; ophthalmic registration; trials registry; research registry; registry system; register; registration; registry study; registration pattern; trial platform; database registry; identifier; registry science; registries; trial monitoring; joint registration; clinical trial management system; registry software"
"244","29","behavior theory; behavior theories; social cognitive theory; cognitive theory; prospect theory; social theory; moment theory; behavioral theory; behavior change theory; psychological theory; behavior change theories; social network theory; structural information theory; computational grounded theory; behavior control; behavioral theories; grounded theory; rasch measurement theory; positive psychology; theory of behavior"
"245","74","indicator-centric schema; knowledge-enhanced model; context-aware reminders; confidence-guided aggregation; knowledge-based potential; cross-task supervision; hospital-centric language; user-centerd design; matching person and technology model; retrieval-augmented verification; model-guided network; context-aware prompt; multi-perspective process mining; social question-and-answer community; cross-modality collaborative feature exploration; technology-mediated; object-centric process mining; human-centered ai; group-to-individual generalizability; object-oriented modelling"
"246","28","brain disorder detection; brain disorder identification; disorder recognition; cognitive footprint; alzheimer's disease detection; brain disorders detection; alzheimer’s disease progression prediction; schizophrenia classification; epilepsy ontology; alzheimer's disease prediction; disorder class; disorder content; adhd identification; depression dataset; adhd detection; disease cognition; alzheimer's disease omics; parkinson’s disease subtype recognition; mild cognitive impairment classification; alzheimer's disease classification"
"247","42","multi-criteria ranking; discriminative feature ranking; variable ranking; consistent voting method; provenance-based ranking; network-based prioritization; ensemble voting; threshold-based state assignment; consensus partitioning; pointwise ranking; payoff matrix; decision matrix; ensemble ranking; quadratic voting; one-pass ranking; binary classfication; dynamic candidate solution; system-level anomaly detection; preliminary ranking list; rank evaluation"
"248","50","humanities; health humanities; ethical aspects; social justice; ethical issues; social work; identity management; ethical problems; child life; forensic science; healthcare equity; citizen opinion; cognitive engineering; ethical challenges; anthropology; medical humanities; social exchange; health consciousness; social business; scholarly"
"249","18","paper record; digital records; digital record; record; electronic record; thought record; nursing record; duplicate record; publication record; document level; online record access; administrative health record; record linkage; record systems; document-level; health record viewer; imaging record; traditional paper record"
"250","92","dynamic neural network; residual graph neural network; hierarchical neural network; hybrid graph neural network; recurrent neural network; multi-column neural network; variable recurrent neural network; hopfield neural network; graph neural network; dual-branch graph neural network; ensemble neural network; directed graph neural network; time delay neural network; sequential neural network; bidirectional recurrent neural network; 3d graph neural network; recursive neural network; geometric neural network; unfolding neural network; residual neural network"
"251","34","clinical characteristics; clinical study data; clinical data; patient demographics; clinical parameter; clinical time-series data; clinical features; clinical tabular data; clinical analysis; clinical scores; laboratory characteristics; clinical evaluation; severity indexes; multimodal clinical and laboratory data; laboratory measurement data; clinical assessment; clinical laboratory indicators; clinical parameters; clinical event time-series; demographic analysis"
"252","36","medical image analysis; 3d medical image analysis; ultrasound image analysis; 3d medical imaging analysis; 3d image analysis; 3d biomedical image analysis; spatial imaging analysis; medical imaging analysis; ultrasound image processing; volumetric image analysis; psoriasis image analysis; morphologic image processing; medical images analysis; three-dimensional rendering curvature analysis; multimodal image processing; imaging analysis; mammographic image analysis; mri image analysis; 3d spatiotemporal analysis; image-based time-frequency analysis"
"253","50","latent growth curve model; mixture model; growth mixture model; conditional diffusion models; shared parameter models; multinomial logit model; mixture models; bayesian infinite mixture model; growth curve modeling; constrained mixture model; multinomial bayesian model; mixture cure models; vector autoregressive (var) model; random slope model; autoregressive model; boosted tree model; bayesian latent factor model; autoregressive models; laplacian regularized regression model; growth modeling"
"254","34","localization algorithm; strokes parameter identification; automatic parameter tuning; burst parameterization; velocity threshold algorithm; update-rule parameterization; deconvolution algorithms; automated hyperparameter tuning; parameter identification; scar-violation detection algorithm; peak error correction; combination of multiple window settings; convergence speed; centroid initialization; tipping-point detection; stable penalty parameter tuning; matching between runs; particle filtering; adaptive software; algorithm selection"
"255","51","breast ultrasound images; cone beam computed tomography images; breast transmission images; ultrasound images; ultrasound image; multi-view ultrasound images; breast ultrasound image; plane-wave ultrasound image; 3-d ultrasound images; ultrasound dynamic image; cbct images; phase-contrast images; mammography images; 3-d imaging; ultra-high resolution ct images; b-mode ultrasound images; clinical ultrasound images; b-mode imaging; 3d ct image; medical image"
"256","80","breast segmentation; breast density segmentation; breast region segmentation; kidney segmentation; lung volume segmentation; breast mass segmentation; ct image segmentation; lung segmentation; bone segmentation; lung field segmentation; breast tissue segmentation; skin vessel segmentation; ultrasound vessel segmentation; breast boundary segmentation; liver segmentation; breast lesion segmentation; prostate segmentation; tumor segmentation; heart image segmentation; bladder segmentation"
"257","95","mipd; vbhc; bbt; awgn; iddn; dbn; mcot; gpl; sbar; hsat; stft; lgboost; mlps; agbm; bcor; mgf; gpt; cshg; crnn; cbam"
"258","69","stationary wavelet transform; dyadic wavelet transform; wavelet packet transform; complex wavelet transform; wavelet transform; continuous wavelet transform; discrete wavelet transform; dual-tree wavelet transform; hyper analytic wavelet transform; wavelet transformation; discrete cosine transform; stationary wavelet transforms; discrete wavelet transformation; wavelet packet decomposition; discrete fourier transform; dual-tree complex wavelet transform; wavelet scattering transform; disc- rete wavelet transform; gabor wavelet transform; tunable q-factor wavelet transformation"
"259","29","outbreak tracking; outbreak detection; epidemic detection; disease detection; outbreak risk prediction; epidemic prediction; surveillance testing; hotspot detection; outbreak management; outbreak identification; epidemic management; community detection; surveillance technology; influenza risk prediction; outbreak simulation; pandemic modelling; lameness detection; pandemic technologies; pandemic preparedness; pandemic response index"
"260","21","computer modeling and simulation; computational modeling and simulation; kinetic and statistical modeling; modeling and simulation; prediction and modeling; pbpk/pkpd modeling and simulations; reaction and mathematical modelling; chip-seq modelling/simulation; simulation and modeling; analytical model and evaluation; design of computer experiments; molecular docking and scoring; modelling and simulation; and parametric uncertainty modelling; statistical prediction; simulation, simulation modeling; experimental designs; and md simulations; experimental protocols; optimal design of experiments"
"261","64","premature convergence; local escaping operator; nonfinite-modality; persistent homology; secondary flow; hypotenstion prediction; despeckling noise; active appearance model; primary pattern; lossless compression; re-descending hampel function; retentive network; levitated markers; early signals; immediate effect; clinical term normalization; position specific tendency; close-out phase; cough recognition; side-channel attacks"
"262","29","digital health study; omic study; pan-cancer study; remote digital health studies; korean genome and epidemiology study; genetics study; replication study; project baseline health study; genomics studies; multidimensional genomic study; schizophrenia gene expression case study; consortium studies; systematic mapping study; labor studies; family studies; association study; pride study; covid-19 exposure risk case-study; epidemiological survey; global burden of disease study"
"263","39","fluid-structure interaction; fluid structure interaction; fluid-structure interactions; fluid–structure interaction; fluid-solid interaction; drug–protein interaction; hybrid higher-order interaction; drug–domain interaction; long-range interaction; atomic interactions; drug–protein interactions; force field interaction; drug–target affinity; long-distance interactions; higher-order interactions; noncovalent interaction; fluid-tissue interaction; atom-type interaction; laser–tissue interaction; molecular-level interaction"
"264","70","feature subset selection; multiple feature selection; global feature selection; multi-label feature selection; active feature selection; multi-objective feature selection; random subset feature selection; incremental feature selection; hybrid feature selection; dynamic feature selection; maximum entropy rate feature selection; correlation-based feature selection; multi-view feature selection; embedded feature selection; feature back-selection; feature selection; group-wise feature selection; relevant feature selection; relief feature selection; meta-heuristic feature selection"
"265","30","low-dimensional data; imbalanced data; noisy and heterogenous data; high dimensional data; irregularly sampled longitudinal data; multi-dimensional data; noisy data; extremely imbalanced data; sparse data; small-sample fmri data; sparse laboratory data; error-prone data; incomplete multi-view data; multi-table data; incomplete omics data; incomplete multi-modal data; structured data and unstructured data; skewed datasets; high-dimensional sparse data; non-image data"
"266","51","mobile money; health website ownership; social media addiction; mobile cloud; chat service; social media filtering; webcam; social media mining; app mobile; internet hospital; social media fatigue; webgl; google fit; social-media mining; mobile-gis; mobilenetv2; tracking app; twitter stream; swiss apple app; mobile phr"
"267","36","text data mining; biomedical and clinical text mining; biomedical information mining; medical data mining; biomedical data mining; biomedical text mining; text mining; biomedical literature mining; logic data mining; healthcare data mining; health data mining; information mining; medical text mining; biological data mining; web content mining; biological text mining; big data mining; biomedical knowledge retrieval; image data mining; biomedical information retrieval"
"268","26","quality criteria; quality score assessment; quality score; quality scores; quality assessment; quality review; quality register; evaluation quality; quality reporting; quality assessment methods; quality model; outcome reporting; high-quality; methodological quality; search bias; information outcomes; reference bias; search relevance gold standard; rating sites; risk of bias 2"
"269","62","data-driven hebbian learning (dd-nhl); multiscale class residual attention (mcra); adaptive focal cross-entropy loss (afce); adaptive ensemble manifold learning (aeml); gradient-weighted class activation mapping (grad-cam); random opposition-based learning (robl); spatial intuitionistic fuzzy c-means (sifcm); joint blind source separation (jbss); sparse common space pattern (scsp); t-distributed stochastic neighbor embedding (tsne); visual-based image reclamation (vbir); low-rank adaptation (lora); complete ensemble empirical mode decomposition with adaptive noise (ceemdan); alternative direction method of multipliers (admm); cohesive random-hash based security model (crhsm); synthetically minority oversampling technique (smote); synthetic minority over-sampling technique (smote); contrast limited adaptive histogram equalization (clahe); synthetic minority oversampling technique (smote); privacy preserving data mining (ppdm)"
"270","20","digital collaboration; digital consulting; digital conference; digital learning; digital healthcare; digital library; multimedia; digital marketing; digital sciences; mobile information; digital contraception; digital epidemiology; digital computing; virtual conference; multimedia analysis; digital collections; virtual companion; multimedia computing; digital publishing; clickstream data"
"271","36","three-dimensional ultrasound; transvaginal ultrasound; dual-frequency ultrasound; doppler ultrasound; breast ultrasound; transrectal ultrasound; high-frequency ultrasound; color doppler ultrasound; volumetric ultrasound; ultrasound scans; grayscale ultrasound; a-mode ultrasound; b-mode ultrasound; endoscopic ultrasound; dual-mode interstitial ultrasound; 3d ultrasound; automated breast ultrasound; quantitative ultrasound; ultrasound imaging/ultrasonography; ultrasound scanning"
"272","71","multi-resolution transformer; hybrid graph transformer; cross-transformer; dual-path transformer; hierarchical transformer; adaptive transformer; convolution-based transformer; pyramid-based transformer; bipartite graph transformer; dual-view cnn-transformer; generative pre-trainer transformer; dynamic temporal transformer; component-aware transformer; multiscale vision transformer; encoder-only transformer; pyramid transformer; heterogeneous graph transformer; bidirectional transformer; convolution-transformer; multi-domain spatial transformer"
"273","46","similarity prediction; remote homology detection; structure-based protein homology detection; sequence similarity network; protein structure prediction variability; cellular position prediction; sequence similarity search results; protein motif detection; remote homology discovery; structural similarity loss; coding-potential prediction; homology-independent; multiple assembly comparison; motif annotation; ortholog information; rna–small molecule binding sites prediction; amino acid sequence descriptors; sequence-only prediction; cross-mapping of domain structural instances; protein structure clustering"
"274","51","health platform; ihealth track; health cloud; digital health hub; healthtech; health data transformation; health telematics; smart healthcare; health device; telecare security; digital one health; health ict; tech health; digital health ecosystems; telepharmacy; telehome care; consumer health it; dpvision; health tracker; health research software"
"275","33","protein tertiary structure; protein 3d structure; protein 3d-structure; multi-scale secondary structure; protein secondary and tertiary structure; rna 3d structure; protein secondary structure; protein 3d structures; 3d-structure; protein structure, quaternary; protein structure, tertiary; predicted local structure; protein structure representation; protein structure, secondary; domain architecture; alphafold ted domains; secondary structure; protein–protein structure; alphafold2-multimer; alphafold structure data"
"276","28","classification model validation; model validation; prediction validation; clustering validation; clustering stability validation; spatial external validation; internal cluster validation; cross-sites validation; algorithm validation; component validation; internal and external validation; pattern discovery; internal validation; external validation; snp validation; multivariate calibration; ground-truth validation; target validation; multivariate time series prediction; classified mixed-model prediction"
"277","40","mean shift; maximum absolute pooling; probability threshold; maximal exact match; mean energy; exponentiated gradient; maximum difference; maximum mean discrepancy; deviation error correction; absolute stability; non maximum suppression; maximum expected accuracy; reference accuracy; dynamic threshold; maximum frequency; upper bound; equivalent coefficient method; total variation; non local mean; confidence based"
"278","22","suicide risk assessment; health behavior assessment; sexual risk assessment; mobile momentary ecological assessment; ecological momentary assessment; ecological moment assessment; ecological memory assessment; ecological momentary assessments; alcohol risk assessment; intensive longitudinal assessment; dynamic psychological measurement; ecological home monitoring; alcohol monitoring; multimetric assessment; youth activity profile; alcohol assessment; adaptive assessment; ecologic momentary assessment; cognitive behavioral association; psychological predictors"
"279","24","participatory research methods; qualitative method; qualitative analysis method; qualitative methods; qualitative approach; pragmatic research methods; mixed methods; mixed methods design; mixed-methods research design; qualitative research methods; longitudinal qualitative design; content analysis approach; experience sampling and programmed intervention method; quantitative and qualitative methods; mixed-methods approach; qualitative methodology; ethnographic methods; experience sampling methods; contextual design methods; experience sampling methodology"
"280","62","mindset theory; normalization process theory; fairness theory; social identity theory; attribution theory; regret theory; belief theory; subjective logic theory; social exchange theory; trust theory; shared mental model theory; extreme value theory; cue utilization theory; transactional distance theory; control theory; affective-reflective theory; institutional theory; social role theory; rational choice theory; dual process theory"
"281","40","genomic data security; data security; big data security; digital data security; cloud security; information security; data-privacy; cyber security; data privacy preservation; data privacy; internet security; privacy preserving; computer security; privacy in genomic data storage; genomic privacy and security; fair remote data retrieval; cyber-security; privacy-preserving data integration; differentially private data sharing; iot security"
"282","31","safety surveillance; vaccine safety monitoring; drug safety surveillance; postmarketing drug surveillance; monitoring data; postmarket surveillance; postmarket surveillance system; postmarketing surveillance; safety monitoring; postmarketing product surveillance; safety and efficacy assessment; safety reporting; data monitoring; safety management; electronic monitoring; trial oversight; adverse event analysis; central reporting; vaccine monitoring; cardiac safety assessment"
"283","53","scientific knowledge integration; knowledge organization; meta-knowledge transfer; medical knowledge curation; knowledge integration; medical knowledge mining; medical knowledge representation; domain knowledge integration; external knowledge bases; knowledge modeling; disnet knowledge base; cross-domain knowledge transfer; knowledge transfer; knowledge engine; knowledge creation; knowledge bases; knowledge base; medical informatics standards; knowledge model; knowledge granularity"
"284","26","de-novo drug design; high-affinity antibody design; fragment-based design; ai-powered drug design; de novo molecule design; de novo drug design; dual-target protein sequence design; compound library design; computational antibody design; federated pseudo-labeling strategy; molecular design; drug design; protein backbone generation; computational-materials design; data-driven vaccine design; linker generation; neoantigen vaccine design; computer-aided synthesis planning; target-specific molecular generation; computational-aided antibody design"
"285","32","protein annotations; protein domain annotations; protein function annotation; function annotation; functional annotation; structure-based functional annotation; metabolic protein annotation; multi-view functional annotation; protein annotation; regulatory annotations; residue-level annotations; gene-model annotation; pathway annotation; protein function annotation via structural homology; rna structure annotation; genomic sequence functional annotation; protein functional module identification; manual annotation; pfam domains; predicted protein hierarchical relationships"
"286","56","two-stream cnn; texture-cartoon separation; algorithmic transparency; stacked architecture; lexis diagram; contrastive graph; onehot encoding; cryptographic hash; graph prompt learning; composite sketch matching; pictograph recognition; semantic image synthesis; text-image matching; over-complete architecture; animation features; feature flow generation; visual attribution; scene graph; texture representation; header-data separation"
"287","33","pubmed search engine; search tool; pubmed search tool; health information search; web search engines; market search; google advanced search; search engines; q&a search platform; baidu search index; internet search index; blog search; exploratory search systems; information search volume; covid-19 scholarly search; search advertising; encyclopedias as topic [mesh]; keywords-based entity search; citespace, vosviewer; bibliometrics [mesh]"
"288","98","sparse autoencoder; stacked denoising autoencoder; stacked denoise autoencoder; graph masked autoencoder; deep autoencoder; convolutional autoencoder; variational autoencoder; 3d convolutional autoencoder; graph autoencoder; multi-scale autoencoder; stacked sparse autoencoder; generative autoencoder; stacked autoencoder; multimodal masked autoencoder; supervised autoencoder; collective variational autoencoder; supervised switching autoencoder; masked autoencoder; integrative autoencoder; spatiotemporal autoencoder"
"289","43","evolsom; netlogo; parasite genetics; biotribology; plant sciences; ames; archaea; fungal genomics; lifelogging; marines; grass genomics; virology; field research; journalogy; sport sciences; lifelog; biomodme; biodiversity; scicnv; soil microbiology"
"290","61","adaptive leadership; resilience enhancement; trust model; selfmanagement; performance expectations; contextual integrity; personal model; social comparison; continuance intention; physical distancing; social representations; intention-behavior gap; preventive perceptions; communal load sharing; convergent focus shift; status theory; personal control perceptions; social representation; role-based access control; control competence"
"291","44","biocuration workflows; api-driven bioinformatics workflows; integrative pipelines; containerized pipelines; bioinformatics workflows; sequence validation workflows; predictive pipelines; distributed workflows; accelerated ngs pipelines; scientific workflows; antibody discovery pipelines; intelligence pipelines; template-driven data pipelines; etl pipelines; automated workflows; image analysis pipelines; variant calling workflows; workflows; customizable workflows; pipelines"
"292","47","multi-body simulation; in silico simulations; hybrid stochastic-deterministic simulation; computer simulations; in silico simulation; forward dynamics simulation; network-based simulation; multiscale multiphysics simulation; deterministic simulation; multi-agent simulation; numerical simulation; semi-physical simulation; enhanced sampling simulations; in silico cell simulation; numerical simulations; monte carlo simulations; fully deterministic simulation; agent-based simulation; monte carlo simulation; stochastic simulation"
"293","57","sensing devices; microfluidic devices; multi-sensing device; paper-based analytical devices; intelligent microfluidics; multimodal sensing devices; sensor-based devices; highly wearable biosensing system; biosensor system; field programmable gate array; electrochemical techniques; flexible circuits; microfluidic analytical techniques; low-power electronics; nanofabrication and nanopatterning; bioprinting; flexible electronics; lab-on-a-chip devices; sensor-based platforms; field-programmable gate arrays"
"294","56","shiny webtool; learning platform; clusterv-web; mobilenet-v3; mccs-docker; multiuser; vosviewer; ai platform; imagene platform; google speech api; docker containers; fasttext; chatgpt 4.0; openannotatepy; multifold docker; openai gpt 3.5 turbo; java; hit platform; dekois 2.0; r/shiny gui"
"295","35","near infrared spectroscopy; near-infrared spectroscopy; diffuse reflectance spectroscopy; raman spectroscopy; time domain spectroscopy; infrared spectroscopy; nir spectroscopy; functional near-infrared spectroscopy; fluorescence spectroscopy; functional near infrared spectroscopy; x-ray absorption; optical spectroscopy; fourier transform infrared spectroscopy; luminescent measurements; phosphorescence quenching microscopy; microdosimetry; scanning laser polarimetry; spectrophotometry; terahertz (thz) time-domain spectroscopy; optical measurement"
"296","27","digital ecosystem; digital hearing; digital habitat; digital ecosystems; digital immigrants; digital hospitals; digital twins; digital ethics; digital scholarship; digital excellence; medical digital twin; digital in medical; digital nudge; digital information ecosystem; digital compassion; human digital twin; jpeg 2000; audio datasets; digital health record storage; electronic"
"297","40","cone beam computed tomography; low-dose computed tomography; cone-beam computed tomography; dual source computed tomography; multi-contrast computed tomography; four-dimensional computed tomography; limited-angle computed tomography; three-dimensional cone-beam computed tomography; low-dose chest computed tomography; multislice computed tomography; cone bone computed tomography; cone-beam ct; multidetector computed tomography; multi-phase computed tomography; dual-energy computed tomography; cone beam ct; dual-energy ct; quantitative computed tomography; low-dose ct; dual energy ct"
"298","58","lung nodule classification; cervical lesion classification; bi-rads classification; lehmann classification; basal cell carcinoma (bcc) classification; breast mass classification; colonic polyp classification; lung lesion classification; tumor grading; lymph-node-level classification; histologic subtype classification; kl-grade classification; 7-stage classification; tumor classification; stage classification; carcinoma classification; clinical binary classification; lesion malignancy classification; who classification; node classification"
"299","65","ehealth utilization; ehealth usage; telehealth adoption; telehealth expansion; ehealth literacy; mhealth literacy; health it utilization; mhealth solution; mobile coaching; health it standards; mhealth adaptation; telehealth adaption; eldercare technology; icts; mobile training; ehealth readiness; telestration; telehealth solutions; ehealth design; tele-neurology"
"300","100","induced covariance; activity recognition; treatment annotations; icctax classifier; kidney matching; stimulation resolution; site generalization; isoplexis platform; desde-and; charging effects mitigation; body-area networks; treatment pattern mining; n-of-1 trial; ml-based sf; flow signature; physiological stress shielding; mixture of expert; composition driven; body area network; anesthesia modelling"
"301","24","receiver of operating characteristic curve; receiver operating characteristic curve; area under the roc curve; roc auc; roc-auc; roc curve analysis; receiver operating characteristic; area under curve; roc analysis; roc curve; area under the receiver operating characteristic curve; receiver–operator curve (roc) analysis; c-index; auc-roc; receiver operating characteristics; area under the curve (auc) analysis; partial area under the roc; area between curves; auroc; concordance index"
"302","36","fiber tracking; markerless tracking; target tracking; optical tracking; motion tracking; hand tracking; feature tracking; human motion tracking; head tracking; markerless motion capture; position tracking; human pose tracking; multi-platform tracking; multiple object tracking; motion capturing; dynamic tracking; needle tip tracking; surgical instrument tracking; realtime tracking; motion capture"
"303","30","wearable activity monitor; electronic activity monitor; electronic activity monitors; body worn monitor; step activity monitor; activity monitors; wireless health monitor; physical activity monitor; body-worn sensors; electronic adherence monitoring device; wearable activity tracking device; smart pedometer; wearable sleep monitoring wristband; physical activity monitoring; wearable accelerometers; wearable vital signs monitor; wearable pulse oximeter; body-worn inertial sensors; accelero-meters; wearable physical activity tracker"
"304","29","simulation modelling; model simulation; simulation testing; simulation model; simulated data; network simulation; simulation modeling; simulation study; simulation models; simulation analysis; simulation trial; hybrid simulation; simulation; simulation dynamic; simulation error; simulation experiment; spaced simulation; simulations; simulation studies; realistic data generation"
"305","35","spatiotemporal gaussian process; gaussian process; gaussian sampling; stationary distribution; dirichlet distribution; nonlinear grey bernoulli model; dirichlet process; gamma-poisson sampling; gibbs distribution; gaussian mixture function; gaussian process regression; gaussian mixture prior; pseudo-random function; non-stationary noise; gaussian processes; non-homogeneous poisson process; rician noise; nonstationary process; dirichlet boundary; ornstein-uhlenbeck process"
"306","45","phonocardiogram signal; ecg signal; ecg signals; phonocardiography signals; ppg signals; heart rate signals; electrocardiogram (ecg) signal; heart timing signal; nasal pressure signal; pulse volume waveform; blood pressure waveform; electrocardiogram signals; phonocardiographic signal; pulse waveform; ppg signal; photoplethysmographic(ppg) signal; photoplethysmographic (ppg) signal; arterial pressure waveform; pulse waveform decomposition; respiratory signals"
"307","30","clinical trial matching; clinical trial innovation; clinical trial operations; clinical trial efficiency; clinical trial transparency; clinical trial search; clinical trials recruitment; clinical trial replication; clinical trial competency; clinical trial metrics; clinical trial diversity; trial operations; clinical trials matching; clinical trial imaging; clinical trial methodology; target trial emulation; clinical trials participation; clinical trial implementation; clinical trial feature; trial outcomes"
"308","45","mindfulness-based cognitive therapy; behavioral activation therapy; internet-based cognitive behavioral therapy; internet-based cognitive behavior therapy; internet-based cognitive behavioural therapy; internet-based cognitive behavioral therapies; cognitive behavioural therapy; blended cognitive behavioral therapy; cognitive behaviour therapy; cognitive behavioral therapy; self-directed therapy; internet-based computerized cognitive behavioral therapy; internet-based cbt; internet-assisted treatment; computer-delivered psychotherapy; mindfulness-based stress reduction; psychological treatment; mind-body therapies; motivational enhancement therapy; psychoeducation"
"309","30","computerized alerts; telehealth alerts; automatic alerts; automated alerts; electronic health record–based alerts; medication alerts; dispatch algorithms; notifications; educational interruptions; real-time dynamic warnings; alarms; risk warning model; risk alerts; warnings; multisensory alarms; usability inspections; decision rules; parasail comparison/reference implementations; educational email alerts; physician rating portals"
"310","53","statistical inference; statistical model; statistical power analysis; statistical mechanics; statistical modelling; statistical concepts; statistical algorithms; statistical selection; statistical methodology; statistical properties; statistical methodologies; statistical method; statistical learning; statistical mode; statistical framework; statistical study; statistical modeling; statistical software; statistical divergence; statistical analysis"
"311","50","sparse-view 3d image reconstruction; 3-d reconstruction; slice-to-volume reconstruction; three-dimensional reconstruction; multi-contrast reconstruction; limited view reconstruction; 3-d motion reconstruction; 4d image reconstruction; parallel reconstruction; orthogonal reconstruction; auxiliary image reconstruction; current source reconstruction; echo-derived reconstruction; trusted medical image reconstruction; super resolution reconstruction; image reconstruction; reconstruction algorithm; 3d reconstruction and volume estimation; 3d reconstruction; 3d model reconstruction"
"312","47","user requirements; user types; website use; website usage; user effort; workspace; end-user requirements; end user survey; usage time; website security; internet usage functions; computer workstation login; user profiles; mobile app search; user-requirements; machine interface; user profile; metadata update; customization; form customisation"
"313","191","bss; interpolation; ssd; aic; identity; hit; smoothing; conversation; cms; swi; tpm; swallow; break; discharges; superposition; ppe; usage; opening; mirror; dimension"
"314","26","mass spectrometry data; lc/ms data; structural information; molecular data; skeleton data; text information; data resources; label information; key information section; protein sequence data; sequence statistics; structure information; structurally complex data; data structures; text data; free text; supplementary data mining; data to text; molecular biology data; numerical data"
"315","40","brain network analysis; functional principal component analysis; brain connectivity analysis; resting-state analysis; voxelwise analysis; task-related component analysis; canonical correlation analysis; functional connectivity analysis; functional cluster analysis; dynamic functional connectivity analysis; grey matter volume analysis; generalized canonical correlation analysis; sparse canonical correlation analysis; coupling analyses; diffusion component analysis; time series analyses; brain mode decomposition; bi-level adaptive morphological component analysis; voxel-wise correlation; differential condition analysis"
"316","46","remote photoplet- hysmography; video-based photoplethysmography; remote photoplethy- smography; remote photoplethysmography; vectorcardiography; photoplethy- smography; seimocardiography; active dynamic thermography; cardiotachography; dynamic thermography; imaging photoplethysmography; phonoangiography; acceleromyography; ballistocardiography; surface electrotromyography; remote-photoplethysmography; video-based remote photoplethysmography; vibrational cardiography; electroen cephalography; vibroarthrography"
"317","41","measurements validity; outcome measurement; measurement index; movement evaluation methods; measurement instrument; outcomes measurement; assessment methods; measurement; clinical outcome measurement; proxy measurement; evaluation methods; pse interventions; time measurement; language assessment methods; mobility measures; speech assessment methods; evaluation method; measurements; outcome assessments; objective measurements"
"318","61","d-net; e-obs; k-nn; m-svm; k-svr; e-liquid; e-cohort; r-cnn; e-malaria; x-ai; k-t acceleration; e-patients; me-hmm; a-depso; ml-ops; d&m model; k-operator; am-fm; e-cube; l-curve"
"319","20","qualitative interview study; qualitative study; mixed method study; mixed-method study; mixed methods study; longitudinal qualitative study; mixed-methods study; mixed-methods evaluative study; qualitative case study; explorative longitudinal study; quasi-experimental study; mixed-method case study; focus group study; cross-linguistic study; mixed methods evaluation; qualitative survey; ethnographic study; ethnographic field studies; design-based research; multi-method survey"
"320","52","artificial intelligence in healthcare; artificial intelligence in health care; artificial intelligence in oncology; personalized learning in bioinformatics; blockchain technology in health care; autonomous robotics in healthcare; cognitive computing in healthcare; digital transformation in healthcare; big data platform in health care; machine learning in biomedicine; machine learning in medicine; artificial intelligence in medicine; deep learning in medicine; machine learning in pharmacology; ai applications in health care; supervised learning in biology; natural language processing in biomedicine; iot in medical diagnostics; machine learning in systems biology; integration of machine learning with statistical genetics"
"321","37","trans-splicing; mirna-mrna binding; posttranscriptional modification; alternative polyadenylation; mirna binding; non-canonical translation; c-to-u rna editing; alternative splicing; rna processing; physiological rna degradation; non-canonical splicing signals; a-to-i rna editing; homologous recombination; alternative transcription units; rna alternative splicing; m6a modification on target mrnas; rna post-transcriptional modification; alternative splicing events; modification to rna; exon skipping"
"322","43","long-read analysis; read-based analysis; alignment-free genome analysis; single-cell gene expression analysis; alignment-free analysis; reference-free genome analysis; high-throughput sequencing analysis; multi-omic data analysis; reference genome-free analysis; de novo read analysis; rna-seq data analysis; multi-level proteomics analysis; single-cell rna sequencing data analysis; high-throughput transcriptome analysis; jupyter-based analysis; comparative genome analysis; repository-scale analysis; multi-scale analysis; chip-seq and dnase-seq data analysis; virome analysis"
"323","54","data hashing; domain-specific hashing; dynamic tokenization; binary hashing; autoencoder hashing; collision-free hashing; bit hashing; protein sequence hashing; fast adjacent k-mer hashing; multitasking; hierarchical ensembling; scalable indexing; random binary hashing; network querying; dictionary-based tagger; scalable genomic indexing; recursive hashing; locality-sensitive hashing; stacked auto-encoder; logical-function parameterization"
"324","35","epidemiological studies; longitudinal studies; multisite studies; cohort studies; population studies; epidemiologic studies; cross-over studies; multi-site studies; family-based studies; survey studies; pragmatic studies; population based research; case-control studies; matched case-control studies; intensive longitudinal panel studies; minority clinical studies; large-scale studies; population-based studies; large-scale validation study; meta-epidemiological study"
"325","52","web portal; mobile website; internet portal; online support system; webcasting; web delivery; internet information; web survey; web based; web conference; web monitoring; web reviews; web-based information service; web-based forum; online support; web-based visit; internet communications tools; web components; internet resources; web discourse data"
"326","68","protein representation learning; hypergraph embedding; chebyshev graph convolution; hypergraph representations; hypergraph representation learning; xgboost model; dual-scale fused hypergraph convolution; semantic relationship mining; text similarity ensemble; selective similarity matrix fusion; hypergraph convolution; hypergraph information bottleneck; vggish model; abstraction network derivation; spatial regulatory network inference; similarity searching; syntactic dependency graph attention; hypergraph regularization; the feature and topology graph; hypergraph classifier"
"327","52","volume estimation; vascular width estimation; activity intensity estimation; lung capacity estimation; vessel caliber estimation; cancerous time estimation; fetal heart rate estimation; cortical bone mapping; hemoglobin prediction; voxel flow estimation; brain age prediction; torso volume estimation; head modelling; displacement estimation; spo(2) estimation; llm evaluation; retinal age prediction; functional bone marrow segmentation; lung ventilation classification; quantity and volume estimation"
"328","56","probe generation; cell culture efficiency; ex vivo; in vitro measurement; immunity assay; elisa validation; cytophotometry; creep experiment; multiplexed immunofluorescence; precontrol methods; sensor kit; microsimulation; proximity detection; cone-and-plate chamber; knockoff filter; burden test; immunological assay; in vitro; coculture techniques; photo-elicitation"
"329","27","quantum computation; quantum mechanics; quantum algorithms; quantum circuits; quantum theory; quantum simulation; cloud theory; dynamical transport; perturbation theory; langevin theory; quantum optimization; geometric information theory; quantum computing; quantum information; continuum mechanics; quantum communication; phonon microscopy; variational quantum algorithms; x-ray physics; quantum circuit"
"330","45","aliev–panfilov model; mitchell–schaeffer model; prony’s method; simpson’s paradox; morse theory; carreau–yasuda model; dempster–shafer theory; rényi's entropy; renyi's entropy; levenshtein distance; delone and mclean success model; moens-korteweg equation; lewontin's paradox; goldberg algorithm; pennes' equation; vogel's model; chargaff's second parity rule; croston’s method; condorcet’s jury theorem; mahalanobis–taguchi–gram–schmidt process"
"331","66","semantic affinity; temporal knowledge graph; parity encoding; temporal association rules; semantic gap; feature attribution; pattern abstraction; cross-sequence semantic affinity; local information preserving; uncertain knowledge graphs; local contextual semantic; dependency breaking; time sensitive concept embedding; inference attacks; uncertain knowledge graph; linguistic ruleset; constraint-violation repair; semantic-powered; similarity integration; view consistency constraint"
"332","38","bayesian shrinkage estimation; bayesian estimation; targeted maximum likelihood estimation; bayesian nonparametric inference; bayesian parameter inference; maximum likelihood estimation; bayesian inference; joint moment estimation; adaptive moment estimation; maximum likelihood estimates; bayes inference; robust estimation; bayesian variational inference; variational bayesian inference; bayesian model averaging; bayesian modeling; joint estimation; linear shrinkage covariance estimation; bayesian statistics; kernel density estimation"
"333","91","convolutional transformer network; fully convolutional densenet; deep network fusion; adaptive feature squeeze network; multisize convolutional fusion; convolutional lstm; stacked bi-directional lstm; deep neural hashing; dual-layer lstm; transformer deep model; convolutional dictionary; partitioned cnn model; deep cnn-blstm; adaptive denoising network; stacked lstm; deep ensemble cnn-rnn; stacked aggregation classifier; depthwise separable convolution; cnn classifier; feature convolution learning"
"334","65","performance comparison; performance estimation; performance variation; performance measurement; efficiency prediction; llm performance comparison; validation software; performance benchmark; validations; instrument segmentation; reproducibility guidelines; online calibration mechanism; measurement automation; application validation; evaluation metric; performance comparisons; benchmark environments; algorithm accuracy; tool comparison; performance efficiency"
"335","26","genotyping techniques; chromosome conformation capture techniques; sequencing techniques; bacterial typing techniques; chromosome conformation capture-based methods; automated karyotyping; genotyping analysis; pcr-based techniques; genotyping and haplotyping; next-generation sequencing methods; pfge analysis; genetic techniques; dna fingerprinting; comparative genomic hybridization; nucleic acid amplification techniques; multilocus sequence typing; testing strategies; targeted variant analysis; tissue array analysis; karyotyping"
"336","58","temporal health event prediction; cross-level composition; interaction propensity; regional-level attention; collaboration characteristics; intragenerational mobility; region-level minp tests; population level estimation; trajectory selection; case-crossover; indicator contextualisation; mortality estimation; bias in ehr; event-level; individual-level; data-point weighting; temporal variable selection; temporal pattern discovery; move analysis; weighting matrix"
"337","83","data integration ecosystem; artificial intelligence adoption; information systems adoption; ai adoption; information systems success; virtual learning object; network calibration; informatics capability maturity; automation consequences; artificial intelligence ethics; artificial intelligence impact; data-efficient knowledge injection; information and communication technologies projects; medical software adoption; knowledge systematization; ai tools; ai framework; informatics profession; tool substitution; ontology design patterns"
"338","36","questionnaire survey; survey layout; uncontrolled survey administration; perception surveys; survey retention; survey analysis; questionnaire validation; survey experiment; questionnaire study; questionnaire evaluation; surveys and questionaries; questionnaire adaptation; survey response; questionnaires; interview study; survey deployment; questionnaire data; serosurvey; laboratory test item; questionnaire burden"
"339","51","two-photon microscopy; fluorescent microscopy; fluorescence microscopy; multiphoton microscopy; time-lapse microscopy; polarization microscopy; light-sheet microscopy; wide-field fluorescence microscopy; confocal microscopy; time-lapse fluorescence imaging; in vivo two photon microscopy; phase-contrast microscopy; intravital microscopy imaging; total internal reflection microscopy; super-resolution microscopy; live-cell imaging; in vivo confocal microscopy; laser speckle contrast imaging; optical microscopy; fluorescence imaging"
"340","108","cascade learning; stacked generalization; tandem car; cancellation model; cascade control; fusion architecture; conjugate graph; target recognition; cascade classifier; shortcut learning; fuzzy query; target encoding; engineered noise; stacking learning; lossless encoding; reverse teaching; message annotation; bel model; integer model; global illumination"
"341","67","fpdc algorithm; two-layer predictor; lda algorithm; unresolved cfd-dem method; regression-based deconvolution; simultaneous prediction; two-stage prediction tool; regression tree; regression algorithms; out-of-sample prediction; robust spoof trace model; prediction modelling; softmax weighted aggregation; cross-validation strategies; pbwt-based smoothing; lasso-logistic regression mode; bliss score prediction; conditional score-based diffusion; balanced scorecard; factorization machines"
"342","32","clinical decision support (cdss); clinical decision support (cds); clinical computerised decision support (cdss); clinical decision support system (cds); clinical decision support system (cdss); knowledge-based clinical decision support system (cdss); clinical decision support systems (cdss); health care systems and management (telehealth); electronic health records systems (ehr); electronic health records (ehr); electronic health records(ehr); electronic health record (ehr); medical order entry systems, outcome assessment (health care); evidence-based patient decision aid (ptda); clinical nlp (natural language processing); mobile application (app); decision support systems, clinical [mesh]; ehealth (mobile health); clinical decision support system (d020000); evidence-based medicine (mesh)"
"343","28","qualitative analysis; content text analysis; qualitative content analysis; thematic synthesis analysis; thematic analysis; qualitative thematic analysis; thematic content analysis; qualitative data analysis; content analysis; qualitative coding; qualitative comparative analysis; inductive qualitative content analysis; reflexive thematic analysis; qualitative analyses; process analysis; qualitative and systemic analysis; thematic synthesis; inductive analysis; qualitative description; qualitative data mining"
"344","70","dependency graph; dynamic graph network; geometric graph networks; graph topology; bidirectional general graph; hybrid neighbor graph; bi-path network; bipartite network; hypergraph-like network; bipartite graph; graph isomorphism network; directed fusion graph; signed bipartite networks; coupled heterogeneous graph; edge networks; network graphs; hierarchical topology; dynamic anchor graph; graph networks; graph isomorphism networks"
"345","52","wearable sensor devices; wearable monitoring systems; wearable technology devices; medical wearable sensors; consumer wearable technologies; wearable health monitoring systems; wearable patient monitoring systems; wearable proximity sensors; wearable electronics; wearable monitoring system; wearable sensor system; wearable physiological sensing; wearable sensing technology; wearable fitness devices; wearable technologies; wearable health monitoring; wireless sensors; wearable self-monitoring devices; wearable sensors; consumer wearable devices"
"346","44","spatial information; geographic mapping; location analysis; spatial network; spatial indicator; spatial data integration; spatial modelling; spatial data; geovisualization; geographical networks; geospatial mapping; geographic visualization; spatial statistics; geographical data analysis; geospatial visualization; geo-spatial reporting; spatial visualization; geospatial; spatiotemporal data; geo-location data"
"347","52","data acquiring; data recording work; data donation app; data wrangling; hd-semg generation model; bulk data export; data-driven biosynthesis design; statistical process control; cell factory design; it design and development methodologies; preparation phase; cloud- assisted wban; data-driven process simulation; imaging-modelling pipeline; content creation; collaborative tagging; data analysis integration; synthetic data creation; impeller design; data interpretation statistical"
"348","24","information enhancement; information representation; information accuracy; information propagation; information loss; information continuity; information inequality; information behaviour; information correlation; information use; information processing; information adoption; information integration; information model; information display; information modeling; information evaluation; information retrieval; information visualisation; information processing speed"
"349","20","expectation maximization; mixed integer linear programming; mixed-integer linear programming; expectation-maximimization; mixed-integer programming; expectation-maximization; integer quadratic programming; mixed integer programming; expectation–maximization; convex quadratic programming; integer linear programming; regularized constraint programming; maximum likelihood expectation maximization; linearization; auc-maximization; linear programming; bayesian optimisation; penalization; linear combination; kernel partial least squares"
"350","52","human factors design; human-factors design; motivational design principles; applied game design; gamified design; human factor design; human-centric design; game design; educational game design; contextual design; tailoring methods; generalizable model design; adaptive experimental design; socio-technical design; heterogeneous network design; reciprocal design; action design research; environmental home design; communication methods; motivational design"
"351","42","back shape analysis; multi-modal analysis; texture analysis; rigidity analysis; static analysis; scientometric analysis; tensor analysis; high-dimensional analysis; dimensional analysis; multi-sample analysis; isogeometric analysis; geometrical analysis; microstate spectral analysis; three-dimensional analysis; high dimensional analysis; multi-parametric analysis; macro-micro mechanical analysis; shape analysis; inverse dynamic analysis; on-device analysis"
"352","33","digital adaptation; digital pen; digital endpoints; digital proxy; digital twin; digital signature; digital footprint; digital post; digital revolution; digital age; digital normal; digital exclusion; digital biomarker; digital methods; digital endpoint; digital affinity; digital-twin; digital orthodoxy; digital marker; digital human"
"353","79","dynamic opposite; dynamic anonym; frequency independence; decomposble attention; phase change material; state recognition; outage probability; cross-recurrence properties; deep unfolding; temporally varying gene; expression of needs; local phase; gated network; base learners; dominant logic; controllable ai; explainable multimodal ai; complex search; persistent topology; passive infrared"
"354","63","intelligent informatics system; data-based decision support system; hybrid decision support system; integrated informatics system; agent-based decision support system; spatial decision support system; ontology-based decision support system; knowledge-based system; integrative knowledge management system; digital training system; knowledge management system; intelligent tutoring system; asynchronous telemedicine system; learning system; mobile patient monitoring system; intelligent medication scheduling system; medical nlp system; comprehensive information management system; machine learning system; intelligent pain management system"
"355","59","drug potency; toxicity assessment; biological evaluation; admet analysis; qsar; biofidelity; drug solubility; pharmacokinetic properties; toxicity predictions; blood concentration prediction; biological assay; toxic effects; drug screening; model reusability; adme analyses; antibacterial activity; disruption index; admet profile; admet properties; biological activity"
"356","34","clinical documentations; medical history taking; clinical notes summarization; history taking; computerized history taking; structured anamnesis; patient notes; problem-oriented medical records; computer-assisted records review; digital medical history taking; clinical information extraction; clinical note; clinical records classification; medical data collection; medical records*; tcm clinical records; personal medical records; computer-assisted history taking; psychiatric notes; medical inquiries"
"357","56","structural interaction fingerprint; conformation capture; domain structure visualization; substructure learning; cα-only structure graphs; near-native model identification; sequence and angle-based structure encoding; rmsd prediction; motif arrangements; secondary-structure segmentation; molecular conformation generation; monomeric and multimeric model refinement; docking model scoring; cognate-ligand domain mappings; 3d multi-conformational surface point cloud; multidomain selective feature fusion; beta-sheet detection; alphafold2-multimer recycling; structural motif kernel; heterodimeric motif synthesis"
"358","37","msci python package; resnet python module; python module; python interface; python library; citrabounds python implementation; modular bioinformatics toolkit; gmcspy python package; shiny web app; galaxy workflow system; python package; r shiny toolkit; python-based bioinformatics software; openmodelica modeling environment; python package installation via pip; python-based pipeline; modular barcode quantification toolkit; cytoscape plugin; python tool; cytoscape web app"
"359","50","mga-xgboost; pri-nl-pca; daisy framework; capstone projects; muvr2 framework; xgboost-shap; deeprank-gnn-esm; rbrl classifier; u-net 3d; phanto-idp model; vaxi-dl server; chatgpt-4o; xgboost; chatgpt-4v; icanpredict; chatgpt-4 vision; ureqa framework; nand gate; dmrichr adaptation; scribe program"
"360","44","mobile phone app; mobile texting app; mobile device app; medical smartphone app; mobile meditation app; smartphone app; mobile apps; consumer apps; mobile health platform; smartphone-based app; mobile medical app; digital apps; interactive voice response mhealth; mobile platforms; interactive apps; smartphone daily-log app; medical informatics apps; android driving app; mobile texting; web app"
"361","43","telehealth interventions; ehealth intervention; mobile internet intervention; mobile app intervention; mhealth intervention; technology intervention; tailored feedback interventions; mhealth interventions; mobile intervention; internet intervention; internet interventions; social network intervention; mobile interventions; flexible mhealth internet interventions; daily life intervention; online interventions; information technology intervention; technology-assisted interventions; health information technology intervention; adaptive interventions"
"362","23","magnetoacoustic tomography (mat); electrical impedance tomography (eit); functional near infrared spectroscopy (fnirs); magneto-acoustic tomography (mat); functional near-infrared spectroscopy (fnirs); magnetoacoustic tomography with magnetic induction (mat-mi); quantitative intravascular photoacoustics (qivpa); quantitative susceptibility mapping(qsm); quantitative susceptibility mapping (qsm); magneto-acoustic concentration tomography with magnetic induction (mact-mi); endoscopic photoacoustic tomography (epat); computed inverse mri (cimri); supersonic shear-wave elastography (swe); near-infrared spectroscopy (nirs); shear wave elastography (swe); diffusion tensor imaging (dti); proton magnetic resonance spectroscopy (1h-mrs); functional magnetic resonance imaging (mri); resting-state functional magnetic resonance imaging (rs-fmri); standardized low-resolution brain electromagnetic tomography (sloreta)"
"363","27","bioheat transfer; mass flux; water-vapor flux; net decomposition; thermal energy balance; water vapor flux; improved artificial potential energy field; vertical partitioning; core decomposition; carbon footprint; emissions; carbon reduction potential; carbon footprinting; geodesic active surface (gas); gamma ratio; energy decomposition; strain energy density; density ratio; %porosity; gas content"
"364","49","organizational research; qualitative research; embedded research; simulation-based research; quantitative research; exploratory research; situated research; user experience research; socio-technical research; mixed methods research; latent space research; nursing methodology research; usability research; interdisciplinary research; nursing education research; comparative effectivness research; mixed-methods research; social and behavioral research; mhealth research; qualitative evidence"
"365","70","static site generator; teleconsultation questionnaire; patient reasoning; appointment template; daily discharge prediction; patient consultation behavior; acute care patient portal; patient decisions aids; surgical action triplet recognition; medication detection; workload monitoring; workload distribution; chemotherapy management software; patient state recognition; contact tracing app; wait time target; continuity of care document; management audit; veteran delegation tool; care pathway modelling"
"366","57","multi -label classification; multi-label classification; multi-class classification; high-dimensional multinomial classification; hierarchical multi-label classification; multiple label classification; random-forest classification; feature-based classification; pattern-based classification; imbalanced data classification; multi-view multi-class classification; cross-task classification; weakly supervised classification; partially supervised classification; multi-output classification; semi-supervised classification; multiple signal classification; frequency-based multi-label classification; multiclass classification; imbalanced classification"
"367","78","learning cycle; staver algorithm; card sort; instance weighting; chunking; match section; fact checking; rule induction; ssliding windows; redundant design; orienting frames; instance selection; text-matching; update problem; hit design; indexing; work flow; counting pairs; set classification; prime editing"
"368","51","graph augmentation; graph fusion; graph kernels; graph model; graph propagation; graph algorithm; graph convolution; graph kernel; graph modelling; graph mechanism; graph embedding; graph inference; graph matching; graph modeling; graph classification; logical graph embedding; graph methods; graph regularization; graph encoding; dynamic graph convolution"
"369","32","sound classification; speech separation; speech feature; auditory classification; voice detection; audio classification; heart sound classification; audio augmentation; speech imagery; speech features; voice call; audio and linguistic markers; voice conversion; audio based; voice ai; speech envelope; audio monitoring; audio features; silent speech interface; audio modality"
"370","66","clinical foundation model; clinical adoption meta model; sustainable model; priority index; clinical process discovery; validity evidence; risk assessment model; algorithm recommendation; road to health application; personalized expertise recommendation; support tool; clinical trial speed differentiating feature; profile-oriented recommendation; health cost prediction; decision path mining; generative recommender systems; persuasion mechanism; translational science benefits model; disease relevance score; importance weighting"
"371","59","on-device learning; real-time triage; remote monitoring work; high-fidelity prototype; content-based imaging retrieval; app-based tracing; real-time support; home-based telemonitoring scenarios; anatomy-aware loss; robot-assisted healthcare; virtualization potential; dual-stage generator; digital divide; brain-guided mask; ai-based reviewer; real-life gait; smartphone-based hemoglobin; wearables acceptance; lightweight segmentation; device connectivity"
"372","27","clock-drawing test; wordlist memory tests; semantic fluency test; stroop test; continuous performance test; symbol digit modalities test; digit symbols modality test; raven progressive matrix test; picture description test; clock drawing test; trail making test; y balance test; implicit association test; continuous performance tests; web-based cognitive test; rotarod performance test; rorschach test; open field test; language tests; behavioural tests"
"373","57","bagged decision trees; random forests algorithm; random forest algorithm; gradient boosting tree; gradient tree boosting; predictive clustering trees; multi-step decision trees; decision and regression trees; gradient boosting trees; generalized random forests; bootstrap aggregation decision tree; boosted differential regression trees; balanced random forest; tree lasso regression; hierarchical random forest; synthetic random forests; decision tree predictive learner; ensemble bagged trees; decision tree algorithm; clustering evolutionary random forest"
"374","55","computer-tailored intervention; computer-based intervention; social network-based intervention; phone-based intervention; technology-mediated intervention; phone-based therapeutic interventions; mindfulness-based intervention; mindfulness-based interventions; music-based interventions; technology-mediated interventions; technology-based psychological interventions; telephone-based intervention; print-based intervention; technology-based interventions; internet-based cessation intervention; internet- and mobile-based intervention; computer based interventions; user-centered intervention; social media intervention; theory-based intervention"
"375","32","organizational ethnography; discourse analysis; conversation analysis; conversational analysis; experiential analysis; qualitative interview; experiential sampling; interviews; cognitive interviews; qualitative inquiry; home interviews; online ethnography; appreciative inquiry; personal narratives; newspaper content analysis; virtual focus groups; digital ethnography; content themes; grounded theory development; reflexive inquiry"
"376","84","frequency-aware imputation; multi-fidelity surrogate; classification-based retrieval; data adaptive ensemble; multi-granularity fusion; bidirectional cross-domain boosting; region-aware pooling; multi-granularity embedding; low-rank adaptation; bi-profile bayes; lesion-aware learning; truncation-based clip; blind docking; geometry-consistent training; cost-sensitive label distribution learning; network-based subtypes; model agnostic; multi-class imbalance; multifeature fusion; model based cs"
"377","21","speech modality; speech; speech classification; speech processing; speech understanding; speech intentions; child speech; speech acoustics; speech modalities; speech acts; speech enhancement; music perception; speech signal; speech biomarkers; speech perception; part of speech; speech patterns; coherence in speech; speech analysis and processing; cry acoustics"
"378","26","consent communication; consent process; consent preference; consent policy; consent mechanism; consent; consent template; consent implementation; consent registry; electronic consenting; consent effectiveness; consent management; consent rate; consent bias; meaningful consent; anonymisation; surgical consent form; opt-in consent; informed consent measures; passive consent"
"379","21","cross attention fusion; cross-scale attention fusion; dynamic attention sampling; cross-modal attention fusion; cross attention learning; local attention grouping; lexical auditing; graph attention pooling; visual attention model; pyramid attention pooling; text attention mechanism; graph attention fusion; context recognition; auditory attention decoding; category attention; listening experiment; experimental games; object vision; coordinate attention gate; experimental game"
"380","45","phyloinformatics tool; prediction pipeline; mapping tool; fba tools; nlp tool; distributed edge server; nlp tools; computational prediction framework; sequence alignment visualization; webassembly; serverless model; hivseqdb; in silico drug development workflow; protein partitioning pipeline; jdispatcher-viewers; orthology visualization; protein-protein benchmark version; splicing analysis toolkit; pdb mining; mcnpx code"
"381","31","species classification; microbial classification; dna barcode classification; medicinal leaf and plant classification; functional and taxonomic classification; taxonomic classification tools; taxonomic biomarkers; microbial community classification; parasite egg classification; plankton classification; plants misidentification; microbial taxonomy; fly species classification; dna barcoding, taxonomic; typological analysis; species identification; medicinal plants misidentification; metataxonomics; herb target identification; metabarcoding"
"382","14","computational linguistics; computational paralinguistics; computer linguistics; linguistics; neurolinguistics; psycholinguistics; computational neurosciences; corpus linguistics; computational neuroscience; psycholinguistic analysis; computational behavioral science; data science applications in education; nature language processing; distributed cognition"
"383","43","phonocardiogram analysis; cardiac sound analysis; ecg signal analysis; ecg analysis; pulse analysis; electrocardiogram analysis; pulse waveform analysis; fetal ecg analysis; pulse quality assessment; waveform analysis; respiratory sound analysis; hrv analysis; phonocardiography; pulse contour analysis; cardiac electrophysiology; automated ecg analysis; icp waveform morphological analysis; ecg quality assessment; tracheal sound analysis; ecg signal quality assessment"
"384","68","seizure onset detection; speech impairment detection; pathological activity detection; headache trigger detection; treatment pattern extraction; abnormality detection; sleep disorder detection; treatment pattern discovery; abnormality recognition; sleep stage detection; epilepsy detection; abnormalities detection; epilepsy identification; disease progression trajectories; abnormal behaviour detection; abnormality classification; progression trajectory; abnormal behavior detection; gait abnormality detection; headache classification"
"385","56","algorithm unrolling; memory upgrade; wrapper; data streaming; transformer module; data crawling; loop unrolling; plink wrapper; speedup; fixed skip connection; error correcting output codes; recontact; queuing; interoperable; set transformer; wrappers; gate mergence; automate; synchronous display; feature detector"
"386","80","elementary flux modes; laplace mechanism; nonlocal strain gradient theory; transverse isotropy; bit-plane decomposition; nonlinear energy operator; soft disentanglement; dipole inversion; plane-wave transmission; pseudo-bulk; higher order tensor; rayleigh wave; energy landscapes; finite state machines; debunking mechanism; pseudo-bulk generation; renormalization; quartet methods; quasi-conformal geometry; slip effects"
"387","41","medical text classification; classification system; healthcare text classification; clinical care classification system; guideline classification; drug recommendation system; classification systems; functional classification; patient classification system; medical document classification; medical classification; hill classification; medina classification; diagnosis recommender systems; nursing classifications; clinical document classification; recommendation systems; medical relation classification; clinical text classification; drug classification"
"388","34","computer-aided image analysis; automated image analysis; whole slide image analysis; computer-assisted image processing; automatic image analysis; high-dimensional image analysis; computer assisted image processing; computer-aided analysis; whole-slide image analysis; automatic image processing; computer-assisted image analysis; real-time image analysis; microscopy image analysis; computer-assisted image analyses; multi-scale pathological image analysis; image-based high content analysis; multiplexed immunofluorescence image analysis; computer-aided sperm analysis; computer aided analysis; digital image processing"
"389","14","reverse transcriptase polymerase chain reaction; reverse transcriptase-polymerase chain reaction; reverse transcription polymerase chain reaction; real-time polymerase chain reaction; polymerase chain reaction; nucleic acid amplification; nucleic acid hybridization; dna probes; fluorescence in situ hybridization; quantitative rt-pcr; multiple displacement amplification; nucleic acid probes; cell free fetal dna; enzyme-linked immunosorbent assay"
"390","38","comparative study; effect study; feasibility study; benchmarking study; observation study; remote study; implementation study; comparison study; study; development study; benchmark study; evaluation study; study app; diagnostic study; user study; international study; clinical study; exploratory study; survey study; deployment study"
"391","30","chi-squared test; chi-square test; likelihood-based test; mean chi-square statistic; chi-square tests; chi-square; equality test; likelihood ratio testing; discrete test statistic; chi-square distribution; pearson chi-square; empirical likelihood ratio test; ordinal pattern statistics; multivariate statistical test; likelihood ratio; univariate tests; moderated t-tests; pearson -test; posterior predictive p-value; cochran-armitage trend test"
"392","21","medical imaging; medical imaging system; medical image visualization; computer imaging; medical ultrasound imaging; medical imaging processing; canvis visualization; virtual medical modality; medical ultrasound video; medical visualization; digital mammogram processing; medical imaging classification; image modalities; medical image sharing; digital imaging; mr brain; mobile imaging; medical imaging devices; motion graphic video; digital detection imaging"
"393","62","multi-gaussian model; lumped parameter model; lumped-parameter model; exponential random graph model; multi-state markov model; conditional diffusion model; gaussian process state-space model; markov random field model; continuous-time markov chain model; state space model; joint dynamical model; circular mixture model; continuous-time hidden markov model; microscopic mixture model; heterogeneous skip-gram model; adaptive graph model; lumped parameter models; few-parameter model; gaussian regression model; markov-gauss model"
"394","27","nonlinear analysis metrics; cluster evaluation metrics; correlation metrics; segmentation metrics; specificity and accuracy metrics; graph metrics; image fusion quality metrics; alignment reliability measures; clustering validation measures; volumetric evaluation metrics; histogram metrics; quantitative metrics; image quality metrics; network measures; topological network measures; cancer similarity metrics; common metrics; cognitive metrics; local radius-based vascular metrics; frequency and co-occurrence metrics"
"395","38","home sleep monitoring; sleep monitoring; ambulatory sleep monitoring; sleep analysis; ambulatory monitoring; activity monitoring; home monitoring; sleep screening; home sleep studies; home sleep test; in-home monitoring; home based monitoring; continuous ambulatory monitoring; home sleep testing; sleep quality assessment; ambulatory assessment; actigraphy; breath analysis; breath monitoring; physiological and behavioral monitoring"
"396","36","medical informatics applications; informatics applications; clinical informatics applications; medical informatic applications; deep learning applications; machine learning applications; ai applications; clinical ai applications; medical information applications; ai clinical applications; biomedical applications; generic applications; software applications; technological applications; other clinical informatics applications; ontology-based applications; clinical and research applications; innovative applications; intelligent medical applications; computer-based biomedical applications"
"397","79","policy mix; equity mapping; learning collaborative; business ethics; learning communities; dialogue systems; medical dialogue model; organizational decision; business maturity; social implementation; ethical innovation; service learning; diversity equity inclusion; professional capital; workplace learning; competition policy; community standards; rural governance; dialogue system; translation work"
"398","48","stationary wavelet transform (swt); discrete wavelet transformation (dwt); forward meyer wavelet transform (fmwt); discrete wavelet transform (dwt); hilbert-huang transform (hht); adaptive fourier decomposition (afd); wavelet transform (wt); continuous wavelet transform (cwt); hilbert–huang transform (hht); wavelet multiresolution analysis (wma); tunable -factor wavelet transform (tqwt); empirical wavelet transform (ewt); random fourier feature (rff); non-subsampled contourlet transform (nsct); multi-channel wiener filter (mwf); fourier decomposition method (fdm); wavelet packet analysis (wpa); dynamic time warping (dtw); discrete fourier transform (dft); wavelet filter bank (wfb)"
"399","56","clinical information system (cis); patient data management system (pdms); human resources information system (hris); hl7 virtual medical record (vmr); management information system (mis); knowledge organization system (kos); computer information system (cis); united states core data for interoperability (uscdi); laboratory information management system (lims); health management information system (hmis); clinical document architecture (cda); enterprise data warehouse for research (edw4r); clinical trial management system (ctms); hl7 clinical document architecture (cda); fhir mapping language (fml); vision language model (vlm); intrusion detection system (ids); artificial intelligence markup language (aiml); patient-reported outcomes measurement information system (promis); resource description framework (rdf)"
"400","44","survival time prediction; survival time classification; recurrence plot; survival ensemble; incidence prediction; recurrence plots; survival relevance; recurrence risk signatures; survivalmeth; survival extrapolation; length of stay prediction; survival period prediction; follow-up strategy; dfs algorithm; zero-day attack; pretrained vlm prompt tuning; residual censnet; prognosis signature; survival classification; catheter status recognition"
"401","31","automatic planning; path planning; automated planning; optimization technique; automatic planning algorithm; kinematic planning; intelligent planning; 3d dynamic programming; accurate navigation method; planning techniques; customization techniques; multiple clinical constraints; motion planning; turnaround time; surgical predictive modeling; remote device programming; geometric constraints; computer-guided calculation; optimization techniques; vessel reconstruction and characterization"
"402","25","correlated count data; multiple measurement data; multivariate longitudinal data; correlated binary data; ordinal data; multivariate time series data; multivariate time-series data; longitudinal and multilevel data; longitudinal microarray data; multilevel data; clustered data; discrete data; time-to-event data; longitudinal microbiome data; ordinal response; ordinal classification; ordinal/nominal multicategory phenotypes; frequency characteristics; multivariate data; multidimensional feature"
"403","29","in silico drug design; fragment-based drug design; structure-based drug design; computer-aid drug design; computer-aided drug discovery and design; computational drug design; fragment-based drug discovery; structure-based protein sequence design; ai-aided drug design; structure-based drug discovery; rational drug design; structure-preserving antibody design; diffusion-model-based drug design; computer-aided drug design; computer-aided vaccine design; computational protein design; docking and protein design; computer model in drug design; computer aided drug design; rational engineering"
"404","26","phylogenetic variation; population divergence; clade-level differentiation; species tree estimation; phylogeography; phylogenetic profile; population diversity; phylogenetic placement; phylogenetics; population structure; species specificity; phylogenetic incongruence; polyploidy; phylogenetic features; complex allopolyploidy; species tree rooting; lineage-level identification; species diversification; divergence framework; species diversity"
"405","37","fluid biosensors; biosensing technologies; biosensing; microfluidics; nanosensors; metaheuristics; biomedical electronics; bionic engineering; haptics; bio-electromagnetics; nanodosimetry; quantum dots; smart biosensors; magnetic forces; bionanoelectronics; smart nanosystem; bioacoustics; textile technology; biomedical application; imaging and sensing"
"406","24","fdg-pet; 18f-fdg pet/ct; (18)f-fdg pet; pet/ct; pet-ct; brain 18f-fdg pet; fdg pet/ct; spect/ct; 18f[fdg] 4d pet; naf pet-ct; positron emission tomography; (68)ga-psma pet/ct; positron-emission tomography; bone scintigraphy; pet/ct scan; combined mr/pet; amyloid positron emission tomography; dynamic pet; multimodal pet/ct; positron emission tomography computed tomography"
"407","38","preprocessing module; data filtering method; preprocessing pipeline; extraction pipeline; feature preprocessing; basecalling preprocessing; normalization process; rescap pipeline; data cleansing; sequencing data preprocessing; segmentation quality control; despeckle filtering; data preprocessing; alignment process; filtering; text preprocessing; preprocessing pipelines; preprocessing; pre-processing ica; image preprocessing"
"408","60","intelligent triage; prompt learning; dynamic management; rapid classification; epital care model; local feedback; early classification; augmented care; deep sequential recommendation; reassignment method; prompting; personalisation; post-coordination; precise decision; success model; dynamic treatment recommendation; rapid exploration; active noise reduction; early prediction; selective classification"
"409","36","mechanical deformation; plastic deformation; soft tissue deformation; tissue deformation; dynamic deformation; mechanical behavior; mechanical phenomena; mechanical response; soft-tissue deformations; bone deformation; continuous biomechanical response; transient mechanical vibration; large deformation; mechanical stability; large deformations; incompressible deformation; complex mechanical loading; mechanical alignment; larger deformation; mechanical perturbation"
"410","30","clinical-decision making; evidence-based decision making; multiple criteria decision making; patient decision making; multi-criteria decision-making; multi criteria decision making; clinical-decision-making; multiple-criteria decision-making; vaccine decision-making; clinical decision- making; clinical decision-making; evidence-informed decision-making; evidence-based decision-making; expert decision making; anesthesia decision-making; group decision making; clinical information and decision making; surgery-related decision making; decision-based evidence-making; data-driven decision making"
"411","23","discrete choice experiment; choice experiment; choice-based experiment; discrete choice experiments; machine-learning experiment; lab-in-the-field experiment; randomized factorial experiment; field experiment; factorial design; naturalistic driving studies; behavioral study; natural experiment; behavioral design; online experiment; factorial designs; experiment of behavior; field experiments; fractional factorial design; design of experiment; alcohol challenge"
"412","60","irt; docest; sisfall; mirt; modhe; propbank; chatgpt; disah; convlstm; cogxergaming; spiht; heranorm; savoring; stimga; maml; qupath integration; mycap; mooc; lie detection; tripod"
"413","23","bigdata; blosum; heterotachy; scopus; houttuynia cordata; oreo; simedis; tabula muris; brachyura; heliconius melpomene; baidu encyclopedia; callithrix; diagui; gancao-banxia; nelder mead; cucumis melo; deep syntax; paradata; northern krill; pronominal anaphora"
"414","53","joint optimization; hybrid optimization; multi-verse optimization; dual optimization; multiple parameters optimization; model-based optimization; dynamic optimization; physics-informed optimization; submodular optimization; intelligent optimization; alternate optimization; many-objective optimisation; influence maximization; derivative-free optimization; model optimization; parameter optimization; multi-target regression; bucketing optimization; proximal policy optimization; neural network topology optimisation"
"415","35","blood pressure estimation; cuffless blood pressure estimation; noninvasive blood pressure estimation; blood glucose level prediction; blood pressure prediction; pulse rate estimation; blood pressure classification; lactate level prediction; bmi prediction; blood glucose prediction; cuff-less blood pressure estimation; height and weight estimation; blood pressure determination; cuffless blood pressure (bp); weight variability; dtav measurement; glucose prediction; calcium scoring; stress measurement; blood pressure (bp) estimation"
"416","41","radar plots; colored contour plots; z score plot; manhattan plots; bubble plot; length distribution plots; scattergram; distribution curves; persistence curves; quantile-quantile plots; circos plots; bar codes; hurst contour plot; geostatistical model; hurst surface plot; bagplots; heat map; volcano plots; occurrence density function; ggplot"
"417","40","scoring tool; scoring model; scoring framework; scoring function; scoring card method; severity classification model development; grading system; computation scoring system; risk score development; clinical predictor system; diagnostic system; rating tool; evaluation index system; scoring system; quality data model; spelling correction system; posture classification system; confusion assessment method; svm life status assessment method; assessment forms"
"418","50","dual consistency regularization; bounded nuclear norm regularization; network-constrained regularization; group sparse regularization; laplacian regularization; constrained alternating group lasso; maximum-entropy regularization; l2 regularization; uncertainty-weighted regularization loss; sparse constraint; sparse matrix transform; regularization constraint; sparsity optimizer; l2-regularization; nonnegative matrix completion; sparse group lasso; sparse derivative prior; sparse precision matrix; non-stationary kernel; graph laplacian regularization"
"419","29","ground-truth datasets; benchmark set; imbalanced dataset; imbalanced datasets; benchmark data set; benchmark dataset; imbalanced dataset classification; unbalanced datasets; benchmark datasets; imbalance dataset; pretrained dataset; partial label datasets; realistic synthetic datasets; imbalanced data set; machine comprehension dataset; yeast benchmark datasets; benchmark peptides classification datasets; benchmark protein datasets; real-world dataset; benchmarking datasets"
"420","68","embedding model; smsn model; learning model; predication model; deep generation model; transformer models; text-conditioned image-to-image model; pretrained language model; lumped model; generalization model; state-space modelling; large language model; fairlie decomposition model; multiscale module structure; transformer model; arcs motivation model; lumped parameter network; narnn model; degradation-aware model; fuzzy inference support"
"421","56","gpt embeddings; hyperbolic tree embeddings; transformer-based embeddings; graph embeddings; transformer embeddings; node embeddings; sequence embeddings; function embeddings; tree-embeddings; global embeddings; transformative embeddings; machine-learning embeddings; multiple embeddings; embeddings; hyperbolic embeddings; deep embeddings; neural word embeddings; conformation-aware embeddings; unsupervised word embeddings; fine-tuned embeddings"
"422","30","evidence assessment; clinical evidence; evidence appraisal; evidence based; evidence table; evidence generation; evidence map; evidence; evidence communication; evidence review; evidence use; evidence mechanism; evidence retrieval; evidence base; evidence dissemination; evidence based practice; evidence synthesis; evidence reporting; patient evidence; span level"
"423","39","online coaching; online curriculum; online assessment; online questionnaire; online mindfulness; online interviewing; online adaptation; online therapy; online monitoring; online grooming; online computer tailoring; online treatment; internet skill; online environment; online instruction; online intervention; online fitness; online medical information seeking; internet influence; online feedback approach"
"424","37","phylogenetic tree; tree clustering; phylogenetic network; rooted phylogenetic network; phylogeny-based analysis; phylogenetic networks; alignment-free phylogenetic placement; phylogenetic trees; ancestral sequence reconstruction; phylogenetic analysis; reference-tree placement; treecluster; nucleotide substitution models; snp-based phylogeny; phylogenetic relationship; phylogenetic inference; iq-tree; overlapping phylogenetic trees; evolutionary analysis; tree inference accuracy"
"425","66","surgical phantom; local augmentation strategy; space filling design; mesh generation; multi-size guiding matching; deepinversion; hybrid modality; multi-armed bandit; edge fusion; placement; techniques; pedicle recognition; marker placement; deep fusion; retrieval augmented generation; fusionless; aspiration fraction; antithetic pid controller; mis simulator; unfitted mesh methods"
"426","55","seq-scope; wgbs; chipseq; transcript counting; snatacseq; seqel; gene filtration; hifi reads; transcriptome deconvolution; microarray segmentation; rna2vec; lfq workflow; read simulation; holistic transcriptome; genomic style; seq2seq-attention; reads; enrichmentmap; cdna dataset; library"
"427","37","missing value imputation; dropout imputation; missing data imputation; item imputation; longitudinal imputation; missing indicator method; imputation technique; missing values imputation; informative missingness; imputation method; multiple imputation; imputation missing mechanism; partial multiple imputation; interval censoring; missing-data handling; list-wise missingness; censored data; dropout rate; non-ignorable missing data; multiple imputations"
"428","28","objective feedback; background noise; objective data; objective knowledge; background removal; objective endpoint; background elimination; objective information; objective function; background explanation; background identification; objective monitoring; object localization; goal persistence; object identification; objective features; rationale; drug background data; hypothesis free; hypothesis generation"
"429","29","epicardial mapping; electrical mapping; cardiac mapping; electroanatomic mapping; cardiac activation mapping; intracardiac mapping; 2d atrial mapping; epicardial ablation; high-density epicardial atrial mapping; catheter ablation; electroanatomical mapping; myocardial velocity mapping; electrophysiology mapping; myocardial strain mapping; endocardial ablation; atrial imaging; electroanatomical voltage mapping system; cardiac ablation catheters; electroanatomical maps; cryoballoon ablation"
"430","60","low-rank estimation; rank-based estimation; longitudinal k-means clustering; kernel based test; hybrid resampling; low-rank approximation; regularized empirical bayes batch correction; model-based estimation; covariance-based deconvolution; z-score-based estimation; scalar-on-function regression; permutation-based fdr estimator; multi-task regression; imputation-based clustering; simulation-based biomarkers; reference-based deconvolution; reduced-order regression; data resampling; robust smoothing; temporal-lag estimation"
"431","42","multi-orientation visual cascaded encoder; temporal relative encoding; multi-scale feature representation; feature encoding; attention-based encoder; attention-enhanced topological representation; sparse representation of signals; temporal action localization; multiclass motor imagery; domain-invariant feature representation; three-direction spatial information; rich feature representation; multi-scale visual information; attention ensemble encoders; distributed representation; fine-grained visual classification; spatial correlated feature fusion; spatiotemporal enhanced feature; distributed representations; sparse representations"
"432","49","digital empathy; digital facilitation; digital wellness; digital participation; digital strategy; digital triggers; digital training; digital meditation; digital readiness; digital game; digital triage; digital resilience; digital innovation; digital implementation; digital surveillance; digital connectivity; digital consultation; digital exercise; digital communication tool; digital addiction"
"433","10","kaplan-meier plot; kaplan-meier analysis; kaplan–meier analysis; kaplan-meier survival analysis; kaplan-meier survival plots; kaplan-meier; kaplan-meier estimate; kaplan–meier plots; kaplan meier; survival curve"
"434","86","smart sensor; smart device; smart alarm; smart speaker; sensing apps; smart prosthesis; smart data; smart band; smart sensing; smart pill; wearable tags; multimodal sensors; smart card; wireless sensor; smart ht; smart medical; smart speakers; smart recovery; smart control; portable sensor"
"435","33","assessment tools; dq assessment tools; evaluation tools; clinical assessment tool; quality assessment tool; evaluation tool; screening tools; quality assessment tools; evaluation instruments; assessment criteria; lifestyle assessment tool; mental health tools; frailty tools; rating tools; assessment instruments; screening tool; assessment tool; performance indicators; dietary assessment tools; assessment framework"
"436","84","platform openness; wechat version; server decay; server failure; platform governance; platform owners; blockchain adoption; django rest framework; i2c bus; opencha; cloud ehr; chexpert dataset; careflow mining; wechat communication index; sunburst visualization; rest api; blockchain healthcare; data lake infrastructure; scribe technology; multicryoprobe"
"437","80","literacy; autonomy; intentions; consequences; skills; teachers; reality; competency; threat; adoption; demand; correlates; vulnerability; advocacy; empowerment; independence; competencies; leadership; contextual; attachment"
"438","53","random propagation; random walker; random matrix projection; random convolution; distributed clustering; probability map; markov games; generative ai chatbot; stochastic programming; belief propagation; dynamic population graph; random vector functional link; homogeneous graphs; random walk regularization; multiview clustering; kolmogorov-arnold network; random tree; dense residual network; collapsed gibbs sampling; heterogeneous graph"
"439","16","secondary use of clinical data; secondary research use of clinical data; secondary use of patient data; secondary use of clinical routine data; secondary use of data; secondary use of health data; secondary use of healthcare data; secondary use of radiological data; secondary use of electronic health record data; secondary use of genomic data; reuse of clinical data; secondary use of clinical data for research and surveillance; secondary data; secondary use of biomaterial and personal data; completeness of data; identifying data"
"440","32","diagnostic semantics; distributional semantics; evidential networks; prescriptive analytics; inclusive design heuristics; medical language understanding; usability heuristics; conceptual ambiguity; terminological reasoning; arabic text classification; disorder identifciation; molecular semantics; handcrafted radiomics; unstructured clinical narrative; medical concept; specific application domain (sad) heuristics; chinese nlp; verifiable credentials; medical dictionaries; depression lexicon"
"441","28","research funding; science funding; grants; extramural funding; nih funding; research project grants; reidentification; grant acknowledgments; clinical research finance; grant review; research grants; nih strides; d058492; incidence, research funding; nsf funding; funded grants; sponsorship; correntropy; dfuc2020; financial resources"
"442","49","attention transfer; attention map; attention mapping; attention layer; attention modeling; attention weights; attention module; attention modules; attention gate; attention correlation; attention features; attention gates; attention maps; cross attention bridge; attention value; attention mechanism network; dynamic attention module; attention convolution; emotion accumulation; complementary attention module"
"443","38","transmission-line modeling; integrated modelling; data-driven epidemic model; multi-region system modeling; ensemble modeling; epidemic modeling; hybrid modelling; multi-field modelling; multiscale modeling; multi-scale modelling; epidemic forecasting model; data-driven modeling; multi-scale modeling; ensemble modelling; forecasting models; multiscale modelling; distributed modeling; stochastic modelling; multi-method integration; disease spread modeling"
"444","30","virtual training; targeted adversarial training; computerized training; simulator-based training; re-training; virtual adversarial training; app-delivered training; multi-task training; two-phase training; self-iterative training; online training; adversarial training; two-stage pre-training; blended training; deep co-training; self-paced learning; web-based training; model retraining; contrastive pre-training; video-based feedback"
"445","55","markov models; hierarchical markov models; markov state model; markov state models; continuous time markov model; supervised hierarchical bayesian model; bayesian network model; bayesian gaussian mixture model; bayesian hierarchical mixture model; bayesian network models; stochastic modeling; dynamic dependency modeling; markov chain model; dynamic decision model; hierarchical bayesian model; bayesian hierarchical model; bayesian gaussian mixture models; markov model; distributed parameter modeling; variational bayesian finite mixture model"
"446","32","computer assisted diagnosis; computer - aided diagnosis; computer-aided diagnosis; intelligent assisted diagnosis; image-aided diagnosis; computer aided diagnostics; computer-aided disease assessment; computer-aided prediction; computer aided diagnosis; ai-aided diagnosis; artificial intelligence-aided diagnosis; computer-assisted diagnosis; computer-aided recognition; automatic diagnosis; computer-aided early detection; computer aided detection; computer-aided retinal disease diagnosis; medical image-based diagnosis; medical automatic diagnosis; intelligent diagnosis"
"447","71","multi-patch features; transformer-based features; sparse multi-variate features; distance-based features; multi-domain features; multi-source features; multi-scalar features; pixel-level features; multi-kernel feature; entropy based features; dynamics-based features; aggregate channel features; binary profile features; pattern based features; wavelet based feature; handcrafted features; dictionary features; redundant features; deep learning features; glcm-based texture features"
"448","34","it support; it resilience; it adoption; it identity; it mindfulness; it vision; it methods; it professionals; it habit; it; it use; health it; health care it; health it ecosystem; it architecture; it staff; selfies; poverty traps; thinking; collaborative health it"
"449","18","tissue biomechanics; bone biomechanics; in-vivo biomechanics; upper-limb biomechanics; micromechanics; computational biomechanics; cardiovascular biomechanics; brain biomechanics; breast biomechanics; pulmonary biomechanics; mechanical engineering; biomechanics modeling; cardiac biomechanics; ear biomechanics; bone quality and biomechanics; contact mechanics; human joint kinematics; carpal mechanics"
"450","50","principal feature analysis; independent component analysis; principal component analysis; probabilistic principal component analysis; principle component analysis; multiple component analysis; kernel principal component analysis; correspondence analysis; regularized linear discriminant analysis; partial least squares discriminant analysis; nonlinear discriminant analysis; principal components analysis; linear discriminant analysis; discriminant feature analysis; redundancy analysis; multiple correspondence analysis; principal component method; robust principal component analysis; penalized linear discriminant analysis; quadratic discriminant analysis"
"451","49","multiparty computation; multi-party computation; multi party computation; parallel computation; multi-core processing; multicore parallel processing; parallelized computing; scalable computation; massively parallelized computation; scalable data processing; secure multiparty computation; data parallel algorithm; parallel algorithms; distributed computation; multiscale computation; cloud-computing algorithm; in-sensor computing; data parallelization; parallelization; multi-core cpu parallelism"
"452","49","dialogic loop; dialogical learning mechanisms; teaching model; realist; realism; business canvas model; institutional logics; context aware embedding; information affordance; teacher student model; student-teacher framework; self organized mapping; local closed world reasoning; conversation agent; self-initiated humour; gameful design; teacher–student network; conversational agent technology; continuance; deep voting"
"453","59","flow distribution; flow field; flow propagation; scattering transform; optical flow field; fluid particle tracing; diffusion filter; hyperbolic space; non-linear source mixture; hysteresis effect; reflected wave; stress distribution; gradient vector flow; equivalent dipole layer; complex shearlet scattering transform; shear rate gradient; characteristic time; surface laplacian potential; airflow dynamics; direction field"
"454","40","latent growth mixture modeling; growth mixture modeling; continuum growth modeling; structured equation modeling; latent class modeling; mixture modeling; latent variable modeling; structural topic modeling; generalized linear latent variable model; multilevel vector autoregressive model; process modeling; continuous trajectory modeling; partial differential equation modeling; dual-level modeling; pattern mixture model; latent class trajectory modelling; group-based trajectory modeling; hierarchical models; bayesian structural equation modeling; mixed-dimensional modeling"
"455","77","usage evaluation; system implementation; ehr evaluation; mhealth evaluation; offline policy evaluation; program evaluation; privacy impact assessment; service design; technology implementation; decisional tool; health information system evaluation; ehr implementation; remote evaluation; program usability; programme evaluation; operationalization; user assessment; demand analysis; telehealth implementation; network assessment"
"456","51","convergent validity; face validity; measurement validity; construct validity; criterion validity; discriminant validity; test-retest reliability; psychometric analysis; internal validity; psychometric assessment; psychometric validation; concurrent validity; measurement reliability; content validity; predictive reliability; clinical validity; linguistic validation; psychometric property; reliability indicators; utility measurement"
"457","49","ethical hacking; upskilling; hoarding; meandering; warehousing; robocasting; badging; alerting; overrunning; noisy prompts; overdosing; offloading; high through-put; dragging; stopping time; over-alerting; whooley questions; lock to live; enact; quick response"
"458","29","video based; video exercise; video consulting; video production; video visits; video post; video visit; video dot; video virtual visit; video understanding; video; video service; video search; video conference; video classification; video feedback; video monitoring; short-video dependence; pupillary light reflex video dataset; video therapy"
"459","71","e-coaching; e-readiness; self-led; e-book; self-service tooling; e-satisfaction; time-aware; student-centered; community driven; tech-based; mhealth insiders; e-coach; daily health informatics; interactive q&a; fact-checking; knowledge-enhanced; soft-skills; audience-centered; soft skills; e-rehabilitation"
"460","53","texture constraint; noise elimination; feature perturbation; texture fusion; visibility graph; feature uncertainty; noise perturbation; spectral bias; dynamic lighting; feature coupling; colour feature; texture transfer; enhancement mask; ray feature error; position independent; feature aggregation; information distortion; transfer function identification; intensity distortion; compressive sensing"
"461","16","integrated bioinformatical analysis; integrative data analysis; integrated bioinformatics and statistical approaches; computational textual analysis; bioinformatic analysis; computational text analysis; bioinformatics analyses; intelligent data analysis; text analysis; integration of data sets; computational mutation analysis; and high-dimensional data analysis; automated curation; automatic database curation; integrative bioinformatics; identification of priority candidates of biological importance"
"462","41","autonomous systems; wearable multi-agent systems; hybrid intelligent systems; medical cyber-physical systems; embedded systems; game-based learning systems; smart systems; cyber-physical systems; graph-based systems; cyber-physical production systems; technology-based systems; intelligent information access (iia) systems; distributed learning environments; embedded system algorithms; cognitive cyber-medical system; intelligent systems; context-aware systems; medical cyber physical systems; medical cyber-physical system; cyber-physical system"
"463","43","slip velocity; contact force; displacement vector; lateral force transmission; electrical conductivity; shear stress; electrode density; shear rate; volumetric flow rate; electric current density; fluid shear stress; shear load; contact impedance; maximum energy concentration; effective time constant; volumetric strain; substrate traction forces; magnetic flux density; characteristic path length; cohesive zone"
"464","60","multi-scale feature fusion; multi-level feature fusion; multi-view feature fusion; multi-feature fusion; multi-channel feature fusion; multi-layer feature fusion; cross-feature fusion; weighted multi-scale feature fusion; multi-sequence feature fusion; multi-color feature fusion; multi-source feature fusion; scale-aware feature fusion; multi-classifier fusion; deep feature-level fusion; cross-layer feature fusion; multiscale feature fusion; multi-modal feature fusion; tree-structured feature fusion; multi-stage feature fusion; self-adaptive feature extraction"
"465","46","surgical workflow simulation; medical simulation generation; physician workflow; surgical workflow modeling; surgical process modeling; clinical workflow automation; simulation training; clinical workflow integration; computer audition; educational simulation; patient-flow prediction; clinical workflows; neurosurgery simulation; surgical workflow prediction; clinical dashboard; training simulation; surgical training simulator; simulation experience; surgical process modelling; radiology workflow"
"466","19","online content; online communication; online source; online data; online response; online features; online forms; online video; online library; online resource; online materials; online search; online forum; online review; online platform; online reviews; online reporting; online text; online databases"
"467","43","human–computer interface (hci); human-machine interface (hmi); human computer interface (hci); autonomous driving system (ads); neural machine interface (nmi); measurement feedback system (mfs); human-computer interaction (hci); real-time location system (rtls); human–computer interaction (hci); conversational user interface (cui); human computer interaction (hci); machine vision (mv); immersive virtual reality (ivr); jaw machine interface (jmi); system-on-a-chip (soc); affective brain computer interface (abci); affective brain-computer interface (abci); application-specific integrated circuit (asic); application specific integrated circuit (asic); voice user interface (vui)"
"468","69","wireless technology; remote measurement technologies; asynchronous technology; remote technology; ai technology; remote monitoring technology; dashboard technologies; remote sensing technology; smart technologies; remote measurement technology; semantic technology; telecommunication technologies; iot technologies; sensor technology; game technologies; sensor technologies; semantic technologies; vr technology; intelligent technology; sensing technologies"
"469","34","spot-level gene expression estimation; gene expression matrix; network-based gene expression imputation; gene expression generation; methylation level prediction; gene expression inference; gene expression deconvolution; gene-specific bulk expression transformations; gene expression programming; gcgan-based data augmentation; gene expression rank; co-expression robustness; rna isoform visualization; gene set library dependence; heatmap decoding; differentially expressed gene detection; sample-wise normalization factors; tf binding sites identification; log fold change shrinkage; gene expression distribution"
"470","35","it tool development; prototype development; toolkit development; tool development; workshop development; instrument development; rule-based algorithm development; test-driven development; collaborative process modelling; model building; user experience testing; computer user training; software development process; algorithm development; data-driven website generation; questionnaire development; interface redesign; pilot testing; archetype development process; user training"
"471","39","drug target database; drugbank database; biomodel database; pisite database; biomodels database; knowledge repository; pathway database; public library; comparative toxicogenomics database; drug databases; knowledgebase; protein database; pathway databases; biomolecular databases; bio-cyber interface; pharmacogenomic databases; pubchem data retrieval; rna sequence database; semantic medline database; drug database"
"472","54","bi-planar x-ray images; x-rays images; thermal infrared face image; x-ray images; x-ray image; dermoscopy images; as-oct image; volumetric microscopy images; third harmonic generation images; low-resolution pathology image; infrared images; dermoscopy image; infrared image; infrared thermal image; thermography image; dermoscopic image; dermoscopy imaging; optical 3d image; sub-size image; intra-oral image"
"473","36","method reliability; method evaluation; method protocol; method noise; methods evaluation; methods selection; method; methods; method acceptability; methods assessment; methodology; shap method; method b; method a; method comparison; extraction; premise detection; induction method; remote methods; mrna design"
"474","53","time-series; high-order time series; variable-length time series; multi-channel time series; multiple time series; time series; multi-attribute time series; surrogate time series; frequency time series; time-frequency domain; irregularly-sampled time series; time-domain; irregular time series modeling; irregularly sampled time series; time series data; times series discretization; time series variance; time-frequency representation; sparse time series; time-variant"
"475","29","bright field imaging; bright-field microscopy; confocal microscopy images; microscopic image; optical microscope images; microscopy images; microscopic images; darkfield microscopy; optical image; time-lapse; bright-field microscopy image; microscope images; dual magnification; transmitted light microscopy; image contrast; blue light imaging; microscopy, confocal; multi-magnification; d electron microscopy; microscopy, fluorescence"
"476","41","heterogeneous entity networks; heterogeneous information network; integrated networks; distributed data networks; heterogeneous networks; integrated knowledge networks; relational similarity network; distributed network; heterogeneous protein network; belief networks; federated networks; heterogeneous network; semantic networks; causal networks; multi-actor networks; abstraction networks; semantic network; biomedical networks; probabilistic data networks; dynamic scalable network"
"477","60","ecg generation; ecg classification; electrocardiogram classification; electrocardiogram prediction; ecg delineation; ecg alarm; ecg imaging; electrocardiogram decomposition; electrocardiogram modeling; ecg segmentation; electrocardiogram. sequential classification; pacing artifact; t-wave template; pathological ecg delineation; ecg noise; ecg detector; ecg compression; f-wave extraction; electrocardiogram (ecg) classification; multi-channel ecg"
"478","63","dynamic behavior; time-delay; double phase lag; non-stationary; vorticity; spatiotemporal dynamics; multi-source heterogeneity; non-stationarity; transitivity; non-homogeneity; burst-suppression; bimodality; multi-type associations; length-independent; nonconvex; nonlinearity; transient environments; cyclic movements; diffusion and confusion; tipping phenomena"
"479","29","data processing; proteomic data processing; computer data processing; unstructured data processing; instant data analysis; remote data analysis; interactive data analysis; sequencing data processing; sensor data analysis; bio-signal processing; text processing; spectral data analysis; interactive data manipulation; sequencing data analysis; batch processing; xcms processing; axion biosystems data processing; computer analysis; fastq processing; compositional data analysis"
"480","42","interaction weights; heterogeneous effects; heterogeneous treatment effects; individual treatment causal effects; longitudinal time-dependent covariates; multi-outcome interaction; causal bias; conditional average treatment effect; heterogeneous causal effect; network effects; mixed effects; nonadditive effects; partial independence; mendelian randomization; interaction analysis; pairwise interaction; inverse consistency; time variant and time invariant variables; likelihood ratios; variable contributions"
"481","47","ensemble clustering methods; rule based methods; feature weighting methods; graph learning methods; feature selection methods; ensemble methods; kernel methods; clustering methods; heuristic methods; machine learning methods; dimensionality reduction methods; prediction methods; unsupervised integrative methods; feature encoding methods; protein representation methods; bayes methods; network inference methods; enrichment methods; data mining techniques; recombination inference methods"
"482","74","recurrent neural networks; hierarchical neural networks; cascaded neural networks; graph-gated recurrent neural networks; distributed deep neural networks; stacked neural networks; sparse neural networks; neural networks; transformer neural networks; bidirectional recurrent neural networks; probabilistic neural networks; multi-class neural networks; cascade neural networks; analog neural networks; attractor recurrent neural networks; hybrid neural networks; bimodal neural networks; residual neural networks; bayesian-trained neural networks; sequence-to-function neural networks"
"483","22","digital communication; digital content; digital data; digital encounter; digital support; digital systems; digital access; digital documentation; digital pathology; virtual medical record; electronic communication; mobile communication; voice interface; multimedia database; electronic portal; electronic stylus; database website; web-based record access; online medical record; serial communication"
"484","25","bulk rna sequencing; kas-seq; clip-seq; methylcap-seq; rna seq; single cell rna-seq; rna-seq technology; ribosome profiling sequencing; rna-seq expression quantification; guide-seq; linked-reads sequencing; scrna-seq technology; iso-seq; scrna-seq analysis; airr-seq; reference genome mapping; combo-seq; high-throughput read counts; small rna-seq counting tool; deseq"
"485","41","rule-based information extraction; graph-based text classification; deep feature mining; text similarity analysis; text mining algorithm; knowledge mining model; error-tolerant data mining; rule mining; unsupervised text mining; feature mining; text-mining; utility based privacy preserving data mining; collaborative ontology engineering; semantic similarity tools; profile-based fuzzy association rule mining; feature representation and mining; multi–label text classification; association rules mining techniques; text mining classifiers; text feature engineering"
"486","35","subject transfer; paradigm shift; subject relatedness; subject schema; key pressing; evaluation timing; subject awareness; subject recruiting; preference elicitation software; observation tool; algorithm transport; key agreement; measurement artefacts; phase 1; procedure segmentation; participant observation; validation sampling; session key; task force; part features"
"487","41","permutation tests; t tests; test statistics; permutation test; permutation testing; multiple testing correction; pairwise f-measure; dexseq statistical testing; statistical significance tests; non adaptive test; statistical equivalence testing; multiple-testing correction; permutation-based hypothesis testing; statistical test; null hypothesis testing; statistical tests; statistical hypothesis testing; parametric analysis; post hoc interpretation; multiple group comparisons"
"488","26","implant design; tooth restoration design; specimen preparation; implant simulation; cranial implant design; material extrusion; material fatigue; fracture classification; material model; teeth classification; specimens; tooth classification; bonding; cross-lingual approach; bond strength; digital smile design; material parameter; cross-level fusion; universal design; materials testing"
"489","31","q-wiener index; pairwise growth support index; jaccard coefficient; silhouette coefficient; stennert’s index; eccentricity based topological indices; dice similarity coefficient; gini index; sorensen-dice coefficient; stemlike indices; degree-based indices; rao geodesic distance; davies-bouldin index; baidu index; topological shear variation index; jaccard index; weighted phase lag index; pearson's correlation coefficient; biweight extreme correlation coefficient; external cluster indices"
"490","89","pairwise transform; correlation filters; joint embedding; variance-covariance alignment; group graph convolution; permutation invariance; msea module; feature slope computing; variable clustering; rank aggregation; overlapping group lasso; low-rank representation; dissimilarity constraint; t-invariants analysis; upsampling; interaction-based residual blocks; trajectory inference; multiregion input-output (mrio) tables; parametric bootstrap; residual path"
"491","32","grant writing; scientific consultation; federated analytics; academic writing; support for agent coordination; resource coordination; research and development; financial analysis; regulatory oversight; censorship; medical writing; financial analyses; writing assistance; funding for data management; planning and development; supporting trial design; work resources; financial management; scientific integrity; scholarly writing"
"492","31","attention model; attention models; parser adaption; attention network; emotion dynamics; attention networks; theories; emotion detection; convergence research; bilingual evaluation; categorization explanation; perspective integration; emotion prediction; theory; atom-level attention; neural search; attention interpretation; parser; brain pattern; semantic asymmetry"
"493","39","nonlinear systems; nonlinear system; non-linear dynamics; system dynamics; nonlinear dynamical systems; linear dynamical system; dynamical system; switching linear dynamical systems; discrete multiphysics; multi-agent systems; discrete-time nonlinear systems; nonlinear chaotic systems; discrete-event systems; nonlinear dynamic systems; multiscale connected chains; fractional-order chaotic systems; multi agent system; non-linear programming; one-dimensional chaotic systems; nonlinear coupling"
"494","43","concept mappings; language embeddings; contextualized word embeddings; frame semantics; phrase embeddings; word embeddings; contextualized embeddings; semantic mappings; semantic embeddings; sentence embeddings; description logics; hierarchical prototypes; semantic rules; decision-making threads; embedding analogies; clinical concept embeddings; medical code embeddings; general equivalence mappings; lexicons; contextual embeddings"
"495","55","economic incentives; public preferences; financial incentives; marketplace; economic competition; learnability; provider shortages; social marketing; service pricing; user resistance behavior; social sharing; consumer behaviour; organizational efficiency; financial incentive; survey fraud; decision conflicts; professional caregiving; inclusivity; economic returns; usability issues"
"496","100","deep joint learning; deep multimodal learning; ensemble deep learning; deep embedded learning; multi-task deep learning; multitask deep learning; deep ensemble learning; unsupervised deep learning; distributed deep learning; multi modal deep learning; deep probabilistic learning; deep representation learning; joint deep learning; deep metric learning; deep stable learning; deep deterministic learning; multimodality deep learning; topological deep learning; deep manifold learning; deep transfer learning"
"497","38","flop analysis; metastability analysis; fluid structure interaction analysis; surface analysis; wet bench analysis; cusum analysis; physical parameter identification; fluid-solid interaction analysis; stability analysis; pls modeling; palmprint and security analysis; textural characterization; drug release prediction models; tdsf-ir; specimen handling; higuchi algorithm; systematic batch effects; response surface methodology; analytical solutions; mass release curve"
"498","50","information management systems; client information systems; hospital communication systems; communication systems; healthcare management systems; workflow management systems; client information system; distributed information systems; porter systems; patient facing information systems; information systems; integrated information systems; workflow management system; porter management system; informatics technology systems; mapping systems; information retrieval systems; queuing system; distributed systems; data systems"
"499","52","risk monitoring; consumer protection; health risk monitoring; risk assessment; food chain; environmental monitoring; risk-based monitoring; human state assessment; risk modelling; location-based risk assessment; environmental control; exposure parameters; automotive safety; vulnerability assessment; risk evaluation mitigation strategy; product surveillance; risk-assessment; environmental sensors; risk modeling; off-target risk assessment"
"500","61","multi-temporal fusion; multi-resolution training; multi-scale representation; multi-view classification; multi-view modeling; multi-view representation; multi-view similarity; multi-view feature; multi-view construction; multi-resolution model; multi-layer visualization; multi-layer fusion; multi-granularity representation; multi-encoding fusion; multi-channel fusion; multi-scale fusion; multi-resolution features; multi-resolution; multi-view features; multi-view information fusion"
"501","38","peak detection; accurate analysis method; analytical validation; simultaneous analysis; flow injection analysis; peak analysis; reporter ion interference; analytic sample preparation methods; proficiency testing; direct method; liquid chromatography; capillary system; drug analysis; retention time; disc diffusion method; radiometry; direct quantification; microstate analysis; nucleic acid quantification; treatment method determination"
"502","37","pendulum test; head impulse test; sudomotor test; visual turing test; modified tardieu test; free-field voice test; bells test; manual auscultatory method; inflation testing; positional testing; medical percussion; trichoscopy; home sperm test; nasal airflow conditioning; motor threshold; video urodynamic study; cmap scan; remote auscultation; sweat analysis; manometer"
"503","47","real-world; off-target assessment; real-world evidence; real-world classification; low-resource fpga; low-power design; case-based interpretation; real world; small-world; multi-center learning; low fidelity; real-world deployment; real-world intervention; evaluation of explanation effectiveness; self-delivered; pre-clinical outcomes; real-world effectiveness; single trial; longitudinal retention; realist review"
"504","45","multi-institutional study; multi-center study; retrospective cohort study; multi-centre clinical study; multi-site study; multiple case study; single-arm study; comparative case study; retrospective study; retrospective observational study; multi-institutional studies; interventional study; multiple-case study; medical informatics observational study; single-arm pre-post intervention study; static-group comparison study; descriptive study; real-world study; single-surgeon registry; real-life study"
"505","42","data mining [l01.470.625]; medical informatics [l01.313.500]; medical informatics computing [l01.700.568]; information storage and retrieval [l01.313.500.750.280]; information systems [l01.313.500.750.300]; machine learning [g17.035.250.500]; informatics [l01.313]; software validation [l01.224.900.868]; natural language processing (nlp) [l01.224.050.375.580]; software design [l01.224.900.820]; natural language processing [l01.224.065.580]; computing methodology [l01.224]; data science [l01.305]; computing methodologies [l01.224]; decision-support systems (l01.700.508.300.190); information retrieval systems (l01.700.508.300); neural networks [l01.224.050.375.605]; biomedical engineering [h02.070]; natural language processing [mesh l01.224.050.375.580]; speech recognition software [l01.224.900.889]"
"506","44","molecular docking automation; protein docking framework; docking benchmark; induced-fit docking; molecular docking, hla; in silico protac design; energy metric prediction; induced fit docking; admet prediction; drug-like peptide generation; molecular docking enrichment; reverse docking; inverse allosteric ribozyme generation; antibody-antigen binding affinity prediction; epitope classification; residue-level phase separation prediction; blockchain architectures; molecular docking and mds; molecular docking validation; protein design"
"507","90","shearlet transform; grmhor algorithm; wiener-volterra series; lyapunov function; deterministic translation; symplectic geometry decomposition; laplacian interpolation; grassmann manifold learning; inverse folding; pan-tompkins algorithm; landau-vishkin algorithm; fractional-order calculus; wigner transform; gbo algorithm; lstm-gan; tensor completion; galerkin approximation; e-flux algorithm; riesz transforms; dynamic entropy weight"
"508","54","data flow; data partitioning; data transmission; data verification; data matching; data division; data licensing; data tracking; data-augmentation; data element; data adjustments; data performance; data conversion; data exploration; data transfer; data display; data accuracy; data standards; data validation; data efficiency"
"509","30","conjugate vaccines; viral vaccines; recombinant zoster vaccine; recombinant vaccines; papillomavirus vaccines; live vaccine; protein vaccines; human papillomavirus vaccines; poliovirus vaccines; human papillomavirus vaccine; epitope-based subunit vaccine; multiepitope vaccine; synthetic vaccine; chimeric vaccine; neoantigen-based vaccine; vaccine development; malaria vaccine candidate; vaccines; human papillomavirus vaccination; approved vaccines"
"510","35","cross-term descriptors; physicochemical descriptors; molecular texture descriptor; dynamic descriptors; chemical descriptors; local descriptor; topological descriptor; geometrical descriptors; molecular descriptors; ring descriptors; physiochemical descriptors; contour descriptors; molecular descriptor; structure-based descriptors; multilayer descriptors; feature descriptors; sequence-based descriptors; network descriptor; micro-structure descriptor; texture descriptors"
"511","26","concept coverage; concept detection; concept normalization; concept activation vector; concept embedding; concept import; concept enrichment; concept mining; concept retrieval; medical concept detection; concept drift; concept map; concept shift; concept formation; concept mapping; medical concept recognition; medical concept normalization; concept discovery; concept extraction; clinical concept embedding"
"512","40","balance assessment; movement assessment; gait parameter assessment; gait assessment; movement quality assessment; brain activity assessment; motility assessment; stress monitoring; stress evaluation; upper limb assessment; dynamic assessment; maturity assessment; stress assessment; motion assessment; function evaluation; gait monitoring; physiological assessment; walking assessment; severity assessment; dysphonia assessment"
"513","31","open access databases; open access database; open-access resources; online access; web data; open access; open record access; open access platforms; open access material; open citation data; linked open database; online resources; information resources; online information; online data sharing; public datasets; open database; online information sharing; online information resources; web accessibility"
"514","75","whale optimization algorithm (woa); multi-objective equilibrium optimization (moeo); cuckoo search optimization (cso); multi-objective optimization (moo); adaptive genetic algorithm (aga); tuna swarm optimization (tso); cuckoo search algorithm (csa); modified particle swarm optimization (mpso); heterogeneous multi-processing (hmp); self-supervised learning (ssl); semi-supervised learning (ssl); neural architecture search (nas); clustered federated learning (cfl); random indexive decision tree (ridt); enhanced african vulture optimization algorithm (eavoa); multiobjective optimization (moo); multiparty computation (mpc); multiple kernel learning (mkl); multi-objective evolution (moe); unsupervised learning (ul)"
"515","30","oscillometric blood pressure measurement; non-invasive  blood  pressure  measurement; cuffless blood pressure measurement; oscillometry blood pressure measurement; non-invasive blood pressure; non-invasive pressure measurement; oscillometric blood pressure; cuff-less blood pressure measurement; blood pressure measurement; finger blood pressure; home blood pressure measurement; wrist pulse analysis; automated non-invasive blood pressure measurement; cuffless blood pressure; cuff-less blood pressure; contactless blood pressure measurement; self-monitored blood pressure; brachial pressure; blood pressure variability; arterial tonometry"
"516","46","clinical research professionals; clinical database; research evaluation; clinical practice research; intervention research; research tool; action research; clinical research; clinical databases; evaluation research; research guidelines; research literature; evidence theory; research assessment; clinical research study; research agenda; prediction research; research applications; research framework; clinical research support"
"517","33","physical fitness assessment; frailty assessment; physical fitness; respiratory health assessment; frailty status; frailty phenotype; frailty phenotypes; aerobic capacity; healthy behavior index; functional capacity; nutrition assessment; metabolic phenotyping; cardiorespiratory fitness; nutritional assessment; medical screening exam; health assessments; health care examination; automated medical examination; bioenergetic health index; disease risk factor identification"
"518","60","accuracy evaluation; performance analysis; accuracy assessment; simulator validation; quality verification; technical attributes; signal quality assessment; statistical performance; agreement evaluation; assembly evaluation; error reduction; statistical validation; benchmark testing; software validation; verification protocols; setup evaluation; recalibration; technical validation; device validation; automated assessment"
"519","23","k nearest neighbor; k nearest neighbours; k nearest neighbors; weighted k nearest known neighbors; nearest neighbor; k nearest neighbour; k-nearest neighbors; k-nearest neighbours; k-nearest neighbor; shortest path; approximate k-mers; repeated k-mers; dna k-mers; nearest-neighbors; intersection neighborhood rough set; nearest centroid; neighborhood rough set; nearest neighbors; kernel wasserstein distance; weighted distance"
"520","21","inter-observer agreement; inter-rater agreement; inter-rater concordance; interrater agreement; interrater reliability; inter-pathologist agreement; inter-rater reliability; inter-observer variability; observer variability; intergrader agreement; interrater-reliability; inter-annotation agreement; inter-annotator agreement; intercoder reliability; within-session reliability; kappa interrater agreement; inter-slice consistency; kappa correlation; intraobserver and interobserver agreements; kappa coefficient"
"521","43","jmir publication analysis; writing; collaborative writing applications; edge supervision; data interpretation, statistical; supervised; writing tool; co-design; collaborative idea generation; creative co-design; deep supervision; collaborative work; oversight; structure supervision; critical data studies; writing productivity; scientific writing; grant writing workshop; expert supervision; writer"
"522","32","privacy protection; health data privacy; privacy regulations; privacy risk; privacy and data protection; patient data privacy; data privacy protection; privacy act; privacy and data risks; patient privacy; privacy law; security and privacy threats; privacy policy; health privacy; information privacy concern; ethical privacy; participant rights; ethical considerations; patients’ rights; data privacy policy"
"523","28","color spaces; color space; color transformation; color normalization; color models; color features; colour space transformation; color identification; color-space; color feature; color corrections; color moment; colorization; color correction; pseudo-label; color deconvolution; words based color histograms; multi-color space; grayscale features; rgb color spaces"
"524","19","context features; context sensing; context aware; context information; context awareness; context aggregation; context factors; context exploration; context modelling; context classification; context-awareness; context modeling; context vectors; context model; context-aware; context-guided detector; context learning; context aware services; context"
"525","60","3d documentation; histology image classification; x-ray image segmentation; histology image retrieval; 2-d/3-d registration; multi-view fusion; full-resolution network; medical image security; depth mapping camera; dicom security; serial sectioning image; superpixels; reconstructed electrocardiogram; tongue image modeling; high-resolution electrocardiogram; 3d image synthesis; superpixel; synthetic ct generation; 3d medical image synthesis; medical image augmentation"
"526","39","diffusion of innovation theory (doi); team effectiveness model for science (tems); rational choice theory (rct); human-centered design (hcd); technology acceptance model (tam); post-acceptance model (pam); theory of constraint (toc); user-centered design (ucd); diffusion of innovations (doi); expectation confirmation model of information system continuance (ecm-isc); advance value framework (avf); multi-scope attention model (msam); multi-criteria decision-making (mcdm); health action process approach (hapa); multi-criteria decision making (mcdm); structural topic model (stm); explainable guided learning (egl); strengths-weaknesses-opportunities-threats (swot); emotional freedom techniques (eft); self-determination theory (sdt)"
"527","43","life science; discovery science; life sciences; academic innovation; science; pharmaceutical research; biological sciences; science of science; medical science; computational science; environmental sciences; computer science; natural sciences; social science; international research; scientific discovery; academia; basic science; academic research; clinical scientific research"
"528","42","molecular biophysics; analytical biochemistry; structural biology; biophysics; mathematical biology; brain biophysics; biology; quantum biology; protein biophysics; analytical chemistry; chemical biology; biophysical chemistry; molecular biology; biomedical engineering; structural vaccinology; cell culture; computational vaccinology; synthetic biology; theoretical biology; computational protein engineering"
"529","56","visual-language model; context-aware language model; character-level language model; vision-language model; neural language model; domain-specific language model; language models; multi-task model; decision-making model; large-language model; vision-language models; brain network model; multimodal large language model; general-purpose language model; language model; vision-language foundation models; neural topic model; multilingual large language model; dynamic graph attention model; control-theoretic model"
"530","48","remote learning; joint learning; gamified learning; multimodal learning; interactive enhancement; end-to-end learning; e-learning; curriculum learning; virtual coaching; asynchronous education; interactivity learning; virtual learning; authentic learning; end-to-end joint learning; serious game learning; trustworthy curriculum learning; tailored learning; virtual education; digital skills; prompt-learning"
"531","6","access to information; public access to information; open access to information; multi-source information; access to records; relevant information"
"532","22","open-source software; open-source emr software; mit-licensed open-source software; open-source c++ software; open-source bioinformatics software; open-source mit-licensed software; free open source software; open source software; open-software; free/libre open-source software; open-source solutions; open-source hardware; open-source tools; open-source agpl-3.0 software; python-based open-source software; open-source ontology; open-source models; open-source software pipeline; open-source bioinformatics; libre, free and open source software"
"533","45","research preferences; research collaboration; research capacity; research workforce; research activity; research translation; pharmacy research; research integrity; user research; research education; research network; research environment; research study; research studies; research letter; clinical research competencies; research career; research culture; research study management; research scholarship"
"534","40","automated bone segmentation; automated segmentation; interactive volumetric segmentation; fully automatic segmentation; automatic segmentation; automatic skin lesion segmentation; automated kidney segmentation; automated lung segmentation; automated gland segmentation; 3d vessel segmentation; 3d model-based segmentation; interactive segmentation; fusion volumetric segmentation; 3d medical image segmentation; semi-automatic segmentation; automatic tumour segmentation; 3d vascular segmentation; 3d volumetric segmentation; 3d multimodal segmentation; automated semantic segmentation"
"535","32","environmental feedback; climate-change adaptation; environmental variation; conservation and displacement analysis; climate extremes; community dynamics; heat stress; climate-change mitigation; species prioritization; climate-change impacts; crops, agricultural; plankton dynamics; irrigation efficiency; global warming; stress induction; wood formation; exploration and exploitation; climate change; abiotic stress; environmental geography"
"536","7","sensitivity analysis; global sensitivity analysis; shap sensitivity analysis; probabilistic sensitivity analysis; sensitivity analyses; simulation and sensitivity analysis; risk standardized mortality rate"
"537","48","mental depression detection; depression detection; depression recognition; psychological stress detection; depression estimation; depression monitoring; mental stress detection; mental health disorder detection; symptom tracker; stress indicator; symptom community; sleep quality sensor; comorbidity visualization; behavioral change wheel; pervasive depression detection; psychiatric condition prediction; technology-use mediation; sleepiness level estimation; psychiatric stressor extraction; physical activity recognition"
"538","37","regional feature recalibration; stimulation optimization; static optimisation; geometric compensation; needle steering; system error; navigation accuracy; threshold optimisation; heating capability; lead optimization; bed allocation optimization; treatment optimization; electrode size; landmarking approach; gradient boosting; electromagnetic compatibility; dimensional measurement accuracy; soft decision fusion; coiling; parametric constraints"
"539","72","hybrid deep learning model; deep learning model; deep joint-learning model; sparse learning model; graph-based learning model; multi-label prediction model; deep embedding model; multimodal pre-trained model; hybrid deep models; deep neural network model; deep learning–based model; learning-driven deformable model; deep regression models; ensemble learning models; stacking based ensemble model; hybrid global-local representation model; hybrid agent-based spatio-temporal model; bidirectional interpretable deep learning model; machine-learning model; eeg-based end-to-end deep learning model"
"540","28","molecular simulation; md simulations; binding energy simulation; umbrella sampling simulation; molecular docking simulation; molecular dynamic simulation; dynamics simulations; molecular simulations; gaussian molecular dynamics simulations; combinatorial molecular simulations; molecular dynamics (md) simulations; molecular dynamics simulations; molecular dynamics simulation; covalent md simulation; free energy-based simulation; molecular dynamics (md) simulation; computational fluid dynamics simulation; molecular docking and molecular dynamics simulation; moving particle simulation; molecular dynamic simulations"
"541","60","group independent component analysis (gica); multiscale principal component analysis (mspca); bayesian principal component analysis (bpca); constrained independent component analysis (cica); multidimensional recurrence quantification analysis (mdrqa); seed-initiated correlation analysis (sca); filter bank canonical correlation analysis (fbcca); bayesian linear discriminant analysis (blda); singular value decomposition (svd); partial least square regression (plsr); dynamic cross-correlation matrix (dccm); fisher linear discriminant analysis (flda); detrended fluctuation analysis (dfa); probabilistic principle component analysis (pca); multiple correspondence analysis (mca); two-dimensional pca (2dpca); multiple criteria decision analysis (mcda); principal component analysis (pca); canonical correlation analysis (cca); latent class analysis (lca)"
"542","55","clinical applicability; clinical feasibility; clinical model; clinical experience; clinical application; clinical translation; operational feasibility; clinical applications; clinical utilization; translational application; clinical validation; clinical simulations; clinical use; clinical efficacy; preclinical evidence; pre-clinical; clinical model interpretation; biological feasibility; clinical stratification; clinical treatment"
"543","66","moth flame optimization; biohashing; moth-flame optimization; micro clarifications; batch sources; valorization; pill recognition; production prediction; filter banks; federated analysis; marker-controlled watershed; organohalogen solubility; drug embedding; value clarification method; reuse strategy; values clarification method; cell expansion optimization; blended treatment; batch effect; de-deduplication"
"544","23","virtual clinical trials; ai clinical trials; clinical trials; mobile clinical trials; oncology clinical trial; adaptive clinical trials; embedded clinical trials; oncology clinical trials; adaptive clinical trial; clinical trial accrual; vaccine trials; clinical research and trial; clinical trial monitoring; trec clinical trials; digital clinical trial; clinical trial announcements; study accrual; clinical trial sites; patient accrual; randomized clinical trials"
"545","46","higher order singular value decomposition; higher-order singular value decomposition; hilbert vibration decomposition; block matrix decomposition; non-negative coupled tensor decomposition; matrix decomposition; low-rank plus sparse tensor decomposition; tensor-ring decomposition; truncated singular value decomposition; tensor singular value decomposition; eigenvalue decomposition; tensor decomposition; singular value decomposition; multiresolution decomposition; multivariate variational mode decomposition; variation mode decomposition; complete ensemble empirical mode decomposition; low rank decomposition; logical tensor decomposition; local mean decomposition"
"546","44","emotional regulation; emotional response; emotional intelligence; implicit bias; evaluative conditioning; affective learning; psychoemotional monitoring; self-regulation; emotion expression; emotional tone; cognitive dissonance; recognition emotions; emotion recognition; vicarious reinforcement; emotional analysis; emotion induction; stress reactivity; risk taking tendencies; guilt proneness; emotion-based reinforcement"
"547","15","embryo selection; sperm selection; elective egg freezing; preimplantation diagnosis; in vitro fertilization (ivf); reproductive techniques, assisted; ovulation detection/methods; planned oocyte cryopreservation; reproductive information; morphological sperm analysis; women with infertility; embryo grading; infertility, female; embryo, mammalian; infertility, male"
"548","42","structural ensembles; structural accessibility; conformational dynamics; coordination dynamics; conformational landscapes; conformational ensemble; rna structure dynamics; pore dynamics; structural entropy; molecular fluctuations; protein electrostatics; interface binding dynamical behavior; elastic net ensembles; electrostatics; protein conformational sampling; protein folding; electrostatic potential; protein folding rate; solvent accessibility; rotameric sampling"
"549","27","black-box classifiers; white box methods; black widow optimization; black box warning; black-box models; red led; coloredgraphs; top-hat operator; bounding box supervision; “black-box” models; circlet transform; blue benchmark; labeled-lda; black lung; l-curve curvature; boxes viewed; spike-in standards; grey model; light-weight network; colored noise"
"550","12","african econometrics; united states econometrics; central asia econometrics; asian pacific econometrics; mena econometrics; research analytics; econometric; econometric analysis; speech analytics; integrative analytics; psychomics; social analytics"
"551","34","research participation; public participation; ethics, research; health record linkage supported research; patient and public involvement; clinical research participation; inclusion in research; human oversight; recruitment/retention; user participation in research; research benefit and control of data; return of research; ethical conduct of research; public involvement; representation in research; ethics committees, research; informed participation; recruitment and retention; participant involvement; education and research"
"552","21","camera ppg; digital ledger; camera perspective; camera calibration; ambient digital scribe; camera mouse; camera; zoom lens camera calibration; virtual crossmatch; monocular camera capturing; digital scribe; image matting; cameras; defocused camera; digitally savvy; image style translation; digital tracing; calibration of cbct and camera; zoom; screenshot"
"553","23","randomised controlled trial; randomized-controlled trial; randomized controlled clinical trial; randomised-controlled trial; randomized clinical trial; randomized controlled trial; randomized control trial; cluster randomized clinical trial; randomized trials; randomised control trials; randomized trial; controlled clinical trial; nonrandomized controlled trial; randomized study; controlled trials; randomised controlled trials; interventional trials; randomized controlled; multicenter randomized controlled trial; controlled trial"
"554","63","ordinal partitioning; count regression; regression imputation; continuous prediction; multivariate poisson; deletion outcome modelling; multilevel alignment; covariate balance; covariate shift; group statistics; matched analysis; multivariate adaptive regression spline; ordinal pattern; intracohort comparison; logit adjustment; survival interaction; dichotomization; interaction design; moderator analysis; post-hoc xai methods"
"555","28","multisite repositories; research patient data repositories; research data repositories; data repositories; health data repositories; integrated data repository; standardized data repositories; biomedical data warehouse; patient data repositories; national patient data repository; gene-centric repositories; enterprise data warehouse for research; knowledgebases; multilingual resources; enterprise data warehouses for research; federated databases; biorepositories; common data resources; umls knowledge sources; metadata registry/repository"
"556","40","observability; machine learning interpretability; algorithmic fairness; machine learning fairness; feature interpretability; data recoverability; model transferability; filter-level interpretability; machine learning trustworthiness; algorithm fairness; model fairness; high dimensional feature interpretability; biological interpretability; memory efficiency; performance inaccuracy; comprehensiveness; class separability; visual interpretability; network controllability; model inter- pretability"
"557","21","open-source software github; open-source availability; github open-source code; github resources; cran and github availability; gplv3 open-source bioconda availability; open-source implementation github; github rosenet implementation; sourceforge; github repository; software availability on cran and github; open source data; web server availability; python implementation; open-source software on github; open source implementations; downloadable results; github repository for hydrophobic patches data; open data availability; public end user"
"558","37","model prediction; model robustness; model development; model identification; model complexity; model bias; model performance; model updating; model integration; model calibration; model interpretation; model averaging; model customisation; parameterization; data model evaluation; model stability; model predictive control; model discovery; model recalibration; model construction"
"559","23","community engagement; academic engagement; user engagement; citizen engagement; research engagement; meaningful engagement; participative engagement; stakeholder partnerships; public engagement; customer engagement; stakeholder-engagement; stakeholder relations; bidirectional engagement; consumer involvement; global equity; sustainable partnerships; digital governance; digital health equity; community governance; effective engagement"
"560","19","high-throughput reporter assays; high-throughput analysis; high-throughput screening; high-throughput screening assays; high-throughput image analysis; high-throughput imaging; high-throughput classification; high-throughput data analysis; large-scale parallel reporter assays; high-throughput technology; high-throughput diagnostics; high-throughput microscopic imaging; high-throughput technologies; high-throughput behavioural analysis; high-throughput phenotyping; quantitative methodologies; high-throughput biology; two-hybrid system; spr-based biosensor"
"561","54","prognostic prediction modeling; risk predictive model; risk prediction model; risk stratification model; risk scoring model; prognostic model; prognostic prediction model; predictive risk models; risk-prediction model; individualized prediction models; prognostic modelling; mortality prediction model; prognostic risk model; prognostic modeling; clinical prediction model; patient-oriented prediction model; early predictive model; survival risk prediction; prognostic prediction models; clinical predictive models"
"562","53","bone ct segmentation; cardiac ct segmentation; slice detection; cross-modality image generation; mammogram segmentation; tumor saliency estimation; mr parameter mapping; dental scan segmentation; lesion prediction; static imaging information; imaging algorithm; lung tumor ct segmentation; patient segmentation; scan plane recognition; volumetric ct classification; motion quantification; time motion study; cardiac motion simulation; ultrasound (us) image segmentation; mr image classification"
"563","52","probabilistic machine learning; unsupervised machine learning; ensemble machine learning; supervised machine learning algorithms; shallow machine learning; supervised machine learning; machine learning classifiers; supervised machine learning algorithm; deep learning algorithm; machine learning algorithms; adaptive machine learning; deep machine learning; classification machine learning; machine learning algorithm; machine learning; machine learning; learning machine; supervised machine-learning; random forest machine learning; extreme learning machine"
"564","54","project-based learning; game-based learning; opposition-based learning; mobile game-based learning; demonstration-based learning; technology-enhanced learning; simulation-based learning; multi-view collaborative learning; computer-based learning; prompt-based learning; case-based learning; universal design for learning; contextual online learning; multimodal co-learning; digital game-based learning; classroom-based blended learning; technologically supported simulation-based learning; distance education and online learning; distance education and web-based learning; technology-based education"
"565","37","drug discovery; drug target discovery; peptide drug discovery; target discovery; anticancer drug discovery; peptide-base drug discovery; computational drug discovery; computational drug repurposing; translational drug discovery; therapeutic discovery; personalized drug discovery; antibiotic discovery; computational drug development; de novo drug discovery; ai-driven drug discovery; hit molecule discovery; omics-informed drug discovery; multiplex drug repurposing; computational drug repositioning; antitb drug discovery"
"566","36","ecg signal classification; hpt ecg signal classification; respiratory signal prediction; lung sound event detection; heartbeat detection; ventilation signal detection; eeg signal classification; heart rate detection; real-time qrs complex detection; beat-wise arrhythmia detection; heart sound capture; pulse rate detection; standard cardiac cycle detection; lung sound recognition; signal classification; breathing cycle-aware segmentation; radar-based cardiac signal; lung sound filtering; signal quality classification; sound event detection"
"567","30","scrna-seq data annotation; scrna-seq data imputation; scrna-seq data classification; scrna-seq data integration; scrna-seq data; scrna-seq data clustering; rna-seq pipeline; scrna-seq classification; bulk rna-seq deconvolution; scrna-seq dataset; single cell chip-seq simulation; scrna-seq preprocessing; scrna-seq and bulk rna-seq integration; scrna-seq smoothing; microarray gene expression data merging; sequencing data segmentation; rna-seq applications; gene expression data generation; rna-seq genomics; sequencing data compression"
"568","42","digital health systems regulations; medical device regulation; medical device regulations; technology regulations; health data standards; regulatory documents; digital health regulation; medical device legislation; regulatory framework; regulatory support; legal e-health requirements; health care standards; health legislation; aasm rules; medical devices regulation; regulatory challenges; electronic health records/standards; new regulatory standards; health information systems/standards; medical norms"
"569","36","network connectivity; brain functional networks; static functional connectivity; functional brain networks; brain effective connectivity; brain connectivity networks; resting-state connectivity; intrinsic connectivity networks; effective brain connectivity; dynamic functional connectivity; intrinsic connectivity network; brain connectivity; brain functional connectivity; resting-state networks; brain functional network; dynamic brain functional connectivity; functional brain network; synthetic functional connectivity; default mode connectivity; brain network activity"
"570","20","cryo-electron microscopy; electron microscopy; volume electron microscopy; transmission electron microscopy; focused ion-beam scanning electron microscopy; cryoelectron microscopy; serial-block-face scanning electron microscopy; scanning electron microscopy; atomic force microscopy; x-ray diffraction; cryoelectron tomography; microscopy, electron, scanning; cryo-electron tomography; cryo-em; microscopy, electron, transmission; microscopy, atomic force; fib-sem; microscopy, electron; crystallography, x-ray; scattering, small angle"
"571","29","volume fraction index; static sciatic index; oscillatory shear index; cerebrovascular stability index; fowlkes–mallows index; cardiac force index; partial area index; generalized aggregation index; radial-tibial pwv; eigen-gait asymmetry index; elasticity coefficient; phase slope index; lace index; fm-index; time-dependent c-index; tortuosity index; thoracic impedance; cyst-to-kidney volume ratio; augmentation index; pulmonary artery acceleration time"
"572","64","rosetta scoring function; structure similarity scoring; chemical complementarity scoring; position-specific scoring matrix; docking scoring function; docking scoring functions; target-specific scoring function; zdock protein docking benchmark; scoring protein–protein docking poses; hex docking engine; docking pose scoring; position specific scoring matrix; protein function predictive models; high-accuracy decoys; autodock vina; simpath algorithm; ca-ca-guided docking; protein contact map; gold docking engine; amino acid proximity network"
"573","43","decision-support tool; knowledge management tools; decision-making tools; clinician decision support tools; diagnostic support tool; knowledge management tool; decision support tools; clinical information modeling tools; performance-based instrument; information management tools; educational tool; process management tools; clinical information modelling tools; guideline development tool; computer-interpretable clinical guidelines; computer interpretable clinical guidelines; automated diagnostic tool; clinical decision support tools; decision-support algorithms; computer interpretable guidelines"
"574","44","time-frequency localization; illumination correction; multiplexed imaging data; time warping; zero-shot; matrix reconstruction; label diffusion; super resolution; source localization; depth information; data fading; particle tracing; intensity profile; channel correlation; lateral resolution; intrinsic image layer separation; super-pixel; depth-dependent resolution; density classification; direct phasing"
"575","30","reporting standards; reporting guideline; model reporting guideline; reporting guides; reporting guidelines; reporting framework; research reporting guidelines; prisma guidelines; medical reporting guidelines; reporting guideline development; publishing guidelines; reporting checklist; standard reporting; systematic review and meta-analyses (prisma) framework; reporting transparency; consolidated health economic evaluation reporting standards; comprehensive extraction framework; common metrics initiative; standard documentation; quality criteria for health journalists"
"576","28","brain structure segmentation; cerebral vessel segmentation; mri brain tissue segmentation; brain tissue segmentation; volumetric segmentation; brain segmentation; anatomical structure segmentation; hippocampal segmentation; volume region segmentation; mr brain image segmentation; stroke lesion segmentation; neural fiber segmentation; mr image segmentation; intracranial segmentation; white matter lesion segmentation; functional segmentation; hippocampus segmentation; mri segmentation; ischemic stroke lesion segmentation; white matter fiber bundles segmentation"
"577","50","documentation-guided generation; ai-powered tool; ai-based triage; questionnaire-based prediction; computer-mediated care; cost-sensitive learning; single sign-on technology; multi-site learning; platform-based innovation; patient-specific network; results-based management; web-based tailoring; computer-interpretable guideline; cost-sensitive classification; end-to-end framework; measurable prediction tool; ai-based diagnostic; data-driven thresholds; technology-aided reviews; clinical interpretable model"
"578","46","user proficiency; user modelling; user profiling; user independent; user profiling structure; user skills; user interface requirements; user dependent; interface terminology; user resistance; user context; user interface evaluation; user retention; user clustering; user classification; user intent; user work; user need; user session; user cognition"
"579","33","network clustering; multi-species network integration; dynamic network construction; graph clustering; heterogeneous network mining; network construction; graph-based multiomics integration; network visualization; multi-view similarity networks; network mining; sub-network extraction; ontology-based knowledge graph integration; network integration; network inference; multi-network integration; path clustering; large scale biological networks analysis; biological network visualization; transcript-based network construction; graph algorithms"
"580","29","graph-based enrichment; gene set ranking; custom cell-signature annotations; per-cell gene set scores; single-sample gene set enrichment scoring; gene set scoring; gene specific f-score; peptide-centric analysis; marker gene sets; axis-based functional annotations; gene ontology enrichment; keyword co-occurrence analysis; eigenvector centrality based ranking of biomolecules; gene-set testing; go and kegg pathways; gene-specific score; ranked-biased overlap; go and kegg enrichment pathway; data-driven functional interactions; multiple feature sets"
"581","89","health information technologies; consumer health information technology; mobile health technology; health information technology; healthcare information technologies; personal health technologies; information communication technologies; mobile phone technology; health information and communication technologies; military digital health technology; digital mental health technology; telehealth technology; internet technology; information communication technology; digital adherence technology; hospital information technology; remote patient care technologies; ehealth technology; internet health care technology; digital health technology"
"582","54","onset forecasting; wellness forecasting; spatiotemporal forecasting; epidemiological forecasting; intermittent demand forecasting; ed occupancy forecasting; event forecasting; epidemic forecasting; demand forecasting; disease trajectory forecasting; sentiment forecasting; personal health forecasting; adherence forecasting; clinical event forecasting; demand forecast; physiological forecasting; operational forecasting; patient arrival forecasting; time series forecasting; multi-target forecasting"
"583","30","alignment algorithms; tree search algorithms; string matching algorithms; disorder prediction algorithms; data mining algorithms; search algorithms; epitope prediction algorithms; prediction tools; motif discovery algorithms; computational prediction models; fast alignment algorithm; lncrna prediction tools; machine-learning tools; benchmarking tools; data compression algorithms; ranking algorithms; rna structure algorithms; machine learning scoring functions; packing algorithms; peak-calling programs"
"584","21","fold-specific features; sequence-level features; descriptor-based features; sequence-based features; sequence- and structure-derived features; local distance and angle features; energy and statistical features; handcrafted amino acid features; local and global features; pretrained protein language model-based features; per-residue features; topological features; high-order feature interactions; topological attributes; docking-derived features; residue level feature; domain-independent feature; pairwise feature interactions; manually generated features; topological constraints"
"585","57","test-time adaptation; fixed-sequence test; pretraining-and-finetuning; self-pretraining; virtual cueing; domain-adaptive pretraining; performance test; preference elicitation; pre-retention; self-test; open test results; pre- post evaluation; pre-post evaluation; cross-modal self-supervised; test capacity; freelisting; visual elicitation technique; pre-post study; pre–post studies; vision-language pretraining"
"586","21","wireless body area networks (wban); wireless body area networks (wbans); wireless body sensor networks (wbsns); body sensor networks (bsns); wireless body sensors (wbs); optically pumped magnetometers (opms); wireless sensor networks (wsns); wireless body sensor network (wsbn); optically pumped magnetometers (opm); field programmable gate arrays (fpgas); wireless power transfer (wpt); brain–machine interfaces (bmis); microelectromechanical sensor (mems); multi-wavelength illumination optoelectronic patch sensor (mopes); fiber bragg gratings (fbgs); electro-conductive biolpolymers (ecbps); and radio frequency (rf); ultrawideband (uwb); brain-computers interfaces (bcis); tissue-engineered heart valves (tehvs)"
"587","35","temporal clustering; spatial structure; temporal variation; spatial variability; spatial profile; common spatial pattern; spatial characteristics; temporal patterns; spatial correlation; spatiotemporal correlation; temporal dependency; periodic variation; spatial clustering; stationary common spatial patterns; local patterns; spatial layout; temporal correlation; temporal profile; multi-class common spatial pattern; common spatial patterns"
"588","86","thickness-guided dice loss; cross-mapping entropy; dual-scale feature fusion block; point transform correspondence; embedding stability; cross-modal feature fusion; pixel-based classi-fication; source-free domain adaptation; pyramid feature refinement; dual-branch feature fusion; mutual guided fusion block; scale-space filter; deformable neighborhood attention; multi-resolution mask synthesis; cross-space information fusion; multi-synchrosqueezing extracting transform; multi-source domain adaptation; boundary information fusion; area-preserving map; bilinear representation extraction"
"589","24","accelerometry; triaxial accelerometry; anthropometry; wrist-worn accelerometry; anthropometric measurements; wrist actigraphy; triaxial accelerometer; non-invasive glucose measurements; anthropometry measurements; physiological measures; wrist-worn accelerometer; digital anthropometry; wrist-worn device; oscillometry; gait accelerometry; three-dimensional (3-d) anthropometry; home-based measurements; indirect calorimetry; dual energy x-ray absorptiometry; wrist-worn devices"
"590","37","computer mediated reality technology; augmented reality system; mobile augmented reality; virtual prototyping technology; ambient voice technology; facial recognition technology; voice-controlled intelligent personal assistants; virtual reality rehabilitation system; deep learning-based assistive technology; interactive voice response system; interactive voice recognition; augmented reality games; internet-enabled technology; brain-computer interfacing; interactive voice-response system; digital telecommunication technology; video-based active assisted living technologies; augmented haptics; digital voice assistant; virtual personal assistant"
"591","24","finite element modelling; finite element modeling; finite element simulation; finite element analysis; finite-element simulation; finite-element analysis; finite element method; finite elements analysis; finite element analyses; finite element model; computational musculoskeletal modelling; micro finite element analysis; 3d finite element analysis; three-dimensional finite element analysis; finite element simulations; finite element (fe) modeling; finite elements models; biomechanical modeling; voxel-based finite element modeling; finite-element model"
"592","52","latent model; latent space model; latent variable models; latent diffusion model; latent class model; structural topic model; structural causal model; structure model; latent factor models; latent diffusion models; factor models; structural model; dual path parallel model; hierarchical model; partial credit model; group-based trajectory model; autoregressive exogenous model; latent structure influence model; cross-lagged model; multilevel model"
"593","40","b-value; t score; b-values; t-score; h-index; dynamic coherence factor; c-score; y-index; shapley values; complexity measure; shap values; mcissac score; longshi scale; shapley value; shap value; laplacian score; correlation coefficient matrix; plddt score; medialness measuring function; cutoff point"
"594","44","regression analysis; poisson regression analysis; logistic regression analysis; multivariate modeling; correlation analysis; linear regression analysis; multivariate analyses; multivariate time series analysis; association analysis; multivariate analysis; multi-group analysis; nonparametric multivariate analysis; rank correlation analysis; multivariate data analysis; longitudinal multivariable analysis; distributed regression analysis; correlation modeling; trend analysis; association test; multivariate pattern analysis"
"595","44","wearable sensor data; physiological sensor data; body sensor data; mobile sensing data; sensor data; smartwatch data; wearable activity data; nonintrusive sensor data; physiological wearable data; usage data; system usage data; keyboard data; wearable data; physiological signals monitoring; wearable health data; digital footprint data; digital diaries; sound data; raw radar data; game telemetry analysis"
"596","122","entropy; compatibility; sensing; scaffolding; polyadenylation; stochastic; deployment; coexistence; filtration; condensation; adaptive; stability; stacking; airflow; maturation; elasticity; imprinting; lighting; complexity; noise"
"597","45","lc-ms/ms; tandem mass spectrometry; lc-esi-ms/ms; mass spectrometry; high-resolution mass spectrometry; lc esi ms/ms; ion mobility spectrometry; maldi-tof ms; protein mass spectrometry; hilic lc-ms; lc-ms; lc–ms; top-down mass spectrometry; liquid chromatography-mass spectrometry; immunopeptidome mass spectrometry; hydrogen deuterium exchange-mass spectrometry; gc/ms; ion mobility; co-fractionation mass spectrometry; lc-ms quantification"
"598","55","weighted gene co-expression networks; differential co-expression networks; differential dependency networks; correlation networks; interaction networks; ppi networks; topological network; differential co-expression network; ppi network; temporal gene co-expression networks; drug-target networks; coexpression networks; network topology; multiple priori regulatory networks; combinatorial gene regulatory network; interaction network; functional association networks; static ppi networks; integrative differential dependency networks; similarity networks"
"599","30","symbolic models; communication models; belief functions; personal health models; virtual worlds; personal models; belief function; counterfactuals; health portraits; mindsets; utility constraints; group dynamics; dynamic documents; heuristics; viewpoints; accident models; 3d virtual worlds; conformal predictions; multinational perspectives; deep views"
"600","36","risk scoring system; risk prediction score; risk-prediction system; risk score evaluation; risk calculator; risk prediction models; risk score; risk-scoring system; risk model; clinical risk scores; health scoring system; risk scores; risk stratification index; risk-stratification; risk stratification method; prognostic risk assessment; risk stratification; risk models; medical scoring systems; risk prediction calculator"
"601","49","atlas-scale datasets; factor analysis-based datasets; human-specific dataset; multiome datasets; multi-donor dataset; multilingual datasets; high dimensional dataset; pairwise correlation datasets; biological dataset; multi-annotated dataset; mbodymap dataset; multi-position datasets; massive datasets; heterogeneous datasets; multiple datasets; chb-mit scalp eeg dataset; crowdsourced datasets; synthetic datasets; high dimensional datasets; large-scale datasets"
"602","37","heterogeneous computing; serverless computing; distributed mobile computing; ubiquitous computing; mobile computing; mobile cloud computing; cloud-computing; cloud-based computing; neuromorphic computing; secure multi-party computing; high-performance-computing; collaborative computing; pervasive and mobile computing; biomedical computing; medical informatics computing; ubiquitous and mobile computing; embedded neuromorphic computing; pervasive computing; decentralized computing; vehicular cloud computing"
"603","54","efficacy evaluation; efficacy assessment; feasibility evaluation; feasibility studies; acceptability study; feasibility testing; effectiveness evaluation; feasibility analysis; local validation; pilot studies; feasibility assessment; acceptability studies; engagement study; utility study; survey development; validation study; real world validation; incremental modelling; analytic validation; evaluation"
"604","32","single-cell spatial analysis; single-cell trajectory analysis; single cell analysis; single-cell analysis; single-cell clustering; single particle analysis; single cell clustering; multi-resolution analysis; single channel analysis; single-particle analysis; single-cell method; single molecule imaging; single-particle tracking; single-cell dynamics; single-cell technology; single-cell imaging; single molecule sequencing; bulk and single-cell resolution; single image analysis; single-channel extraction"
"605","60","small object segmentation; threshold segmentation; level set segmentation; hard region segmentation; patch segmentation; multilevel image segmentation; object segmentation; circular binary segmentation; mass segmentation; zero-shot segmentation; binary segmentation; morphological segmentation; multi-phase segmentation; nuclei edge segmentation; super-pixel segmentation; texture segmentation; spine image segmentation; few-shot segmentation; multilevel thresholding image segmentation; watershed segmentation"
"606","33","online inquiry; online collaboration; online campaign; online model; online pharmacy; online medicines; online module; online discourse; online bullying; online safety; online chat; online consultation; online market; online trial; online knowledge; online dating; online interactive; online; online system; online conference"
"607","14","electronic health records [e05.318.308.940.968.249.500]; electronic health records [e05.318.308.940.968.625.500]; electronic health record [e05.318.308.940.968.625.500]; computer-assisted surgery [e02.950.875]; in-hospital mortality [e05.318.308.985.550.400]; computer-assisted [e01.158]; reference standard [e05.978.808]; consumer health information [d054626]; electronic health records (e05.318.308.940.968.625.500); masks [e07.325.877.500]; computerized [e05.318.308.940.968.625]; neurology [h02.403.600]; ich e6(r3); 2019-ncov coronavirus"
"608","31","cloud computing; cloud computation; grid computing; cluster computing; personal computing; cloud fog edge computing; google cloud computing; gpu computing; parallel computing; distributed computing; supercomputing; supercomputer; computing machinery; fog computing; gpu acceleration; cloud storage; cloud server; gpgpu computing; intel sgx; bioinformatics infrastructure"
"609","34","design suggestions; design guidelines; design features; design complexity; design patterns; design challenges; design factors; design recommendations; design guideline; design feature; design need; design method; design methodology; design framework; designers; design methods; design principles; study design features; design thinking; design sciences"
"610","69","high-level python api; snakemake workflow; json-based data structure; gui-based platform; snakemake pipeline; cross-platform software; docker containerization; cloud-ready workflow; matlab-based gui; gui-based omics analysis; query-based exchange; plugins architecture; docker; python wrapper; web crawling; modular code; docking gui; composable unix-style tool; scanpy-compatible workflow; javascript library"
"611","35","heart disease detection; hypertension prediction; heart failure prediction; cvd prediction; dementia detection; heart disease prediction; diabetes trajectories; hip fracture detection; malnutrition detection; anemia prediction; coronary artery disease prediction; dementia prediction; sarcopenia detection; diabetes determination; heart failure hospitalization prediction; diabetes detection; cardiac diseases classification; risk factor discovery; kidney disease awareness; snoring prevention"
"612","32","medical forums; research publications; publications; podcasts; infographics; lectures; scientific publications; webcasts; covid-19 scientific papers; scientific journals; artificial intelligence in publishing; scholarly publishing; professional review; textbooks; newsletter; cancer forums; academic dissertations; scientific publishing; publication trends; year in review"
"613","49","thoracic ct; chest ct; breast ct; abdominal ct; computed x ray tomography; x-ray ct; spiral computed tomography; lung ct; head non-contrast computed tomography; non-contrast enhanced computed tomography; cardiac ct; bone marrow ct; computerized tomography scan; noncontrast computed tomography; 3d chest ct; chest computed tomography; liver ct; non-contrast ct; clinical ct; brain ct"
"614","35","health surveillance data; health data; survey data; longitudinal health data; surveillance data; linked life data; observational health data; health statistic data; mortality statistics; health department data; epidemiological data; nhanes data; household survey; intensive longitudinal data; multinode data; epidemiologic time series; screening survey; longitudinal observational data; multinational survey; social network data"
"615","41","drug-target interaction prediction; drug-protein interaction prediction; drug-target binding affinity prediction; drug-target affinity prediction; drug function prediction; drug-target prediction; compound–target interaction prediction; protein toxicity prediction; biological activity prediction; molecular toxicity prediction; admet property prediction; drug-pathway association prediction; drug prediction; network-based drug repositioning; compound-protein interactions prediction; drug-target interactions prediction; herg prediction; protein candidate prioritization; toxicity prediction; interaction prediction"
"616","69","multi-objective evolutionary algorithm; multi-objective genetic algorithm; multiobjective evolutionary algorithm; many-objective evolutionary algorithm; multi-objective algorithm; multiobjective algorithm; perceptron convergence algorithm; particle swarm optimization algorithm; self-adaptive sime mould algorithm; multi-channel newton algorithm; robust rank aggregation algorithm; optimized linear model fusion algorithm; gradient-based optimization algorithm; fast-matching algorithm; expectation-maximization algorithm; cosine annealing algorithm; multiobjective genetic algorithms; distributed penalized quasi-likelihood algorithm; nearest neighbor algorithm; evolutionary algorithm"
"617","48","multiomics integration; multi-omic integration; integrated robust statistics and bioinformatics approaches; multiomic clustering; data-driven omics integration; biomedical multi-view data analysis; genomics cross-exploration; graph-based pangenomics; meta-transcriptomics; integrated statistics and network-based approaches; multimodal omics integration; multi-dimensional cancer genomic data; large-scale phenotype prediction; multi-source association data; multi-omics approach; genome-centric metagenomics; scalable genomics analyses; clustering of omics data; network-based bioinformatics; microbiome-based disease prediction"
"618","17","finnish language; italian language; language translation; german language; spanish translation; serbian language; persian language; malay language; spanish-english translation; sign language; spanish corpus; english; french version; unified translation; hebrew and arabic; plain language; american sign language"
"619","36","rna sequence design; sequence design; rna design; tcr sequence design; aptamer generation; crispr design software; primer design; grna design; in silico sequence design; enrichment strategy; protein sequence design; mutation strategy; sgrna design; cdr sequence design; protac linker design; phage cocktail design; antisense rna design; sequence design tool; electroporation time; vaccine construct designing"
"620","35","case classification; fault diagnosis; patient typology; history; presentation; case study adam33 and osm; case finding; history of disease summarization; patient narrative; case conceptualization; case mix; case prediction; case complexity; medical reasoning; case detection; medical dialogue summarization; surgical keypoint detection; case identification; patient evolution; burn diagnosis"
"621","52","adl classifier; physician-rating websites; physician-rating website; cognitive score estimation; mental workload measurement; physician rating website; symptoms-matching; adaptive questionnaire; ati scale; physician rating websites; pdq; wmldab dimension reduction; eqip tool; symptom weight; dq indicators; functioning information; treatment progress feedback; covid-19 symptom tracking; psqi; self-consistency loss"
"622","69","node-level attention; temporal abstraction; high-level context-aware connection; semantic interaction mechanism; temporal knowledge representation; sequential channel-spatial attention modules; prior-attention segmentation; temporal action segmentation; contour attention map; multimodal encoding block; layer attention mechanism; transformer-attention modules; linguistic processing stages; pyramid squeeze attention mechanism; graph attention mechanism; location attention; pretraining language model; intent and slot prediction; multihead graph attention mechanism; node feature level attention mechanism"
"623","53","heuristic reasoning; causal reasoning; model-based reasoning; semantic reasoning; automatic reasoning; counterfactual reasoning; temporal relational reasoning; evidential reasoning; causal learning; abductive reasoning; inductive reasoning; heuristics-based reasoning; retrieval based reasoning; knowledge representation and reasoning; context-aware reasoning; case-based reasoning; path-based knowledge reasoning; knowledge reasoning; probabilistic causal reasoning; analogy reasoning"
"624","22","whole lung-airway modeling; gastrointestinal models; whole lung airway modeling; bronchial flow modelling; polyp characterization; cardiac fiber architecture; hepatic fibrosis model; plaque characterization; subject-specific upper lung airway geometry; female airway geometry; tissue characterization; mouse ventricular myocyte; media–adventitia interface; human kidney biopsy; cystic fibrosis airway microbiome model; body water; rat myocardial collagen fiber; body weight; tortuosity-based grading; rat portal vein spontaneous contractions in vitro"
"625","28","electronic resuscitation record; electronic personal health record; electronic healthcare record; electronic records; electronic anesthesia record; electronic vaccination record; pharmaceutical record system; electronic identification; electronic personal health information; electronic medication registration; electronic registry; electronic case report file; tethered personal health record; electronic health record network; shared electronic health record; personal health record app; electronic health record standards; electronic patient-authored text; institutional registry; personal health identifier"
"626","35","model discrimination; model generalization; model hierarchy; model collapse; model cards; model fusion; model synergy; model deployment; model adaptation; model shift; model ensemble; model pruning; model specialization; modelica; model code; model stacking; model scaling; model deterioration; model innovation; model"
"627","39","renyi distribution entropy; multiscale entropy; multiscale sample entropy; renyi entropy; rényi entropy; shannon entropy; maximum entropy; modified multiscale renyi distribution entropy; cross-entropy; network structural entropy; kernel entropy; fractal dimension; information entropy; graph entropy; multiscale transfer spectral entropy; fractional fourier entropy; multi-scale permutation transfer entropy; generalized cross-entropy; cross-entropy loss; fractal dimensions"
"628","78","artificial intelligence chatbots; medical futures; deepinsight; rumor propagation; frugal science; artificial intelligence (ai) chatbots; spells; mobile insoles; medical internet of things; lexevs; dicoogle; lifelog sharing; multifidelity emulators; attention transformer; crowdsensing; archetype; bio-micrograph; bertwalk; murray law; memm"
"629","51","gaussian distribution; poisson distribution; covariance distribution; low-rank gaussian distributions; probability distribution; long-tailed label distribution; gaussian mixture distribution; binomial distribution; log-normal distribution; clustering coefficient distribution; gamma distribution; beta distribution; distribution moments; zero-inflated poisson distribution; long-tailed distribution; long-tail distribution; neighborhood gaussian fitting distribution; parameter distribution; null distribution; zero-truncated negative binomial distribution"
"630","35","peptide mapping; peptide sequencing prediction; protein footprinting; deep mutational scanning; codon deoptimization; optical restriction mapping; in silico editing; hybrid translation; 2d fingerprinting; in silico cloning; restriction mapping; protein sequencing; optical dna mapping; antibody and multi-enzyme cleavage peptide; peptide-spectrum matches; duplex sequencing; partial labeling; protein kinase tagging; six-frame translation; alanine scanning"
"631","21","iso/iec 11179; iso principle; iso 13606; iso 9241-9 fitts law; iupac-condensed; iso/iec 25010; european norm/international organization for standardization 13606; iso/ieee 11073; iso en 13606; medical device regulation (mdr); iso standards; general data protection regulation (gdpr); iso/ieee 11073-phd; medical device regulation (ue) 2017/745; d2.1 (software engineering) requirements/specification j.3 (life and medical sciences): health data provenance; regulation (eu) 2016/679; cen iso/ts 82304-2; iso/en 13606 standard; medical device directive 93/42/cee; european telecommunications standards institute (etsi)/parlay architecture"
"632","33","kinetics estimation; conversion prediction; energy concentration estimation; flux space sampling; protomer fraction estimation; rna decay rate estimation; custom reaction rate laws; isotopic overlap subtraction; enzyme turnover number; flux sampling; rna velocity estimation; mixture deconvolution; xai methods; uptake efficiency prediction; binding pose; activation times; digestion monitoring; thermostability dataset; incorporation patterns; binding availability time"
"633","70","3d cnn; map method; complex convolution; asymmetric convolution; hybrid interpolation; patch embedding; 3d convolution; geometry aware; dense convolution; ghost convolution; zone segmentation; hexaxial mapping; edge flow; transparent ai; mapping adaptation; map estimation; hyperedge prediction; 3d filtering; gradient structure; epipoint geometry"
"634","19","bone strength; bone strain; bone micro architecture; fracture toughness; elastic modulus; bone microstructure; young's modulus; bone adaptation; young’s modulus; bone quality; bone thickness; thermal stress; residual thermal stress; material parameters; bone heterogeneity; cartilage surface roughness; skin surface roughness; peri-implant bone micro-strain; subchondral bone plate thickness"
"635","52","vaccine passport; public consultation; portfolio; certificates; editorial notice; webmd; program peer review; internet-register; eprescribing; cocompletion; physician online contribution; activedriver; public service announcements; advertisement; publication; language access; minisegnet; in/on-body communication; malpractice risk; fda open data"
"636","16","health literacy questionnaire; korean mood disorder questionnaire; state-trait anxiety inventory; warwick-edinburgh mental well-being scale; diabetes distress scale; global physical activity questionnaire; korean smartphone addiction proneness scale; pain sensitivity questionnaire; beck depression inventory; yale-brown obsessive-compulsive scale; health education impact questionnaire; healthy eating index; chinese warwick-edinburgh mental well-being scale; autism behavior checklist; edinburgh postnatal depression scale; pittsburgh sleep quality index"
"637","39","real-time; gene detection; primer discrimination; rt-stop method; double-real-time; rna quantification; multi-assay; bead microarray; sequence census assays; technical biases; per-well quality control; pcr primer design; exon-array; ddpcr normalization; real-time diagnostics; technical replicates; trna, rrna and other rna fragment quantification; reference gene stability; absolute quantification; green software"
"638","78","multi-view kernel; segmentation contour; texture mapping; embedding registration; segmentation efficiency; reconstruction kernel; nodule template matching; slice imputation; slice localization; segmentation network; multi-anatomy detection; rime algorithm; 3d mapping; wound image classification; vessel enhancement filtering; segmentation refinement; segmentation block; deformation estimation; segmentation image; lesion registration"
"639","24","hierarchical attention networks; hierarchical attention network; long short-term memory neural networks; long short-term memory neural network; dual neural network; attention-based neural network; self-attention neural network; long short term memory networks; long short-term memory networks; dual encoding-shared decoding network; bidirectional long short-term memory networks; neural attention network; memory networks; dual-stream attention neural network; bidirectional long short-term memory network; bidirectional long short-term memory (bilstm) neural network; memory network; dual-stream network; attention-based neural architecture; higher-order networks"
"640","58","divergent association rules; similarity constraint; multi-branch consistence; dual symmetric tree pattern; cycle-consistency constraint; state-space restriction; rank constraint; fractal residual blocks; redundancy reduction; belief rule base; cross-relabeling; pairing rule; n-order; overlapping relation; somewhat homomorphic encryption; hierarchical label; hash codes; transition rule; u-shaped context residual network; boundary consistency"
"641","53","clinical pathway implementation; shared decision-making tools; clinical system implementation; communication tool; clinical information technology implementation; lean workflow pathways; communication system implementation; information systems strategy; provider benchmarking portal; clinical decision support system rules; implementation guidelines; clinical decision support services; decision support technique; clinical care process specifications; pain assessment technology; evidence-based communication channels; clinical pathway software effectiveness; clinical decision support application; clinical decision support software; computerized implementation"
"642","26","computer-aided diagnostics; computer-aided; computer-assisted; computer-aided instruction; computer-assisted instruction; computer-aided diagnostic; computer assisted; computer-assisted/methods; intelligent computer-assisted instruction; computer-aided prescription; artificial intelligence-assisted annotation; computer aided approach; computer-based; computer-aided healthcare; ai-assisted learning; computer-assisted software; computer-assisted protocol-directed; automated medical encoding; fully automated image analytics; computer-assisted design"
"643","51","individualized treatment effect estimation; causal treatment effect estimation; causal effect estimation; treatment effect estimation; multivariate treatment effects estimation; survival simulation; time-to-event estimation; discrete event simulation; covariate-adaptive randomization; robust point matching; inverse estimation; discrete-event simulation; generalized clustering; propensity score matching; median-effect equation; sandwich variance estimator; mendelian randomization analysis; stratified adaptive design; amplified weighted aggregator; bayesian optimal interval design"
"644","43","image-to-image translation; image-guide modeling; auto-contouring; superpixel-based mrf; image-to-image generation; digital footprinting; image-text fusion; multi-viewpoint camera selection; digital redlining; unpaired image-to-image translation; synthetic image generation; image stitching; data visualization (mesh); replica-technique; three-dimensional visualisation technology; image harmonization; texture generation; ultrasound video object segmentation; template matching; bit-plane slicing"
"645","38","nucleotide-level prediction; phage prediction; nif gene classification; de novo gene prediction; genome assembly quality assessment; genome sequence analysis; amr gene prediction; virus identification genome assembly; de novo assembly algorithms; protein-coding dna annotation; genome binning; genome assembly algorithms; taxonomic annotation; microbial re-annotation; phage lifestyle prediction; hmmer3-based annotation; gene cluster mining; marker gene identification; genome assemblies; genome analysis"
"646","82","dnrank; vnet; xhtml; hhblits; tlink; relicff strategy; alphacrv; basepkp; tcim; kmer vectors; xnat; lstm; ibaq; sttools; pixelcnn; egoa; xor loss; hbase; mlpa; pssms"
"647","28","physiological signal processing; biomedical signal processing; adaptive signal processing; optical signal processing; nonlinear signal processing; biomedical signals processing; model-based signal processing; acoustic signal processing; biological signal processing; graph signal processing; discrete signal processing; biomedical multivariate signal processing; electrical signal processing; non-linear signal processing; sensor signal processing; nonlinear processing; speech signal processing; microcontroller-based signal processing; biomedical speech and voice signal processing; signal processing"
"648","42","virtual triage; virtual patient; virtual patients; virtual consult; virtual cardiology; virtual monitoring; virtual care; virtual clinician; virtual clinic; virtual lung; virtual consultation; virtual assistant; virtual staining; virtual liver; virtual consulting; virtual community; virtual assistance; virtual group; virtual mask; virtual twin"
"649","51","noun phrase semantics; overlapping semantics; semantic transformation; context semantics; language-agnostic bert sentence embedding; contextualized word embedding; lexical regularities; speech-to-text; context free grammar; lexicon construction; semantic segmentation; syntactic features; lexical attributes; chinese word segmentation; linguistic adaptation; textual semantic representation; semantic-segmentation; semantics; semantic subgraph; syntactic dependency parsing"
"650","73","link representation; embedding representation; subsequence embedding; relation clustering; graph cuts; network embedding representation; sequence embedding; entity alignment; entity embedding; structure embedding; instance position embedding; link layer; neuron instance segmentation; embedding alignment; node representation; network latency; graph-cut; edge prior; multimodal tree; node adaptation"
"651","22","histological image analysis; histopathology image analysis; pathological image analysis; histological analysis; lesion analysis; histopathological image analysis; morphometric analysis; morphology analysis; quantitative image analysis; morphometry analysis; quantitative histomorphometry; quantitative tremor assessment; quantitative evaluation; quantified gait analysis; morphological analysis; quantitative assessment; quantitative morphometry; semi-quantitative analysis; bone proliferation analysis; skin lesion analysis"
"652","52","third generation sequencing; illumina sequencing; multiple platform sequencing; short read sequencing; pacbio hifi sequencing; target enrichment sequencing; third-generation long-read sequencing; 3′ end sequencing; pacific bioscience smrt sequencing; next generation sequencing; third-generation sequencing; smrt ccs sequencing; barcode-based sequencing; pacbio smrt sequencing; bisulfite sequencing; illumina sequencing platform; shallow whole genome sequencing; sequencing projects; next-generation sequencing; nanopore long-read direct rna sequencing"
"653","82","bct; epts-tl; plddt; dca-net; cql; tpb; cti; rmnch; rqa; dnb; gbdt; fpoa; pbwt; pdhlts; pqss; muv; cfpd; lddt; vffr; tdinn"
"654","42","bi-directional spatial attention (bsa); triplet spatial attention (tsa); multi-task learning (mtl); preference-based reasoning (pbr); offline reinforcement learning (orl); contrastive predictive coding (cpc); rule-based reasoning (rbr); hand gesture recognition (hgr); auditory attention decoding (aad); transfer learning (tl); channel-wise parallel attention (cpa); reinforcement learning (rl); multi-scale dynamic attention (mda); domain adaptation (da); self-attention (sat); bidirectional long short-term memory (bilstm); automatic speech recognition (asr); double self-attention (dsa); spatial multi-head attention (sma); case-based reasoning (cbr)"
"655","135","transfers; commitment; service; retirement; return; client; nicu; income; booster; teacher; promotion; school; opportunities; translating; continuity; provider; collaborative; nhs; mobility; organisation"
"656","42","educational website; spaced digital education; online education; video-based education; web-based experiential information; web-based teaching; educational material; internet-based communication; education material; educational video; electronic-learning; multimedia-based education; educational materials; culturally sensitive educational video; video-conferencing; computer-mediated communication; digital education; continuing interactive tutorial; web conferencing; electronic interactive education"
"657","50","multi-level data; multi-modality data; temporal relational data; multisource heterogeneous data; time-oriented data; real world data; multi-site data; multimodel data; time-aligned observational data; small-scale cell line data; longitudinal multi-modal data; image-based data; large natural data; knowledge-based data; large-scale data; time sensitive data; real-world data; group-structured data; spatial single-cell data; multi-source data"
"658","22","intervention usage; intervention mode; intervention integrity; intervention quality; intervention timing; intervention mapping; intervention targets; intervention study; intervention implementation; intervention requirements; intervention information detection; intervention model; intervention reporting; interventions; intervention measures; instrument diversity; intervention personalization; manipulation; population study; setting approach"
"659","37","high efficiency video coding; video quality; adaptive video streaming; integral videography; low complexity video coding; real-time video streaming; video object segmentation; live streaming; high-frame-rate video; video streaming data; video processing; live video conferencing; videoconference technologies; video polyp segmentation; high-content screening; scene analysis; video conferencing; machine imaging; video-based documentation; digital contact tracing"
"660","33","clinical trial recruitment; clinical trial enrollment; trial enrollment; clinical trial participation; clinical trials conduct; clinical trial screening; clinical trial data; clinical trial management; clinical trial protocols; hybrid clinical trial; clinical trial outcomes; remote clinical trial; clinical trial resources; trial participation; clinical trial; clinical trial initiation; clinical trial infrastructure; mhealth trial; clinical trial project management; clinical research enrollment"
"661","35","pseudo-label denoising; adaptive denoising; ecg denoising; differential denoising; ecg signal denoising; feature denoising; noise denoising; sinogram denoising; speech denoising; wavelet denoising; unsupervised denoising; eeg denoising; pseudo label denoising; deep denoising; multiscale denoising; speckle denoising; motion denoising; short-axis pet denoising; edge-preserving denoising; low-dose ct denoising"
"662","25","virtual learning environments; virtual human technology; virtual technologies; virtual environments; 3d virtual environments; virtual technology; virtual reality; virtual systems; virtual reality technology; virtual machines; interactive environments; virtual environment; intelligent tutoring systems; immersive virtual reality; virtual reality and interfaces; dashboard systems; virtual assistants; digital environments; interactive digital decision aids; digital intelligent intervention"
"663","19","respiratory sounds classification; lung sounds classification; spirography features; murmur grading; cervical auscultations; respiratory system physical examination; high-resolution cervical auscultations; chest abnormal imaging signs extraction; cough/respiratory sound classification; chest x-ray report generation; vital signs detection; heart auscultation; physical exam; chest x-ray reports; cervical auscultation; physical examination; vital sign sensing; heart sounds modeling; abnormal eeg corpus"
"664","19","prophage detection; dna fingerprinting tools; virulence factor prediction; covid-19 detection methods; antimicrobial resistance prediction; virulence factor detection; strain-level identification; pattern identification; pathogen-specific fingerprints; virulence prediction; diagnostic pcr markers; phage identification; antimicrobial resistance profiling; antimicrobial peptides identification; lab indicator standardization; identification method; phytase-producing bacteria; antibiogram; integrative and plasmidic elements"
"665","36","postsecondary students; graduate student; medical graduate; undergraduate reu program; graduate students; postgraduate program; nursing education post graduate; international students; nursing education graduate; clinical faculty; undergraduates; doctoral education; doctoral training; dental education graduate; undergraduate students; medical ai training; psychology students; undergraduate nurse; junior faculty; university student"
"666","31","parasitic sensitivity tests; rapid antigen tests; swab tests; microbiological techniques; drug-susceptibility testing; nucleic acid testing; smear microscopy; phenotypic subtyping; rapid diagnostic methods; molecular subtyping; hemagglutination inhibition tests; nasal cytology; cytological techniques; urine cytology; at-home diagnostic testing; rapid diagnostic tests; cervical cytology; automated blood smear analysis; antimicrobial susceptibility testing; skin tests"
"667","37","omics data analysis; epigenetic data analysis; omics network analysis; multiomics data analysis; multiomics analysis; epigenomic data analysis; multiomic analysis; multi-omics analysis; mirna data analysis; microarray data analysis; lipidomics data analysis; gwas data analysis; proteomics data analysis; rna sequencing data analysis; biological data analysis; metabolomics data analysis; transcriptomic analysis; omics data processing; genomic data analysis; omics analysis"
"668","42","3d visualisation; 3d scan; 3-d shape model; 3d u-net model; 3d visualization; 3d scanning; 3d chan-vese model; 3d mobile visualisation; 3d-slic; 3d vr; 3d virtual models; three-dimensional comparison; multi-view; 3-d kinematics; 3d image; 3d mesh; 3d classification; kinect skeletons; multi-view scanning; biplane joint method"
"669","42","information standard; information standardization; information aggregation; information bottleneck; information ecosystem; information fusion; information blocking; information flow; information appraisal; information based; information credibility; information epidemic; information overload; information filtering; information frames; information spreading; information ethics; information uncertainty; information selection; information types"
"670","53","hichip; stackelber game; cosbin; haar wavelet; cosgap; sotl; tedss; armax; mobisite; besth; dew computing; commpass; coth3; cotraining; bigru; islam; yolo; scvic; rediology; pama"
"671","48","potentially preventable hospitalizations, medical informatics; quality assurance, health care; outcome and process assessment, health care; clinical data sharing, research barriers, data linkage, data sources, data management, environmental scan, research facilitation; outcome assessment, health care; professional-patient relations, primary health care; health knowledge, attitudes, practice; innovation, healthcare, national strategy; professional-patient relationship, professional guidelines; postdrainage care, mhealth; decision support systems, management; decision making, organizational; public policy, decision making, organizational; epr, implementation, benefits, systems; health knowledge, attitudes, practices; system analysis, smart homes for health care services; eprescribing, data analytics, returns on investment; acceptance, clinician burnout, communication, google glass, health care provider, patient, remote scribing, trust; decision making, education of patients, electronic health record, computer graphics, clinical laboratory information systems; information management/systems/computerization ambulatory/physician office health information technology"
"672","37","within-subject confounding; approach bias; validation bias; bias awareness; bias detection; bias; algorithm bias; bias measurement; bias reduction; small sample data enhancement; low power design; algorithmic bias reduction; needle biopsy sampling bias; small-sample learning; low-sample; bias training; protocol-specific biases; multisite data heterogeneity; small data approach; bias (epidemiology)"
"673","57","asymmetric stochastic resonance; multi-stable stochastic resonance; stochastic resonance; forward dynamics; stochastic fractal search; stochastic control; markov random field; stochastic variational inference; stochastic local search; dynamic ensemble selection; controlnet diffusion model; random walk graph regularized nmf; discrete multi-physics; state transition algorithm; hierarchical scale-free fractal; non-deterministic algorithms; unbalanced bi-random walk; boolean network dynamics; stochastic optimal control; polynomial chaos expansion"
"674","38","ehr use; ehr replacement; ehr incidents; ehr contracting; ehealth use; portal use; ehr transition; ehr usability; mhealth uptake; ehr standards; mhealth usability; ehr training; ehr navigation; information technology adoption; administrative software adoption; emr mining; telehealth use; ehr optimization; ehr mining; ehr modeling"
"675","33","multi-head graph attention network; multi-head attention network; multi-task network; dynamic graph attention network; multi-order self-attention u-shape network; self-attention graph network; bipartite graph attention network; contextual-based co-attention network; residual graph attention network; bilinear attention network; graph triple-attention network; dual residual network; multi-task synergetic network; deep subdomain adaptation network; graph attention network; graph attention networks; attention-based network; heterogeneous graph attention network; higher-order tensor network; temporal dual-stream feature extraction network"
"676","22","z-spectra; ir spectra; (1)h nmr; d 1h-nmr; std-nmr; nmr spectroscopy; thermogram; h nmr spectroscopy; circular fingerprints; higher order spectra; 400 mhz; ccds; solid-state nmr; solution-state nmr; sec-ms; bond angle information; fragmentation pattern; terms-mm-wave/thz spectrum; reconstruction of multidimensional nmr spectra; molecular fingerprints"
"677","62","adaptive neuro-fuzzy inference system (anfis); high-efficiency video coding (hevc); generative artificial intelligence (genai); high efficiency video coding (hevc); intelligent control charting (icc); artificial intelligence of medical things (aiomt); software-defined networking (sdn); adaptive neural fuzzy inference system (anfis); neural fuzzy evaluation system (nfes); physics-informed data augmentation (pida); content-based image retrieval (cbir); service-oriented architecture (soa); network coding based dynamic retransmit/rebroadcast decision control (nc-drdc); biosignal processor (bsp); variational auto encoder (vae); fuzzy quantum machine learning (fqml); mobile learning (mlearning); fuzzy analytic hierarchy process (fahp); teaching learning-based optimization algorithm (tlbo); vision large language model (vllm)"
"678","48","blood pressure monitoring; heart monitoring; cuffless blood pressure monitoring; ambulatory blood pressure monitoring; bp monitoring; heart rate monitoring; remote blood pressure monitoring; non-invasive blood pressure monitoring; cuffless blood pressure monitor; heart monitor; physiological monitoring; heart rate monitor; ecg monitoring; cuff-less blood pressure monitoring; optical blood pressure monitor; blood pressure monitors; blood glucose monitoring; physiological status monitoring; ambulatory blood pressure monitor; cardiac monitoring"
"679","47","clinical entity identification; clinical coding; clinical treatment process; clinical classification software; entity identification; treatment evaluation; diagnostic rules; clinical note text; dermatology imaging; clinical retrieval; triad classification; diagnostic scale; clinical concept similarity; clinical entity recognition; diagnostic classification; patient condition classification; description pattern extraction; entity classification; clinical notes classification; complaint analysis"
"680","95","multi-graph learning; dynamic embedding learning; multi-view representation learning; hierarchical metric learning; multi-view attribute learning; low-dimensional representation learning; multi-view learning; multi-view graph learning; multitask auxiliary learning; multitask learning; multi-graphical structure learning; adaptive graph learning; connection-sensitive graph learning; partition-level similarity learning; subspace learning; graph embedding learning; robust network representation learning; feature representation learning; pixel-level multiple instance learning; multi-view transfer learning"
"681","53","in-painting; capstone experience; appearance invariance; misspelling generation; banded verification; distractions elimination; hesitation degree; daily life eeg; featuring learning; miss-opportunities prediction; unmodified music; classicml; idealized; light weight security; understandable ai; sounds app; degree-aware sampling; persuasive computing; thought; arabic apps"
"682","49","piezoelectric sensor; electromechanical film sensors; capacitive sensors; piezoelectric strain sensor; optical sensors; electromechanical sensors; fiber-optic sensor; capacitive proximity sensor; multi-wavelength sensor; photoelectric sensor; capacitive sensor; fiber bragg grating sensor; optical sensing; flexible sensors; noncontact bed sensors; piezoelectric transducers; contactless rf sensing; magnetic sensor; dual-path micro-bend optical fiber sensor; inertia sensing devices"
"683","29","evolutionary game; ecological model; vulnerability analysis; landscape theory; wright-fisher dynamics; conservatory analysis; neutralist-selectionist controversy; forward-time population genetics; social contagion; social diversification hypothesis; model averaging in variational inference; life-course; ecological modelling; evolutionary learning; prediction model, health ecology; network and systems medicine; evolutionary computing; conservation of resource theory; resilience engineering; human intelligence"
"684","34","intra-subject variability; intersubject correlation; inter-operator variability; inter-index correlation; intra-individual correlation; interobserver variability; inter-study variance; measurement variability; intersubject variability; intraobserver variability; intra-sample comparison; inter-class difference; within-sample and between-sample correlation; replicated measurements; patient-specific variabilities; linear correlation; observation period; coefficient of variation; normative data; reproducibility of findings"
"685","30","outcome estimation; outcome study; outcome expectancy; outcomes prediction; endpoints; treatment outcome simulation; intent analysis; event classification; outcome identification; outcomes assessment; report analysis; dropout events; change points detection; outcome analysis; placebo effect; event estimates; primary outcome; effect evaluation; imputation; outcome improvement"
"686","47","chest ct imaging; ct imaging; low-dose ct imaging; non-contrast ct imaging; radiological imaging; thoracic imaging; computed tomography imaging; x-ray diagnostic imaging; radiographic imaging; chest x-ray imaging; breast imaging; endoscopic imaging; musculoskeletal imaging; ct scans; computed tomography (ct) imaging; imaging examination; ct scan; computed tomography scan; surgical imaging; ct-scan"
"687","56","msrf-net; bbmri; mffau-net; capsnets; wgcca; csr-net; lpaqr-net; cpcssn; bmri-net; cc-net; mcncp; pedsnet; healthnlp; drda-net; chatgpt-4; e-registry; node2vec-dgi-el; awsfcm; iresnet50; mta-net"
"688","40","biological modelling; biological system modeling; biological modeling; biological system modelling; dynamical modeling; mathematical modeling; dynamic modeling; mathematical modelling; dynamical systems modeling; physiological modeling; continuum modeling; logic modeling; biomathematical modeling; dynamic modelling; network modeling; phenomenological models; neural network modeling; neural language modeling; health systems modeling; infectious disease modeling"
"689","32","benchmark dose calculation; dose calculation; dosimetry modeling; field calculation; attenuation correction; dose prediction; head phantom; xcat digital phantom; pet attenuation correction; scatter correction; dose calculation accuracy; dose prediction methods; doi correction; model-based organ dosimetry; phantom; dosimetric characterization; human-equivalent phantom; ai-based dose calculation; digital liver phantom; low-contrast phantom"
"690","28","mr cardiac imaging; cine magnetic resonance imaging; dynamic perfusion imaging; myocardial perfusion imaging; dynamic mr imaging; cardiac magnetic resonance image; mr imaging; cardiac cine mri; cardiac magnetic resonance imaging; cine-mri imaging; 3d cardiovascular magnetic resonance imaging; late gadolinium-enhanced cardiac mri; cardiac imaging; dynamic breast magnetic resonance imaging; 4d-flow magnetic resonance imaging; multiparametric magnetic resonance imaging; contrast-enhanced liver magnetic resonance imaging; cardiac cine-mri; cardiac mri; peripheral artery computed tomography imaging"
"691","32","dynamic features; high-level features; feature stability; feature power; geometric features; technological features; kinematic features; image features; valued features; sorting features; depth features; dynamic feature; information quantity features; signal features; geometrical-features; spatiotemporal feature; texture complexity; content features; time features; regional detailed features"
"692","40","computer aided diagnosis systems; computer-aided diagnosis systems; computer aided diagnosis system; computer-aided diagnosis system; patient tracking system; digital surveillance system; computer vision system; global positioning systems; computer vision systems; computer-aided diagnostic system; computer aided diagnosis (cad) systems; computer-based systems; optical tracking system; wireless medical telemetry system; assistive diagnostic system; real-time medical systems; advanced driver assistance system; computer aided diagnostic (cad) system; global positioning system; neuronavigation systems"
"693","58","three-path; cross-modal framework; prophet model; versatile model; dual-graph; cascading strategy; dual decomposition; cascade model; self-ensemble; logical modelling; causal chain; one-hot representation; hierarchical structure; two-stage network; accident causation model; knot theory; fogg behavior model; reversed framework; dual-path; twin-tower architecture"
"694","13","in vitro fertilisation; in-vitro fertilization; in vitro fertilization; assisted reproduction technology; intrauterine insemination; reproductive technologies; ovarian stimulation; reproductive techniques; in vitro embryo production; assisted reproductive technologies; fertilization in vitro; uterine cervical dysplasia; cervical intraepithelial neoplasia"
"695","11","participant advisory committee; advisory panel; advisory council; advisory board; pediatric advisory board; scientific review committee; community engagement advisory boards; internal review board; editorial board; expert panel; peer experts"
"696","42","graph neural networks (gnns); graph convolutional networks (gcns); graph neural networks (gnn); graph convolutional networks (gcn); dynamic bayesian networks (dbns); deep belief networks (dbn); spiking convolutional neural networks (scnn); recurrent neural networks (rnn); temporal convolutional networks (tcns); temporal convolutional networks (tcn); spiking neural networks (snns); deep neural networks (dnns); long short-term memory networks (lstm); generative adversarial neural networks (gans); long short term memory networks (lstm); deep neural networks (dnn); generative adversarial networks (gans); artificial neural networks (anns); generative adversarial networks (gan); fully convolutional networks (fcns)"
"697","26","narrative review; methodological review; systematic literature review protocol; systematic mapping review; systematic literature review (slr); systematic review as topic; prisma approach; systematic reviews as topic; review methodology; prisma methodology; systematic map; review, systematic; systematic reviews updates; scoping; methodological comparison; bibliographic accuracy; systematic review automation; scoping review.; systematic review.; quantitative review"
"698","6","preferred reporting items for systematic reviews and meta-analysis; preferred reporting items for systematic reviews and meta-analyses; preferred reporting items for systematic reviews and meta-analyses extension for scoping reviews; risk of bias; risk-of-bias; strengthening the reporting of observational studies in epidemiology"
"699","31","user perceptions; user perspective; app user perspective; user participation; user adoption; audience engagement; user perspectives; users perspective; consumer perspectives; user perception; end-user participation; consumer participation; user preference; stakeholder perspective; website engagement; user feedback; user rating; consumer satisfaction; end-user involvement; user response"
"700","34","cross sectional observational study; longitudinal observational study; longitudinal cohort study; prospective cohort study; cross-sectional analytical study; cross sectional study; cross-sectional study; prospective observational cohort study; cross-sectional multicentre study; case-based study; population-based study; community-based study; multisite study; prospective cohort; longitudinal cohort; case-control study; matched case-control study; longitudinal study; epidemiological cohort; nested case-control study"
"701","50","kernel method; approximation methods; time-frequency approach; linear kernel approach; loss distribution approach; resampling techniques; stacked ensemble method; functional regression method; moving boundary methods; time-frequency methods; time domain methods; smoothing methods; co-simulation method; three-point estimation method; synthetic minority oversampling technique; alternating direction implicit (adi) method; view-independent method; ensemble method; collapsing methods; adaptive method"
"702","65","dynamic treatment strategy; hybrid recommendation method; reference-guided analysis; algorithmic discrimination; dynamic update strategy; integrated patient-basis analysis; soft-decision strategy; decision support algorithm; dynamic programming; personalized rule adaption; decision-making algorithm; rule-based protocol; disease prediction algorithm; protocol-based prompting; patient-specific modelling; adaptive dynamic programming; multicriteria decision-making technique; computerized algorithm; image-based diagnostic reasoning; multiphase optimization strategy"
"703","46","similarity metric; similarity measure; similarity measures; similarity indices; cosine similarity measure; correlation-based distance metric; similarity matrix; interval-based similarity measure; weighted heterogeneous value distance metric; pairwise similarity matrices; similarity coefficient; similarity metrics; cosine based similarity; time-series distance metrics; shape similarity index; statistical distance/divergence measures; fuzzy similarity measure; string similarity metric; tree shape metrics; different similarity measures"
"704","77","participatory med; eidb; gluten database; protect study; wrinkle database; discern instrument; abstracts; app review; hdv database; voice biomarker; pulmonary dataset; interface modality; speech biomarker; impact-data; health ecosystem; menstrual app; aggregate attention; modality translation; ear dataset; temporal database"
"705","67","critical realism; social model; social modeling; relational ethics; health theories; reductionism; organizational models; social systems; lay theories; citizen science; embodiment; discourse relations; pedagogy; bilingualism; contextual explanations; nursing theory; kolb learning theory; connectivism; socio-technical perspective; socio-technical theory"
"706","14","rna, untranslated; rna, messenger; rna, ribosomal; rna, viral; rna, small nucleolar; rna, mitochondrial; rna, nuclear; rna, small interfering; blotting, western; in situ hybridization, fluorescence; electrophoresis, gel, two-dimensional; mutagenesis, insertional; administration, intravenous; infusions, intravenous"
"707","51","motion intention recognition; motion intent recognition; motion recognition; hand movement recognition; hand gesture recognition; gesture recognition; human action recognition; multi-perspective recognition; grasp intention recognition; face detection; facial feature detection; textual emotion detection; temporal pattern extraction; temporal pattern detection; human action intent recognition; multimodal emotion recognition; automatic speech recognition; facial-landmark detection; multimodal emotion detection; objects recognition"
"708","68","digital health apps usability; telehealth prescribing; internet governance; smartphone dependency; telemedicine solution; task technology fit; app adoption; in-app reviews; health apps criteria; e-health cloud; connected health and computer vision; digital health information ecosystem; app rating; ehealth demands; app integration; telemedicine security; clinical information systems acceptance; translation apps; digital peer support app; health apps assessment"
"709","37","collaborative work practices and information technology; knowledge and data integration; interoperability and health information exchange; collaborative and social computing systems and tools; information and knowledge management; knowledge representation and information modeling; telerobotics and teleoperation; information sharing, model, standards; information systems and information technology; knowledge discovery and reuse; data infrastructure and integration; textual analytics, metadata; ontology extension and adaptation; information management/informatics; information storage and retrieval; data mining and data analytics; databases and knowledge bases; cross-network information sharing; retrieval and visualization; machine readability and interoperability of data"
"710","34","disease-drug associations prediction; microbe-drug associations prediction; microbe–drug associations prediction; mirna-disease associations prediction; disease co-occurrence prediction; disease-gene associations prediction; drug-side effect association prediction; biomarker and gene signatures detection; drug-drug interac-tion prediction; disease mirna inference; lncrna-disease association prediction; module biomarker; interaction modules discovery; brain disease gene prediction; herb–disease association prediction; dynamical network biomarker; multilayer network biomarker; drug resistance signature reversal; enhancer-promoter interaction inference; drug pair representation"
"711","109","epsilon-tube; clt map; ai solutions; alphaflow; dual-remask; pmi matrix; ai store; s-transform; t-vmf similarity; n3 rules; cycle-gan; delta leaping; mimo configuration; ai aversion; arma models; hi-c matrix; -metric; delta band; x platform; delta variant"
"712","33","group information; group velocity; group identification; group signature; group lasso; group visit; group identity; group testing; group therapy; group structure; group-shrinkage; subgroup learning; condition completeness; baseline component; group exercise; depression analysis block; multiple groups context; nominal group technique; subgroup list; gender parity"
"713","72","thermal convection; particle transport; thermal-fluid coupling; mass transport; laminar viscous flow; convection; thermal heating; mass diffusion; viscous dissipation; turbulent evolution; stokes flow; electromagnetic coupling; hyperbolic heat conduction; percolation; laminar flow; galvanic coupling; diffusion process; capacitive coupling; mechanical power; bio-heat transfer"
"714","29","alert algorithms; alarm fatigue; alert fatigue; alert acceptance; alarm safety; screen fatigue; trigger timing; trigger tool; alert overriding; helpline; push notification; alert optimization; alert override; monitor alarm; helplines; change agent; change technique; change management; worry management; counselling"
"715","22","national health survey; health care surveys; health surveys; community health survey; national health and nutritional examination survey; health care survey; national food consumption surveys; national health and nutrition examination survey; nutrition surveys; national health interview survey; health interview surveys; health survey; national survey; diet surveys; longitudinal survey; national electronic health records survey; china health and retirement longitudinal study; child health and nutrition research initiative; social and behavioral determinants of health; us national institute of mental health"
"716","48","fragment interaction modeling; contact modeling; fragment-based modeling; sequence-to-structure modeling; homology modelling; protein structure modeling; macromolecular modeling; ga-based structural modeling; homology modeling; thermodynamic-based modeling; sequence modeling; data-driven protein modeling; 3d-qsar modeling; low-resolution structure modeling; qsar modeling; ternary complex modeling; sequence-to-sequence modeling; pharmacophore modelling; protein side-chain modeling; pharmacophore modeling"
"717","25","thermal ablation; pulsed field ablation; conformal ablation; focal ablation; ablative lasers; radiofrequency ablation; electric stimulation therapy; extracorporeal shock wave therapy; ablation techniques; laser therapy; offline drug delivery; radiofrequency ablations; microneedle device; low-level light therapy; ablation power; photoacoustic temperature control; pulsating drug delivery; ablation efficacy; respiratory drug delivery; repetitive nanosecond pulsed electric field"
"718","18","vessel enhancement; contrast enhancement; tumor conspicuity enhancement; phase enhancement; gradient enhancement; vascular enhancement; polyp image enhancement; tumor enhancement; texture enhancement; pseudo-color enhancement; image-enhancement; double enhancement; image enhancement; heterogeneous spatial enhancement; t2 contrast; radiographic image enhancement; microscopic image visual enhancement; retinal vessels enhancement"
"719","50","kernel-based clustering; density-based clustering; graphlet-based clustering; graph-based clustering; multi-view spectral clustering; partitioning-based clustering; multi-view clustering ensemble clustering; multi-network clustering; deep subspace clustering; multi-slice clustering; density based clustering; consensus clustering; spatially constrained spectral clustering; factor probabilistic distance clustering; overlapping graph clustering; cross-modal clustering; spectral clustering; k-means clustering; multiresolution consensus clustering; kernel-based data clustering"
"720","57","regularized error function; kernel function; cross-covariance function; nonlinear activation function; mixed kernel function; generalized transfer function; pseudogaussian distribution function; weighted-loss function; adaptive transfer function; mixing-loss function; likelihood functions; smoothing function; piecewise-linear criterion function; normalized advantage function; radial basis function; multi-dimensional transfer function; expectation function; transfer functions; cauchy loss function; slope sum function"
"721","101","adaptive graph convolution; convolution mapping; separable convolution; adaptive structure aware pooling; joint network embedding; hybrid dilated convolution; region-invariant loss; local feature transformer; incomplete multi-view learning; dilated temporal separable convolution; global feature transformer; multimodal generative ai; metric embedding; deep separate convolution; cascade method; neural inductive matrix completion; similarity regularization; deep matching; sparse transformer; spatial-adaptive convolution"
"722","27","gene swin transformer; gene library; sars-cov-2 mpro; plasmid genes; vector transformation; hs-vectors; pacbio hifi; mutseqr; nucleotide transformer; amino acid recoding; knockoffs; aph(3')-iib; eccdna-pipe; fodpso; omqa; termporal expression extraction; gpt-3; lac operon; uhf rfid class1 gen2; cereal crop nitrogenase expression"
"723","17","spectral domain optical coherence tomography; spectral domain-optical coherence tomography; spectral-domain optical coherence tomography; intravascular optical coherence tomography; diffuse optical tomography; optical coherence tomography; optical coherence tomograph; ultrasound coherence imaging; 3d optical coherence tomography; third harmonic generation microscopy; second harmonic generation microscopy; spectral domain optical coherence; optical coherence tomography b-scan; edi-oct; retinal imaging modalities; ultra-wide-angle fundus imaging; tomography, optical coherence"
"724","60","word sense induction; lexeme hypotheses; semantic prototype; semantic relation classification; lexical entry selection; word analogy; real-word error; lexical patterns; phrase-level ner; semantic relation acquisition; word-concept probability; linguistic feature; lexical variation; word typing paradigm; semantic role labeling; phoneme modeling; sentence fine-grained prototype; part-of-speech tagging; linguistic game; attentive coordinate convolution"
"725","20","multisite clinical trials; premarket clinical trials; multi-center clinical trials; multi-arm trials; imaging-based clinical trials; remote clinical trials; antiviral treatment trials; post-genomic clinical trials; low-accruing trials; covid-19 clinical trials; failed clinical trials; multicenter trials; ict-based clinical trial; multisite clinical research; comparative effectiveness and safety research; clinical-translational science; clinical and translational science; guideline updates; web-based trials; noninferiority randomized controlled trial"
"726","32","task shifting; dual-task; task switching; task-shifting; cognitive task recognition; visual task; go-nogo shooting task; task demands; motor and cognitive dual task; dual task; probing tasks; tasks; block-attention; stroop task; verbal fluency task; comparative visual search task; task recognition; pretext task; meta-learning paradigm; stop-signal task"
"727","62","temporal relation identification; saliency transformation; mental state detection; emotional transition detection; emotion classification; cognitive state identification; mental state prediction; saliency prediction; emotions analysis; mental fatigue detection; expectation dynamics; effort expectancy; threat intelligence; affective computing; valence detection; mode effects; symbolic pattern discovery; feature asymmetry; composite likelihood; relation prediction"
"728","13","deplink web server; web server; structome web server; metagenomic analysis web server; webserver; proteinprompt webserver; public webserver; web-server; abadapt webserver; bioinformatics software web server; web server antibody design tool; web servers; resource server"
"729","62","recurrence prediction; progression prediction; disease progression prediction; treatment outcome prediction; relapse prediction; treatment prediction; outcome frequency prediction; disease severity prediction; recovery outcome prediction; severity prediction; landmark prediction; iui outcome prediction; tumor recurrence prediction; functional recovery prediction; neoadjuvant therapy response prediction; local progression prediction; seizure prediction; efficacy prediction; therapy response prediction; clinical deterioration prediction"
"730","23","multiphysics modeling; multiphysics models; visual analytics; computer development; molecular dynamics analysis; computerization; computer program; graphical models; multiphysics; genepioneer open-source software; computational mechanics; interactive visual analytics; microcomputers; visualization systems; discovery studio software; graphical model; molecular dynamics; graphical presentation; mathematica; psicalc software"
"731","34","electronic referral; electronic consultation; electronic visit; electronic support; electronic screening; electronic alert; electronic notes; electronic tools; electronic system; electronic forms; electronic learning; electronic coaching; electronic irb; electronic platform; electronic questionnaire; electronic health; electronic intervention; electronic chart; electronic tool; electronic booking"
"732","37","in-browser calculator; user-friendly bioinformatics; user-friendly software; user-friendly software tool; visualization tools; web-based software; user-friendly tool; web-based visualization; standalone command-line tool; reusable visualization components; web-based bioinformatics visualization; browser-based bioinformatics tools; web-based javascript tool; command-line tools; java-based bioinformatics tool; code-free tool; visualization tool; portable format for analytics; biological web application development; command-line tool"
"733","14","mouse model; mouse models; animal disease models; preclinical models; murine models; animal models; animal model; preclinical disease model; pre-clinical model; sciatic mouse model; porcine model; disease models, animal; independent cohorts; non-human primates"
"734","37","rna binding site; rna-small molecule binding sites; rna modification sites; specificity-determining sites; cleavage sites; rna–small molecule binding sites; m6a modification site; cryptic binding sites; nucleic acid binding sites; protein functional site; dna motifs; cleavage site; circrna binding site; active sites; species-specific ubiquitination sites; rna-binding; protein site; site recognition; catalytic domain; accessible regions"
"735","67","fde-net; flow-vrt; shift-mlp; hfmref; pegasus; fractional norm; qlattice; dgeaheatmap; ordeval algorithm; aleatoric uncertainty; fractional filter; residual u-net; whole heart segmen- tation; fbsed method; fractional differential; alphafold screen; scorecard; pretrain-finetune; sumac; centroidlinalifold"
"736","19","dna-binding residues; rna-binding residues; rna-binding residue; dna-binding residue; ime1 motif; conserved region; coa-binding residue; surface residue; αc-helix; invariant residues; d structural motifs; highly conserved segment; conserved binding topologies; cdr-h3 loop conformations; insertion effects on alpha helices; two-residue insertions; variant impact on phosphorylation; ring domain; zz domain"
"737","18","hl7 fhir profiling; hl7 smart on fhir; hl7 international; hl7 fhir phr; hl7; hl7 fihr; rmapalign3n; hl7 fhir; iomt security; ctsa kl2 scholars; hl7 protocol; etis-larib dataset; k99/r00; nih grant texts; dcb0160; na24385 benchmarking; csiro framework; national institutes of health designation"
"738","25","remote electronic data capture; electronic data capture systems; electronic data capture; clinical information system; electronic clinical data capture; electronic monitoring platform; research electronic data capture; electronic consenting systems; clinical documentation system; electronic surveillance software; electronic documentation; mobile data capture; electronic data collection; electronic clinical documentation; electronic case reporting; electronic clinical decision support; health information tool; structured data capture; electronic patient report form; structured clinical template"
"739","51","api implementation; g-code generator; codeml; containerized pipeline; loinc code mapping; galaxy api; docker deployment; code mixing; guideline execution engine; rest architecture style; data-driven gui generation; barcode validation tooling; runtime verification; pseudotime trajectory; code hierarchy; pseudotime; code mapping; modular pipeline; on-board executable model; custom gpt"
"740","16","head-mounted displays; head mounted displays; head-mounted display; optical see-through head-mounted display; head-worn display; visual display; visual feedback; stereoscopic cameras system; 3d hand cursor; naked eye 3d display; mirror visual feedback; head-up display; stereoscopic displays; headphone; virtual meg helmet; electronic whiteboard"
"741","39","acegpt; ois; mxfda; ace-r; ctpa; ctsa; rppa; modafinil; iptw; auranofin; opmd; dmsp; li-rads; acetaminophen; pretrained checkpoint evaluation; gbt; tpmt; dfa; nonconvex regularizer; crs-r"
"742","22","research best practices; good simulation practice; practice guidelines; research practices; information practices; safe practice; specific health guidance; recommended practices; strategies and guidelines; good clinical practices; policy recommendations; practice behaviors; practical guidelines; specific setting recommendations; digital health guidelines; fair guiding principles; standard operating procedures; translation and dissemination; protocol & guidelines; good practices of research"
"743","29","medical question answering; question-type reasoning; question-answering; question answering systems; question prompt list; question-and-answer service; extractive question answering; question-answer; medical visual question answering; patient question sets; consumer health question answering; question answering; visual question answering; question answering system; statistical question answering; medical question-and-answer post; question-asking; community question answering service; elicitation tool; question answering (information retrieval)"
"744","20","functional electrical stimulation (fes); transcranial alternating current stimulation (tacs); transcranial temporal interference stimulation (ttis); brain–computer interface (bci); brain–computer interfaces (bci); transcranial electrical stimulation (tes); transcranial direct current stimulation (tdcs); brain-computer interface (bci); transcutaneous auricular vagus nerve stimulation (tavns); brain-machine interfaces (bmi); brain computer interface (bci); low level laser therapy (lllt); hybrid brain–computer interface (bci); multi-scale weighted box fusion (wbf); temporomandibular joint (tmj); mild traumatic brain injury (mtbi); adolescent idiopathic scoliosis (ais); whole-body vibration (wbv); spinal cord injury (sci); temporomandibular joint disorder (tmd)"
"745","46","meta-learning approach; feature-based approach; rule-based approach; machine-learning approach; automated learning approach; span-based approach; network propagation approach; intelligent searching approach; similarity ensemble approach; machine learning approach; lexicon-based approach; multi-model approach; hybrid prediction approach; network approach; semi-supervised approach; ensemble approach; knowledge mining approach; alignment-free approach; machine-learning-based approach; low rank matrix factorization based approach"
"746","28","facial landmark analysis; facial expression analysis; dental stress analysis; facial biometric data; mandibular indices; oral malodor classification; bone age assessment; scoliosis assessment; sex determination analysis; head circumference measurement; dental age assessment; spinal curvature assessment; chronological age assessment; asymmetry measures; stitching assessment; skeletal bone age assessment model; crown-rump length measurement; total body photography; social phenotype; biometric profiles"
"747","39","lung nodules classification; gastric tumor segmentation; lesion annotation; breast lesions segmentation; pulmonary nodule registration; calcification segmentation; calcification detection; nodule dataset; lymphoma segmentation; lung nodules segmentation; emboli detection; heterogeneous recurrence quantification; focal staging loss; skin lesion segmentation; multiple organs segmentation; pulmonary vessels segmentation; abdominal tumor segmentation; lung involvement detection; skin lesion datasets; meningioma segmentation"
"748","36","mixed linear models; general linear mixed models; nonlinear mixed models; generalized linear mixed model; linear quantile mixed models; generalized mixed models; mixed effects models; linear mixed model; generalized linear mixed-effects models; mixed linear model; multilevel linear models; nonlinear mixed effects models; linear growth models; linear models; generalized linear models; generalized linear model; mixed-effects models; nonlinear mixed-effects models; generalized linear mixed effects model; mixed effects modeling"
"749","49","performance analytics; medical analytics; decision analytics; learning analytics; text analytics; network analytics; health analytics; medical information analytics; digital health analytics; healthcare analytics; semantic data analytics; predictive data analytics; behaviour analytics; healthcare big data analytics; call data analytics; health data analysis; practice analytics; healthcare text analytics; healthcare predictive analytics; sensor data analytics"
"750","26","topic dynamics; topic taxonomy; topic hotspot; topic mining; topic detection; topic modelling; topic diversity loss; topic attention; topic model; topic phase detection; topic discovery; domain generalization; domain movement; domain detection; topic bursts; domain translation; health topic familiarity; domain adaptation; content topic; domain adaptive"
"751","69","shift detection; tremor detection; detection metric; fatigue detection; boundary detection; fault detection; obstacle detection; sensor fusion; anomaly prediction; tactile sensor; sensor monitoring; drift detection; sensor selection; alignment mechanisms; boundary prediction; pressure sensing; band detection; motion sensing; fatigue prediction; limb motion identification"
"752","26","metabolic imaging; dat spect imaging; pet/mri scans; bone imaging; total-body parametric imaging; imaging biomarker; brain scan; planar scintigraphy; longitudinal imaging; brain dedicated pet; perfusion quantification; mri modalities; quantitative imaging biomarkers; imaging biomarkers; dopaminergic imaging; noninvasive quantification; dopamine transporter scan; 4d fmri; gamma-ultrasound scanner; dat spect"
"753","40","feature-based method; transformer-based method; graph-based method; feature-based technique; instance-based method; entity distance-based method; rule-based method; graph-based algorithm; 2-tuple-based method; similarity based algorithm; multi-atlas-based method; atlas-based method; alignment-free method; perturbation-based saliency method; step-based method; fuzzy rank-based method; probability analysis based fusion algorithm; hybrid classification method; pictogram-based method; rule-based algorithm"
"754","29","optical chemical structure recognition; self-assembly; thermal proximity coaggregation; molecular featurization; molecular self-assembly; ligand generation; controllable signal structure; catalytic stability; selective laser melting; dna nanostructure labeling; photochemical processes; synthetic interactions; natural transformation; thermophoresis and brownian diffusion; ultrafast shape recognition; anisotropic reaction–diffusion; photo recognition; seamless texture synthesis; nonlinear thermal radiation; metaheuristic optimization"
"755","14","mediation effect; mediation analysis; latent moderation; moderation; longitudinal mediation; mediation; moderation analysis; concurrent interaction; direct and indirect effects; mediation and suppression; moderating effect; moderator variables; mediating effect; instrumental variables"
"756","11","digital cognitive assessment; digital symptom assessment; digital assessments; mobile cognitive assessment; remote cognitive assessment; novel digital clinical measures; digital cognitive test; digital mobility outcomes; digital clinical measures; mobile psychological testing; digital measures"
"757","11","online health information-seeking behavior; online health information-seeking behaviors; blood donation attitudes and behavior; internet-based health information–seeking behavior; health self-efficacy; academic self-efficacy; use of the internet; quality of online content; types of screen content; mobile application rating scale, user version; mobile application rating scale user version"
"758","48","time-frequency signal analysis; time-frequency domain analysis; time-frequency analysis; time–frequency analysis; time-domain analysis; spectrogram analysis; frequency domain analysis; time series analysis; eeg signal analysis; temporal network analysis; spatiotemporal pattern analysis; time-series analysis; adaptive time-frequency analysis; spectro-spatial analysis; detrended fluctuation analysis; power spectral analysis; cardiovascular signal analysis; wavelet-based analysis; wavelet analysis; ultra-short term hrv analysis"
"759","41","free energy landscape; free energy landscapes; energy entropy; binding energy; transition entropy; free energy; mm/pbgbsa free energy; log-energy entropy; free-energy perturbation; gibbs free energy; thermodynamic stability; solvation effects; potential force dynamics; end-point binding free energy; qm/mm; mm-gbsa binding free energy; kinetic energy anisotropy; per-residues interaction energy; extended log-barrier; thermodynamics"
"760","67","dynamic network analysis; integrated network analysis; multi-network analysis; network analysis; bipartite network analysis; complex network analysis; network based analysis; higher-order network analysis; multi-layer network analysis; network motif analysis; graph-based analysis; weighted correlation network analysis; topological analysis; semantic network analysis; topological data analysis; systems-level network analysis; citation network analysis; centrality analysis; clustering-based shap analysis; signal-level analysis"
"761","33","four-dimensional computed tomography (4d-ct); four-dimensional computerized tomography (4dct); phase contrast magnetic resonance imaging (pc-mri); computed tomography perfusion (ctp); contrast-enhanced computed tomography (cect); computerized tomography (ct); 4d computed tomography (4dct); computer tomography (ct); mutlislice computed tomography (msct); computed tomography (ct); magnetic resonance spectroscopic imaging (mrsi); time-of-flight magnetic resonance angiography (tof mra); three-dimensional magnetic resonance imaging (3d mri); magnetic resonance (mr); cone-beam ct (cbct); dynamic contrast-enhanced magnetic resonance imaging (dce-mri); magnetic resonance imaging (mri); dual energy computed tomography (dect); diffusion-weighted imaging (dwi); computed tomography scan (ct)"
"762","25","shiny web interface; information retrieval user interface; integrated graphical user interface; search user interface; user-friendly interface; web-based user interface; user-friendly graphical interface; web interface; web application interface; visualization interface; user interfaces; web browser; user computer interface; chaincode application programming interface; web-based visualization tool; search interface; command-line interface; web-based interface; search interfaces; gpt-based query interface"
"763","22","biomarker discovery; biomarkers discovery; joint profiling; mapping study; edge biomarker; signature methods; genetic module discovery; profiling mechanisms; ewas; biomarker detection; biomarkers identification; marker gene discovery; genomic study design; transcriptomics signature; biomarker extraction; genomic marker discovery; associations discovery; local causal discovery; phewas associations; theranostic biomarker discovery"
"764","84","shiftvit; mirsponger; raptat; neuroformer; webceph; camcog; popmednet; orphanet; pathbot; resboost; narcissin; duconvit; modafold; aapi; geofence; ios; physionet; selformer; researchgate; technostress"
"765","84","responsiveness; responsive; ade; ecg; mct; dtc; amh; sirs; tdp; dss; pta; anc; homogeneity; synchronization; remission; ace; nem; multisensory; mpi; cutoff"
"766","40","sequence similarity; protein sequence similarity; protein structure similarity; protein similarity; sequence conservation; enzyme sequence evolution; structural similarity; protein homology; similar structure analysis; dna alignments; protein functional similarity; functional similarity; sequence-vs-structure homology comparison; sequence homology; structural sequence profile; orthology; protein structure comparison; sequence-structure analysis; amino acid bias; target sequence similarity"
"767","29","education, medical; education, professional; education, medical, continuing; education, public health professional; schools, medical; faculty, medical; education, nursing, graduate; education, continuing; education, medical, graduate; delegation, professional; education, medical, undergraduate; medical oncology/education; education, dental; education, nonprofessional; education, nursing; education, medical, graduate/methods; education, graduate; societies, medical; students, premedical; education, premedical"
"768","30","neuropsychological screening; neuropsychological testing; cognitive test; neuropsychological tests; neuropsychological test; neuropsychological assessment; neurocognitive test; cognitive assessment; cognitive screening; motor assessment; neurocognitive assessment; functional behavioral assessment; mobile cognitive testing; behavioural assessment; cognitive function evaluation; behavioral assessment; clinical performance examination; functional testing; ambulatory cognitive assessment; computer-adaptive testing"
"769","27","machine learning performance metric; binning performance evaluation; clustering performance evaluation; fusion performance metrics; recall and precision evaluation; performance metric; model performance metrics; time-based performance metrics; sensitivity and runtime performance; comparative performance information; similarity metrics evaluation; performance metrics; benchmarking metrics; classification performance; gold standard annotation; performance algorithm; benchmark accuracy and auc; clustering performance; gold standard annotations; downstream performance metrics"
"770","78","multi-cue fusion; multi-task segmentation; multi-target domain adaptation; multi-attention module; interaction-aware feature transformation; multi-person localization; imbalance-aware classification; adaptive feature transfer; attention-based fusion; embedding-aware patterns; multi-task prediction; anatomical structure-aware strategy; adaptive cross-level fusion; multi-label recognition; hybrid collaborative filtering; human-based computation; context-aware feature reweighting; coarse-refined consistency learning; adaptive banded event alignment; adaptive learning-based representation"
"771","5","evidence-based medicine; evidence based medicine; evidence-based emergency medicine; medicine-based evidence; evidence-based online information"
"772","25","decision support systems, clinical, machine learning; digital health, research protocol, real world data; clinical informatics, mixed-type data; big data, health informatics; distributed networks, computable phenotypes, electronic health data; digital health, mobile health, patient-generated health data; interdisciplinary communication, information systems, health information exchange, informatics, systems analysis; symptom assessment, communication, mobile apps, software; natural language processing, patient data privacy; observational health data sciences and informatics; health information interoperability, workflow analysis; clinical decision support, data visualization, electronic health records; interoperability, data standards, electronic health record, patient generated health data; learning health systems, electronic health records, ontology, framework; health information retrieval, personalised content management, health information portal, fuzzy multi-criteria ranking, automated content discovery, data analytics, text mining; informatics, data security, data protection, data sharing; health interoperability, interoperability challenges, health and social care, personal data; rheumatoid arthritis, digital health, mobile health; health information exchange, adaptive, complex, construct, scoping review, ehealth; named entity recognition, user study"
"773","23","multi-modal image fusion; multi-source image fusion; trimodal medical image fusion; multimodal medical-image fusion; multimodality medical image fusion; multimodal sensor fusion; multimodal imaging integration; multi-modal medical image fusion; multimodal medical image fusion; multimodal image fusion; multi-view dynamic fusion; multi-scale weighted fusion; multimodal data fusion; multi-modality fusion; multimodal information fusion; multi modal fusion; multimodal   fusion; multi-modal medical image; mri image segmentation technology; data enhancement technique"
"774","84","contingency management (cm); digital health intervention (dhi); federated learning (fl); personal health information management (phim); real-world evidence (rwe); rapid on-site evaluation (rose); information systems success (iss); medical question-answering(qa); user center design (ucd); data quality assessment (dqa); clinical event prediction (cep); medical visual question answering (med-vqa); radiology report generation (rrg); medical visual question answering (medvqa); video quality assessment (vqa); total laboratory automation (tla); just-in-time adaptive interventions (jitai); computer-assisted medical diagnosis (camd); physician-certified verbal autopsy (pcva); patient and community-engaged research (p/cenr)"
"775","47","asymmetric channel walls; closed-loop; multi-branching output; symmetric architecture; closed loop; dual neighbourhood propagation; mesh nodes; active contours; long-range dependency; multi-branching outputs; two-layer; u-shaped network; simplified neutrosophic set; gate system; spherical cap; active contour; on-chain solutions; curved channel; 1d models; u-shaped networks"
"776","53","self-supervised segmentation; transformer-based segmentation; distance transform-based segmentation; model-based segmentation; deep learning-based segmentation; ai-based segmentation; multi-class image segmentation; multi-threshold image segmentation; multi-class segmentation; semi-supervised segmentation; semi-supervised semantic segmentation; multi-threshold-image segmentation; auto-segmentation; robust image segmentation; multi-atlas segmentation; weakly supervised image segmentation; semi-auto segmentation; semi-supervised image segmentation; atlas-based segmentation; weakly supervised nuclei segmentation"
"777","41","discrete phase modeling; discrete element model; lumped parameter modeling; fluid-structure interaction modeling; dynamic channel modeling; volume conductor modeling; fluid–structure interaction modeling; graded response model; diffuse-interface model; bioheat modeling; reduced order modeling; reduced-order modeling; multi-compartment model; hill model; reaction-diffusion model; diffusion modelling; body channel modeling; compartmental models; kinetic modeling; multi-compartmental model"
"778","22","missing leads; missing modality; missing labels; missing tabular data imputation; data missingness; data incompleteness; missing metadata; missing label; missing-view completion; missingness types; incomplete label; missing data mechanisms; missed data; missing value interpolation; under-utilized time; misrepresentation ratio; underrepresented; limited training data; re-usable data; ambiguous data"
"779","94","reb; pls; mimic; percentile; dsr; csp; incentive; lasso; shap; abc; receiver; proxy; fts; tre; opportunity; cnn; lbp; teen; hmm; swarm"
"780","67","drift problem; modal alignment; perturbation efficiency; frequency estimation; temporal simulation; phase bias reduction; kinetic preservation; supermodeling; intrinsic evaluation; crowding detection; uniformity estimation; perturbation effects; symmetric uncertainty; quantitative reasoning; sample entropy; inter-subject generalizability; hard sample mining; precision matrix; parameter learning; sparse measurement"
"781","42","gerotechnology; chest acoustics; polypathology; neurotech- nology; venereology; teleoncology; infodemics; pharmacometabonomics; mechatronics; physiatry; forensics; dynamodb; bio-acoustics; chronotherapeutics; telerheumatology; nanobiotechnology; rhinocytology; neurodynamics; teleneurology; gerontechnology"
"782","33","algorithmic literature survey; literature survey; bibliography; hermeneutic literature review; literature analysis; integrative literature review; abstractive summarization; biomedical literature summarization; bibliometric review; bibliographic metadata; umbrella review; literature reviews; literature retrieval; literature review; review literature as topic; literature coverage; bibliographic management; recommender systems: medical records and scientific papers; developmental literature review; bibliographic correction"
"783","30","unsupervised mri reconstruction; parallel imaging; non-cartesian mri reconstruction; diffusion mri reconstruction; undersampled mr reconstruction; phase space reconstruction; non-cartesian mri; multi-parametric sequence; weighted gradient accumulation map; undersampled mri; anisotropic mri; signal reconstruction; motion reconstruction; 3d position encoding; accelerated functional mri; undersampled; accelerated mri; stack sparse auto-encoding; simulated mr images; standard acquisition protocol"
"784","84","sw; moral; entr; gis; nom; rar; smart; antenna; gb; iranian; mental; emotional; hev; curricula; career; job; postgraduate; har; turkish; sn"
"785","24","deleterious mutations; amino acid substitution; multiple-point mutant; amino acid insertion mutations; protein mutation; deleterious synonymous mutation; virus mutation; saturation mutagenesis; pathogenicity mutation; amino acid indels; g13 mutants; protein mutants; mutagenesis; amino acid substitutions; e17k; base editing; new mutations; reverse mutation; e484k; secondary structure impact of indels"
"786","32","t1-mapping; multi-axial gated mlp; t1 mapping; mri reconstruction; ute mri; dynamic mri reconstruction; multi-contrast sequence; 3d unet; resolve-dwi; hp-mr; multistage diffusion; ultrasound sequence; dcgat-dti; camera-based respiratory imaging; 7t-like tof-mra; multi-contrast; multi-modality cardiac image; gradient inversion; image-less ecg-imaging; spin echo"
"787","39","dynamic cox regression model; survival model; cox regression model; statistical frailty model; time-to-event models; nonparametric model; regression model; regression models; parametric survival model; survival models; penalised cox model; ridge regression model; joint models; competing risks model; cox models; coxph model; joint model; linear regression model; cox-ph model; double coverage models"
"788","22","medical entity recognition; name entity recognition; clinical named entity recognition; entity recognition; gene entity recognition; medical named entity recognition; chinese clinical named entity recognition; named entity recognition; drug named entity recognition; gene name entity recognition; biomedical relation classification; chinese clinical entity recognition; biomedical document classification; adverse drug event identification; terminology management; clinical entity or attribute recognition; clinical document architecture; clinical term recognition; hl7 clinical document architecture; hl7 consolidated clinical document architecture"
"789","85","paging; forget gate; swot; big; nudging; funet; back; kernel trick; dream challenge; urge; backdoor attack; fast track; menu labeling; isnt rule; mending effort; easly awakening; walk; go; causeway; big transfer"
"790","45","infrared imaging; fast pet imaging; pet imaging; infrared (ir) thermal imaging; low-dose pet imaging; cross-modal mri; parametric imaging; dynamic pet imaging; x-ray imaging; in-line x-ray imaging; tomographic imaging; blood flow imaging; fusion imaging; thermal imaging; chemical imaging; optical mapping; perfusion imaging; ther- mal imaging; optical imaging; elasticity imaging"
"791","31","recruitment optimization; recruitment platform; recruitment system; randomization module; recruitment scheme; participation preference; recruitment.; cohort curation; population stratification; treatment arm selection; biomarker selection; eligibility criteria classification; donor recruitment; delivery assessment; procedure duration prediction; inception phase; sample size determination; app analysis methodology; clinical characteristics analysis; data abstraction validation"
"792","31","cross-validation; external cross-validation; 10-fold cross validation; stratified k-fold cross validation; nested cross-validation; leave-one-out validation; ten-fold validation; k-fold cross-validation; cross-dataset validation; fold cross-validation; k-fold cross-validation test; 10-fold cross-validation; hold-out validation; bayesian cross-validation; bootstrap-based internal validation; cross validation; leave-one-out cross-validation; 10-fold validation; multi-source cross-validation; multichannel cross validation"
"793","55","dynamic bayesian network; dynamic bayesian networks; bayesian networks; hierarchical network; continuous-time bayesian networks; hierarchical networks; differential causal networks; dynamic networks; causal bayesian networks; hierarchical ensemble network; markov logic network; continuous time bayesian networks; additive bayesian network; mutual hazard networks; multilayer networks; generative networks; adaptive networks; probabilistic boolean network; temporal bipartite network; probabilistic boolean networks"
"794","32","gene module detection; module discovery; gene network validation; neural pathway mining; integrated gsea; individual pathway analysis method; gene-level metrics; disease pathway mining; pathway-level inference; gene set integration; cancer cell-line dependency prediction; over representation analysis; multi-omics comparison; module identification; single-cell gene pair signatures; association rules analysis; gene ontology normalization; gene set inference; network comparison; pathway validation"
"795","22","breast cancer detection; prostate cancer detection; oral cancer detection; breast lesion detection; cancer incidence; skin cancer prediction; cancer risk stratification; breast cancer subtyping; cervical lesion detection; multi-cancer evaluation; polyp detection rate; cancer incidence rates; lung cancer survival; skin cancer assessment; adenoma detection rate; cancer risk perception; lung cancer screening and staging; predicting primary cancers; lung cancer subtypes; lung cancer detection and diagnosis"
"796","46","donor demultiplexing; sequencing depth estimation; read alignment; snp calling; genotype calling; pileup-based calling; paired-end read integration; variant phasing; single cell demultiplexing; barcode deconvolution; short-read pre-processing, omeseq; genome sequencing; ssdna sequencing; bam file analysis; read depth profile; seq2phase; genome assembly quality control; snv calling; read classification; sequence tagging"
"797","40","regularized regression; regularized orthogonal forward regression; support vector regression; penalized logistic regression; regularized logistic regression; convolutional multivariate multiple regression; distance regularized point regression; elastic net regularized regression; penalized regression; negative binomial regression; penalized cox regression; parametric regression; non-negative least-squares regression; robust beta regression; lasso-based regression; quantile regression; elastic net regression; lasso regression; poisson regression; naive bayesian regression"
"798","33","fda approval; regulatory marketing procedures; drug product labeling; drug approval; medical device development; fda regulation; drug information; consumer product safety; drug traceability; fda guidance; biopharmaceutics; drug evaluation; investigational drug; drug labeling; new drug application; investigational medical devices; medical device safety; postmarketing; marketing authorization; fda clearance"
"799","37","internet search; biomedical search; internet searching; web search; inter-topic search; web searches; global search; internet searches; google search; medical search; snowball search; literature searching; pubmed literature search; search analysis; information search; literature search; extractive search; contextual scholarly search; full text search; bibliographic databases"
"800","62","inter-sentential; remotely powered; gamified task; federate learning; aop network; multiparty conversation; remote synchronous; autonomous triage; u-net 2d; remote working; hybrid u-net; federated transfer learning; multitarget roi; multires u-net; mini-batching and token limiting; micro-blog mining; augmented intelligence; device agnostic; autom- ation; full-scale skip connection"
"801","69","dynamic stopping; diagnostic informatics; remote diagnostic; adaptive trials; predictive allocation; adaptive agent; faceted search; personalized policies; nondelivery schemes; predictive evaluation diseases; therapy detection; demand sensing; recommendation algorithms; personalized decompression; recommendation algorithm; target-aware loss; algorithm generalizability; adaptive band; therapy system; clinical prediction tasks"
"802","82","elements; strategy; multifactorial; delineation; modality; relief; reversibility; marker; incidence; repositioning; somatosensory; specificity; configuration; predictability; benefits; outbreaks; audience; stratification; primary; motor"
"803","44","real-time sensoring; real-time segmentation; real-time classification; real-time streaming; real-time feedback; real-time indexing; real-time distance determination; real-time estimation; real-time spectral unmixing; real-time simulation; real-time stress recognition; real-time prediction; real-time tracking; real-time fixation monitoring; real-time localization; real-time video detection; real-time endpoint prediction; real-time scheduling; real-time monitor; real-time rendering"
"804","34","content feature extraction; named entity extraction; textual features extraction; semantic information extraction; medical feature extraction; multi-category biomedical relation extraction; sentiment extraction; subgraph extraction; corpus construction; biomedical event extraction; medical decision tree extraction; domain adversarial training; normalized corpus construction; structure-based domain instance evaluation; annotation of clinical text; biomedical text extraction; topic tag prediction; document similarity comparison; time series data classification; clinical text annotation"
"805","40","technology adoption model; adoption model; technology acceptability model; patient technology acceptance model; adoption models; technology acceptance models; senior technology acceptance model; health information technology acceptance model; game development model; business process model; modified technology acceptance model; persuasive systems design model; value-based adoption model; acceptability models; user-centered model; information systems success model; decision support model; value evaluation model; heath information technology acceptance model; transition model"
"806","43","seizure event detection; seizure detection; cardiac event detection; motion abnormality detection; arrhythmia detection; change-point detection; nodule detection; medication error detection; medical error detection; medical event detection; chew event detection; lesion detection; cardiorespiratory system identification; gait event detection; medical abuse detection; adr signal detection; sleep apnea event detection; event detection; ecg detection; blood glucose detection algorithm"
"807","27","distress screening; depression screening; anxiety screening; anxiety assessment; sociability measurement; apathy screening; cognitive stress test; psychiatric screenings; internet addiction test; suicidal ideation response inventory; sexual network measurement; mental fatigue assessment; online symptom checker; cognitive interview; autism screening; iowa oral performance instrument; beck anxiety inventory (bai); bdi scales; online symptom checkers; psychiatric assessment"
"808","53","multilingual ontology; biomedical terminologies; structural meta-ontology; semantic web knowledge base; semantic terminology; semantic resources; terminologies; owl ontology; medical terminologies; anatomy ontology; meta-ontology; biomedical ontology; mesh ontology; domain ontology; controlled vocabularies; biomedical semantics; omop standardized vocabularies; medical ontologies; biomedical semantic representation; structured knowledge representation"
"809","59","dual-level architecture; multi-encoder architecture; dual-branch feature fusion network architecture; component-based architecture; backend architecture; network architecture; multi-scale architecture; dual-stream architecture; communication architecture; dual-decoder architecture; service-oriented architecture; hybrid architecture; joint-embedding predictive architecture; resnet-based architecture; hybrid cloud architecture; service oriented architecture; multilevel iot architecture; vector-symbolic architecture; grid architecture; dual-head architecture"
"810","68","predictive; integrated; integrative; lifestyle; immunological; interface; sensor; disparity; situation; preparedness; wearable; viewpoint; analytic; asymmetry; ict; educational; maternity; message; device; psychological"
"811","22","histology image; histopathology images; pathology image; colon histopathology images; histopathology imaging; pathological image; pathology images; histopathological optimization; prostate histopathological image; immunohistochemistry images; histological artifacts; colon histology images; immunohistochemistry image; kidney histology images; immunohistochemical image; multiplex immunofluorescence images; tissue phenotyping; hematology images; immunohistochemistry staining; tissue microarray (tma) core segmentation"
"812","17","repetitiveness measures; daily life measures; diagnostic distortion measures; psychological measures; suppression measures; behavioral indicators; interestingness measures; diagnostic accuracy measures; social distancing measures; adherence measures; self-report measures; performance measures; self-reported measures; internal variables; psychographic variables; fit-for-purpose digital clinical measures; personality traits"
"813","27","t wave morphology; t-wave; intra-cardiac electrogram; t wave pseudonormalisation; t wave; electrogram morphology; intracavitary electrograms; intracardiac electrogram; multiple wavelet reentry; omnipolar electrograms; t-wave morphology; t-wave oversensing; intracardiac electrograms; t-wave alternans; t wave changes; synthetic atrial electrograms; ballistocardiogram; electrogastrogram; main atrial wave; unbalanced atrial targets"
"814","45","svd-based matrix completion; cluster-scale multithreading; example-based xai; wavelet multi-sub-bands co-occurrence matrix; dynamic co-occurrence grey level matrix; nested-spectral partition; deterministic binary block diagonal (dbbd) matrix; centroid-based representation; distribution-based representation; non-intrusive polynomial chaos expansion; fixed-dimensional spectral representations; stitch-derived cpi networks; top-down graphic gaussian model algorithm; multivariate time-series clustering; dual-normalized edge-orientation similarity; grey-level co-occurrence matrix; self-organizing feature map; biological spectral unmixing; laplacian eigenmaps; spike classfication"
"815","35","data quality management; health data management; local data management; data linkage; healthcare data management; laboratory information management; medical data management; genomics data management; data harmonisation; patient data entry; data management; healthcare data integrity; structured data entry; good clinical data management; clinical data elements; cross-disciplinary data management; health data integrity; clinical data integration; research data management; clinical data management"
"816","51","assembly benchmarking; cluster benchmarking; structure prediction benchmarking; phylogenetic inference benchmarking; binning benchmarking; benchmarking of batch correction methods; software benchmarking; annotation workflow benchmarking; alignment benchmarks; multi-platform benchmarking; metagenomic annotation tools benchmarking; metagenomic benchmarking; benchmarking of network inference; benchmarking of deconvolution methods; yeast and human network benchmarks; benchmarking causal gene ranking; genomic benchmarks; algorithm benchmarking; benchmarking cnv callers; pretraining on reference genome sequences"
"817","29","lung cancer classification; breast cancer classification; breast tumor classification; melanoma classification; prostate cancer classification; lymphoma classification; cancer staging; cervical lesion cell classification; breast cancer analysis; cancer identification; lung classification; breast cancer cadx; tumor database; leukemia classification; breast cancer subtype classification; cervical cell classification; disease progression network; lung cancer stages; cancer patient subtyping; breast cancer subtypes classification"
"818","45","decision-curve analysis; decision tree analysis; disproportionality analysis; decision curve analysis; terminology change analysis; changepoint analysis; multicriteria decision analysis; learning-curve analysis; model-based analysis; patient-specific analysis; individual survival analysis; change-point analysis; reference-free analysis; time-to-event analysis; multi-criteria decision analysis; multi-criteria analysis; multiple criteria decision analysis; benefit-risk analysis; model performance analysis; uncertainty analysis"
"819","38","biomarker modeling; compartmental modeling; population pharmacokinetic modeling; pkpd modeling; pbpk modeling; disease modelling; mechanistic modeling; pk/pd modeling; gastrointestinal disease modeling; pharmacokinetic model; mechanistic modelling; pulse modeling; disease progression modeling; surrogate modeling; pharmacokinetics and pharmacodynamics model; compartment modeling; transition modeling; microbiome modeling; pharmacogenomic modeling; probabilistic modeling"
"820","30","computational technologies; informatics tools; parallel computing technologies; bioinformatics algorithms; cognitive computing systems; computer technology; artificial intelligence tools; computational frameworks; advanced inference strategies; computing methodologies; computer/informatics; mathematical computing; high-performance bioinformatics; bio-informatics; immunoinformatics approaches; bioinformatics software; computational intelligence; computational tools; computers and information processing; cognitive information systems"
"821","46","genomics bioinformatics; integromics; viral genomics; proteome informatics; viromics; glycomics; genomics analysis; 3d genomics; multiomics; pathogen genomics; collaborative genomics; rna informatics; genomics; rna bioinformatics; medical genomics; omics sciences; interactomics; bioinformatics; snp informatics; lipidomics"
"822","55","privacy paradox; user trust; appropriability regime; marketing mix; security competency; security enhancement; privacy leakage; privacy disease; equity informatics; system trust; link efficiency; trust-ai; safe harbor; advertising standards; bokdiff framework; attack budget; clinician trust; fair principle; benefits realization; infrastructure"
"823","6","medical image encryption; stereoscopic medical image encryption; dicom encryption; image encryption; medical image authentication; medical data tokenization"
"824","21","semantic analysis; linguistic analysis; lexical analysis; syntactic analysis; emotion analysis; word structure analysis; sound analysis; linguistic morphology; word-analysis; face analysis; co-word analysis; biomedical voice analysis; child language; human behavior analysis; human movement analysis; computational ethnography; cross-linguistic comparison; chinese natural language processing; language acquisition; serbian language processing"
"825","35","dictionaries, medical as topic; term recognition; terminology (as topic); medical term representation; term mapping; related term; term dependency; catalogs as topic; dictionaries as topic; directories as topic; dictionaries, chemical as topic; chronology as topic; medical term normalization; medical word pair; clinical [mesh terms]; webcasts as topic; dictionaries, pharmaceutic as topic; congresses as topic; abbreviations as topic*; statistics as topic"
"826","42","image matching; image visualization; image standardization; image selection; image translation; image identification; image detection; image integration; image coding; image microscopy; image clustering; image retrieval; image stabilization; image complexity; image generation; image watermarking; image synthesis; image mosaicing; image mapping; whole slide image classification"
"827","53","hip-joint segmentation; vertebra segmentation; csf segmentation; aaa segmentation; tongue segmentation; spleen segmentation; thyroid gland segmentation; hematoma segmentation; cervical segmentation; lumbar vertebra segmentation; cerebrovascular segmentation; cyst and kidney segmentation; lumbar spine segmentation; lumen segmentation; ear segmentation; lv segmentation; stroke segmentation; liver vessels segmentation; tumour segmentation; aorta segmentation"
"828","30","wrist-based physiological monitoring; in-home sensor monitoring; non-invasive blood glucose monitoring; home monitoring technology; unobtrusive sleep monitoring; continuous sleep monitoring device; digital stress monitoring; home sleep monitoring system; passive behavioral monitoring; biometric monitoring device; real-time symptom reporting; home monitoring device; wearable thermometry; ambulatory biofeedback; camera-based respiratory monitoring; electronic adherence monitoring; head-mounted wearable device; automatic dietary assessment; blood glucose detection system; eye-tracking technology"
"829","33","evidence-based health practice; evidence-informed practice; evidence-based practices; evidence-based pharmacy practice; evidence-based care; evidence-based practice; evidence-based guidance; evidence-based framework; evidence-based guidelines; evidence-based; evidence-based approach; evidence-based design; evidence-based health management; evidence-based knowledge; evidence-based intervention; evidence-based health care; evidence-based programs; evidence-based criteria; evidence-based interventions; evidence-based nursing"
"830","28","scientific literature; clinical free text; english clinical free text; medical literature; clinical free-text; literature database; biomedical literature classification; medical text; gray literature; chinese clinical texts; lay language summary; clinical free-text notes; literature databases; medline citations; literature; biomedical document retrieval; medical texts; pubmed/medline; pubmed-based literature classification; free-text"
"831","7","hematoxylin and eosin; hematoxylin and eosin staining; hematoxylin–eosin; hematoxylin-eosin; hemotoxylen and eosin; nissl stain; lugol’s iodine"
"832","47","automatic stress detection; automated seizure detection; automatic seizure detection; automatic sleep micro-event detection; automatic sleep stage classification; automated neonatal seizure detection; automated fall detection; automatic melanoma detection; automated skin vessel detection; automated cancer detection; automated ecg classification; automated stress recognition; automated vitiligo segmentation; automated breast detection; automatic depression detection; automated breath detection; automated polyp detection; automated sleep staging; ecg automated classification; automatic respiratory event detection"
"833","33","sparse group representation model (sgrm); coupled hidden markov model (chmm); common data model (cdm); statistical shape model (ssm); multiscale markov transition field (mmtf); large language model (llm); box-jenkins model (bjm); generalized gauss-markov random field (ggmrf); lumped parameter models (lpm); autoregressive hidden markov model (ar-hmm); state space model (ssm); dirichlet process mixture model (dpmm); gaussian mixture model (gmm); markov decision process (mdp); texture appearance model (tam); agent-based modeling (abm); segment anything model (sam); fractional brownian motion (fbm); functional qsm (fqsm); boolean network (bn)"
"834","4","medical imaging datasets; medical image dataset; medical image datasets; medical imaging dataset"
"835","72","gsf; hvf; gsr; esb; vmd; vlc; rpims; ehg; mcq; ssl; htg; drls; omg; mvmr; msk; qeeg; gmm; snv; mbd; gcgr"
"836","25","ensemble inference; probabilistic prediction; adaptive inference; bayesian probabilistic linkage; bayesian prediction; bayesian algorithm; bayesian classifier; bayesian fusion; bayesian regularization; bayesian classification; implicit modeling; adaptive sampling; adaptive normalization; nonlinear prediction; adaptive weighting; ensemble learning predictor; dynamic classifier; local estimation; probabilistic inference; bayesian personalized ranking"
"837","40","electronic medication management system; electronic decision support system; electronic prescribing system; electronic nursing documentation system; electronic prescription system; electronic prescribing and drug administration systems; electronic pre-hospital patient care report system; electronic prescribing systems; electronic symptom management systems; electronic referral system; medication management system; electronic health record automation system; electronic differential diagnostic support system; integrated electronic medical record system; electronic medication and prescribing administration; medical order entry systems; electronic early warning system; electronic medication administration records; mobile patient education system; electronic learning system"
"838","16","patient and community engagement; patient and stakeholder engagement; user and collaborator engagement; patient and public involvement and engagement; community and stakeholder engagement; patient and family engagement; community participation; diversity equity inclusivity; patient and public engagement and involvement; recruiter engagement; inclusivity of participation; participant inclusivity; rigor and transparency; investigator-clinician duality; diversity, equity, and inclusion; information transparency with patients"
"839","35","genomic research; scicomm; brain chemistry; health data research; glycobiology; geodesics; lifelog data; genetic research; neuroinformatics; acoustics; satellite communications; brain radiology; biological computing; health forum analysis; altmetrics; social data; academic journal; nutrition analysis; food microbiology; cognitive computing"
"840","35","mri images; multi-contrast mri images; high-field mr images; mr image; axial mri image; mri image; mr brain image; mr images; multimodality mr images; pet and mri images; magnetic resonance (mr) images; pet/mr images; 3d mri images; mri slices; magnetic resonance image; perfusion source images; brain mri image; t2-weighted mr images; diffusion weighted image; magnetic resonance images"
"841","37","crossover trial; crossover trials; remote trial; feasibility trial; cluster trial; remote trials; longitudinal registration; clinical protocol; clinical trial design; pilot trial; voice-added design; longitudinal trial; control trial; delivery strategy; feasibility rct; feasibility search; randomized discontinuation; regulated pivotal study; trial designs; safe-ai protocol"
"842","32","posture recognition; posture detection; sitting posture recognition; gait cycle detection; gait modelling; gait segmentation; locomotion transition prediction; gait phase recognition; gait detection; breathing movement classification; stance detection; chewing monitoring; posture range; gait events detection; swallowing template; stance learning; human fall detection; handwriting dynamics; gait pattern generation; laryngeal closure detection"
"843","34","medical device software; medical diagnostic software; medical software; cad system; imaging diagnostics; voice recognition software; clinical software; medical imaging assisted diagnosis system; medical segmentation; smartphone software; computer-aided diagnosis (cad) technology; healthcare embedded software; computer software; medical imaging diagnostics; bimodal cad system; digital disease detection; machine vision; speech recognition software; medical devices, medical device software; digital delivery modality"
"844","40","body area network (ban); dynamical network biomarker (dnb); dynamic network biomarkers (dnb); drug–gene interaction (dgi); gene-gene weighted interaction network (gwin); dynamic network biomarker (dnb); liver cancer algorithm (lca); clinical pathway analysis (cpa); attribute-based signature (abs); digital biomarkers (dbms); dynamic network biomarkers (dnbs); specific network information gain (snig); differential evolution (de); mirna-disease association (mda); national cancer institute thesaurus (ncit); micro expression (me); capsule network (capsnet); spatial transcriptomics (st); phenome wide association study (phewas); phenome-wide association study (phewas)"
"845","50","topmed reference panel; band-height image; marker panels; e-labeling; panel data; graphs; dot plots; capture panels; scale-space; marker panel; dataset light-weighted; frame accumulation; trace log data; cell hashing; cumulative gc profile; b-mode; 2d histogram; representative volume element; scale-up; graph total variation"
"846","28","deformable medical image registration; deformable soft tissue image registration; deformable image registration; 3d image registration; model-image registration; medical image registration; multi-modal image registration; multimodal image registration; elastic image registration; non-rigid image registration; unsupervised image registration; conventional image registration; deformable registration; unsupervised multimodal image registration; retinal image registration; physics-based deformable registration; whole slide image registration; atlas based image registration; unsupervised deformable registration; lung image registration"
"847","57","alphamissense; ienhancer-elm; fpcit; huggingchat; agdenseu-net; nlp-chatbot; med-vqa; swirl number; alphamissenser; telesupport; gath-geva; teleneuro-vrrs; mir2pathway; fhir®; convmedsegnet; lgbtqiapn+; ehfsbs; covid-19 jerk; claude 3.5-sonnet; galaxy karubionet platform"
"848","58","delay analysis; variability analysis; link analysis; adherence analysis; security analysis; joint analysis; discrepancy analysis; behavior analysis; agreement analysis; longitudinal analysis; markov analysis; integration analysis; spatiotemporal analysis; time analysis; causality analysis; systems analysis; comparative analysis; sequential analysis; event analysis; analysis"
"849","21","electronic health and medical records; virtual medical records; electronic personal health records; electronic patient care records; electronic pharmacy records; personally controlled electronic health records; tethered personal health records; standardized electronic health record; free-text clinical records; obstetric electronic medical record; electronic healthy records; electronic health data; computerized clinical notes; electronic diaries; web-based medical information; computer records; web-based medical record; personal medical information; clinical text data; digital medical interview"
"850","25","inpainting techniques; externalization techniques; computer assisted surgery; suture techniques; auto-complete technique; meshless method; 3d computer-guided surgery; computer-aided surgery; mesh reconstruction; computer-guided surgery; computer-assisted surgery; metal block technique; computer-assisted orthopedic navigation surgery; distraction techniques; image guided surgery; meshing; bone sawing; tissue reconstruction; mucosa-supported surgical guide; bone surface reconstruction"
"851","70","multimer prediction; interaction detection; dynamic prediction; disorder prediction; sublanguage analysis; tcr prediction; dta prediction; rel-tng model; prediction engine; variant monitoring; complexity prediction; consensus docking; assignment theory; spatial trainscriptomics prediction; class activation map; hypermutation detection; disease-position recognition; rna editing detection; prediction stability; motif importance"
"852","96","stress detection; sleepiness detection; transition prediction; mobility prediction; balance factor; span classification; fall detection; congestion detection; disease tracking; athlete monitoring; hie mechanisms; anomaly detection; severity estimation; tremor prediction; mobility pattern; dynamic activity target; deterioration detection; fitness tracking; radical-level feature; disease connection"
"853","24","physiochemical properties; surface properties; dielectric properties; mechanical properties; material properties; composite physiochemical properties; physicochemical parameters; physio-chemical properties; physiochemical features; thermodynamic properties; mechanical characteristics; nanoparticle shape factor; surface charge; protein surface geometric properties; hyper elastic mechanical properties; protein physicochemical properties; eiip physicochemical property; dynamic viscosity; protein thermostability; property group composition"
"854","48","delegation; champions; clinical librarianship; faculty compensation; fellows; informationist; voting; education assistance; scholargpt; innovation scorecard; champion; delegate; researcher preference; resident; junior investigator; programmers; support; mentored; train-of-four; innovators"
"855","9","vignettes; case vignettes; clinical vignettes; video vignettes; qualitative vignettes; vignette; participant-facing materials; vignette experiment; instructional sequence"
"856","36","hyperbolic partial differential equation; diffusion equations; nonlinear equations; delayed differential equation; navier–stokes equations; navier stokes equations; reaction-diffusion equation; ordinary differential equation; differential equations; time-dependent reaction-diffusion taxis equations; nonlinear diffusion‑absorption equation; partial differential equations; nonlinear differential equations; maxwell's equations; fractional-order logistic equation; laplace equation; nmr advection-diffusion equation; advection-diffusion equation; ordinary differential equations; monodomain equation"
"857","127","visibility algorithm; capability approach; performance reflection; performance frontiers; feature splicing; battery life; offline status; behaviour modelling; modality imbalance; gender detection; capability maturity; time standards; phenotyping error; capability model; performance weight; modality imputation; depth importance; pattern causality; value stream mapping; regulation types"
"858","41","citation index; citation relation; online citation network; citation; citation network; redcap; citation analysis; citation screening; document ranking; citation screening automation; article indexing; document search; document retrieval; source domain selection; online information searching; scientific abstract; document embedding; public databases integration; oncology publication mining; document classification"
"859","36","mhealth, mobile applications; mhealth, mobile application; mobile phone, social media; telehealth, telemonitoring; e-learning, simulation technology; mhealth, mobile health; mobile app, self-management; exergames, persuasive technology; mobile phone, smartphone; ehealth, mhealth; mhealth: smartphone; internet, social networking; mobile apps, spanish apps; web application, ehealth; surpass, ehealth; mhealth, tobacco use cessation; mental health, mobile phone; malodor, arabic web-based; e-mental health tools; telemedicine, symptom monitoring"
"860","38","technological innovations; advanced (clinical) technology; advanced technologies; health monitoring technology; medical technology; emerging technology; technical innovations; educational technologies; food technology; medical technologies; technology transfer; vision technology; sensorimotor technology; information technology; music technology; technology integration; technology acceptability; emerging technologies; educational technology; information and technology"
"861","17","heterogeneous treatment analysis; bayesian subgroup analysis; heterogeneity analysis; meta-regression analysis; fixed-effects analysis; cause effect analysis; subgroup analysis; subgroup heterogeneity; combined analysis; publication bias; fixed-effects meta-analysis; statistical heterogeneity; rate heterogeneity; effect size; systematic bias; dersimonian and laird; newcastle-ottawa scale"
"862","55","terminology representation; terminology clustering; terminology meta-abstraction network; terminology mapping; medical instance retrieval; knowledge-base integration; complex entity extraction; entity extraction; joint entity and relation extraction; medical classification architecture; terminology standard; language pattern mining; inter-terminology mapping; terminology visualization; terminology standardization; chinese named entity recognition; multilabel text classification; joint entity-relation extraction; clinical entity-attribute relation extraction; terminology abstraction network"
"863","37","systems development; product development; health information system development; secure systems development; information service development; mobile app development; agile software development; website development; enterprise architecture planning; game development; digital tool development; software design requirements; interdisciplinary software development; infrastructure development; regulatory decision support; modular software design; academic product development; lexicon development; quality software development; information technology design and development"
"864","19","health assessment data; primary health care data; mobile health lifestyle data; primary care data; symptom data; physical activity data; historical health data; health data collection; standardized health data; lifestyle data; physical data; mobility data; family health history collection; exposure data; social and behavioral data; lifestyle disease surveillance; self-reported data; personal health information; data characteristics of physical indicators"
"865","42","automated text analysis; automatic video analysis; automated analysis; automatic data processing; automated data processing; automatic analysis; automated data analysis; automatic acoustic analysis; automatic quality analysis; automated speech analysis; automatic voice analysis; segmentation-free analysis; automated feature extraction; automatic data extraction; automatic speech analysis; fully automated analysis; automatic recognition and analysis; automated clinical assessment; automated quality assessment; automated software"
"866","20","r package gwid; r package promor; r package twcom; r package phenocomb; r package htrx; r package robin; r package scannotate; r package pastboon; r package l01segmentation; r package stew; r package speck; r package fast.adonis; r package stacking; r package tidygwas; r implementation glmmtmb; r package development; python package rbatools; r programming; open-source r package sumo; r language"
"867","44","online surveys; text-based surveys; online survey questionnaire; survey questionnaires; mobile phone surveys; personal survey; rapid online surveys; web-based surveys; user surveys; online survey; mobile phone survey; mixed mode surveys; web-based survey; surveys and questionnaire; web-survey; questionnaires and surveys; survey and questionnaires; mail-based surveys; surveys and questionnaires; paper questionnaires"
"868","22","in vitro validation; in-vivo validation; in vivo validation; in silico validation; human consensus-based validation; mass spectrometry validation; in-silico closed-loop validation; rule-based data transformation and validation; experimental validation; prediction and validation; identification and validation; synthetic data evaluation; pre-clinical evaluation; experimental evaluation; performance evaluation and validation; cross-species evaluation; model test and verification; literature-curated validation; orthogonal evaluation of variants; targeted validation"
"869","83","peptide function prediction; peptide prediction; functional site prediction; protein expression prediction; protein model prediction; protein function prediction; protein methylation site prediction; promoter prediction; protein secondary structure prediction; phosphorylation site prediction; protein complex structure prediction; protein structure prediction; succinylation site prediction; rna function prediction; protein-level prediction; rna binding site prediction; protein function predictions; rna 2d structure prediction; globular structure prediction; binding site prediction"
"870","34","knowledge infusion; knowledge redistribution; knowledge validation; knowledge preservation; knowledge aggregation; knowledge translation; clinical knowledge transformation; knowledge reconstruction; knowledge points; knowledge diffusion; clinical knowledge representation; knowledge fusion; knowledge mobilization; knowledge injection; clinical knowledge graphs; clinical knowledge graph; knowledge visualization; knowledge modelling; knowledge summary; knowledge delivery"
"871","50","pers; medic; tech; neural; protenn; asp; prophet regression; predict; saffe; lab; prolog; escher; nanobert; scibert; archives; unext; neuro–; ed; diseasome; journal conversion"
"872","36","exercise test; cardiopulmonary exercise test; treadmill test; pulmonary function test; cardiopulmonary exercise testing; incremental exercise testing; brachial fmd test; lung function tests; pulmonary function tests; stress relaxation test; heart function tests; respiratory function tests; lung function testing; pulmonary function; glucose tolerance test; acute levodopa challenge test; 10-meter walk test; continuous laryngoscopy exercise test; orthostatic challenge; treadmill walking"
"873","104","hierarchical multi-kernel learning; multi-label learning; supervised contrastive learning; self-supervised representation learning; multi-kernel learning; multi-view joint learning; multi-feature learning; self-supervised contrastive learning; network-based learning; multi-label contrastive learning; unsupervised transfer learning; multi-way multi-task learning; dual self-supervised learning; multi-task joint learning; multi-task generative learning; heterogeneous ensemble learning; multi-scale feature learning; dynamic ensemble learning; multi-agent learning; multi-dimensional feature-guided learning"
"874","49","scaled circularity index (sci); plithogenic distance measure (pdm); omu specificity (os); interoperability (iop); signal quality index (sqi); seizure prediction (sp); information gain (ig); master patient index (mpi); aggregated residual visual block (arvb); mean absolute percentage error (mape); lung allocation score (las); median frequency (mf); hypotension prediction index (hpi); disability evaluation (mesh); shapley additive explanation (shap); ai explainability (xai); collagen proportionate area (cpa); tissue activity ratio (tar); degree distribution (dd); motion and noise artifacts (mnas)"
"875","31","data analysis; hi-c data analysis; overtime data analysis; histology data analysis; cmrs data analysis; hts data analysis; statistical data analysis; genetic data analysis; statistics and bioinformatics analysis; flow cytometry and cytof data analysis; cfd analysis; multiway data analysis; cryo-et data analysis; polymer data analysis; clinical data analysis; behavioral data analysis; biomedical data analysis; federated data analysis; electrophysiological data analysis; video and image analysis"
"876","40","data analysis tools; data generation; data programming; data visualization; analysis tools; data interpretation; statistical data interpretation; software analysis and design; synthetic data generation; computational design; data handling; visualization and analysis; algorithm design and analysis; sequencing data management; annotated data generation; and analysis; analysis k-svd algorithm; data visualization and exploration; data analysis, statistical; grant text analysis"
"877","46","cognitive demand; cognitive autonomy; cognitive control; cognitive reasoning; attention switching; behavioral prediction; decision complexity; belief accuracy; deliberative interaction; cognitive effort; mental load; cognitive mapping; cognitive processing; perceptual enhancement; error suppression; decision conflict; cognitive accessibility; dual processing; inhibitory control; dual task cost"
"878","45","pulse rate variability (prv); tonality index (ti); gait index (gi); electro dermal activity (eda); ecg derived respiration (edr); motor unit number estimation (mune); band power (bp); pulse arrival time (pat); high-frequency accelerometer (hfacc); time average wall shear stress (tawss); blood pressure variability (bpv); word error rate (wer); glottal opening instant (goi); glottal closure instant (gci); electric-acoustic conversion ratio (e-acr); power spectral density (psd); audio spectral envelope (ase); baseline wander (bw); quadriceps muscle (qm); respiratory sinus arrhythmia (rsa)"
"879","31","genetic engineering; genetic vectors; gene editing; gene knockout techniques; genetic transduction; protein engineering; gene knockdown techniques; gene vectors; molecular engineering; genetic circuit engineering; metabolic engineering; guide rna design; gene knockout strategies; chemical engineering; transfection; gene editing efficiency; gene targeting; sirna delivery; gene deletion; yeast-two hybrid"
"880","35","cross-modal attention; temporal-channel attention; cross modal attention; spatial-channel attention; temporal attention; attribute-level attention; representation-level attention; cross-modality attention; context-aware attention; dual-path channel attention; sentence-level attention; hierarchical attention; cross modal-attention; region-level attention; dual-stage attention; spatial attention; contextual attention; dual-attention; contrastive attention; global attention"
"881","59","machine learning integration; inference engine; machine learning: modelling; probabilistic modeling algorithm; hybrid automaton; generative artificial intellgience; machine learningdrug response; analytics integration; intelligent classification; interactive management; logic programming; artificial intelligence (ai) integration; network algorithm; machine learning feedback; neural net- works; machine learning - ml; hybrid and fuzzy modelling; intrusion detection mechanism; control systems engineering; intelligent multiple-model"
"882","29","electrocardiogram signal processing; ultrasound signal processing; ecg signal processing; cardiac signal processing; cardiovascular signal processing; eeg signal processing; multichannel ecg processing; multi-channel signal processing; fnirs signal processing; time-domain signal processing; spectral processing; temporal ecg processing; biosignal processing; ecg processing; audio signal processing; photoplethysmographic (ppg) signal processing; raw waveform processing; digital signal processing; multichannel signal compression; sensor data processing"
"883","20","shear wave elastography; global ultrasound elastography; ultrasound elastography; ultrasound velocimetry; speckle vibrometry; real-time tissue elastography; shear wave absolute vibro-elastography; doppler echocardiography; tissue doppler imaging; magnetic resonance elastography; mri elastography; elastography; magnetic resonance velocimetry; transthoracic bioimpedance; ultrasonic doppler; laser-doppler flowmetry; speckle tracking echocardiography; acoustic uroflowmetry; radial endobronchial ultrasonography; transthoracic echocardiography"
"884","37","digital stress; digital place; digital maturity; digital aid; digital opportunity; digital identity; digital payment; digital patient; digital tool; digital cooperation; digital trial; digital trials; digital cohort; digital hospital; digital transition; digital pathway; digital overload; digital native; digital inclusion; digital tv"
"885","29","research consortium; research facilities; nih cloud lab; clean plant program; research infrastructure; autonomous laboratories; health sciences libraries; research and service groups; bioregulatory network; research infrastructures; genomics research support; centerline; preclinical research and development service; bioinformatics core facilities; all of us research program; consulting laboratory; research imaging infrastructure; telepharmaceutical services; laboratories; nih training program"
"886","48","medical data streams; patient-centered data home; health data preprocessing; clinical data warehousing; multi-site data heterogeneity; clinical data warehouses; medical metadata governance; data cards; multi-institutional data annotation; health data stream; educational data mining; epidemiological data mining; clinicoimaging linkage; survey data mining; health care data demand; clinical information retrieval; secondary data usage; data lifecycle management; clinical research query mediation dialog; data disparities"
"887","43","computational frame; computational hemodynamics; computational method; computational subtraction; computational synchronization; computational approximation; computational phenotype; numerical modelling; simulation toolkit; computational deconvolution; computational classification; computational integrity; computational ffr; computational comparison; computational budget; computational evolution; computational phenotypes; mathematical biosciences; computational phantoms; numerical model"
"888","88","provider pairing; telenursing care; cooperation mode; consultation efficiency; help-seeking technology; team-based service demands; skills gap; gamification design; training app; institutional logic; direct feedback alignment; teammapps; message frame tailoring; client drift; training device; workload learning; curriculum mapping; force-call efficiency; knowledge-aided; caregiving app"
"889","46","feature decomposition; feature transformation; feature fusion; feature embedding; feature ensemble; feature mapping; feature smoothing; feature precision; feature weighting; feature reduction; feature separation; feature detection; feature augmentation; feature correlation; feature template; feature complementarity; feature clustering; feature conversion; feature descriptor; feature construction"
"890","47","prediction and classification; classification and prediction; calibration and discrimination; modeling and prediction; pattern recognition and classification; evaluation and verification; system control and identification; exploration and prediction; clustering and classification; feature analysis and prediction; classification and visualization; causal reasoning and diagnostics; detection and prediction; modeling and recognition; content extraction and recognition; signal analysis and recognition; fall detection and classification; real-time model validation and updating; classification and clustering; detection and tracking"
"891","34","symptom monitoring; biometric monitoring; intake monitoring; bed monitoring; neuromonitoring; adherence dynamics; triglyceride monitoring; transition rates; milestone parameters; multiyear activity tracking; diagnostic support; continuos glucose monitoring; objective symptom monitoring; mental disease monitoring; brain monitoring; neonatal monitoring; packet delivery ratio; hearing aid use patterns; meal-related features; serial interval"
"892","21","mentoring scale; adherence scale; covid-19 screening tool; user engagement scale; knowledge questionnaires; system usability scale (sus); technology adoption and readiness scale; generalized coherence factor; domain index; mbi-hss chinese version; item bank; psycho-acoustic factor; system usability scale; personality inventory; scale factor; german mhealth app usability questionnaire; csq-8; symptom checklist 90; dass-21; chinese version of the pemat-p"
"893","22","research reproducibility; research landscape; research automation; research hotspot; clinical research workforce; clinical research efficiency; clinical research professional; research compatibility; research navigation; research metric; clinical research assistant; research trend; research progress; research trial; clinical research workflow; clinical research operations; research continuum; research hotspots; research errors; research waste"
"894","69","mobility dynamics; dynamic transitions; cooperative extension; long-range dependencies; data-dependent transition system; cooperation mechanism; multiattention mechanism; multi-scale aggregation; structural pathways; entropy generation; long distance dependence; preferential pairing factor; stacking model; dynamic ensemble; inverse rna folding; local ternary pattern; freezing-driven ionic charge imbalance; tail-length dynamics; entropy-driven constraints; sequence-dependent properties"
"895","77","low-shot learning; client-side deployment; end-to-end prediction; few-shot learning; split-learning; collaborative algorithms; unsupervised domain adaption; few-shot classification; bidirectional training; automated reasoning; embedded platform; very large-scale integration; multi-pooling; rapid design; parallel docking; logic-gated; efficient verification; smart plate; one-shot learning; multi-scale pooling"
"896","32","bioinformatics algorithm; bioinformatics research; bioinformatics tool; bioinformatics model; bioinformatics models; bioinformatics advancements; bioinformatics inference; bioinformatics identification; bioinformatics training; bioinformatics tools; bioinformatics resource; bioinformatics ai; bioinformatics service; bioinformatics study; bioinformatics community; bioinformatics reporting; bioinformatics 6; protein bioinformatics visualization; bioinformatics resources; bioinformatics education"
"897","37","fellegi-sunter model; wigner spectrum; douglas-peucker algorithm; martingale process; huffman coding; temberture; stewart-gough platform; wigner-ville distribution; choi-williams distribution; dempster-shafer theory; truncated schatten p-norm; tucker decomposition; de bruijn graphs; halbach array; cipros checklist; harris hawk algorithm; harris hawks algorithm; macbert pre-training model; ardenml; benders’ decomposition"
"898","52","health care quality assurance; citizen healthcare; health information adoption; marketing of health services; health information technology adoption; safety net providers; sustainable tourism; quality assurance/health care; contingency management; ai in health care; large-scale health service; management in health; healthcare information adoption; health care technology adoption; sustainable health care; evidence-based health policy making; healthcare efficiency; innovation policy; evidence-based healthcare management; responsible innovation in health"
"899","36","data management systems; data management system; decision support systems management; vaccine management system; management information system; management information systems; systems management; management system; research management system; system management; data management tool; data management plan; it service management; management software; information system  support; data management platform; patient registry software system; mhealth management; practice management software; workflow management"
"900","49","joint matrix factorization; probabilistic matrix factorization; non-negative matrix tri-factorization; matrix factorization; three-matrix factorization; tensor factorization; non-negative matrix factorization; semi-nonnegative matrix factorization; deep collective matrix factorization; matrix/tensor factorization; probabilistic matrix tri-factorization; sparse non-negative matrix factorization; constrained multi-view nonnegative matrix factorization; non-negative matrix factorisation; nonnegative tensor factorization; non-negative tensor factorization; orthogonal non-negative matrix factorization; nonnegative matrix factorization; deep non-negative matrix factorization; coupled matrix decomposition"
"901","46","automated identification; automated delineation; automatic delineation; automated detection; automatic detection; automated annotation; automated inference; automatic construction; automated algorithm; fully automated; automated calibration; automatic correspondence; automatic seeding; automated decisions; auto-delineation; automatic method; automatic structuring; automated mapping; manual gating; automated gating"
"902","73","collocation coefficient; fitspiration; local rigid; streaming potential; hyper- bolic space; rhetorical situation; flux modes; control principles; additive stages; human flow experience; tunable segmentation; high-order cumulant; mpa model; junction exponent; confined compression; pump state classification; multi-scale group agent attention; energy feature; predicitive modelling; ingredient recognition"
"903","54","mobile social media; social media networks; social media platforms; mobile social network; social media marketing; social media platform; web surfing; social network site; social media; twitter messaging; internet media; social medium; online social media; social media campaign; twitter; health care social media; visual social networks; twitter social network; social media surveillance; pervasive media"
"904","30","clinician-engaged research; community engaged research; stakeholder-engaged research; collaborative research; transdisciplinary science; patient and community engaged research; decentralized research; collaboration in research; participant-centered research; interdisciplinary team science; participant-led research; cooperative inquiry; academic collaboration; data-intelligence-intensive research; transdisciplinary network; collaborative analytics; cooperative work; research–operations partnerships; multi-center collaborative research; solution-oriented research"
"905","34","protein binding microarray (pbm); high-throughput screening (hts); single-cell mass cytometry (cytof); ligand-based virtual screening (lbvs); structure-based virtual screening (sbvs); region-based cell sorting (resort; recurrence quantification analysis (rqa); proteolysis targeting chimera (protac); liquid–liquid phase separation (llps); single-cell rna sequencing (scrna-seq); third-generation sequencing (tgs); gold-linked electrochemical immunoassay (gleia); reduced representation bisulfite sequencing (rrbs); metagenomic high-throughput chromosomal conformation capture (metahic); multiplex fluorescent in situ hybridization (m-fish); quantitative structure–activity relationship (qsar); liquid chromatography-mass spectrometry (lc-ms); surface-enhanced raman spectrum (sers); next-generation sequencing (ngs); atomic force microscopy (afm)"
"906","33","computational disease models; mathematical models; dynamic prediction models; diagnostic models; biological models; integrated models; personalized models; neurological models; personalized learning models; disease-specific models; machine learning–driven risk models; infectious disease models; local predictive models; epidemiological models; cancer prediction models; computational predictive models; mechanistic logic-based models; programmable cell growth models; patient-specific models; detailed clinical models"
"907","35","mean adjustment; average pooling; sdoh; mean vector test; statistically equivalent signature; meangs; weighted total variation minimization; negative correlation learning; post-hoc interpretability; generalized category discovery; post-hoc explanation technique; homoscedastic uncertainty; weighted micrornas; mean percentile ranking; global normalised cam; pseudo label-wise attention; non-negative deconvolution; statistical region merging; mean teacher; p-value combination"
"908","27","wilcoxon signed-ranks test; rank-sum test; wilcoxon test; mann-whitney test; t-test; kruskal-wallis test; wilcoxon rank-sum tests; friedman test; mann-whitney rank tests; kolmogorov–smirnov test; t test; nonparametric tests; student's t-test; mann–whitney u-test; non-parametric test; fisher's exact test; modified fisher's exact test; omnibus test; statistical χ2 test; nonparametric anova"
"909","31","health professions training; academic placement; health informatics curriculum; bioinformatics education and training; continuing education learning; mentoring skills; communication partner training; molecular pre-training; medical didactics; faculty mentoring; entrepreneurial training; undergraduate research experiences; career progression; research education & training; continuous professional development; internship and residency; health informatics competencies; internship; medical vision-language pre-training; anatomy pedagogy"
"910","35","distant transfer learning; recognition pattern; preference learning; behavioral inclination; spaced learning; learning paradigm; cross-lingual transfer learning; conditioning strategy; memory specificity training; domain adaptation learning; generalization challenge; transductive transfer learning; bimodal learning; cross-subject transfer learning; fatigue recognition; behavioral feature; discriminative egion localization; transfer learning to mrna localization; task specificity; adaptive background"
"911","29","3d navigation guidance; 3d navigation; augmented reality navigation; optical surgical navigation; surgical navigation; robot-assisted navigation; neuronavigation; image-guided; imaging-guided surgical navigation; virtual coiling; robotic bone drilling; robotic biomanipulation; ultrasound image guidance; virtual surgical planning; image-guidance; navigated bronchoscopy; image guidance; robotic arm; virtual resection; virtual dissection"
"912","39","dashboarding; keyboard design; interactive advice; virtual training tool; prototyping; dashboard design; dashboard; onboard training; onboarding; keyboard typing; hand skateboard; logging application; message format; dialog system; alert presentation method; backcasting; visual dialogue interaction; 2-way texting; game elements; agile design"
"913","129","inpainting; damnet; star operation; qubo formulation; smart contract; levy operator; real age; smart ward; parallel corpus; opensim; outings; smart mirror; alphafold db; embedded vision; chatgpt summaries; fuzzy topsis; ai education; ai tool; mobile fotonovelas; omnichannel engagement"
"914","40","respiratory disease classification; colon disease classification; complex disease classification; disease classification; seizure classification; diabetes classification; ailment classification; pediatric pneumonia classification; activity classification; brain disease classification; malaria disease classification; thorax disease classification; eye disease classification; wheeze classification; thoracic disease classification; patient subtyping; parkinson’s disease classification; mental state classification; neonatal pain classification; disease reporting"
"915","33","optical flow estimation; opm-meg; electrical impedance tomography; optical voltage mapping; electrophysiology simulation; electrical parameters measurement; electromechanical wave imaging; impedance compensation; extracellular recording; photon counting detector ct; photon counting ct; magnetic field measurement; galvano-magnetostimulation; diffusion; magnetic application; neural recording; photon-counting ct; deuterium exchange measurement; recording configuration; hematology impedance histogram signals"
"916","43","transitivity analysis; temporal-dependency complexity analysis; entropy analysis; periodicity analysis; complexity analysis; multiscale entropy analysis; burst family analysis; directed coupling analysis; direct coupling analysis; global stability analysis; multiscale multifractal analysis; differential variability analysis; sequential feature analysis; dynamical analysis; subject-scale analysis; tensor spectrum singularity analysis; singular spectrum analysis; flux variability analysis; elementary flux mode analysis; fractal analysis"
"917","11","cross mutual information; mutual information; delayed mutual information; pointwise mutual information; spatial mutual information; mutual semantic information; conditional mutual information; time-delayed mutual information; normalized pointwise mutual information; fuzzy mutual information; mutual nearest neighbor"
"918","72","parameter screening; change point detection; testing algorithm; vitals measurement; biomarker estimation; concordance factors; feature assessment; parameter profiling; parameter detection; patient trajectory modelling; parameters; temporal phenotyping; score prediction; activity evaluation; classification rate; clinical score estimation; algorithm interpretation; response prediction; interventional analysis; surrogate modelling"
"919","56","healthcare ecosystem; primary care informatics; health care avoidance; mental health informatics; health ai; health and welfare technology; health care ai; technological health divide; health care ecosystem; consumer health vocabulary; services coding; healthcare ai; healthcare it; health care organization modeling; medical graph; clinical climate informatics; healthcare prediction; healthcare simulation; healthcare iot; medical ai taxonomy"
"920","40","delirium prediction; icu mortality prediction; readmission risk prediction; frailty prediction; fracture risk prediction; sepsis mortality prediction; hiv risk prediction; fall risk prediction; icu risk of death prediction; stroke prediction; stroke risk prediction; suicide risk prediction; mortality prediction; 30-day mortality prediction; type-2 diabetes comorbidity risk prediction; aki prediction; icu readmission prediction; acute organ failure prediction; adherence prediction; early prediction eskd model"
"921","58","performance-based; mlp-based; density-based; model-based; machine-driven; transformer-based; boundary-based; network-based; sensor-based; corner-based; camera-based; structure-preserving; boundary-aware; user-driven; optimization-free; event-aware; pattern-based; model-free; hybrid-based; technology-based"
"922","42","decision-centered design; stakeholder-centered design; decision centered design; patient-centered design; human centered design; human centred design; participatory design approach; human-centred design; ehealth intervention design; evidence-based, user-centered design approach; culturally informed design; participatory design; user-centered intervention design; user-centred design; participatory design processes; person-based approach; participatory design workshop; decision-making approaches; sociotechnical design; community-engaged design"
"923","74","umap; pblv; sc2dat; hmmr; cplex; eclaim; hqsar; pytorch; bionlp; lightgbm; i2b2; q-qrofs; wsi; iedb; ginmapper; bridge2ai; infosage; chatgpt 3.5; mitdb; ontokbcf"
"924","8","mice, inbred c57bl; mice, inbred nod; mice, transgenic; mice, inbred dba; mice, knockout; mice, inbred strains; plants, genetically modified; microsomes, liver"
"925","38","medication calculations; medication directions; medication mapping; drug-side effect frequencies; medication extraction; medication combination recommendation; medication app; medication combination prediction; warfarin dose prediction; tcm formula classification; drug information extraction; prescription extraction; regimen recommendation; qeppi; herbal combination model; drug features; mirtazapine abuse; steroid aptamers; use status; led therapy control"
"926","18","cest mri; magnetic resonance spectroscopy; mr spectroscopy; diffusion-relaxometry; superparamagnetic relaxometry; high resolution magnetic resonance; proton magnetic resonance spectroscopy; proton mrs; cest analysis; nuclear magnetic resonance; magnetic resonance; mr relaxometry; magnetic resonance radiomics; magnetization transfer ratio; wrist pulse acquisition; mag- netic resonance imaging; cardiovascular magnetic resonance; doubly labeled water"
"927","51","fuzzy logic algorithm; fuzzy system; fuzzy logic control; neuro-fuzzy system; fuzzy logic; fuzzy systems; fuzzy expert system; fuzzy inference systems; fuzzy logic controller; fuzzy analytic hierarchy process; fuzzy rule-based system; fuzzy control; fuzzy modeling; fuzzy rules; fuzzy inference system; adaptive neuro-fuzzy inference system; fuzzy classifier; fuzzy rule-based systems; fuzzy temporal logic; fuzzy logic systems"
"928","14","locally adaptive thresholding; region-adaptive thresholding; local adaptive thresholding; adaptive thresholding; iterative thresholding; multi-level thresholding; adaptive thresholding technique; ckmeans-based clustered thresholding; multi-level thresholding segmentation; wavelet thresholding; otsu thresholding; adaptive sequence similarity thresholds; adaptive intensity threshold; otsu’s method"
"929","16","3d camera; depth-camera; depth camera; rgbd camera; rgb-d camera; 3d depth camera; rgb camera; ir-camera; depth camera system; optical camera; digital camera; camera snapshot image; rgb-d cameras; tof camera; smart phone camera; microsoft kinect camera"
"930","38","medical image restoration; medical image standardization; medical image detection; medical image transformation; medical image watermarking; medical image annotation; medical image generation; medical image fusion; medical image representation; medical image translation; medical image compression; image fusion; medical image retrieval; medical image identification; medical image classification; medical image processing; medical images segmentation; medical image interpretation; image modeling; medical image artifacts"
"931","25","bone scaffolds; bone scaffold; tissue scaffolds; electrospun scaffolds; hydrogel-based scaffolds; 3d-printed scaffold; bone substitutes; engineered heart tissue; scaffold tissue; bone tissue engineering; coupling scaffold-bone system; engineered protein scaffolds; scaffold degradation; bone allografts; bone regeneration; bone reconstruction materials; polyacrylamide hydrogel; artificial tissue; cardiac tissue engineering; scaffold fabrication"
"932","34","data quality assessment; data quality criteria; quality evaluation; graph quality evaluation; app quality assessment; data quality; data quality methods; quality measure development; statistical quality control; quality measurement; quality checking; datafication; imputation quality assessment; model quality assessment; quality measure testing; data fidelity; data completeness; quality assessment (qa); data quality control; key performance indicator"
"933","72","informatics; web; research; communications; electronics; societies; mobile; international; pediatrics; http; discovery; communication; translation; google; internet; utah; resources; chile; archive; genetics"
"934","54","service discovery; service science; enbed foundation model; diy research tool; medical ai governance; ehds; research platform; dms policy; research unit network; ai for science; gmms; medical parallel corpus; research units network; research opportunity index; aami standard; iscb diversity initiatives; research professionals network; medical education, neurophobia; facility; msk-impact panel"
"935","71","multi -channel cnn; multi-channel cnn; multi-representation fusion; multi-source unsupervised domain adaptation; multi-scale adaptive fusion attention; scale-adaptive channel attention module; robust feature-extraction augmentation; local information augmentation; multi-scale cnn; multimodal transformer network; object detection network; deep mixed-scale convolution; multi view learning; comprehensive hybrid dilated convolution; taxonomy-aware feature engineering; deformation-aware metric design; patch-based label fusion; multiple kernels learning; deep multiscale supervision; multi-modal information fusion"
"936","23","northern malawi; french polynesia; sub-sahara africa; south sudan; northern territory; malay; northern california; yemen; northern uganda; northwest ethiopia; cote d'ivoire; mali; north norfolk; south korean; northern europe; lombardy region; harari region; northern ireland; north korean refugees; arctic regions"
"937","44","eeg classification; eeg generation; electroencephalogram classification; eeg signals diagnosis; eeg quantification; eeg decoding; eeg embedding; eeg signal; electroencephalo-gram; electroencephalo- gram; semg signals; electroencephalography signals; mi-eeg; video-eeg monitoring; electroencephalography signal; electroencephalogram signal; electroencephalography –; electroencephalogram signals; eeg monitoring; bte-eeg"
"938","59","generative models; sequential generative model; generative language model; generative model; generative language models; probabilistic graph model; generative large language models; deep generative model; hidden markov models; coupled hidden markov models; hidden markov model; generative modelling; generative large language model; probabilistic generative model; diffusion-based generative models; hidden semi-markov model; state space models; graph generative model; network models; deep generative models"
"939","47","dynamic treatment regime; adaptive therapy; augmented therapy; dynamic treatment regimen; chronotherapy; personalization; self-titration; medication delivery system; flexible care; backpropagation; adaptive treatment; therapy personalization; patch-based; adaptive treatments; pulsatile stimulation; steroids; abductive approach; auriculotherapy; tobacco treatment; ventilators"
"940","25","medical records system; computerized medical records system; computerized medical records systems; medical record system; medical records systems; computerized medical record system; computerized medical record systems; medical data systems; medical record systems; medical registration system; medical information retrieval; medical data standardization; medical data processing; computerized medical record; medical data sets; computerized records; medical information sources; medical record systems, computerized; medical data classification; medical records systems, computerized"
"941","43","questionnaire design; survey design; epidemiologic research design; survey design methodology; survey methodology; clinical research design; survey methods; embedded mixed-methods study design; longitudinal design; quasi-experimental design; patients centered design; self-controlled study design; trial design; randomized clinical trial design; design; research method; sampling methods; case-cohort design; experience sampling method; secondary research use"
"942","52","sentiment evolution; medical dialog generation; learning ecosystem; sentiment polarity; context driven; loyalty cohort; temporal leadership; social context dependency; social sensor; dialogue script; deliberation preference; place identity; commitment language; dialog generation; discourse markers; multifaceted trust; constituency tree; social milieux; spoken dialogue systems; victim modelling"
"943","56","multi-label prediction; location-based context prediction; cross-prediction; gene expression prediction model; network-based inference; pan-specific prediction model; sequence-agnostic model; machine-learned disambiguation; proteomics-guided modeling; genome-scale rba models; data-driven parameterization; constraint-based metabolic models; omics-based activity inference; ncrna network modeling; large-scale pre-trained model; multi-class prediction; deep learning-based psqa; topology-informed ppi modeling; multi-annotation strategy; genome-scale model reconstruction"
"944","36","high-sensitivity detection; automated screening; real-time stress detection; non-invasive disease detection; real-time polyp detection; sensor-based activity recognition; high-precision pcr; subtype-specific marker detection; rapid multiplexed biomarker-based screening; real-time analytics; two-stage detection; smartphone-based sensing; rapid detection; sensor based activity recognition; real-time detection; real-time assessment; multi-point injection; multiplex community detection; multi-modal sequencing; sensor-based measurement"
"945","30","reverse mapping approach; reverse engineering approach; gene silencing efficacy; reverse-engineering method; spatial transcriptomics technology; high-throughput; living lab approach; genomic tracing; multi-scale approach; reverse genetics; subtractive genomics; single-cell 3d genomics; gene elimination; knockdown experiment; optical genome mapping; lineage tracing; ribosome profiling analysis method; high throughput; reverse engineering; hybrid approaches"
"946","78","hybrid optimization algorithm; butterfly optimization algorithm; whale optimization algorithm; coati optimization algorithm; hiking algorithm; armadillo optimization algorithm; rime optimization algorithm; improved chimp optimization algorithm; super learner algorithm; ensemble algorithm; binary whale optimization algorithm; crayfish optimization algorithm; anubix algorithm; degree learning algorithm; cuckoo optimization algorithm; detail preserving algorithm; memetic algorithm; self-memory algorithm; iterative algorithm; optimization algorithm"
"947","23","smoking cessation program; lifestyle modification; lifestyle intervention; smoking cessation intervention; lifestyle interventions; lifestyle management; smoking intervention; smoking cessation counseling; smoking prevention; lifestyle change; personalized lifestyle recommendation; tobacco use cessation; behavior modification; symptom management; preventive intervention; physical activity intensity; sedentary behaviors; personal preventive measures; medication compliance; sedentary behavior"
"948","93","gnr; beacon v; datamart; iclip; lidc; e-resnet; ecpick; scdrake; kmtricks; teleteaching; spectrocvt-net; colabfold; pbrtqc; cdst; provcare ontology; hybrid resunet; openannotater; isfet; telehome monitoring; epma"
"949","32","graph representation; graph layout; graph representations; vector representation; volume tree representation; labeled graphlets; low dimensional representation; network diagrams; vector representations; graph summarization; graph generation; point cloud structures; double multi-view graphs; molecular graph generation; graph measures; ontological representation; dataflow diagram; graph information; distributional representation; two-tree-like diagrams"
"950","3","ceftriaxone resistance; cefuroxime resistance; multidrug resistance"
"951","27","dual-sampling; multiple sampling; cross-over; random oversampling; high-frequency sampling; oversampling; case-based; cross-site visit; random number generation; sampling; over-sampling technique; re-sampling; random under-sampling; random number generator; cross-scale; decentralized study; case–control design; cluster-based sampling; passive data collection; quasi-identifiers"
"952","48","atrous convolutions; asymmetric convolutions; temporal convolutions; kernelized correlation filters; dilated convolutions; curvelet transform; laplacian edge detector; wavelets decomposition; wavelet packets; dynamic convolutions; wavelets transform; cosine kernel; s-transform convolution kernel; separable convolutions; parallel convolutions; stacked dilated convolutions; volumetric laplacian operator; circular hough transform; 3d wavelets; laplace transforms"
"953","46","medical internet of things (miot); internet of medical things(iomt); internet of medical things (iomt); health information exchange (hie); smart body area network (smartban); digital health application (diha/diga); healthcare information exchange (hie); internet of bio-nano things (iobnt); cross-enterprise document sharing (xds) for imaging (xds-i); digital health interventions text analytics (dhita); danp (dematel-based anp); google cloud platform (gcp); european health data space (ehds); open data kit (odk); smart connected health system (schs); high performance analytic appliance (hana); quantum bigru (qbigru); innovation corps (i-corps); miot (medical internet of things); medical device radiocommunication (medradio)"
"954","41","digital x-ray; x-ray radiograph; x-ray; panoramic radiograph; periapical radiography; bitewing radiographs; skeletal radiograph; x-ray radiography; pelvic radiograph; two-view radiographs; pediatric radiograph; cervical vertebral x-rays; dental bitewing radiograph; radiographic images; mammogram; pelvis radiographs; hip radiograph; dental radiographic images; dental orthopantomogram; 2d bi-planar radiographs"
"955","41","diffusion-weighted magnetic resonance imaging; susceptibility-weighted imaging; diffusion-weighted imaging; diffusion weighted imaging; susceptibility tensor imaging; diffusion magnetic resonance imaging; diffusion tensor imaging; susceptibility weighted imaging; diffusion imaging; magnetic resonance imaging; multi-parametric magnetic resonance imaging; perfusion magnetic resonance imaging; time-dependent diffusion magnetic resonance imaging; diffusion mri; multi-dimensional magnetic resonance imaging; t1-weighted magnetic resonance imaging; structural magnetic resonance image; brain magnetic resonance imaging; magnetic-resonance imaging; mri imaging"
"956","40","angle measurement; distance measurement; functional size measurement; displacement measurement; circumference measurements; noninvasive measurements; thickness measurement; motion measurement; doppler measurement; pulse measurements; knee joint measurement; ultrasound image quality assessment; concavity measurement; blood flow measurement; noncontact measurement; physiological measurements; noninvasive measurement; automated measurement; reproducibility measurement; pelvic floor measurements"
"957","34","shiny web application; web-based shiny application; shiny-based web application; web-application; synbioexplorer welly web application; r-based web application; real-time web application; interactive web application; flask web application; javascript web application; progressive web applications; r-shiny web application; python-based application; web tool; interactive web-based application; bioinformatics web app; web tools; interactive web applications; shiny/r web application; django-based web applications"
"958","15","numerical rating scale; rating scale; discomfort rating scale; visual analog scale; rating scales; visual analogue scale; pain scale; subjective scales; braden scale; constant-murley scale; mobile app rating scale; ordinal scales; electronic visual analog scale; fitzpatrick skin scale; oxford grading scale"
"959","41","content-based medical image processing; content-based medical image retrieval; content-based image retrieval; content based medical image retrieval; fine-grained medical image recognition; anatomically aware medical image recognition; multi-label image recognition; texture based image retrieval; content-based medical image querying; content based image retrieval; biomedical multitasking; biomedical text processing; biomedical object segmentation; cross-domain medical image generation; medical image-text joint training; automated medical entity recognition; biomedical image classification; medical text processing; multi-label chest x-ray image classification; biological image classification"
"960","11","database construction; database generalization; database comparisons; database submission; database dependencies; database deployment; database integration; database reliability; database management; database study; database development"
"961","31","multiscale brownian dynamics; discrete molecular dynamics; dissipative particle dynamics; coarse-grained molecular dynamics; computational fluid-particle dynamics; fluid flow dynamics; fluid dynamics; hamiltonian monte carlo; computational fluid particle dynamics; lattice boltzmann method; langevin dynamics; brownian dynamics; computational fluid dynamic; quantum annealing algorithm; computational fluid dynamics; restricted boltzmann machines; image-based computational fluid dynamics; unbiased molecular dynamics; non-newtonian simulations; one-dimensional fluid mechanics"
"962","18","body-weight trajectory; food intake detection; food intake recognition; food volume estimation; food-intake monitoring; food intake episode; energy expenditure estimation; food intake monitoring; meal detection; diet tracking; meal size estimation; body composition inference; drinking task; preference exploration; platform trials; testing behavior; behavior quantification; weight freezing"
"963","43","medical decision support; computer-based decision support; computerized decision support; diagnostic decision support; computer decision support; computerised decision support; multi-patient clinical decision support; clinical-decision support; clinician decision support; rule-based clinical decision support; patient decision support; clinical decision-support; computer-aided medical decision support; automated decision support; patient-centered clinical decision support; clinical diagnostic decision support; computerized clinical decision support; patient decision aid; secure clinical decision support; decision-support"
"964","23","report; reports; report usefulness; disclosure benefit; statistical disclosure limitation; report labeling; report errors; public reporting; radiology reporting; report generation; electronic occurrence reporting; clinical reporting; genomic reporting; secret disclosure; data disclosure control; statistical disclosure control; data dissemination, disclosure risk; version; genetic report; public disclosure"
"965","36","constrained optimization; stochastic constrained optimization; adaptive optimization; constrained multi-objective optimization; constrained multiobjective optimization; model-free optimization; multiobjective optimization; adjoint optimization; group sparse optimization; nonlinear optimization; convex optimization; sparse optimization; multimodal multiobjective optimization; parallel alternating iterative optimization; global optimization; non-smooth optimization; meta-heuristic optimization; mixed-integer optimization; multi-objective optimization; multimodal multi-objective optimization"
"966","46","resnets; resnet50; isic challenge; resnet101; neuroevolution; resnet18dnn; mutil-attribute; resnet network; res-fct; resnet152; cyberinfrastructure; cellchat; xception-resnet50; resnet-101; mbc pathnet; res2net; resnet-18; infection science; mutli-attention; social radiology"
"967","42","phase separation; protein phase separation; cell separation; thermal degradation; multiple degradation; liquid-liquid phase separation; nucleic acid denaturation; liquid–liquid phase separation; droplet evaporation; small sample processing; parasite development; fusion process; rna degradation; biodegradation; cell-free dna fragmentation; water diffusion; decarbonization; chromatography; hygroscopic growth; dna fragmentation"
"968","28","noise filtering; noise detection; noise suppression; noise artifacts; noise cancellation; signal and noise separation; noise classification; noise cancelling; dropout noise; clutter filtering; speckle noise; electrode movement noise; camera quantization noise; label-noise; gaussian filtering; additive noise and convolutional distortion; baseline wander noise; impulsive noise; data drifts; impulse noise"
"969","24","large-scale electronic health records; public reporting of health care data; use of electronic health data; electronic health records/statistics and numerical data; public reporting of healthcare data; randomized controlled trials as topic, patient-generated health data; multimodal health data; medical registries; reuse of electronic health records; electronic immunization registries; de-identification, anonymization, electronic health records; multicenter medical data; large national data; encrypted medical data; duplicated electronic health records; temporal electronic health records; population-based patient registries; associations in clinical data; medical records systems, computerized/standards; large-scale electronic health records dataset"
"970","33","assay optimization; process optimization; design optimization; bioprocess optimization; process optimisation; battery optimization; system optimization; storage optimization; buffer condition optimization; antibody optimization; mobile phase optimization; optimization design; enzyme optimization; large-batch optimization; process automation; sequence optimization; combination optimization; energy optimization; screening optimization; cost optimization"
"971","34","micro-array data; count data; dynamic data; panel data analysis; drug sensitivity data; imaging and non-imaging data; scan statistics; log data; genotype-phenotype data; tumor gene expressive data; quantitative data; ultrasound data; multiple data; drug combination data; life-log data; volumetric data; brain data; graph data; data correction; mri data"
"972","65","pixel-level mixing; silhouette orientation volume; deep image prior; sub 2-d convolution; projection operator; image-level label; plane localization; high-level residual shape prior; atrous spatial pyramid pooling; 3d region growing; horizontal visibility algorithm; co-reference resolution; mesh partition; 2-d convolution; matching point interpolation; frequency-space enhanced; landmarks detection; pixel-wise supervision; three-dimensional geometry matching; 2d-slice-based segmentation propagation"
"973","16","waist circumference; calf circumference; waist-hip ratio; heel height; adiposity; abdomen circumference; abdominal adipose tissue; glucose intolerance; sensewear armband; glycated hemoglobin; adipose tissue quantification; neonates’ anthropometric profiles; glycated haemoglobin; food expenditure; head circumference; bone age"
"974","28","electroencephalogram (eeg); electroencephalogram(eeg); electroencephalograph (eeg); electro-encephalogram (eeg); electroencephalography (eeg); electroencephalography(eeg); electroencephalographic (eeg); electroencephalography (ecg); intracranial eeg records (ieeg); surface electromyography (semg); surface electromyography(semg); gyrocardiography (gcg); surface electromyogram (semg); single-channel electroencephalogram (eeg); capacitive ecg (cecg); multi-channel facial electromyogram (femg); scalp electroencephalography (eeg); surface emg (semg); phonocardiographic signal (pcg); resting-state eeg (reeg)"
"975","59","implementation adaptation; implementation facilitation; implementation cascade; engagement optimization; collaboration outcomes; implementation intentions; hie implementation; feedback messages; implementation intention; implementation; hit implementation; information dissemination effect; process indicator; curriculum transfer strategy; implementation trial; network readiness; practice analysis; innovation diffusion; feedback intervention; implementation practice"
"976","40","electronic health records data; emr data; linked data; biomedical linked data; electronic health record data; personal health data; spontaneous reporting data; healthcare systems data; mortality data; discrete medical volume data; hospital data; clinical and administrative data; ehr data; administrative health data; health and biomedical data; clinical data mining; centralized clinical data; unstructured clinical data; registry data; large-scale clinical data"
"977","30","tissue data deconvolution; group method data handling; data standard; sensor data exploration; static and dynamic data augmentation; biomechanical data augmentation; data and feature diversity; longitudinal data clustering; temporal data prediction; clinical data augmentation; preictal data duration; regional data commons; panel data approach; ecg data augmentation; similar patient affinity graph; training data heterogeneity; esm-1b performance comparison; data and model heterogeneity; metaprogramming; cell count accuracy"
"978","7","bilateral filtering; bilateral filter; bilateral information; joint bilateral filtering; visual field clustering; bilateral analysis; optic pathway glioma"
"979","31","matching uncertainty; uncertainty calibration; uncertainty sampling; prediction uncertainty; uncertainty quantification; uncertainty matching; bulk-reference variability; sampling uncertainty; combined uncertainty; calibration weighting; personalized uncertainty quantification; predictive uncertainty; geometric calibration; model transportability; measurement uncertainty; edge uncertainty quantification; uncertainty propagation; calibration weights; structural uncertainty; coverage uniformity"
"980","29","blending method; blending technique; stacking technique; water-immersion technique; re-sampling technique; balint technique; anti-jamming strategy; autoexperimentation; dematel technique; molpatch method; needle-free injection; nonanimal methods; drug loading; cross-modal amalgamation; single needle insertion; sterile processing; tissue preservation; inhaler technique; anti-crystallization; homogenization technique"
"981","46","semantic representation; semantic encoding; semantic retrieval; contextual feature integration; meta-path semantic encoding; semantic integration; semantic information retrieval; linguistic representation; semantic categorization; event-driven processing; face semantic segmentation; semantic enhancement; semantic contrastive learning; feature integration; temporal semantics; emotional semantic information; context disambiguation; complex event processing; implicit image representation; context-aware knowledge retrieval"
"982","66","distribution-based model; multi-state model; multi-attribute model; multi-state models; hybrid decomposition model; cluster-to-cluster model; multi-class model; multi-dimensional hybrid model; score-based diffusion models; similarity-based variational model; multi-scale model; transformer-based models; multi-task modeling; score-based diffusion model; transformer-based model; multiattribute models; state-space models; sequential models; hybrid models; adaptive models"
"983","41","lyapunov exponents; singularity exponents; coherent plane-wave compounding; second order moments; superharmonics; high order statistics; high-order statistics; higher-order moments; local phase quantization; largest lyapunov exponents; polynomial chaos expansions; intrinsic mode functions; phase singularity; quadratic phase coupling; solitons; statistical shape spaces; harmonic waves; harmonics; internal magnetostatic multipole moments; non-circular orbits"
"984","37","generalized least squares; generalized moving least squares approximation; partial least squares; root mean square; general linear combination; generalized estimation equation; generalized method of moments; generalized pivotal statistic; generalized cross-correlation; best linear unbiased prediction; least squares; root mean square deviation; generalized method of the moments; non-negative least squares; penalized generalized estimating equations; generalized estimating equations; mean square error; generalised covariance measure; root mean square error of approximation; generalized confidence interval"
"985","26","reaction; neutralisation reaction; transformations; reactions; polar transformation; inductive coupling; meta-synthesis; acylation; cross-conversion; reduced scheme; fusion scheme; inner product; carbonylation; transition path; affordance; g(4)s(3) linker; atomization; 2,5 dimethyl 1-h pyrrole; bath stirring; polyether ether ketone"
"986","37","black-box domain adaptation (bbda); tea/atts domain; tf-idf; motifbreakr; human-in-the-loop llm interaction for annotation (hllia); secretion-signal map; s-box; n-to-1 kinase dependency; largest hydrophobic patch (lhp; short linear motifs (slims); zinc finger nuclease; allosteric site-forming residues (afrs); domain fusion; sorting signals; sars-cov-2 plpro; receptor binding domain (rbd); tf–idf; domain class; macro domain; specificity-determining position (sdp)"
"987","32","interactive features; interactive dashboard; interactive game; interactive system; interactive website; interactive information; integrated display; interactive technologies; live interactive; interactive environment; interactive platform; interactive design; interactive charts; interactive visualization; visualization dashboard; interactive feedback; interactive map; interactive search; dashboard analysis; web-based dashboard"
"988","66","entity normalization; entity linking; phenotype concept recognition; disease name recognition; drug name detection; entity detection; medical entity normalization; disease name corpus; named entity linking; named entity recogniser aggregation; drug name recognition; terminology diff; entity relation; name  entity normalization; phenotypic concept recognition; ontology evolution; disease name normalization; read-name linkage; terminology expansion; phenotype terminology"
"989","24","phase 1 clinical trial; dose-finding clinical trial; phase iv trials; early-phase clinical trial; phase ii clinical trial; phase ii trials; phase iii trials; clinical studies; repeated-dose clinical trials; in silico clinical trials; in silico clinical trial; in silico-augmented clinical trials; preclinical investigations; safety studies; ai in clinical trial; preclinical therapeutic studies; early feasibility studies; preclinical research; biomarker development; preclinical translational research"
"990","23","video-based assessment; vr-based assessments; performance-based assessment; tablet-based assessment; video-based pain assessment; computerised assessments; computerized assessment; automatic pain assessment; mobile-phone-based assessments; web-based assessment; rapid usability assessment; standardized assessment; landmark based evaluation; validated assessments; naturalistic observation diagnostic assessment; computer-based tests; remote and unsupervised cognitive assessment; objective structured clinical examination; objective video quality assessment; objective and subjective video quality assessment"
"991","11","dental restoration; dental crown restoration; dental porcelain; dental technique; impression formation; digital modeling for tooth preparation; slot filling; tooth movement techniques; prosthetic dentistry; teeth crown; removable implant"
"992","32","sound pressure; acoustic signal; acoustic wave; virtual sound source; joint acoustic emissions; acoustic sensing; sound attenuation; sound environment; acoustic environment; knee acoustic emissions; digital frequency customized relieving sound; biomedical radar; acoustic signals; sound intensity; auditory environments; acoustic stimulation; acoustic shadow; speech sounds; sound spectrography; voice signals"
"993","36","systems modeling language; natural language interaction; natural rule language; natural language processing; natural processing language; natural language description; natural language; web ontology language; language modeling; variant query language; natural language annotation; ontology web language; natural language inference; natural language process; unified modeling language; python programming language; common workflow language; universal exchange language; modelica programming language; open health natural language processing"
"994","33","mhealth application; mobile healthcare application; mobile phone application; smart phone application; mhealth applications; contact tracing mobile application; smartwatch applications; mobile phone applications; health and wellness mobile applications; digital care applications; telemedicine applications; educational gaming application; smartphone eye-tracking application; 3d mobile application; e-health applications; medical informatics application; diabetes self-management applications; e-health application; smartphone applications; health informatics application"
"995","38","consensus model; consensus building; consensus algorithm; consensus network; consensus voting; consensus models; end-member extraction; delphi consensus; delphi process; consensus methods; consensus methodology; consensus-oriented; consensus modelling; consensus prediction; consensus proportion estimation; majority voting; delphi panel; delphi procedure; expert opinion elicitation; formal consensus methods"
"996","29","author name disambiguation; biomedical sense disambiguation; acronym disambiguation; textual summarization; multi-document summarization; extractive summarization; biomedical word sense disambiguation; medical text simplification; language summarization; biomedical abbreviation disambiguation; named entity recognation; full-text mentions; text summarization; disambiguation; textual features; meta-subgraph; feature description; discontinuous named entity recognition; textual description; logical observation identifiers names and codes"
"997","27","rnmpid database; tastepd database; namer database; dta database; uscg database; mit-bih database; source-tracked graph database; anndata-inspired database; openehr archetypes; sqlite database; biomarker database; local reference database; crossref update; graph-based reference database; drug indication database; semmeddb database; ncrs database; dti database; remote database search; cancer information accessibility"
"998","31","network meta-analysis; meta-analysis; network meta-analyses; meta-analyses; phylogenetic meta-analysis; mini meta-analysis; cumulative meta-analysis; model-based meta-analysis; meta-modelling; component network meta-analysis; ipd meta-analysis; meta-meta-analysis; multivariable meta-analysis; sus meta-analysis; rapid meta-analysis; meta-score; meta-model; meta-evaluation; automatic meta-analysis; meta-information"
"999","72","frequency decoding; spatiotemporal embedding; temporal indexing; frequency recognition; frequency-adaptive separation; feature sampling; dual-space perturbation; temporal relation extraction; temporal convolution; spatiotemporal fusion; temporal-spectral feature fusion; frequency separation network; frequency domain learning; spectral learning; cross-modal fusion; cross-slice attention; fractional-order feature; parameter adaptation; spectral-learning; attention-gated u-net"
"1000","25","knee contact force; knee torque; foot acceleration; plantar pressure; ground reaction force; vertical ground reaction force; knee kinematics; force platform; ground reaction forces; gait cycle; foot force platform; force plate; knee joint angle; foot tapping; foot pressure; facet joint force; footstep pressure; foot clearance; body kinematics; handgrip strength"
"1001","17","health information technologies (hit); health information technology (hit); internet-of-things (iot); internet of things (iot); internet of things(iot); information and communication technology (ict); health information-technology (hit); privacy enhanced technologies (pet); digital applications (apps); information and communication technologies (icts); internet of things (iots); consumer health information technology (chit); digital health applications (apps); mobile applications (apps); healthcare internet-of-things (iot); cloud-based electronic health records (ehrs); health information technology (hit) functionalities"
"1002","35","locally linear embedding (lle); random reference classifier (rrc); kernel density estimation (kde); k-nearest neighbour (knn); fuzzy k-nearest neighbor (fqknn); k-nearest neighbor (k-nn); k-nearest neighbor (knn); multi-label classification (mlc); random vector functional link (rvfl); multi-cluster feature selection (mcfs); nearest neighbour approach (nna); k-nearest neighbors (knn); iterative sliding window (isw); adaptive convex region contour (acrc); labeled latent dirichlet allocation (l-lda); non-negative matrix factorization (nmf); median robust extended local binary patterns(mrelbp); expectation maximization (em); supervised lda (slda); nearest neighbor graph (nng)"
"1003","41","rna sequence analysis; structure analysis; protein sequence analysis; sequence analysis; mirna sequence analysis; crystal structure analysis; protein structure analysis; sequencing analysis; sequencing analyses; oligonucleotide array sequence analysis; structural analysis; virus sequence analysis; sequences analysis; structural and conformational analysis; mutational analysis; protein analysis; restriction site-associated dna sequencing; dna mutational analysis; sequence identification; structure conservation analyses"
"1004","31","predictive power; predictive models; prediction ability; prediction models; predictive modelling; predictive modeling; predictive performance; predictive scores; predictive system; predictive model accuracy; prediction model; predictive algorithms; prediction analysis; prediction modeling; predictive accuracy; prediction accuracy; prediction method; predictive potential; prediction algorithm; predictive algorithm"
"1005","13","search strategy; publication search strategy; information search strategy; direct search; electronic search; systematic search; search systems; search strategies; search term identification; search tools; screening scientific articles; search and retrieval; search term recommendation"
"1006","33","coupled finite element method; immersed boundary method; finite volume method; discontinuous galerkin finite element method; finite difference method; discrete element method; galerkin finite element method; stabilized finite element method; composite smeared finite element; finite-element method; embedded element method; lagrangian approach; composite smeared finite elements; coupled eulerian lagrangian method; finite-element; modified newton-raphson method; finite element legendre wavelet galerkin method; semi-analytical finite element method; augmented lagrange multiplier method; finite elements"
"1007","43","virtual patient simulation; virtual simulator; virtual reality simulation; virtual reality simulator; dynamic patient simulation; virtual patient simulator; surgical simulation; patient-specific simulation; simulated reality; medical simulation; musculoskeletal simulation; human simulator; surgical simulator; virtual simulation; haptic simulator; virtual space; ar-based laparoscopic simulator; human visual simulation; augmented reality; vr-based simulator"
"1008","32","continuous wireless monitoring; wireless monitoring; passive remote monitoring; mobile monitoring; user-centric monitoring; telemonitoring; nonintrusive monitoring; passive monitoring; automated surveillance; portable monitoring; remote biometric monitoring; system monitoring; noncontact monitoring; digital remote monitoring; unobtrusive monitoring; fully automated surveillance; sensor-based monitoring; on-site monitoring; ai-driven monitoring; smart monitoring"
"1009","27","encryption; key-based secure embedding; data encryption; encryption and signcryption; secret sharing scheme; deterministic anonymisation; decryption; privacy-preserved; adversarial registration; user authentication; encrypted; k-anonymity; k-anonymization; information-based identity verification; and data encryption; classification and encryption; wireless physical layer security; privacy parameter; locally secure analysis; certificateless scheme"
"1010","20","compression testing; indentation testing; mechanical testing; biaxial tensile test; in vitro biomechanical test; biomechanical tests; fatigue testing; biaxial tensile testing; compressive strength; unit testing; biomechanical evaluation; failure modes; pull-out strength; high-dimensional testing; biaxial load; in-vitro compressive tests; electrical pulp test; wearability; cyclic loading; nanoindentation"
"1011","39","system design; platform design; feature design; sensor design; systems design; hardware design; interface design; technology design; product design; medical technology design; filter design; device design; probe design; user design; solution design; deployment simulation; medical product design; electrode design; user experience design; scaffold design"
"1012","40","ontology completion; ontology construction; ontology engineering; ontology complexity; semantic knowledge management; ontology learning; ontology modeling; ontology mapping; ontology exploration; knowledge reference architecture; metadata integration; structured output prediction; semantic web; ontology placement; association rule mining; class association rule mining; visualization of ontology content; ontology design; abstraction network; semantic web stack"
"1013","19","order-preserving encryption; attribute-based encryption; multi-client searchable encryption; lattice-based encryption; lightweight encryption; selective encryption; chaos-based encryption; commutative encryption; post-quantum encryption; searchable encryption; fully homomorphic encryption; chaos-based image encryption; ciphertext-policy weighted attribute-based encryption; ciphertext-policy attribute-based encryption; ciphertext attribute-based encryption; identity-based cryptography; rubik׳s encryption; privacy-preserving authentication; encryption-then-compression"
"1014","76","transformer-style; telenursing; transformer architectures; transformer network; transformer structure; telegram; machine listening; feature engineer; virtual glove; transformer architecture; e-tracker; nextflow dsl; pointer network; imu configuration; transformer attention; virtual scribe; augmented realitiy; sensor floor; i-dashboard; waveformer"
"1015","34","robust statistics; correlation coefficients; summary statistic; correlation coefficient; statistical confidence estimation; parametric variance; confidence intervals; concordance coefficients; confidence estimation; association measures; standard errors; summary statistics; descriptive statistics; confidence interval; difference-in-differences; nonparametric statistics; inferential statistics; linear estimation; rank correlation; standard measurement error"
"1016","21","redundant information; soft-label information; event constraint information; temporal information; system-generated information; order information; high-order information; discriminative information; prior information; edge information; alternative presentation of math structural information; articulatory information; tactile information; intermediate information; event sequence; wireless channel state information; event information; flow of information; auxiliary information; three-dimensional (3d) information"
"1017","46","high density surface electromyogram; electroencephalography; surface electromyogram; scalp eeg; motor imagery electroencephalography; electroencephalograph; sleep eeg spectrogram; surface electromyograph; scalp electroencephalogram; multichannel surface emg; electroencephalography (eeg) spectrogram; chin electromyography; p300 potentials; gyrocardiogram; cerebellar electroencephalography; surface electromyography; single-channel eeg; electromyography; electrocorticography; surface electromyographic"
"1018","14","automated audiometry; automated speech audiometry; wideband tympanometry; user-operated audiometry; speech audiometry; computerised audiometer; non contact tonometry; tonometry; standard automated perimetry; self-assessment audiometry; sound-based uroflowmetry; aberrometry; applanation tonometry; corvis st tonometer"
"1019","26","spot sign segmentation; bright lesion detector; ground glass opacity segmentation; hyperreflective foci segmentation; dilated connect; hypodensity extraction; retinal fluids segmentation; dense micro-block difference; retinal artefacts extraction; optic papilla segmentation; appearance variation; areds color fundus imagery; hypogen algorithm; capsule densenet++; perihematomal edema segmentation; metachronic wave; dsa-deepfm; nodules; left atrial appendage inversion; isomorphic unet"
"1020","41","dual-path decoder; dual decoder; transformer decoder; parallel attention decoder; multi-dof robot arm control; state encoder; dynamic access control; on-line adaptive control; dual-decoder; adaptive load control; transformer encoder; multi-channel input; pid controllers; nonlinear adaptive control; transformer encoder decoder; crf decoder; control systems; closed-loop control; controllable multi-scroll attractor; multi-discriminator"
"1021","23","gene-based association study; phenome-wide association study; phenome-wide association studies; methylome-wide association studies; transcriptome-wide association study; genetic linkage study; rare variant association study; rare variant genetic association studies; genome wide association study; transcriptome-wide association studies; family-based genetic association studies; microbiome-wide association study; association studies; phenome-wide association analysis; linkage studies; genome-to-genome (g2g) association study; genetic studies; biobank-scale haplotype analysis; genomic variation analysis; genome wide association studies (gwas)"
"1022","37","dynamic evidential networks (dens); vectorial architecture (vsa); bidirectional encoder representations from transformers (bert); kolmogorov-arnold networks (kan); multi-input multi-output (mimo); kolmogorov–arnold networks (kan); extended bidirectional encoder representations from transformers (bert); body area networks (ban); bidirectional long short-term memory (lstm); bidirectional encoder representations from trans formers (bert); graph isomorphism network (gin); multi-scale attention mechanism module (msa); local interpretable model-agnostic explanations (lime); curvature scale space (css); error-correcting-output-coding (ecoc); common spatial patterns (csp); short-term rényi entropy (stre); long short-term memory(lstm); bert (bidirectional encoder representations from transformers); vision-language model (vlm)"
"1023","49","cell embedding; tissue detection; tissue optics; nuclei detection; cellular deconvolution; microscopy image; sperm microscopy video; in situ crosstalk; angle embedding injection; microscope; rbc classification; lymphocyte tracking; skeleton extraction; cell typing; mitotic detection; electrophoresis; nuclei classification; gastric section classification; cell dehydration; nuclei localization"
"1024","50","spatial-temporal brain source localization; individualized parcellation; functional parcellation; cortical parcellation; surface mapping; individual cortical parcellation; local activation time estimation; brain source localization; connectivity map; anatomical prior probability map; brain parcellation; gradient-weighted class activation maps; activation maps; diffusion map; brain dipoles; displacement voxelization; blind source separation; semi-blind source separation; fiber clustering; classification activation maps"
"1025","21","research study recruitment; internet recruitment; online recruitment; remote recruitment; research recruitment; health research recruitment; facebook recruitment; client recruitment; inclusive recruitment; research subject recruitment; hispanic recruitment; open recruitment; international recruitment; social media recruitment; user subgroup identification; user attrition; patient participation; invitation letter; digital survey invitation; mail-based informed consent"
"1026","41","register data; data portal; health information retrieval; health record banking; biobank database; data service; data protection; data source; data network; clinical data science; data resource; medical data transformation; healthcare record accessibility; data element repository; data health; electronic health record extract; data governance; e-records research; data citation; healthcare data protection"
"1027","41","knowledge graph; semantic knowledge graphs; probabilistic medical knowledge graph; medical knowledge graph; knowledge embedding; topological knowledge reasoning; medical knowledge graphs; medical knowledge graph completion; knowledge graphs; medical domain knowledge graph; hierarchical knowledge graphs; disease knowledge graph; disease semantic knowledge graph; knowledge feature; knowledge graph reasoning; genealogical knowledge graph; semantic augmentation; knowledge graph verification; semantic graph; biological knowledge graph"
"1028","48","data networking; heterogeneous data integration; data discoverability; distributed data mining; cross-modality data integration; ai-driven data integration; multi-omics data management; data and metadata integration; federated data network; data-mining; data warehouses; multi-modal data integration; high-dimensional data integration; data mining technology; data set integration; trajectory data mining; emr data mining; data mining modeling; semantic data management; multimodal data integration"
"1029","25","interpretable predictive models; interpretable deep learning model; interpretable prediction model; interpretable machine learning; interpretable deep learning; interpretable clustering; intrinsically interpretable models; transferable model; interpretable support vector machines; explainable machine learning; testable machine learning; interpretable framework; explainable survival machine learning; interpretable neural networks; explainable neural network; computer-interpretable rules; local interpretable model–agnostic explanation; local interpretable model-agnostic explanations; transferability of spatial models; partially interpretable models"
"1030","43","probabilistic metric spaces; riemannian tangent space; complex vector space; graph laplacian; probabilistic tree space; random subspace; topological laplacians; riemannian manifold; reproducing kernel hilbert space; symmetric positive definite (spd) matrix; vector spaces; riemannian manifolds; t-invariants; high dimensional phase space; riemannian geometry; metric spaces; laplace matrix; state-space; algebraic invariants; low-rank tensors"
"1031","75","in-distribution; blackbox; black market; icon array; black hole; hourglass model; huggingface spaces; black music; shadow module; 3d u-net; inside generalization; encrypt; crossmap; lévy flight; löwner matrices; redaction; ghost charts; cross modal; filters; r-shiny"
"1032","38","annotation standards; annotation burden; model annotations; annotation guidance; annotation free; annotation inconsistency; annotation efficiency; annotation correction; annotation tool; annotation method; annotation scheme; domain-domain interface annotations; annotation experiment; annotation transfer; ensembling; annotation guidelines; database query correction; annotationhub; active annotation; mapping information"
"1033","34","sleep tracking; sleep detection; sleep prediction; sleep classification; sleep-wake detection; sleep/wake identification; sleep feedback; sleep posture recognition; sleep and wake classification; gait classification; mobility tracking; sleep staging; sleep-wake classification; sleep stage classification; sleep scoring; adhd classification; sleep seasonality; behavioral marker; menstrual tracking; addiction prediction"
"1034","30","impact assessment; impact analysis; public impact; research impact evaluation; research impact assessment; quality impact; impact measurement; research impact; impact factor; research impact measurement; academic impact; financial impact; health drivers; environment impact; economic impact; translational impact; impact behavior; clinical governance; practice evidence; consumer grade"
"1035","8","pdb; pdbbind; pdb biounits; asymmetric codec; pdb structures; protein data bank; saxs; rcsb pdb"
"1036","68","workload; compensation; association; equivalence; receipt; process; fidelity; associations; dissemination; requirements; utility; profile; completion; strengths; ffq; accessible; referral; enrollment; size; documentation"
"1037","35","data harmonization; data integration and quality control; standarization of data entry; data quality tools; subject-based terminology quality assurance; clinical data model harmonization; data unification; terminology auditing; harmonized data collection; dataset harmonization; batch auditing; open data and reproducible evaluation; database harmonization; data re-use; structured and standardized documentation; quality control reports; automated data transfer; auditing of terminologies; data validation and verification; clinical search harmonization"
"1038","28","information extraction; text extraction; keyframe extraction; clinical data extraction; data extraction; database extraction; health information extraction; information searching; extraction tool; event extraction; data selection; clinical trial selection criteria; electronic health record information extraction; open information extraction; training data extraction; date extraction; data sources; model extraction methods; geographic data extraction; information extraction (ie)"
"1039","56","network embedding; multi-network embedding; heterogeneous network embedding; single-network embedding; multiplex network embedding; heterogeneous network representation; multi-view network; sub-graph embedding; directed graph embedding; graph transformer network; multi-scale backbone network; dynamic graph embedding; network-level fusion; network fusion; ppi network embedding; polytree graph visualization; multi-view graph; graph-level fusion; heterogeneous graph construction; graph-cut algorithm"
"1040","39","similarity-based methods; network-based methods; collapsing-based methods; rule-based methods; ensemble-based methods; tree-based methods; alignment-free methods; sequence-based methods; descriptor-based methods; graph-based methods; node-affinity-based methods; alignment-based method; free-alignment methods; physics-based methods; haplotype-based methods; network-based approaches; structure-based methods; sequence-based method; isoform-based methods; cluster-quality-based methods"
"1041","23","shotgun proteomics; single cell proteomics; quantitative proteomics; high-throughput glycoproteomics; phosphoproteomics; multiplexed spatial proteomics; metaproteomics; high-throughput proteomics; subtractive proteomics; mass spectrometry-based proteomics; glycoproteomics; bulk transcriptomics; transcriptomics and proteomics; label-free quantification proteomics; glycopeptidomics; large-scale metabolomics; kinome profiling; thermal proteome profiling; nmr-based metabolomics; tmt labeled quantitative proteomics"
"1042","40","computer-human interaction; human-robot interaction; human–computer interaction; human computer interaction; human robot interaction; human–robot interaction; human-smartphone interaction; human-computer interface; user-device interaction; human-machine interface; human-robot interactions; user-system interaction; human–computer-interaction; hands-free human-computer interaction; man-computer interface; human computer-interaction; multi-user brain-computer interface; brain-computer interaction; doctor-patient-computer interaction; human–automation interaction"
"1043","11","voice messaging; audio messaging; digital messaging; periodic messaging; secure electronic messaging; short message service text messaging; mobile instant messaging; concurrent messaging; short message service text messages; short message service (sms) text messaging; masked authenticated messaging"
"1044","37","cnn-bilstm; cnn-transformer; cnn-gru; cnn-svm; cnn-lstm; tree-lstm; bi-lstm-cnn-crf; multi-branch-cnn; lstm-fcn; lstm-cnn; bidirectional lstm-crf; cnn-transformer-lstm; pretrained-cnn; cnn combiner; rnn-lstm; 3d-cnn; cnn-bilstm-attention; fast r-cnn; metric-learner; efficientnet-b0"
"1045","25","online distillation; multi-task distillation; knowledge distillation; ensemble distillation; clustered knowledge distillation; multi-modal distillation; hyper distillation; multimodal distillation; hybrid knowledge distillation; cross-modal distillation; multi-teacher knowledge distillation; distillation; multi scale feature distillation; black-box distillation; asynchronous knowledge distillation; region graph distillation; progressive distillation; feature distillation; self-distillation; label-guided distillation"
"1046","20","naive bayes; bayes formula; naive bayesian; naïve bayesian; bayes theorem; bayes’ theorem; bayes rule; bayes’ rule; bayes' rule; bayesian theorem; bernoulli naïve bayes; bayesian diagnosis; gaussian naïve bayes; gaussian naive bayes; bayesian confirmation; empirical bayes; prior probability; posterior sampling; bayes net; bayes factor"
"1047","30","dropblock; petri net; associative petri net; capstone; petri-net; bagging; wiener postfilter; fixmatch; quality seals; sterile; petri nets; dropbox; antismash; azure stains; soap; disinfection; strait razor; teflon; braces; shake down phase"
"1048","19","quantum mechanics calculations; binding free energy calculations; quantum mechanical calculation; free energy calculations; binding free energy calculation; hybrid qm/mm calculations; free energy calculation; energy and atomic force calculation; prime mm/gbsa free energy calculations; dft calculations; distance geometry optimization; dft calculation; charge calculation; structure optimization; x-ray crystallography; pseudo-dihedral angles; dihedral and planar angles; interatomic distances; molecular geometry"
"1049","20","diversity estimation; receptor abundance estimation; relative abundance estimation; higher-order community detection; abundance estimation; metagenomic gene abundance estimation; alpha-taxonomy; microbial association estimation; phylogenetic diversity indexes; taxonomic filtering; genomic geolocation; microbial community modeling; clade-specific enrichment; data assemblage; terrestrial vs marine bias; guillon categories; microbial functional traits; species richness; species distributions; random effects for sites"
