cluster_id,total,slope,relative_slope,r_squared,p_value,p_value_holm,significant_holm
0,368,3.6678571428571427,0.14950504658385091,0.7904112593474847,9.315067341724682e-06,0.008206574328059444,True
1,2699,26.664285714285704,0.14818980574816062,0.9108636093426322,3.384241006699861e-08,3.668517251262649e-05,True
2,58,0.4428571428571428,0.11453201970443348,0.6887243191591015,0.00012903944585123677,0.08310140312819649,False
3,78,1.0892857142857142,0.20947802197802196,0.7442476318484379,3.484140543435273e-05,0.026723357968148544,True
4,794,3.5964285714285706,0.06794260525368837,0.4190248185139965,0.009086756268631944,1.0,False
5,310,1.4499999999999997,0.07016129032258063,0.6771855828220855,0.00016462908816771742,0.10058837287047534,False
6,86,1.0607142857142857,0.18500830564784054,0.781846813841354,1.21405210268908e-05,0.010368004956964744,True
7,147,0.9607142857142856,0.09803206997084546,0.7774733539625234,1.3845076001846229e-05,0.011616018765548986,True
8,69,0.5321428571428571,0.1156832298136646,0.4788000345065562,0.00426055460465921,1.0,False
9,221,2.367857142857142,0.16071428571428567,0.7791271600620128,1.3177986340419467e-05,0.011135398457654449,True
10,334,1.9035714285714282,0.08548973481608212,0.7847299974955435,1.1117497322148461e-05,0.009583282691691973,True
11,165,1.9428571428571426,0.1766233766233766,0.8691729323308269,4.1815627406394905e-07,0.0004323735873821233,True
12,164,1.3214285714285714,0.12086236933797909,0.6975393353080247,0.00010649723888841467,0.07060766938301893,False
13,447,6.764285714285714,0.2269894534995206,0.6410137464904708,0.00033583543589230634,0.1803436290741685,False
14,77,0.8142857142857142,0.15862708719851573,0.591767348673426,0.0008001423540821574,0.36493339661807545,False
15,161,1.775,0.1653726708074534,0.8778443014461988,2.666268498964648e-07,0.0002794249386914951,True
16,644,5.867857142857142,0.13667369121561668,0.8453262289168094,1.2564811641710907e-06,0.0012527117206785775,True
17,93,1.0464285714285713,0.16877880184331795,0.8750101924331374,3.0991955687859264e-07,0.0003235560173812507,True
18,755,6.9642857142857135,0.13836329233680225,0.7261705302397587,5.4871668760371866e-05,0.03972708818250923,True
19,75,0.4321428571428571,0.08642857142857142,0.3149956970740103,0.0294891711693571,1.0,False
20,61,0.8892857142857143,0.21867681498829042,0.6169171884950118,0.0005203842300077281,0.2565494253938099,False
21,329,3.085714285714286,0.14068606165870604,0.6398127662686731,0.0003434697437715547,0.18341284317401021,False
22,1981,-9.732142857142854,-0.07369113723227805,0.2719536841367135,0.04618809033636506,1.0,False
23,95,0.7964285714285715,0.12575187969924814,0.6138372284397631,0.0005493068823327045,0.26861106546069247,False
24,57,0.2892857142857143,0.0761278195488722,0.3425751879699248,0.021892915700787986,1.0,False
25,89,0.30357142857142855,0.0511637239165329,0.1297096418996553,0.18729216032779025,1.0,False
26,39,0.44642857142857145,0.1717032967032967,0.6092092950717404,0.0005953643037704397,0.28756095872112236,False
27,87,1.0142857142857142,0.1748768472906404,0.7819140685590198,1.211577468056573e-05,0.0103589873518837,True
28,135,1.282142857142857,0.14246031746031745,0.7646001423825344,2.009551122403093e-05,0.01627146769407236,True
29,271,4.296428571428572,0.23780969952556671,0.7638029395041435,2.0551006405620145e-05,0.016584662169335455,True
30,55,0.7928571428571429,0.21623376623376625,0.729340962904499,5.077903553351578e-05,0.03711947497500004,True
31,251,1.65,0.09860557768924302,0.7039214479192317,9.236224680239544e-05,0.0628063278256289,False
32,34,0.567857142857143,0.25052521008403367,0.5680953379674017,0.0011734080047190053,0.48227068993951117,False
33,674,1.4928571428571427,0.03322382365409071,0.07134092166179601,0.3358693008794079,1.0,False
34,75,0.3464285714285714,0.06928571428571428,0.30003188775510203,0.03453874863309876,1.0,False
35,71,0.75,0.15845070422535212,0.6483260153677278,0.00029242318660994304,0.16346456131495815,False
36,953,6.0821428571428555,0.09573152450906908,0.9171359886055643,2.0999247526078102e-08,2.2847181308372975e-05,True
37,90,0.8428571428571427,0.14047619047619045,0.5525396825396823,0.0014934030156159967,0.5749601610121587,False
38,275,1.2214285714285713,0.06662337662337663,0.49415840468679584,0.0034645269943766287,1.0,False
39,180,2.2142857142857144,0.18452380952380953,0.8422436459246275,1.4306597289834691e-06,0.0014134918122356674,True
40,289,3.471428571428571,0.18017795353435492,0.8188020282044288,3.5630108227736504e-06,0.003324289097647816,True
41,62,0.6035714285714285,0.1460253456221198,0.6466836734693876,0.00030172855329221995,0.16745934707718207,False
42,166,1.617857142857143,0.14619191049913943,0.6973699115525432,0.00010689635792916504,0.07076538894910726,False
43,37,0.3178571428571428,0.12886100386100383,0.7916777718550109,8.94916908656465e-06,0.007920014641609716,True
44,98,1.25,0.1913265306122449,0.741860728012661,3.705977095624604e-05,0.028157697972162388,True
45,192,3.796428571428571,0.2965959821428571,0.6250547629373289,0.0004501849003997879,0.2255952695481286,False
46,359,2.728571428571428,0.11400716275368085,0.5635755996580739,0.0012595991918169177,0.5139164702613024,False
47,201,3.2821428571428575,0.24493603411513862,0.6023422968516426,0.0006698193977768606,0.3195038527395625,False
48,52,0.7321428571428571,0.21119505494505492,0.5144742426220945,0.002612242214137416,0.8829378683784466,False
49,93,1.357142857142857,0.21889400921658983,0.831260937643916,2.228142761840793e-06,0.0021367889086053205,True
50,76,0.4678571428571428,0.09234022556390976,0.5241387033718845,0.002275341208310026,0.791818740491889,False
51,331,2.8428571428571425,0.12883038411739317,0.8280166435506238,2.5259414232107374e-06,0.002404696234896622,True
52,433,2.4428571428571426,0.08462553612669085,0.5507782333255895,0.0015339938450447956,0.5875196426521567,False
53,774,7.660714285714286,0.14846345514950166,0.7622477522014113,2.1464977455284315e-05,0.017193446941682736,True
54,94,1.2857142857142856,0.20516717325227962,0.7221611340604476,6.0448216734071114e-05,0.04309957853139271,True
55,43,0.47857142857142854,0.16694352159468437,0.5844037493490715,0.0009033030261097715,0.399259937540519,False
56,187,1.2535714285714286,0.10055385790679908,0.5190353547836245,0.0024482068950852703,0.8372867581191624,False
57,382,2.65,0.10405759162303665,0.8276602312268492,2.5606286125254663e-06,0.002432597181899193,True
58,176,0.19999999999999987,0.017045454545454537,0.015034902452120977,0.6633131731135691,1.0,False
59,143,2.1678571428571427,0.22739760239760237,0.8054492485805224,5.695794596845396e-06,0.00518317308312931,True
60,206,2.5857142857142854,0.18828016643550624,0.7663152806150294,1.9144646687873778e-05,0.01560288705061713,True
61,199,2.196428571428571,0.1655599425699928,0.8374825812775307,1.7398696838784993e-06,0.0016946330720976582,True
62,100,1.05,0.1575,0.888771593090211,1.4423522734181495e-07,0.00015317781143700748,True
63,497,1.6857142857142857,0.050876688703650474,0.18819946295662207,0.10618243853149405,1.0,False
64,505,3.753571428571428,0.11149222065063649,0.7394108905588975,3.9460932152372324e-05,0.029595699114279242,True
65,328,4.592857142857142,0.2100391986062717,0.8802755627219587,2.3368991037286392e-07,0.0002460754756226257,True
66,53,0.5285714285714287,0.14959568733153641,0.38778207912378443,0.01315468092328609,1.0,False
67,189,1.7714285714285711,0.1405895691609977,0.7947074633037006,8.123202918343312e-06,0.007262143408998921,True
68,788,-0.08928571428571438,-0.0016996011602610607,0.0004815080369469474,0.9381290805407122,1.0,False
69,147,1.832142857142857,0.18695335276967928,0.8651410950978329,5.103669944234789e-07,0.0005227194404526087,True
70,136,1.067857142857143,0.11777836134453784,0.701837527214872,9.678948178662015e-05,0.06523611072418198,False
71,96,0.575,0.08984374999999999,0.5590277777777776,0.0013517955039583976,0.5380146105754422,False
72,103,0.7035714285714285,0.10246185852981969,0.24413498959940957,0.0611951563855603,1.0,False
73,88,1.2678571428571428,0.216112012987013,0.7844921317353343,1.1199018800248702e-05,0.009631156168213884,True
74,80,1.0142857142857142,0.19017857142857142,0.8539243365330322,8.626501354495218e-07,0.0008721392869394666,True
75,737,2.017857142857143,0.04106900562124443,0.20265611932920502,0.09221645138634361,1.0,False
76,120,0.7999999999999999,0.09999999999999999,0.5743589743589743,0.0010624079089279466,0.4472737296586655,False
77,126,0.6571428571428569,0.07823129251700678,0.35604913343429234,0.01886413718410732,1.0,False
78,348,1.1285714285714286,0.04864532019704434,0.3143763852508563,0.029684111639530195,1.0,False
79,94,0.9964285714285714,0.1590045592705167,0.7454511210991368,3.376657900921729e-05,0.026000265837097313,True
80,78,0.7214285714285714,0.13873626373626374,0.6270592574379148,0.00043420108606592305,0.22046274396308718,False
81,402,3.514285714285714,0.13113006396588484,0.8412945559695264,1.4882524928426062e-06,0.0014614639479714393,True
82,195,2.257142857142857,0.17362637362637362,0.8198357963875205,3.4311031656456818e-06,0.0032183747693756495,True
83,93,0.9035714285714286,0.14573732718894009,0.6009557608532371,0.000685787977156963,0.32506350117240046,False
84,468,0.4892857142857142,0.01568223443223443,0.0925347085272541,0.2703227296343102,1.0,False
85,210,2.4107142857142856,0.1721938775510204,0.8814908682866431,2.1856601183611828e-07,0.00023036857647526867,True
86,182,2.1249999999999996,0.1751373626373626,0.853308062629353,8.86854874497221e-07,0.0008957234232421932,True
87,64,0.11785714285714285,0.027622767857142856,0.06382854016880274,0.3636363139068215,1.0,False
88,56,0.457142857142857,0.1224489795918367,0.44690136747163195,0.006439071614451352,1.0,False
89,156,1.175,0.11298076923076923,0.7244658920539729,5.718633868998305e-05,0.04123135019547778,True
90,122,0.8964285714285715,0.11021662763466043,0.7557218028277143,2.5688378262967466e-05,0.020215293136131185,True
91,241,2.617857142857143,0.16293716656787197,0.7423360830895521,3.660861750373068e-05,0.027895766537842776,True
92,90,0.5785714285714286,0.09642857142857143,0.3810104529616726,0.014223922981800684,1.0,False
93,138,1.0892857142857142,0.11840062111801242,0.4380698086196503,0.007192745889464239,1.0,False
94,68,0.23214285714285715,0.051207983193277316,0.11631001321391868,0.21350798191103684,1.0,False
95,70,0.7357142857142855,0.15765306122448974,0.6332471150019896,0.0003878970653999151,0.2036459593349554,False
96,126,1.0964285714285713,0.13052721088435373,0.5450187361213914,0.0016734564996416436,0.6325665568645413,False
97,31,0.17142857142857143,0.08294930875576036,0.11600429645542426,0.21414977846922392,1.0,False
98,151,2.507142857142857,0.2490539262062441,0.706001344753551,8.81174655253308e-05,0.06018422895380094,False
99,154,1.6535714285714285,0.1610621521335807,0.7397612452607946,3.9109609822495806e-05,0.029371316976694352,True
100,106,0.8142857142857143,0.11522911051212938,0.4474384869629086,0.006395557774599824,1.0,False
101,106,-0.13214285714285715,-0.01869946091644205,0.023179293841430387,0.5880445044149047,1.0,False
102,71,0.8428571428571427,0.17806841046277663,0.6236860965121837,0.00046138701765882764,0.23023212181175498,False
103,195,2.617857142857143,0.20137362637362638,0.7813067124243835,1.2340817881440908e-05,0.010477354381343331,True
104,131,1.1535714285714282,0.1320883315158124,0.8190289524367773,3.5336919456631404e-06,0.003300468277249373,True
105,101,0.7749999999999999,0.11509900990099009,0.620724655511811,0.00048644883749902066,0.24127862339951425,False
106,261,2.060714285714286,0.11843185550082104,0.9037945749902274,5.5763605474422484e-08,6.005740309595302e-05,True
107,479,2.446428571428571,0.07661049806143751,0.4674573877976081,0.004946681549846773,1.0,False
108,433,3.424999999999999,0.11864896073902999,0.8487858767184642,1.082789061741915e-06,0.0010849546398653987,True
109,144,1.882142857142857,0.1960565476190476,0.89553023267812,9.565351531807776e-08,0.00010215795435970706,True
110,1948,7.578571428571428,0.05835655617483132,0.5498076986945263,0.00155676410086858,0.5931271224309289,False
111,141,1.792857142857143,0.19072948328267478,0.5922705223179032,0.000793480286665504,0.36493339661807545,False
112,170,1.689285714285714,0.14905462184873947,0.8416771167736756,1.464805222234637e-06,0.0014413683386788828,True
113,80,0.06785714285714287,0.012723214285714287,0.0040628751500600266,0.8214517253550467,1.0,False
114,165,0.9107142857142857,0.08279220779220779,0.48381696428571425,0.003984612488465652,1.0,False
115,207,2.282142857142857,0.1653726708074534,0.8388686641246469,1.6444944142320239e-06,0.0016083155371189194,True
116,169,2.039285714285714,0.18100169061707522,0.885544622939421,1.739721612071529e-07,0.00018423651871837492,True
117,108,1.45,0.20138888888888887,0.7448127530364372,3.4333118906729994e-05,0.026402168439275366,True
118,105,1.0964285714285713,0.15663265306122448,0.5884677822177821,0.0008450360983170071,0.3785761720460192,False
119,449,3.007142857142857,0.10046134266624245,0.8950420484921122,9.861953335553406e-08,0.00010512842255699932,True
120,55,0.4821428571428571,0.1314935064935065,0.5547382305194805,0.0014440460650021248,0.5617339192858266,False
121,184,1.392857142857143,0.11354813664596274,0.48897109251766,0.0037174830393519286,1.0,False
122,45,0.09285714285714286,0.030952380952380953,0.06706349206349208,0.3513380431499151,1.0,False
123,242,3.0178571428571432,0.1870572609208973,0.8226802151951629,3.0893935610337376e-06,0.002907119340932747,True
124,248,-0.5535714285714286,-0.033482142857142856,0.2179230564559045,0.07938330894668136,1.0,False
125,339,2.4,0.10619469026548671,0.7162906377686977,6.948383271050141e-05,0.04884713439548249,True
126,39,0.5749999999999998,0.2211538461538461,0.7613075657894731,2.2034156791211053e-05,0.01758325711938642,True
127,142,1.1714285714285715,0.12374245472837023,0.6449673871339047,0.0003117234204529457,0.1711361578286672,False
128,181,1.0,0.08287292817679558,0.5416559195254065,0.0017598559901389446,0.6564262843218264,False
129,429,3.3535714285714286,0.11725774225774226,0.8475087661289082,1.1443616548820692e-06,0.0011443616548820691,True
130,692,4.364285714285715,0.09460156895127994,0.8157501799079924,3.97789069601374e-06,0.0036994383472927785,True
131,880,4.546428571428571,0.07749594155844156,0.663766752591395,0.00021630251977544472,0.12740218414773694,False
132,187,2.9821428571428568,0.239209320091673,0.7782177532651532,1.3541333692822483e-05,0.01138826163566371,True
133,98,1.3285714285714287,0.20335276967930033,0.7313958732664338,4.8268147044750324e-05,0.035573624371980986,True
134,249,1.2785714285714287,0.0770223752151463,0.41103499589490955,0.01000379025922749,1.0,False
135,401,1.9678571428571427,0.07361061631635198,0.3257167318002622,0.02629259669561643,1.0,False
136,304,3.5428571428571423,0.17481203007518795,0.8279315621087772,2.5341852860351434e-06,0.0024100102070194213,True
137,176,1.4607142857142856,0.1244926948051948,0.6217206981307855,0.0004778921087519979,0.23751237804974296,False
138,166,2.0892857142857144,0.1887908777969019,0.787047400311546,1.0349371053091863e-05,0.009015556962008222,True
139,46,0.25357142857142856,0.0826863354037267,0.17837091904132849,0.11682433654576944,1.0,False
140,203,0.1392857142857143,0.010292047853624208,0.009118413479984653,0.7349691529121474,1.0,False
141,186,2.1928571428571426,0.1768433179723502,0.7866407371548759,1.0480792470142274e-05,0.009107808656553636,True
142,290,1.9142857142857141,0.09901477832512315,0.7460425178311753,3.324886596957667e-05,0.02563487566254361,True
143,176,0.6642857142857141,0.05661525974025973,0.44616204690831546,0.006499390859586461,1.0,False
144,135,0.4892857142857142,0.05436507936507936,0.21905929038281977,0.07849935964844129,1.0,False
145,221,1.8678571428571427,0.1267776341305753,0.7104993835198937,7.950472413185625e-05,0.055176278547508235,False
146,142,1.107142857142857,0.11695171026156939,0.6479001114666857,0.00029481233084806827,0.16421046828237404,False
147,197,-0.3142857142857142,-0.023930384336475704,0.21318455439729847,0.08317239815380865,1.0,False
148,212,1.232142857142857,0.0871799191374663,0.5369096737718326,0.0018883630558423979,0.6936632460133026,False
149,395,0.1678571428571429,0.006374321880650996,0.004409064296359381,0.8141179246428669,1.0,False
150,349,4.703571428571429,0.20215923045435943,0.7930682937713684,8.561614322805916e-06,0.007619836747297265,True
151,135,1.7428571428571427,0.19365079365079363,0.889659294680215,1.3685674761163717e-07,0.0001454787227111703,True
152,54,0.7214285714285715,0.2003968253968254,0.6822498662386304,0.0001480924498500387,0.09329824340552438,False
153,152,1.682142857142857,0.16600093984962405,0.7972856088631615,7.472366016579658e-06,0.0066877675848387936,True
154,677,1.2678571428571428,0.02809136948723359,0.21958431294198555,0.07809406404907969,1.0,False
155,123,1.0714285714285714,0.13066202090592335,0.7136513575234712,7.390779253899137e-05,0.05166154698475497,False
156,109,0.5321428571428571,0.07323066841415465,0.3237178240920756,0.026863753570275498,1.0,False
157,361,3.8999999999999995,0.16204986149584485,0.6903624613655519,0.00012456614913793778,0.08059429849224575,False
158,230,1.9464285714285714,0.12694099378881987,0.7190263701504098,6.513913434436136e-05,0.046118507115807846,True
159,131,1.3535714285714284,0.15498909487459106,0.7424791172740806,3.647378684964527e-05,0.02782949936627934,True
160,1256,6.114285714285712,0.07302092811646949,0.7779791161747711,1.3638081547144031e-05,0.011455988499600986,True
161,106,0.6999999999999998,0.09905660377358488,0.49542609532980236,0.0034050391111079543,1.0,False
162,1884,-6.4107142857142865,-0.05104071883530483,0.15784175463018485,0.14254402945112085,1.0,False
163,111,0.5607142857142857,0.07577220077220077,0.588450152788388,0.0008452816769365147,0.3785761720460192,False
164,124,1.5821428571428569,0.1913882488479262,0.5234683970182377,0.002297423907327489,0.7963716523466615,False
165,80,0.8107142857142857,0.1520089285714286,0.7754163322632425,1.4714792922804139e-05,0.012286852090541455,True
166,66,0.932142857142857,0.21185064935064932,0.7381349687933424,4.076325367172025e-05,0.030409387239103306,True
167,72,0.4499999999999999,0.09374999999999999,0.3625319693094628,0.017545015443598655,1.0,False
168,986,2.4857142857142853,0.03781512605042016,0.32985302822860313,0.025145294912219656,1.0,False
169,368,3.7928571428571423,0.15460015527950308,0.8350408298650323,1.9193426031076186e-06,0.0018675203528237129,True
170,56,0.07857142857142857,0.021045918367346938,0.04439823874755383,0.4509697140174236,1.0,False
171,395,5.678571428571429,0.21564195298372515,0.834518014489054,1.9597497351746283e-06,0.0019009572431193894,True
172,69,0.44642857142857134,0.09704968944099378,0.5386445118587974,0.0018404794756959246,0.6791369265317961,False
173,136,0.6928571428571427,0.07641806722689075,0.3510122363708713,0.019949418057110136,1.0,False
174,63,0.575,0.1369047619047619,0.6787023460410556,0.00015951824001517076,0.09842275408936035,False
175,273,2.353571428571428,0.12931711145996858,0.4044970716223063,0.010813932661620276,1.0,False
176,159,0.8392857142857142,0.07917789757412398,0.4466307582815735,0.006461092722713244,1.0,False
177,136,0.4035714285714285,0.044511554621848734,0.17084255030683598,0.12567437566242426,1.0,False
178,80,0.7642857142857142,0.14330357142857142,0.7595532950022111,2.3130647229309048e-05,0.018365733900071384,True
179,387,6.914285714285714,0.2679955703211517,0.687508070859209,0.0001324489995273429,0.08476735969749946,False
180,84,1.0357142857142856,0.18494897959183673,0.7297306677773147,5.0294466854422596e-05,0.036865844204291766,True
181,81,0.17142857142857143,0.031746031746031744,0.06880076445293834,0.3449503352592975,1.0,False
182,69,0.6107142857142857,0.1327639751552795,0.7272433346597693,5.345638377689366e-05,0.0387558782382479,True
183,128,1.0571428571428574,0.1238839285714286,0.7867439298884152,1.0447309773420382e-05,0.009089159502875732,True
184,122,0.95,0.1168032786885246,0.6450816882232814,0.0003110490613220559,0.17107698372713076,False
185,154,0.717857142857143,0.06992115027829314,0.4859315863750084,0.0038730575770694444,1.0,False
186,98,1.167857142857143,0.17875364431486881,0.7703522439099365,1.7056752360695734e-05,0.01403770719285259,True
187,625,-0.5321428571428573,-0.012771428571428574,0.02387272753340599,0.5824480014861109,1.0,False
188,91,-0.35,-0.05769230769230769,0.1595843672456576,0.14015824473877406,1.0,False
189,400,2.5357142857142856,0.09508928571428571,0.5816359496630874,0.0009449409304633437,0.4119942456820178,False
190,411,5.235714285714286,0.19108446298227322,0.8418396445179809,1.4549393307926121e-06,0.001433115240830723,True
191,120,1.232142857142857,0.15401785714285712,0.8675291545189504,4.5387546305043064e-07,0.00046703785147889315,True
192,56,0.6249999999999999,0.16741071428571425,0.5610892612859095,0.001309305671895206,0.5300538542093288,False
193,105,1.614285714285714,0.23061224489795915,0.6781200212426977,0.00016146410936603535,0.09930042726011173,False
194,137,2.2142857142857144,0.24244004171011474,0.695563640574787,0.00011123169215202147,0.07330168512818215,False
195,96,-0.29285714285714287,-0.04575892857142857,0.046216870119872425,0.4416268989726889,1.0,False
196,111,1.1607142857142858,0.15685328185328185,0.4777509408018526,0.004320318991541332,1.0,False
197,543,6.8,0.1878453038674033,0.7525516728278813,2.7983391699009826e-05,0.021855028916926676,True
198,264,1.9785714285714282,0.11241883116883114,0.8109859214475963,4.707549688426435e-06,0.004340360812729174,True
199,156,1.6464285714285714,0.15831043956043955,0.6978701465875057,0.00010572160725023065,0.07019914721415316,False
200,103,0.8571428571428571,0.12482662968099861,0.6728552738147155,0.00017999985214545343,0.10817991113941751,False
201,175,2.6035714285714286,0.22316326530612246,0.7858143409171562,1.0752245119589744e-05,0.009311444273564718,True
202,57,0.6035714285714285,0.1588345864661654,0.696745706479313,0.00010837789248979234,0.07163778693575273,False
203,374,4.253571428571429,0.17059778456837282,0.8309101140620266,2.258831130662061e-06,0.0021639602231742546,True
204,176,1.5857142857142854,0.13514610389610388,0.5403631366586749,0.001794084320994892,0.6673993674100998,False
205,84,1.15,0.20535714285714285,0.7209890965732086,6.216708166902234e-05,0.04413862798500586,True
206,180,0.807142857142857,0.06726190476190476,0.5272089182493808,0.0021765323757756616,0.7683159286488085,False
207,1218,16.914285714285715,0.2083040112596763,0.6523273307160005,0.00027077681829962893,0.15298890233929036,False
208,87,0.1107142857142857,0.019088669950738914,0.031088250517598327,0.5296161762788583,1.0,False
209,57,0.5571428571428572,0.14661654135338348,0.5629163582531459,0.0012726169968104778,0.5179551177018644,False
210,870,-0.37142857142857144,-0.0064039408866995075,0.001937628984177941,0.8762167290526257,1.0,False
211,76,0.03214285714285714,0.006343984962406015,0.0041966012710693565,0.8185814539503278,1.0,False
212,84,0.7428571428571429,0.1326530612244898,0.6045159847976748,0.000645429939837931,0.3098063711222069,False
213,69,0.6464285714285714,0.140527950310559,0.5746737300028066,0.001057078039997521,0.4460869328789539,False
214,62,0.6357142857142857,0.15380184331797234,0.7557244625365729,2.5686522409315355e-05,0.020215293136131185,True
215,46,0.5821428571428572,0.18982919254658384,0.4867781414891538,0.0038291675606963284,1.0,False
216,116,1.1642857142857144,0.15055418719211824,0.5122689529293812,0.002694919309482734,0.9019343013555943,False
217,288,2.0678571428571426,0.10770089285714285,0.581095557034695,0.0009532607674601289,0.41276191231023585,False
218,140,1.4678571428571425,0.15727040816326526,0.8317407431722688,2.186746286026481e-06,0.0021058366734435013,True
219,68,0.7321428571428572,0.16150210084033614,0.5823433227403738,0.0009341450197461029,0.4103135266231314,False
220,135,1.45,0.1611111111111111,0.6942216981132077,0.00011454920204434782,0.07525882574313653,False
221,61,0.2785714285714286,0.06850117096018736,0.30632384532760465,0.0323271474892153,1.0,False
222,225,2.8035714285714284,0.18690476190476188,0.8286158024956972,2.468529948103515e-06,0.002357446100438857,True
223,65,0.5392857142857143,0.12445054945054945,0.5603129095674967,0.0013251696940867932,0.5340433867169777,False
224,144,1.0714285714285714,0.11160714285714286,0.5290134486974513,0.002120211952291216,0.7526752430633816,False
225,343,2.842857142857142,0.12432319866722195,0.7940793123500273,8.288891534538137e-06,0.00738540235727348,True
226,151,2.135714285714286,0.21215704824976353,0.8452769653572693,1.2591158580355594e-06,0.0012540793946034172,True
227,99,0.14285714285714285,0.021645021645021644,0.11074197120708751,0.2255288816906594,1.0,False
228,89,0.6107142857142857,0.10292937399678971,0.48588155795817084,0.0038756649897179474,1.0,False
229,144,1.2428571428571427,0.1294642857142857,0.741114266131401,3.777780725419015e-05,0.028556930718368838,True
230,884,10.307142857142857,0.1748949579831933,0.8523099941657994,9.272789772630969e-07,0.0009356244880584648,True
231,14,0.14642857142857144,0.1568877551020408,0.17185796074154855,0.12444331423474507,1.0,False
232,402,3.2857142857142856,0.12260127931769722,0.8395892519878743,1.5966933845391911e-06,0.0015663562102329466,True
233,36,0.37499999999999994,0.15624999999999997,0.68359375,0.00014395113453174758,0.09126501929312797,False
234,252,0.8892857142857143,0.05293367346938776,0.20307423226076932,0.09184004841342282,1.0,False
235,45,0.34285714285714286,0.11428571428571428,0.6095238095238095,0.0005921323020283509,0.28659203418172186,False
236,211,-0.017857142857142842,-0.0012694651320243728,0.00013550037578770866,0.9671579339947802,1.0,False
237,100,0.17142857142857137,0.025714285714285703,0.07260504201680666,0.3314603770992115,1.0,False
238,191,2.1535714285714285,0.16912864622288706,0.713152726492955,7.477008327365202e-05,0.05211969741507086,False
239,107,1.0392857142857141,0.145694259012016,0.7922602415049147,8.785047664765994e-06,0.0077835522309826705,True
240,99,1.0535714285714286,0.15963203463203465,0.7234720005320564,5.857402764933699e-05,0.04205615185222396,True
241,229,3.0928571428571425,0.20258889582033685,0.7517441487484898,2.8595187213834573e-05,0.02230424602679097,True
242,164,1.632142857142857,0.1492813588850174,0.6284171694964215,0.0004236525112263073,0.21648643323664302,False
243,126,1.4964285714285714,0.17814625850340135,0.7096011446679169,8.116455963448643e-05,0.0562470398266991,False
244,649,5.642857142857144,0.13042042703059656,0.6453678834773692,0.00030936604499086514,0.17077005683495755,False
245,206,2.2142857142857144,0.1612343966712899,0.7986680554939942,7.142057324914074e-06,0.006420709535097753,True
246,80,0.6285714285714284,0.11785714285714284,0.5781981085116972,0.0009989565299340396,0.428552351341703,False
247,77,0.9035714285714286,0.1760204081632653,0.6891184830041341,0.00012795072488681498,0.08252821755199566,False
248,507,6.417857142857143,0.18987743026204565,0.8196561068423277,3.4537282075244294e-06,0.0032361433304503905,True
249,69,0.657142857142857,0.14285714285714285,0.41465804428767367,0.009578313906901174,1.0,False
250,33,0.16071428571428573,0.07305194805194805,0.1158997252747253,0.21436978122696265,1.0,False
251,109,0.5857142857142857,0.08060288335517694,0.41238040722871866,0.009843884422014894,1.0,False
252,49,0.6535714285714286,0.2000728862973761,0.633046426051013,0.0003893293107727586,0.2040085588449255,False
253,200,0.25357142857142856,0.019017857142857142,0.06096017413737504,0.37500625106136265,1.0,False
254,90,0.45714285714285713,0.07619047619047618,0.2684141546526867,0.047887691157447586,1.0,False
255,141,1.6178571428571427,0.172112462006079,0.5772599918984606,0.0010141510526006235,0.4320247905307156,False
256,130,1.3928571428571428,0.16071428571428573,0.6534253637300952,0.00026508296565506793,0.1510972904233887,False
257,78,0.5678571428571428,0.10920329670329669,0.3494167403803625,0.020304645076391077,1.0,False
258,116,1.5749999999999997,0.20366379310344823,0.7813578071096443,1.2321749583761999e-05,0.010473487146197698,True
259,1095,8.910714285714286,0.12206457925636009,0.8730162625797984,3.4383457372051576e-07,0.00035827562581677744,True
260,105,1.7535714285714286,0.25051020408163266,0.7646568129916265,2.006346201488577e-05,0.01627146769407236,True
261,201,2.271428571428572,0.16950959488272924,0.723182104239373,5.898416637778846e-05,0.04223266312649654,True
262,137,1.746428571428571,0.19121480709071947,0.850827150068316,9.902241619294714e-07,0.0009951752827391188,True
263,94,0.9285714285714285,0.14817629179331307,0.633781689084454,0.00038410407397309373,0.2024228469838204,False
264,1891,9.79642857142857,0.07770831759462113,0.7305057026453379,4.934250029003444e-05,0.03626673771317531,True
265,572,2.2607142857142857,0.059284465534465536,0.3552946594090496,0.019023265494887035,1.0,False
266,82,0.8285714285714283,0.15156794425087103,0.7288747652751693,5.136395207218962e-05,0.037495685012698426,True
267,107,0.7142857142857143,0.10013351134846461,0.44961333253402086,0.0062219896106054644,1.0,False
268,157,1.6428571428571428,0.15696087352138308,0.8110843077929514,4.6914042691417914e-06,0.004330166140417873,True
269,191,-0.4428571428571428,-0.034779356768885564,0.11324089712871678,0.22004598592583255,1.0,False
270,162,1.239285714285714,0.11474867724867722,0.5920046019509124,0.0007969951142920581,0.36493339661807545,False
271,173,1.9499999999999997,0.1690751445086705,0.6852527246202692,0.0001389759775380766,0.08824974573667865,False
272,203,1.4642857142857142,0.1081984517945109,0.5601739949525466,0.0013280257416279147,0.5340433867169777,False
273,112,0.6714285714285714,0.0899234693877551,0.37823183608241545,0.01468451666815596,1.0,False
274,56,0.10357142857142854,0.0277423469387755,0.04772624092009682,0.4340843345714477,1.0,False
275,172,1.0964285714285713,0.09561877076411959,0.5970971583997836,0.0007319654088961528,0.3425598113633995,False
276,107,1.1821428571428572,0.16572096128170893,0.6941035106095417,0.00011484539679536613,0.07525882574313653,False
277,56,0.9285714285714285,0.24872448979591835,0.46885403565879996,0.004857299852452613,1.0,False
278,345,3.6857142857142855,0.16024844720496895,0.9169858107177299,2.124935275212061e-08,2.30980464415551e-05,True
279,81,0.3464285714285714,0.06415343915343914,0.2958060865191146,0.03610029644324789,1.0,False
280,748,7.882142857142856,0.15806436210847974,0.8676369404271852,4.514564700823807e-07,0.0004650001641848521,True
281,647,5.771428571428571,0.13380437182601015,0.8040381880700048,5.974154846452474e-06,0.005418558445732394,True
282,305,2.4178571428571427,0.11891100702576113,0.8691447534766118,4.1874784380021254e-07,0.00043256652264561955,True
283,96,1.1392857142857142,0.17801339285714285,0.7706364352356718,1.6917395409408714e-05,0.01393993381735278,True
284,127,2.2178571428571425,0.2619516310461192,0.7358362760262959,4.320226474871359e-05,0.032172625024902375,True
285,533,2.3285714285714287,0.0655320289466631,0.5611153740557968,0.0013087749486650096,0.5300538542093288,False
286,82,1.275,0.23323170731707316,0.7744583711433757,1.5135451922885192e-05,0.012592695999840479,True
287,86,0.9249999999999999,0.16133720930232556,0.8842581200787397,1.871986582898034e-07,0.00019805618047061198,True
288,84,0.8964285714285715,0.16007653061224492,0.741118482966309,3.777371788144026e-05,0.028556930718368838,True
289,149,2.4071428571428566,0.24232981783317348,0.6918807723237127,0.00012053930437262543,0.07835054784220653,False
290,273,3.707142857142857,0.20368916797488226,0.8630931019456054,5.634667016913507e-07,0.0005752995024268691,True
291,147,1.832142857142857,0.18695335276967928,0.7816777159965782,1.2202930894704787e-05,0.010396897122288478,True
292,156,1.7357142857142855,0.16689560439560439,0.8083146251984887,5.1643662006881425e-06,0.004720230707428962,True
293,168,1.832142857142857,0.16358418367346939,0.7516708938853853,2.8651246783739003e-05,0.022319321244532685,True
294,75,1.1571428571428573,0.23142857142857146,0.7237727523441808,5.815110906406809e-05,0.04181064741706496,True
295,161,1.914285714285714,0.17834960070984915,0.6799883866244208,0.00015529192525872625,0.096436285585669,False
296,222,2.25,0.15202702702702703,0.8346090438059349,1.9526627464478836e-06,0.001896035526800895,True
297,2587,12.599999999999996,0.07305759567066097,0.7612858441149196,2.2047457528413367e-05,0.01758325711938642,True
298,350,4.0,0.17142857142857143,0.6939997934524423,0.00011510586666192039,0.07525882574313653,False
299,111,0.7607142857142856,0.10279922779922777,0.6651565798733283,0.00021037525447725972,0.12416500757571537,False
300,363,3.6714285714285713,0.15171192443919718,0.8561447625960824,7.8003749510106e-07,0.0007901779825373738,True
301,106,0.725,0.10259433962264151,0.42916504665629857,0.008030005135141143,1.0,False
302,119,1.5999999999999996,0.2016806722689075,0.8647257519704036,5.20777494308588e-07,0.0005327553766776856,True
303,620,5.44642857142857,0.13176843317972348,0.7691033617595441,1.768082240603064e-05,0.014480593550539093,True
304,50,0.27499999999999997,0.08249999999999999,0.21755136986301368,0.07967450707617676,1.0,False
305,45,0.43571428571428567,0.14523809523809522,0.39086134453781507,0.012692496016791073,1.0,False
306,246,2.1142857142857143,0.12891986062717772,0.8682416362771527,4.3808758730015995e-07,0.0004521063900937651,True
307,77,0.32499999999999996,0.06331168831168829,0.25120328425821065,0.05700487769992347,1.0,False
308,87,0.9142857142857143,0.15763546798029557,0.6835781041388518,0.00014399877191212165,0.09126501929312797,False
309,39,0.04642857142857141,0.01785714285714285,0.007219753930280241,0.7633541270250596,1.0,False
310,109,1.364285714285714,0.18774574049803405,0.8615116974715826,6.076143449715984e-07,0.0006185514031810872,True
311,1637,12.6,0.11545510079413561,0.543687103828523,0.001707219731818688,0.6436218388956454,False
312,319,5.060714285714285,0.23796462158531123,0.7870798611401478,1.0338941470192916e-05,0.009015556962008222,True
313,261,0.48928571428571416,0.02811986863711001,0.23146458168902903,0.06943375376393345,1.0,False
314,92,0.45714285714285713,0.07453416149068322,0.5431400282885431,0.0017212607131002454,0.6455060077573913,False
315,269,-2.246428571428571,-0.12526553372278276,0.5212240205446729,0.0023727229572387655,0.8185894202473741,False
316,139,1.582142857142857,0.17073484069886946,0.6252729443151116,0.00044842094710622726,0.2255557363944323,False
317,108,0.4821428571428571,0.06696428571428571,0.4507568262762169,0.0061323975004330305,1.0,False
318,100,0.8249999999999998,0.12374999999999997,0.5583251953124999,0.001366546469160296,0.5420211555860776,False
319,117,1.432142857142857,0.1836080586080586,0.8129803025400417,4.389343552361342e-06,0.004060142785934241,True
320,570,6.367857142857142,0.1675751879699248,0.8285091422733714,2.478668141290713e-06,0.0023646494067913405,True
321,67,1.032142857142857,0.23107675906183367,0.5783789149061899,0.0009960507375444295,0.42830181714410465,False
322,30,0.014285714285714285,0.007142857142857143,0.0015873015873015873,0.8878924465154039,1.0,False
323,148,0.5642857142857143,0.05719111969111969,0.24113904487146456,0.0630562992860512,1.0,False
324,60,0.7964285714285714,0.19910714285714284,0.7789630325814538,1.3242940716434252e-05,0.011177041964670509,True
325,67,0.21071428571428563,0.04717484008528783,0.1559215241280458,0.14522011226114157,1.0,False
326,160,1.982142857142857,0.18582589285714285,0.8313017272400143,2.2245978064409392e-06,0.002135613894183302,True
327,152,1.8,0.17763157894736845,0.8675251816906797,4.5396483348447387e-07,0.00046703785147889315,True
328,31,0.26428571428571435,0.12788018433179726,0.3694674343288954,0.01622540889903835,1.0,False
329,97,1.3535714285714284,0.20931516936671574,0.6879182524073459,0.00013129060457598227,0.0843204880800048,False
330,49,0.3785714285714286,0.11588921282798835,0.4724714061448756,0.004632326136286998,1.0,False
331,107,0.6,0.08411214953271028,0.48995463383020094,0.0036683217458415383,1.0,False
332,113,1.2678571428571428,0.16829962073324906,0.8128267861442673,4.413168626477283e-06,0.004077767810865009,True
333,130,0.5714285714285715,0.06593406593406595,0.6041535556954061,0.0006494425428092407,0.3110829780056263,False
334,155,1.7499999999999998,0.16935483870967738,0.49585582112567456,0.0033850765938913223,1.0,False
335,246,2.842857142857143,0.17334494773519166,0.7175654127708924,6.742947249195833e-05,0.047537778106830623,True
336,118,0.6178571428571428,0.07854116222760289,0.5881655486846242,0.0008492547487027631,0.3787676179214324,False
337,146,0.9714285714285713,0.09980430528375733,0.47443483019255095,0.00451406951463102,1.0,False
338,65,0.5571428571428572,0.1285714285714286,0.4360248447204968,0.007377912546619606,1.0,False
339,115,0.7642857142857142,0.0996894409937888,0.5772605042016805,0.0010141427007763276,0.4320247905307156,False
340,765,-0.8535714285714285,-0.016736694677871148,0.05805451662736809,0.38700134459079705,1.0,False
341,72,0.5892857142857143,0.12276785714285715,0.7816088654111161,1.2228420168411193e-05,0.010406385563317926,True
342,86,0.6392857142857142,0.1115033222591362,0.3633535442119269,0.017383858573275242,1.0,False
343,81,1.1142857142857143,0.20634920634920634,0.6665205959684487,0.00020469404103066753,0.12158826037221651,False
344,111,1.332142857142857,0.180019305019305,0.7672780817082855,1.8627892820895645e-05,0.015218988434671742,True
345,141,1.4,0.14893617021276595,0.8195937873357227,3.4616045605866377e-06,0.0032400618687090928,True
346,60,0.7142857142857143,0.17857142857142858,0.632111251580278,0.0003960634118657698,0.2063636124897994,False
347,127,1.5785714285714283,0.18644544431946003,0.7859663991760718,1.0701852552941548e-05,0.009278506163400322,True
348,104,1.0357142857142856,0.1493818681318681,0.8275821349847803,2.5682830620560255e-06,0.002437300625891168,True
349,266,3.646428571428572,0.20562567132116005,0.658131067143901,0.000241829416330284,0.13953557322257387,False
350,94,-1.4464285714285714,-0.2308130699088146,0.4805870472231769,0.004160412606744573,1.0,False
351,104,0.39999999999999997,0.05769230769230769,0.36442516268980485,0.01717563727039108,1.0,False
352,198,0.5392857142857141,0.040854978354978345,0.37630380248217565,0.01501185076361808,1.0,False
353,818,3.517857142857143,0.06450838281522878,0.6203463500550721,0.0004897331103129295,0.2424178896049001,False
354,131,0.7857142857142856,0.08996728462377317,0.5319772554077024,0.002030450804392021,0.7309622895811275,False
355,210,2.642857142857143,0.18877551020408162,0.831511175898931,2.2064704301851403e-06,0.0021204180834079197,True
356,160,2.025,0.18984375,0.6986866125760648,0.000103827952112746,0.06904558815497609,False
357,140,0.5535714285714286,0.059311224489795915,0.20961784550953932,0.08613710174212921,1.0,False
358,1336,6.207142857142858,0.06969097519247221,0.3694154338050843,0.016234964607477097,1.0,False
359,100,1.0214285714285714,0.1532142857142857,0.6145762372270086,0.0005422439856223406,0.26569955295494685,False
360,162,1.6499999999999997,0.15277777777777773,0.6277173913043477,0.0004290606939415342,0.21839189321624092,False
361,38,0.39642857142857135,0.156484962406015,0.6496590269966254,0.0002850526429404915,0.15991453268961572,False
362,145,0.682142857142857,0.07056650246305418,0.3751131066630106,0.015217225401111025,1.0,False
363,114,0.682142857142857,0.08975563909774435,0.6399277294414818,0.00034273256053632346,0.18336191988693307,False
364,392,-0.9357142857142857,-0.03580539358600583,0.15248619766367327,0.1501342006785466,1.0,False
365,42,0.10357142857142855,0.03698979591836734,0.07821800595238093,0.3127162667142973,1.0,False
366,182,2.0785714285714287,0.17131083202511777,0.8755152258722654,3.0179543752248945e-07,0.00031567802764852394,True
367,20,0.08214285714285716,0.06160714285714287,0.06912020905923347,0.3437916682885157,1.0,False
368,33,0.18928571428571428,0.08603896103896103,0.19145310796074158,0.10287167642985072,1.0,False
369,170,2.3749999999999996,0.20955882352941171,0.8271866270949719,2.60734758761036e-06,0.0024717655130546213,True
370,241,1.7928571428571431,0.11158861885002966,0.6489239706649825,0.00028909696472473605,0.1618943002458522,False
371,344,0.7285714285714285,0.03176910299003322,0.1814904405265852,0.11333880751055309,1.0,False
372,220,2.6571428571428575,0.1811688311688312,0.7980009226510841,7.299868275583909e-06,0.0065479818431987665,True
373,79,1.1964285714285714,0.22716998191681737,0.740948184795239,3.7939169373168374e-05,0.028606133707368954,True
374,128,0.0035714285714285904,0.00041852678571428797,2.982818962774451e-05,0.9845880426567448,1.0,False
375,94,0.3178571428571429,0.05072188449848025,0.18994596495715577,0.10439266325862813,1.0,False
376,84,1.2535714285714283,0.2238520408163265,0.6590826414448343,0.00023734637255461543,0.13742354970912232,False
377,267,2.821428571428571,0.15850722311396467,0.9029851610065514,5.890721147451597e-08,6.338415954657918e-05,True
378,94,1.0678571428571428,0.17040273556231003,0.9532920552775248,4.97328009542322e-10,5.455688264679273e-07,True
379,56,0.775,0.20758928571428573,0.7158413734392737,7.02204813583158e-05,0.04922455743217938,True
380,33,0.17142857142857146,0.07792207792207793,0.27067669172932335,0.04679477121954209,1.0,False
381,62,0.7071428571428571,0.17108294930875573,0.7302553149215177,4.9648350677383375e-05,0.036441889397199397,True
382,139,1.6107142857142855,0.17381808838643367,0.773678084553901,1.5485625624304358e-05,0.012853069268172618,True
383,147,2.4999999999999996,0.2551020408163265,0.7112664607380912,7.81103246800464e-05,0.05436478597731229,False
384,413,1.9249999999999996,0.06991525423728812,0.5467443616946531,0.0016305647683804185,0.6179840472161786,False
385,1772,12.274999999999999,0.10390801354401805,0.6655521766931763,0.0002087138193159516,0.1237672948543593,False
386,175,2.2785714285714285,0.1953061224489796,0.7912165664524156,9.080968154494633e-06,0.008018494880418761,True
387,114,1.2642857142857142,0.16635338345864661,0.7464261888878301,3.291663417691907e-05,0.02541164158458152,True
388,2918,23.274999999999995,0.11964530500342697,0.8636925061666624,5.474612736202637e-07,0.0005595054216399095,True
389,137,1.2357142857142855,0.13529718456725756,0.6290071736815558,0.00041913834578515105,0.21459883304199734,False
390,200,1.5249999999999997,0.11437499999999998,0.7388521180030253,4.002682411378503e-05,0.029940064437111204,True
391,334,3.35,0.1504491017964072,0.9479225323787307,1.0113095371625032e-09,1.1083952527301036e-06,True
392,775,2.989285714285714,0.05785714285714285,0.40555956497576323,0.010678459506689254,1.0,False
393,104,1.2928571428571427,0.1864697802197802,0.763564747195376,2.068879818419919e-05,0.016654482538280346,True
394,62,0.5250000000000001,0.1270161290322581,0.6339676889375687,0.0003827918354703522,0.20211408912834597,False
395,520,5.814285714285714,0.16771978021978023,0.9056889528791042,4.895767289545937e-08,5.282532905420066e-05,True
396,422,0.989285714285714,0.035164184157075146,0.11515245805852593,0.21594900279572288,1.0,False
397,84,0.782142857142857,0.13966836734693877,0.5260727448227449,0.002212654891594771,0.7766418669497647,False
398,57,0.5142857142857142,0.13533834586466165,0.6473526473526473,0.0002979079773035673,0.16563683538078341,False
399,368,1.5392857142857141,0.06274262422360248,0.689829623101147,0.00012600637093468066,0.08140011562380371,False
400,88,0.6857142857142857,0.1168831168831169,0.6526295911623077,0.00026919907547621444,0.1526358757950136,False
401,607,4.492857142857142,0.11102612379383382,0.8706479449321625,3.881653696955307e-07,0.00040252748837426536,True
402,265,3.1607142857142856,0.17890835579514822,0.7841241290012548,1.1326144377927389e-05,0.009729158020639627,True
403,44,0.4785714285714285,0.16314935064935063,0.5579632084852498,0.0013742006918197197,0.5428092732687892,False
404,95,0.9249999999999999,0.14605263157894738,0.585280944625407,0.0008904416010129998,0.39446562924875894,False
405,1009,12.19642857142857,0.18131459719665863,0.8780618131945354,2.6352811360563254e-07,0.00027644099117230854,True
406,494,7.7178571428571425,0.23434788895315212,0.8394154334261,1.6081143201998354e-06,0.0015759520337958386,True
407,664,0.01428571428571464,0.0003227194492254813,9.387790865054101e-06,0.9913534605323011,1.0,False
408,84,0.6642857142857143,0.11862244897959184,0.8044084821428571,5.900009599889998e-06,0.005357208716700118,True
409,77,0.8321428571428571,0.16210575139146566,0.6300561710819509,0.0004112144493935524,0.21300908478586014,False
410,330,3.3392857142857144,0.1517857142857143,0.18468189653715508,0.10987792937549885,1.0,False
411,197,3.832142857142857,0.29178752719361856,0.6262650456482574,0.00044047474824963234,0.22243974786606432,False
412,637,0.2571428571428573,0.006055169320475446,0.0029463831025535363,0.8476404161922775,1.0,False
413,128,1.1785714285714286,0.1381138392857143,0.5913164982189917,0.0008061525644313014,0.36599326425181083,False
414,158,1.3178571428571428,0.1251130198915009,0.7415961046883169,3.731297213016429e-05,0.02828323287466453,True
415,141,1.0892857142857142,0.11588145896656533,0.5894821555307713,0.0008310090536159907,0.37395407412719583,False
416,130,1.1107142857142858,0.12815934065934068,0.8522174577067669,9.31104963835628e-07,0.0009385538035463131,True
417,51,0.42499999999999993,0.12499999999999999,0.4977854330708661,0.00329668883761232,1.0,False
418,54,0.7928571428571429,0.22023809523809526,0.6940626408292022,0.00011494797473271644,0.07525882574313653,False
419,64,0.3071428571428572,0.07198660714285716,0.1704880747479715,0.1261069552933613,1.0,False
420,266,-0.024999999999999998,-0.0014097744360902253,0.0003829880361832507,0.9448105817026764,1.0,False
421,55,0.7714285714285715,0.2103896103896104,0.5922816519972921,0.0007933334709088597,0.36493339661807545,False
422,30,0.3214285714285714,0.1607142857142857,0.43831168831168826,0.007171116468348475,1.0,False
423,308,4.071428571428571,0.19828385899814469,0.8871684154573187,1.5841775637503313e-07,0.00016808123951391014,True
424,1289,14.914285714285713,0.17355646680704861,0.7863803432811879,1.0565688564562394e-05,0.009171017674040159,True
425,442,0.7000000000000001,0.023755656108597287,0.08439268432707293,0.2935435433490945,1.0,False
426,510,3.703571428571428,0.1089285714285714,0.6860670902873472,0.00013658813719574341,0.0871432315308843,False
427,101,0.9178571428571428,0.13631541725601132,0.5825385718989604,0.0009311839413190115,0.4103135266231314,False
428,70,0.5214285714285714,0.111734693877551,0.47187131050767406,0.00466900541090889,1.0,False
429,103,0.1607142857142857,0.02340499306518724,0.07554466772781535,0.3214787693657099,1.0,False
430,75,0.9678571428571427,0.19357142857142856,0.7624688538205979,2.1332961803899753e-05,0.0171090353667276,True
431,165,1.8249999999999997,0.1659090909090909,0.8555733944954126,8.00624368193534e-07,0.0008102318606118564,True
432,124,1.1535714285714285,0.139544930875576,0.577739670397826,0.0010063570421466523,0.43072081403876716,False
433,140,1.8107142857142855,0.19400510204081628,0.8290476907198759,2.427838141740828e-06,0.0023210132635042317,True
434,175,1.9285714285714284,0.16530612244897958,0.8457730682960783,1.2327967391653919e-06,0.001230331145687061,True
435,123,0.5785714285714284,0.0705574912891986,0.32956600361663646,0.025223428618848492,1.0,False
436,256,2.2357142857142858,0.13099888392857142,0.7719848916252534,1.6269314078906542e-05,0.013470992057334617,True
437,119,1.4892857142857139,0.18772509003601434,0.7033737649393794,9.350865118731189e-05,0.06349237415618478,False
438,139,1.8464285714285713,0.1992548818088386,0.753475772017921,2.7297015000303364e-05,0.021400859760237836,True
439,32,0.2571428571428571,0.12053571428571427,0.2733408323959505,0.045537269715163024,1.0,False
440,162,1.2285714285714284,0.11375661375661374,0.5866582057587055,0.0008705669239698178,0.3865317142425991,False
441,101,0.9249999999999999,0.13737623762376236,0.7418713872832366,3.704960259495051e-05,0.028157697972162388,True
442,90,0.5285714285714286,0.0880952380952381,0.37251700680272104,0.015673689614811425,1.0,False
443,91,0.5535714285714286,0.09124803767660912,0.21508248185637896,0.0816345997391088,1.0,False
444,231,2.182142857142857,0.14169758812615954,0.6505119465819114,0.0002804207904969498,0.15787690504978272,False
445,815,6.425,0.11825153374233129,0.9358159712851515,3.9567466229048675e-09,4.3168105655892105e-06,True
446,155,0.8035714285714285,0.07776497695852533,0.5088280621817206,0.002828462289120801,0.9418779422772268,False
447,388,3.8392857142857135,0.14842599410898377,0.8616830741148724,6.02692455292961e-07,0.0006141436119435273,True
448,462,4.571428571428571,0.1484230055658627,0.8039443519768863,5.993069450064643e-06,0.005429720921758567,True
449,136,0.5892857142857142,0.06499474789915966,0.38441806611943663,0.013676598303664904,1.0,False
450,1261,9.607142857142858,0.11428004984706017,0.8434212497567838,1.361843829241564e-06,0.0013503948151485225,True
451,130,0.9571428571428571,0.11043956043956044,0.3914256648742915,0.012609371625308376,1.0,False
452,26,0.32142857142857134,0.1854395604395604,0.38605744789018787,0.013420003493270874,1.0,False
453,194,2.078571428571428,0.16071428571428564,0.8709767001741652,3.8173601326100263e-07,0.00039624198176492075,True
454,187,1.5,0.12032085561497326,0.6879732090856148,0.00013113606233282237,0.0843204880800048,False
455,72,0.8392857142857142,0.17485119047619047,0.708448788998358,8.333730122976321e-05,0.05754214143365544,False
456,393,-0.11071428571428574,-0.004225736095965105,0.00444347858252571,0.8134056252916374,1.0,False
457,283,2.8964285714285705,0.1535209490156486,0.742948036339319,3.603473106579363e-05,0.027530534534266335,True
458,1550,15.349999999999998,0.14854838709677418,0.9065226352527342,4.619392283573387e-08,4.993563058542831e-05,True
459,569,6.414285714285714,0.16909364800401708,0.8714815978236126,3.7203808466729623e-07,0.00038654756996932076,True
460,397,0.7749999999999999,0.02928211586901763,0.11008138418572175,0.22700289604974574,1.0,False
461,78,0.95,0.18269230769230768,0.7295034642032333,5.057649479418228e-05,0.037021994189341434,True
462,137,1.7178571428571425,0.18808654848800832,0.8416636755204588,1.4656236842569783e-06,0.0014413683386788828,True
463,181,0.39999999999999997,0.03314917127071823,0.24489795918367346,0.060729431268839854,1.0,False
464,203,2.65,0.19581280788177338,0.8483719726169245,1.1024280897232782e-06,0.0011035305178130016,True
465,55,0.65,0.17727272727272728,0.6452727272727273,0.0003099247561931123,0.17077005683495755,False
466,98,1.1857142857142857,0.1814868804664723,0.7239893505219647,5.7848146645642094e-05,0.04165066558486231,True
467,153,1.7357142857142855,0.17016806722689076,0.780782249960332,1.2538003299506646e-05,0.010632226797981635,True
468,71,0.932142857142857,0.1969315895372233,0.6854506547171836,0.00013839235357485466,0.08801753687360755,False
469,1187,14.889285714285714,0.18815441087976892,0.8283997898023241,2.4890989831827544e-06,0.0023721113309731648,True
470,99,0.9892857142857141,0.14989177489177488,0.749540872147546,3.0322820266072136e-05,0.02353050852647198,True
471,108,1.1428571428571428,0.15873015873015872,0.7308438963115221,4.893195059729026e-05,0.03601391563960563,True
472,230,2.707142857142857,0.17655279503105586,0.6458290869851927,0.00030667031776759483,0.16958868572547994,False
473,86,1.1892857142857143,0.20743355481727574,0.716238502876434,6.956897679802703e-05,0.04884713439548249,True
474,90,1.4142857142857141,0.23571428571428568,0.7822027134876296,1.2010055418759519e-05,0.010280607438458147,True
475,137,1.1071428571428572,0.12122002085505737,0.6759735144057625,0.00016881349537727633,0.10263860518938402,False
476,23,0.007142857142857156,0.00465838509316771,0.0007239382239382267,0.9241697251262198,1.0,False
477,1021,-2.4499999999999993,-0.035994123408423104,0.23490086094442983,0.06710243166152521,1.0,False
478,144,1.5214285714285714,0.15848214285714285,0.8105659972843564,4.776993024787023e-06,0.004390056589779274,True
479,453,4.810714285714285,0.1592951750236518,0.7492752581815298,3.053698569284259e-05,0.023666163911953007,True
480,661,6.510714285714285,0.14774692025070238,0.8651570682990762,5.099701858074231e-07,0.0005227194404526087,True
481,55,0.5214285714285714,0.1422077922077922,0.5978683620044872,0.0007225278200980755,0.3388655476259974,False
482,106,0.15357142857142855,0.021731805929919135,0.05043460867035207,0.421003271773172,1.0,False
483,168,2.0035714285714286,0.178890306122449,0.6525798719394864,0.0002694580569997117,0.1526358757950136,False
484,520,0.75,0.021634615384615388,0.032899317643782205,0.517667349593405,1.0,False
485,76,0.6535714285714286,0.12899436090225563,0.5893737094049186,0.0008324990270468091,0.37395407412719583,False
486,101,1.4535714285714285,0.21587694483734088,0.8321505599614188,2.1519079978132027e-06,0.0020765912178897406,True
487,70,0.27142857142857146,0.05816326530612245,0.24174107142857143,0.06267812314201406,1.0,False
488,621,2.753571428571428,0.06651138716356107,0.6248538884590804,0.00045181420302699813,0.22590710151349908,False
489,128,1.2571428571428567,0.14732142857142852,0.4223539250263605,0.008727074504261589,1.0,False
490,77,0.8321428571428571,0.16210575139146566,0.8224941418875242,3.110824897048908e-06,0.0029241754032259737,True
491,162,1.239285714285714,0.11474867724867722,0.735852400508458,4.318473157705017e-05,0.032172625024902375,True
492,83,0.46785714285714286,0.08455249569707401,0.409322923292202,0.01021058535861028,1.0,False
493,133,0.95,0.10714285714285714,0.4563568504695402,0.005709756798592829,1.0,False
494,62,0.6214285714285713,0.15034562211981564,0.846518043543096,1.194153493786055e-06,0.001192959340292269,True
495,140,2.617857142857143,0.280484693877551,0.6767773168519702,0.0001660284974405533,0.10111135494129696,False
496,129,0.6892857142857143,0.08014950166112957,0.5598995911495911,0.0013336830536511467,0.5348069045141098,False
497,107,0.6964285714285714,0.097630173564753,0.6294973953734769,0.0004154191350926765,0.21352543543763572,False
498,100,0.8999999999999998,0.13499999999999995,0.6529750479846447,0.00026740552329734363,0.15215374275618854,False
499,61,0.7785714285714285,0.1914519906323185,0.5389349219789525,0.0018325675023413276,0.6780499758662912,False
500,219,2.489285714285714,0.17049902152641877,0.7564667522048929,2.5173028210857808e-05,0.01983634623015595,True
501,103,1.632142857142857,0.2376907073509015,0.5703680304707527,0.001132028082789224,0.46979165435752795,False
502,2658,22.032142857142855,0.12433489197033215,0.6604213035694156,0.00023116047956076827,0.13470904442206524,False
503,93,0.9142857142857143,0.14746543778801843,0.6875944267248617,0.0001322043970737728,0.08474301852428837,False
504,74,0.9464285714285713,0.1918436293436293,0.7578673592724761,2.4227952937300653e-05,0.019188538726342116,True
505,116,1.05,0.13577586206896552,0.7856294536817103,1.081378955847192e-05,0.009353927968078211,True
506,386,3.353571428571428,0.13032013323464098,0.8023075308528137,6.331303182000409e-06,0.005720697998042841,True
507,112,0.8999999999999998,0.12053571428571426,0.7049316203895561,9.027928421772273e-05,0.061548408126119655,False
508,53,0.5214285714285714,0.14757412398921832,0.515310727178958,0.0025814636457495,0.8776976395548299,False
509,526,2.778571428571429,0.0792368278109723,0.7614580258178794,2.194221402923842e-05,0.0175318290093615,True
510,1303,-1.6785714285714288,-0.01932353908562658,0.0598683059880231,0.3794555963987102,1.0,False
511,86,0.6464285714285715,0.11274916943521596,0.4980288227663371,0.0032856841286956263,1.0,False
512,211,1.9785714285714286,0.1406567366283006,0.9441787396019624,1.590734933169525e-09,1.7402640168874606e-06,True
513,317,3.685714285714286,0.174402884182064,0.8055637356741475,5.67370242682057e-06,0.005168742910833539,True
514,132,1.075,0.1221590909090909,0.90283203125,5.95185351805429e-08,6.398242531908362e-05,True
515,59,0.7785714285714285,0.1979418886198547,0.5956781870445885,0.0007496078294418986,0.34931724851992474,False
516,58,0.7392857142857142,0.19119458128078815,0.7661822906732786,1.9216976689027655e-05,0.01564261902486851,True
517,103,1.1357142857142855,0.16539528432732314,0.6429334373198601,0.00032393512674802903,0.17589677382417976,False
518,933,5.346428571428571,0.08595544327055579,0.8501448389093909,1.020385250768033e-06,0.001023446406520337,True
519,39,0.5571428571428573,0.21428571428571433,0.6604429005644813,0.00023106182576683576,0.13470904442206524,False
520,371,2.521428571428571,0.10194455140546782,0.8051480090287231,5.754273915502872e-06,0.005230634989192111,True
521,42,0.5035714285714286,0.17984693877551022,0.5897306597057428,0.0008276034505297798,0.3732491561889307,False
522,819,4.046428571428571,0.07411041339612767,0.3499804247021719,0.020178503432045178,1.0,False
523,153,-0.4642857142857143,-0.04551820728291317,0.05790209406863285,0.3876444611866632,1.0,False
524,43,0.5678571428571428,0.19808970099667772,0.7068576647778106,8.641897862607002e-05,0.059197000358857964,False
525,54,0.7035714285714285,0.1954365079365079,0.7632355254877281,2.088054628683434e-05,0.01678795921461481,True
526,49,0.8714285714285713,0.2667638483965014,0.6164338174388424,0.0005248347153601528,0.25821867995719516,False
527,107,0.5892857142857143,0.0826101468624833,0.5796828866681807,0.0009753094037896543,0.4207969308864702,False
528,222,1.6785714285714284,0.1134169884169884,0.7901928800366299,9.379428128317728e-06,0.0082538967529196,True
529,330,2.2107142857142854,0.10048701298701297,0.5562732288037167,0.0014104280519970289,0.5528877963828354,False
530,135,1.9928571428571429,0.22142857142857142,0.7423326339881747,3.6611874033812854e-05,0.027895766537842776,True
531,566,3.2142857142857144,0.08518425037859667,0.8002518652784223,6.778997376262262e-06,0.0061146556333885604,True
532,119,1.0357142857142856,0.13055222088835533,0.5657153619860803,0.001218135745732294,0.49821752000450825,False
533,170,0.9642857142857142,0.08508403361344537,0.5820204385778155,0.0009390595929001006,0.41036904209734393,False
534,264,0.5750000000000001,0.032670454545454544,0.12317056945183609,0.19963234174564126,1.0,False
535,113,0.17857142857142858,0.02370417193426043,0.03819982071550811,0.4851305314722033,1.0,False
536,75,0.8857142857142856,0.1771428571428571,0.6951175406871609,0.00011232527770194046,0.07391003272787681,False
537,77,0.8214285714285714,0.16001855287569572,0.7751445764301343,1.4833100599211707e-05,0.012355972799143352,True
538,544,7.364285714285716,0.20305934873949585,0.7630374359087256,2.0996648083042744e-05,0.01686030841068332,True
539,65,0.682142857142857,0.1574175824175824,0.5536371914204772,0.0014685847830650876,0.5683423110461889,False
540,148,2.0535714285714284,0.20813223938223935,0.6322120777922818,0.0003953325909766272,0.2063636124897994,False
541,111,1.45,0.19594594594594594,0.8068804824561404,5.424812067832168e-06,0.00495285341793077,True
542,50,0.2357142857142857,0.07071428571428572,0.20651074589127688,0.0888015349176996,1.0,False
543,1890,-3.471428571428571,-0.027551020408163263,0.059489220229699775,0.3810165352386722,1.0,False
544,83,0.31071428571428567,0.05615318416523235,0.17583787634741663,0.11973152657570094,1.0,False
545,28,0.03928571428571428,0.021045918367346934,0.02746670702179176,0.5549936402119153,1.0,False
546,532,7.907142857142857,0.2229457572502685,0.8385208301211313,1.6680003290927816e-06,0.001627968321194555,True
547,91,0.24285714285714283,0.040031397174254316,0.13218478426589414,0.18283192411536917,1.0,False
548,33,0.4178571428571428,0.1899350649350649,0.5530462184873949,0.0014819038761370625,0.5720148961889061,False
549,98,0.8821428571428572,0.13502186588921283,0.6814719111164067,0.00015053611436174257,0.09453667981917434,False
550,46,0.10000000000000002,0.03260869565217392,0.04449152542372883,0.4504834708468045,1.0,False
551,797,7.985714285714285,0.1502957519268686,0.939113683242488,2.804037005066811e-09,3.0648124465380242e-06,True
552,10983,-21.63928571428571,-0.02955379092363522,0.23289814371109785,0.06845208106794473,1.0,False
553,619,2.710714285714286,0.0656877452111701,0.535659425536452,0.0019235372600752646,0.7001675626673963,False
554,171,1.964285714285714,0.17230576441102755,0.762102950661077,2.1551812846277914e-05,0.01724145027702233,True
555,73,0.9464285714285714,0.19447162426614484,0.7943525277509653,8.21647469335842e-06,0.0073290954264757105,True
556,178,0.3214285714285714,0.02708667736757624,0.07578214659947109,0.32068847991971,1.0,False
557,144,1.6464285714285714,0.1715029761904762,0.7700929093228199,1.7184773440795473e-05,0.014125883768333878,True
558,2625,25.228571428571428,0.14416326530612245,0.9069354437686565,4.4875172947709396e-08,4.8554937129421565e-05,True
559,94,0.85,0.1356382978723404,0.47832597730138726,0.004287470565316113,1.0,False
560,229,0.8535714285714286,0.05591079226450406,0.17452113444898892,0.12127066312952055,1.0,False
561,153,1.0464285714285713,0.10259103641456582,0.5193149922570653,0.0024384479120875447,0.8363876338460278,False
562,352,3.267857142857143,0.13925527597402598,0.8260523663937358,2.722194593988021e-06,0.002577918280506656,True
563,235,2.6857142857142855,0.17142857142857143,0.9387932179379344,2.9017935350207576e-09,3.1687585402426673e-06,True
564,527,4.792857142857143,0.13641908376253728,0.9003715544226574,7.010537578852273e-08,7.522306822108489e-05,True
565,43,0.2535714285714285,0.0884551495016611,0.43139548151528956,0.007812635869942406,1.0,False
566,83,0.7571428571428571,0.1368330464716007,0.5950850928606736,0.0007570897982222852,0.3520467561733626,False
567,73,0.7357142857142857,0.15117416829745597,0.7025207487197597,9.531841834572473e-05,0.06453056922005565,False
568,82,0.8678571428571425,0.1587543554006968,0.6989260463354583,0.00010327816125806209,0.06888653355912741,False
569,1051,10.374999999999998,0.1480732635585157,0.8963933842773979,9.059442493790325e-08,9.684544025861857e-05,True
570,115,1.507142857142857,0.196583850931677,0.7025194613928044,9.53211720322233e-05,0.06453056922005565,False
571,52,0.7321428571428571,0.21119505494505492,0.7022268514392654,9.594885488518136e-05,0.06476547704749741,False
572,3542,15.210714285714285,0.06441578607727676,0.7900129608177853,9.432738210825043e-06,0.008291376887315212,True
573,193,1.6749999999999998,0.13018134715025906,0.5494556094376574,0.001565096663009421,0.59473673194358,False
574,442,1.0750000000000002,0.0364819004524887,0.17781451494724507,0.1174569398379908,1.0,False
575,461,3.0999999999999996,0.10086767895878523,0.727452959411722,5.3183513469749286e-05,0.03861123077903798,True
576,162,1.4642857142857142,0.13558201058201055,0.7895280679341696,9.577699131179746e-06,0.008399642138044637,True
577,116,1.1464285714285714,0.1482450738916256,0.6803122469101025,0.00015424287464111463,0.09609192559707423,False
578,221,-0.125,-0.008484162895927603,0.010646495781959772,0.7144159425890579,1.0,False
579,119,1.735714285714285,0.21878751500600233,0.8103853684422401,4.8071309124052456e-06,0.0044129461775880155,True
580,336,3.6999999999999997,0.16517857142857142,0.6809009521102742,0.00015235147958814232,0.09522284588374225,False
581,200,0.8142857142857142,0.06107142857142856,0.5081856100104274,0.002854023275442891,0.9475357274470398,False
582,75,1.1107142857142858,0.22214285714285714,0.6592216466739369,0.00023669749969903352,0.13728454982543944,False
583,97,0.9178571428571426,0.1419366715758468,0.7153941135694063,7.096046552183313e-05,0.04967232586528319,True
584,1282,-7.392857142857145,-0.08649988856697127,0.2787281184105447,0.04308866169752249,1.0,False
585,210,2.6357142857142857,0.188265306122449,0.8348313917841814,1.935443656481292e-06,0.0018812512340998157,True
586,153,1.4142857142857141,0.13865546218487396,0.8856058552453238,1.7336295237213588e-07,0.00018376472951446403,True
587,201,0.6035714285714285,0.045042643923240935,0.1684339026231364,0.1286428311356243,1.0,False
588,913,10.053571428571427,0.1651736817399468,0.8028201990472876,6.223660529020994e-06,0.005632412778764,True
589,71,1.0035714285714286,0.21202213279678067,0.527175170915824,0.0021775978903910164,0.7683159286488085,False
590,69,0.2678571428571428,0.058229813664596265,0.21462912087912075,0.08199946361890788,1.0,False
591,227,4.292857142857144,0.2836689741976086,0.6627525070275061,0.00022071789391189456,0.1293729833492832,False
592,50,0.5678571428571427,0.17035714285714282,0.5666691572026296,0.0012000369789032502,0.4920151613503326,False
593,358,4.72142857142857,0.1978252194732641,0.8451061377017719,1.2682884040341046e-06,0.0012619469620139341,True
594,1022,4.1607142857142865,0.06106723511322338,0.4782320117791654,0.004292823313031124,1.0,False
595,780,2.3607142857142853,0.04539835164835164,0.3875887091051026,0.013184196276979568,1.0,False
596,642,6.939285714285714,0.1621328437917223,0.8819125705016314,2.135162559409427e-07,0.00022525965001769457,True
597,1211,-2.8928571428571423,-0.03583225197593488,0.13444392957960433,0.17885731925067636,1.0,False
598,140,1.989285714285714,0.21313775510204078,0.7806708380862913,1.2580235486579992e-05,0.010655459457133254,True
599,681,7.335714285714285,0.16157960981749528,0.7340860750895051,4.514188727874404e-05,0.03347284430611028,True
600,353,3.3178571428571426,0.1409854309995953,0.7713951429143466,1.6550099020208502e-05,0.013686931889712432,True
601,68,0.3071428571428571,0.06775210084033613,0.21698482240650918,0.08012031586989674,1.0,False
602,151,1.6642857142857144,0.1653263954588458,0.6447216328340248,0.0003131775861540787,0.17144278341733324,False
603,138,0.8678571428571428,0.09433229813664597,0.5950600612705578,0.000757406985762299,0.3520467561733626,False
604,56,-0.21785714285714283,-0.058354591836734686,0.13432566422795536,0.17906314865060052,1.0,False
605,326,0.39642857142857135,0.01824057843996494,0.05507790148769788,0.39982328277833823,1.0,False
606,37,0.5464285714285714,0.2215250965250965,0.675675415640394,0.0001698564683338186,0.1031028762786279,False
607,83,0.6321428571428572,0.11424268502581758,0.4870398391509826,0.003815687761420169,1.0,False
608,428,5.2178571428571425,0.1828688251001335,0.7839879009825738,1.1373514805181097e-05,0.009758475702845382,True
609,114,1.0964285714285713,0.14426691729323307,0.8060430350301035,5.582003894223783e-06,0.00509078755153209,True
610,447,3.2499999999999996,0.10906040268456374,0.8596384141378908,6.636808714235365e-07,0.0006749634462377366,True
611,44,0.5285714285714286,0.1801948051948052,0.6162965186074432,0.0005261048072482805,0.25831746035890574,False
612,3849,48.52499999999999,0.18910756040530002,0.8740077902665014,3.265957463542151e-07,0.00034063936344744635,True
613,318,1.864285714285714,0.08793800539083557,0.5825892857142855,0.0009304161601431551,0.4103135266231314,False
614,358,3.714285714285713,0.15562649640861925,0.8988126631535555,7.760716619396748e-08,8.311727499373918e-05,True
615,197,2.025,0.15418781725888325,0.7585054611116007,2.3807529105892872e-05,0.018879370580973047,True
616,68,0.5357142857142857,0.11817226890756302,0.5920221723266911,0.00079676246276236,0.36493339661807545,False
617,58,0.49285714285714277,0.1274630541871921,0.5324709215627794,0.0020158245542112032,0.7277126640702444,False
618,212,2.939285714285714,0.20796832884097033,0.8342257251898368,1.982653675078182e-06,0.0019211914111507582,True
619,73,0.8678571428571428,0.17832681017612526,0.5961815464972268,0.0007433079578747035,0.34712481632748654,False
620,93,1.0535714285714286,0.16993087557603687,0.5142348964734802,0.0026211074351634245,0.8833132056500741,False
621,1861,6.639285714285714,0.053513855837875185,0.5686463972640851,0.001163256497686928,0.4804249335447013,False
622,53,0.6357142857142857,0.17991913746630728,0.6746252555076084,0.00017357483253033784,0.10501277368085439,False
623,334,-2.753571428571428,-0.12366338751069289,0.42283046407611546,0.008676628025742011,1.0,False
624,141,1.05,0.11170212765957446,0.6463567839195982,0.0003036107006593255,0.1682003281652663,False
625,339,2.342857142857143,0.10366624525916561,0.6552328980705514,0.00025593371303849746,0.14652402973980155,False
626,22,0.24642857142857139,0.1680194805194805,0.5040584415584416,0.0030230711673976344,0.9915673429064241,False
627,374,4.142857142857142,0.16615737203972497,0.4827470084227205,0.0040421168674064055,1.0,False
628,105,1.5999999999999999,0.22857142857142856,0.7225806451612905,5.984293151888278e-05,0.04277791716466539,True
629,60,0.8178571428571427,0.20446428571428568,0.600286172161172,0.0006936162575240631,0.32669325729383375,False
630,62,0.7535714285714286,0.18231566820276496,0.5766570530533297,0.0010240217166730303,0.4341852078693649,False
631,70,1.0571428571428572,0.22653061224489796,0.6583049489080345,0.00024100484569725765,0.13930080081301494,False
632,245,2.8607142857142858,0.1751457725947522,0.8316351837129724,2.195797122105365e-06,0.002112356831465361,True
633,493,8.217857142857143,0.2500362213851058,0.6445821234756117,0.00031400567327748456,0.17144709760950658,False
634,163,-0.12857142857142864,-0.011831726555652943,0.009770415343170772,0.7259824055339903,1.0,False
635,95,0.9607142857142856,0.15169172932330827,0.7847129843840369,1.112331122546964e-05,0.009583282691691973,True
636,279,3.889285714285714,0.20910138248847923,0.8581392622694591,7.116603153485574e-07,0.0007230468803941343,True
637,98,0.9000000000000001,0.13775510204081634,0.4556656844361106,0.005760500030470064,1.0,False
638,71,0.6607142857142857,0.13958752515090542,0.6908372806545376,0.00012329464705929512,0.07996808068857632,False
639,401,0.2642857142857142,0.009885999287495542,0.005784539631209185,0.7876225549651772,1.0,False
640,35,0.5107142857142857,0.21887755102040812,0.47016400980993256,0.004774750933442884,1.0,False
641,114,1.6285714285714283,0.21428571428571427,0.7738938843565772,1.538809602219861e-05,0.012787507794447046,True
642,336,5.164285714285715,0.23054846938775514,0.8183086200202885,3.6274748116291576e-06,0.0033808065244383748,True
643,109,1.2428571428571427,0.17103538663171688,0.8146301212599554,4.140129536155104e-06,0.0038379000800157818,True
644,590,6.378571428571428,0.16216707021791765,0.9150794075796754,2.4650626430325606e-08,2.6770580303333608e-05,True
645,595,6.935714285714285,0.17484993997599038,0.7885307826979044,9.881816966533803e-06,0.008646589845717078,True
646,366,0.6285714285714284,0.025761124121779857,0.02963053659432488,0.5395808417424945,1.0,False
647,545,5.203571428571427,0.14321756225425947,0.9043662311843228,5.363018639177486e-08,5.78133409303333e-05,True
648,109,0.8428571428571426,0.11598951507208385,0.7926977379687263,8.663467624012698e-06,0.007693159250123276,True
649,86,0.39285714285714274,0.06852159468438536,0.24424049951555585,0.06113055436810985,1.0,False
650,110,0.982142857142857,0.13392857142857142,0.6696428571428571,0.00019218257412988382,0.11492517932967053,False
651,380,-0.48571428571428565,-0.019172932330827067,0.06331355545413052,0.3656445548028614,1.0,False
652,185,1.2535714285714283,0.10164092664092662,0.6633219669777458,0.00021822941323941655,0.12831889498477694,False
653,85,0.8321428571428571,0.1468487394957983,0.8101223637087145,4.851302516117131e-06,0.004443793104763292,True
654,48,0.5607142857142857,0.17522321428571427,0.4528402410346854,0.005972065210977765,1.0,False
655,92,1.0785714285714285,0.17585403726708074,0.7872911007780488,1.0271289204468554e-05,0.008966835475501048,True
656,58,0.4428571428571428,0.11453201970443348,0.5397865568245647,0.0018095351156081577,0.6713375278906265,False
657,199,0.6464285714285715,0.04872577171572146,0.35355631978818935,0.01939447595647469,1.0,False
658,54,0.3392857142857142,0.09424603174603172,0.3597337372448978,0.01810394769844423,1.0,False
659,79,0.7928571428571427,0.1505424954792043,0.9316211311624154,5.9826604020627624e-09,6.521099838248411e-06,True
660,63,0.7357142857142857,0.17517006802721086,0.45594808320440083,0.005739719704243144,1.0,False
661,100,0.8678571428571428,0.13017857142857142,0.7189407467532466,6.527150619486596e-05,0.04614695487977023,True
662,52,0.6678571428571427,0.19265109890109886,0.6380583398209417,0.0003548899183679521,0.18880143657175052,False
663,211,-0.32499999999999996,-0.023104265402843598,0.04921510982915465,0.42682334705262703,1.0,False
664,68,0.1357142857142857,0.029936974789915964,0.04167949507389162,0.4654898357261228,1.0,False
665,296,-0.8857142857142856,-0.04488416988416988,0.12898751733703187,0.18861471703465124,1.0,False
666,272,4.135714285714286,0.22807247899159666,0.7979623346906135,7.309086414743705e-06,0.006548941427610359,True
667,162,1.882142857142857,0.17427248677248675,0.8932720512556607,1.1003708593008222e-07,0.00011718949651553757,True
668,65,0.16428571428571426,0.03791208791208791,0.08274244004171008,0.2985281426284696,1.0,False
669,58,0.5142857142857141,0.13300492610837433,0.5152398621786377,0.00258405886230648,0.8776976395548299,False
670,150,0.9285714285714285,0.09285714285714285,0.6005685856432124,0.0006903051748899973,0.3265143477229687,False
671,384,3.289285714285714,0.1284877232142857,0.7132103170866237,7.467005360325338e-05,0.05211969741507086,False
672,105,1.3178571428571428,0.188265306122449,0.7027301816680431,9.487133120568589e-05,0.06432276255745503,False
673,50,0.4607142857142857,0.1382142857142857,0.5751497695852535,0.0010490609585568067,0.44375278546952923,False
674,146,1.2285714285714284,0.12622309197651663,0.8824371619471842,2.073729832588968e-07,0.00021898587032139502,True
675,353,2.7321428571428568,0.11609672197490892,0.8782871830377151,2.6034973793623883e-07,0.0002733672248330508,True
676,51,0.7571428571428571,0.2226890756302521,0.6699260672549486,0.00019108086748628714,0.11445743962428599,False
677,724,3.039285714285714,0.0629686266771902,0.6829885596587767,0.0001458036424244258,0.09200209836981267,False
678,63,0.29285714285714287,0.06972789115646258,0.21752070393374737,0.07969857743288535,1.0,False
679,135,1.2785714285714285,0.14206349206349206,0.7406611188164587,3.821946620544626e-05,0.028772307894890655,True
680,119,1.1571428571428573,0.14585834333733494,0.6780460918391955,0.00016171259711476592,0.09930042726011173,False
681,188,2.564285714285714,0.20459726443768994,0.7896087929682392,9.553435184504138e-06,0.008387916091994633,True
682,581,2.4499999999999997,0.06325301204819277,0.4480751457415042,0.006344313951767285,1.0,False
683,958,7.367857142857142,0.1153631076647778,0.7049474664551221,9.024693273624583e-05,0.061548408126119655,False
684,116,-0.28571428571428575,-0.03694581280788178,0.12097993749369902,0.20395569200062236,1.0,False
685,64,1.0142857142857142,0.23772321428571427,0.7078730574798726,8.444133657448976e-05,0.05818008089982344,False
686,69,0.47857142857142854,0.10403726708074534,0.2569253663003663,0.053809454730055384,1.0,False
687,565,7.764285714285714,0.2061314791403287,0.751427087528883,2.8838499943214185e-05,0.022436352955820634,True
688,80,1.175,0.22031250000000002,0.6559530542986426,0.00025236471851700434,0.1453620778657945,False
689,306,2.7749999999999995,0.13602941176470587,0.8249827823691457,2.8344072360712163e-06,0.0026813492453233705,True
690,637,7.67142857142857,0.18064588472751733,0.4297054125257791,0.007976861046900617,1.0,False
691,152,1.775,0.17516447368421054,0.6068341282215903,0.0006202662193871529,0.29834805152522054,False
692,127,0.8035714285714284,0.0949100112485939,0.7070004096529119,8.613858948773626e-05,0.059091072388587074,False
693,129,1.7357142857142855,0.20182724252491693,0.7784765068818226,1.3437091871035956e-05,0.011314031355412275,True
694,44,0.21785714285714283,0.07426948051948051,0.35981820526044345,0.018086845963761103,1.0,False
695,690,1.375,0.029891304347826088,0.15625000000000003,0.14475879376192863,1.0,False
696,394,2.6392857142857142,0.10048042059463379,0.5123368265420486,0.0026923411980764008,0.9019343013555943,False
697,258,2.2249999999999996,0.12936046511627905,0.8419430272108839,1.44869315352555e-06,0.0014284114493761924,True
698,251,2.9214285714285713,0.17458736482640863,0.8147913027101095,4.116441529030592e-06,0.0038200577389403893,True
699,59,0.4428571428571428,0.11259079903147698,0.3788934156919436,0.014573666179925988,1.0,False
700,244,2.842857142857142,0.17476580796252925,0.8905838874354377,1.2951474541939887e-07,0.0001378036891262404,True
701,51,0.6142857142857142,0.18067226890756302,0.6704133430021755,0.00018919800075193564,0.11351880045116139,False
702,178,1.0607142857142855,0.08938603531300159,0.5235411193061315,0.002295019171027843,0.7963716523466615,False
703,83,0.4892857142857143,0.0884251290877797,0.419650310040544,0.009018198151167209,1.0,False
704,169,1.6749999999999998,0.14866863905325442,0.4822634443807809,0.004068342405886294,1.0,False
705,123,1.0785714285714285,0.13153310104529617,0.7603374683206614,2.263488953252794e-05,0.01801737206789224,True
706,117,1.2464285714285712,0.15979853479853479,0.7653124057504775,1.9695858792905215e-05,0.01601273319863194,True
707,111,1.175,0.15878378378378377,0.7008248730964466,9.900557250110856e-05,0.06663075029324607,False
708,108,0.04642857142857143,0.006448412698412698,0.00304219470046083,0.8452101122148188,1.0,False
709,82,1.0499999999999996,0.19207317073170724,0.6628256513026048,0.0002203969051946903,0.1293729833492832,False
710,73,1.2178571428571427,0.2502446183953033,0.5583846616810941,0.0013652925833402458,0.5420211555860776,False
711,1920,8.553571428571427,0.06682477678571427,0.5205255506511987,0.0023965895237455593,0.8244267961684724,False
712,194,-1.2,-0.09278350515463916,0.188681599800337,0.1056854074101246,1.0,False
713,208,1.9249999999999996,0.13882211538461536,0.8423698311322794,1.4231472381076873e-06,0.0014074926184885028,True
714,1658,-5.885714285714284,-0.05324831983456831,0.20125551520861748,0.09348812808252516,1.0,False
715,243,0.8464285714285713,0.052248677248677246,0.474913758116883,0.004485626968265126,1.0,False
716,423,2.3785714285714286,0.08434650455927052,0.7070739918892036,8.599435849037016e-05,0.0590781242828843,False
717,83,0.9607142857142859,0.17362306368330468,0.7651958434380466,1.9760794320547177e-05,0.01604576498828431,True
718,187,3.3035714285714284,0.26499236058059583,0.7431910884530217,3.5808938954495705e-05,0.02742964723914371,True
719,58,0.6178571428571428,0.15979064039408863,0.6528254420660773,0.00026818098837765584,0.15232680139850852,False
720,221,3.1214285714285714,0.2118616677440207,0.7335782405605296,4.571841399827249e-05,0.033831626358721646,True
721,128,0.8749999999999999,0.10253906249999999,0.6423541749900119,0.00032748723986331563,0.17684310952619045,False
722,80,0.9535714285714285,0.17879464285714286,0.8023221788715487,6.328205750047391e-06,0.005720697998042841,True
723,139,1.0642857142857145,0.11485097636176775,0.5516415981977209,0.0015139807688342628,0.581368615232357,False
724,205,2.2892857142857146,0.16750871080139376,0.6745780613808503,0.00017374356035614248,0.10501277368085439,False
725,288,0.34642857142857136,0.01804315476190476,0.04328126149996319,0.4568524525700205,1.0,False
726,133,1.6642857142857144,0.1877013963480129,0.8097840138422071,4.908636072044247e-06,0.004491402005920486,True
727,24,0.35357142857142854,0.22098214285714282,0.6783637873754153,0.00016064709140484982,0.09895860830538748,False
728,362,0.9714285714285713,0.04025256511444356,0.2648288501555907,0.04966777809579532,1.0,False
729,94,0.4214285714285714,0.06724924012158054,0.18912996232975943,0.10522521726192462,1.0,False
730,104,1.1285714285714283,0.16277472527472522,0.7509023822892432,2.924504029913281e-05,0.022723396312426192,True
731,98,0.8,0.12244897959183675,0.5305961310698779,0.0020718604214231694,0.7417260308694946,False
732,76,0.8964285714285715,0.17692669172932332,0.5556558398795806,0.0014238671943879373,0.5553082058112956,False
733,95,0.8964285714285715,0.14154135338345866,0.6296741737739874,0.0004140849317852212,0.21325373986938892,False
734,60,0.5571428571428572,0.1392857142857143,0.5571428571428572,0.0013916843968276732,0.5474306640255313,False
735,82,1.2178571428571427,0.2227787456445993,0.6391688165108028,0.0003476242035282053,0.18528370048053341,False
736,58,0.6428571428571429,0.166256157635468,0.6438109368376433,0.0003186172217308199,0.17364638584329684,False
737,156,2.2071428571428573,0.21222527472527472,0.8516572713001284,9.545539255083474e-07,0.0009612358029869059,True
738,23,0.45,0.2934782608695652,0.5362547288776798,0.00190671895758743,0.695952419519412,False
739,155,1.7499999999999998,0.16935483870967738,0.7828667072428486,1.176984079174763e-05,0.01008675355852772,True
740,327,1.207142857142857,0.05537352555701179,0.39907500558909,0.011529199214420941,1.0,False
741,71,0.7178571428571429,0.15165995975855132,0.8248244229094077,2.8513508308809406e-06,0.002691675184351608,True
742,136,1.5214285714285716,0.1678046218487395,0.6858987280533778,0.00013707889741357187,0.08731925765244528,False
743,59,0.6107142857142857,0.15526634382566584,0.7855978650236424,1.0824334614483501e-05,0.009353927968078211,True
744,331,4.421428571428571,0.2003668536901165,0.865968407317786,4.901564574438146e-07,0.0005029005253373537,True
745,144,1.982142857142857,0.20647321428571427,0.5999614341810022,0.0006974404667680555,0.3277970193809861,False
746,103,1.2642857142857142,0.18411927877947296,0.7773688215443657,1.3888190480031726e-05,0.011638303622266586,True
747,47,0.567857142857143,0.1812310030395137,0.5950524102435351,0.0007575039585254677,0.3520467561733626,False
748,830,11.539285714285713,0.20854130808950083,0.7212704671870941,6.17506704964043e-05,0.04390472672294345,True
749,214,2.103571428571428,0.14744659546061412,0.6403339846826271,0.00034013838894042775,0.18231417647206927,False
750,154,0.5,0.0487012987012987,0.1518657795776685,0.15103937383637525,1.0,False
751,173,1.632142857142857,0.14151527663088354,0.6998836035102144,0.00010110423634075839,0.06773983834830813,False
753,690,8.303571428571429,0.18051242236024845,0.8108275334493309,4.733640866133358e-06,0.004359683237708823,True
754,288,-1.8071428571428567,-0.0941220238095238,0.3923851208866656,0.012469149847499226,1.0,False
755,124,0.8107142857142857,0.09807027649769584,0.48310853042652124,0.004022606578126099,1.0,False
756,74,1.0892857142857142,0.22080115830115826,0.6795039736647316,0.00015687244658580546,0.09726091688319938,False
757,117,0.7571428571428571,0.09706959706959707,0.7282862328234381,5.211056894173073e-05,0.03788438362063824,True
758,93,0.10714285714285714,0.017281105990783408,0.022572231139646872,0.5930312712275121,1.0,False
759,91,0.6928571428571428,0.11420722135007849,0.6558927409610559,0.00025266197534035676,0.1453620778657945,False
760,124,1.2714285714285714,0.15380184331797234,0.792787082137853,8.638815984919176e-06,0.007679907410593148,True
761,154,-0.5928571428571427,-0.05774582560296845,0.2430382426266522,0.06187045417634863,1.0,False
762,119,0.8357142857142857,0.10534213685474189,0.5572486973512811,0.0013894179289988104,0.5474306640255313,False
763,3932,16.90714285714286,0.06449825606743206,0.3976160495820128,0.011728662674728354,1.0,False
764,1640,17.42142857142857,0.15934233449477353,0.879206218925571,2.47723328940464e-07,0.0002603572187164277,True
765,96,1.2285714285714284,0.19196428571428567,0.6110881599603405,0.0005762801869439334,0.28064845104169556,False
766,1573,19.017857142857142,0.18135273817091999,0.8424730374955571,1.4170277603267977e-06,0.0014028574827235297,True
767,72,0.7428571428571429,0.15476190476190477,0.6270871985157699,0.00043398177945489603,0.22046274396308718,False
768,155,1.6821428571428567,0.16278801843317967,0.8224456253089469,3.116433626760413e-06,0.0029263311755280278,True
769,538,0.5035714285714284,0.014040095592140199,0.022965619532270377,0.5897902776380615,1.0,False
770,399,3.8,0.14285714285714285,0.4285048115647123,0.008095360533019904,1.0,False
771,203,0.8535714285714286,0.06307178043631247,0.5429477593024435,0.0017262190911533958,0.6456059400913701,False
772,190,2.1249999999999996,0.1677631578947368,0.6426846831582512,0.0003254564450835036,0.17607193679017544,False
773,194,2.2571428571428567,0.17452135493372603,0.895526671369979,9.567487511535969e-08,0.00010215795435970706,True
774,33,0.3678571428571428,0.1672077922077922,0.45982142857142844,0.00546124869329477,1.0,False
775,55,0.8357142857142856,0.22792207792207791,0.7207265707265705,6.25577657702149e-05,0.044353455931082364,True
776,87,0.6321428571428571,0.10899014778325124,0.5815451440451441,0.0009463345696891746,0.4119942456820178,False
777,113,0.9964285714285717,0.13226927939317323,0.6265104524381868,0.0004385279570736875,0.2218951462792859,False
778,47,0.657142857142857,0.20972644376899693,0.680312935376701,0.00015424065103864242,0.09609192559707423,False
779,206,1.5785714285714283,0.11494452149791955,0.5023484962766906,0.0030956211280883674,1.0,False
780,65,0.07142857142857142,0.016483516483516484,0.01121914734480179,0.7071407468154207,1.0,False
781,361,2.5107142857142857,0.10432330827067669,0.39127870274972126,0.012630972585508063,1.0,False
782,50,0.35,0.10499999999999998,0.31371951219512195,0.029892147362373795,1.0,False
783,17,0.12142857142857141,0.10714285714285714,0.2328141783029001,0.06850921801883712,1.0,False
784,40,0.3607142857142857,0.13526785714285716,0.5254635989010987,0.0022322348626383254,0.7797058309431452,False
785,53,0.4428571428571428,0.12533692722371967,0.8107424071991,4.747714453848033e-06,0.00436789729754019,True
786,124,1.6857142857142855,0.2039170506912442,0.8144436428863888,4.167679957043353e-06,0.003859271640222145,True
787,63,0.6535714285714285,0.15561224489795916,0.7187714629120876,6.55338920506152e-05,0.046266927787734335,True
788,383,3.9464285714285716,0.15455986572174563,0.8753586913715252,3.042939244850025e-07,0.0003179871510868276,True
789,52,0.6678571428571428,0.19265109890109888,0.8230840446899323,3.043313519478911e-06,0.002866801335349134,True
790,88,0.4499999999999999,0.07670454545454544,0.4815968289920724,0.0041047387828332775,1.0,False
791,169,2.3107142857142855,0.20509298393913775,0.7325237519715534,4.6935653816174334e-05,0.03468544817015283,True
792,140,0.39642857142857135,0.042474489795918356,0.24266675420168046,0.062100760059246786,1.0,False
793,78,0.7357142857142857,0.14148351648351648,0.6753883371530431,0.00017086609874907393,0.1035448558419388,False
794,46,0.4107142857142857,0.13392857142857142,0.5433145267309377,0.0017167712972271044,0.6455060077573913,False
795,102,1.5535714285714284,0.22846638655462181,0.6935586734693875,0.00011621932950815102,0.07565878350980632,False
796,55,0.6035714285714286,0.16461038961038965,0.5625196953781515,0.0012805056586828714,0.5198852974252458,False
797,437,1.8678571428571427,0.06411408957175548,0.3621148442078358,0.017627345637098432,1.0,False
798,190,0.18214285714285716,0.014379699248120303,0.02721470424107144,0.5568400329116914,1.0,False
799,106,1.082142857142857,0.15313342318059298,0.6417457314345362,0.00033125426732402897,0.1785422849911335,False
800,81,0.7214285714285714,0.13359788359788358,0.6347063215530114,0.00037761869578157735,0.19976029006845442,False
801,169,0.2857142857142857,0.025359256128486895,0.15556131708581797,0.1457276912593948,1.0,False
802,29,0.24642857142857136,0.1274630541871921,0.32122616048938435,0.027591350902356964,1.0,False
803,373,2.9357142857142855,0.11805821524320183,0.6991145925304607,0.00010284697427350879,0.06870177881470388,False
804,221,2.5464285714285713,0.1728345184227537,0.7644861209136697,2.0160126670804976e-05,0.01628938235001042,True
805,102,1.1464285714285714,0.1685924369747899,0.7383699266223344,4.052071531670555e-05,0.030268974341579047,True
806,72,1.032142857142857,0.2150297619047619,0.665230342806168,0.00021006460620726954,0.12416500757571537,False
807,60,0.4107142857142857,0.10267857142857142,0.5024696048632219,0.0030904333314416246,1.0,False
808,693,6.357142857142857,0.13760049474335187,0.8801619649135285,2.3514789018514727e-07,0.00024737558047477495,True
809,1090,8.485714285714286,0.11677588466579292,0.781798307162799,1.2158395765088242e-05,0.01037111158762027,True
810,709,9.707142857142856,0.20536973604674588,0.30776808710892434,0.03183798417172316,1.0,False
811,54,-0.2357142857142857,-0.06547619047619048,0.1114408514121981,0.22398072123108298,1.0,False
812,234,1.6678571428571427,0.10691391941391941,0.5938466649239751,0.0007729205286248015,0.3563163636960335,False
813,86,1.0357142857142856,0.18064784053156144,0.7683078347300722,1.8088415536713396e-05,0.014796323909031558,True
814,124,1.7857142857142858,0.21601382488479262,0.7908856231756906,9.176557863652091e-06,0.008093724035741144,True
815,267,-1.0250000000000001,-0.05758426966292135,0.20652555461948888,0.08878865152521417,1.0,False
816,49,0.5964285714285714,0.1825801749271137,0.6778827456572465,0.0001622627900293841,0.09930482749798307,False
817,74,1.3464285714285713,0.2729247104247104,0.5304482075678258,0.002076338653129007,0.7417260308694946,False
818,106,1.1714285714285715,0.16576819407008087,0.8193671554490434,3.4903767959811334e-06,0.0032635023042423598,True
819,337,0.832142857142857,0.03703899957609156,0.288640262575852,0.038895771029718584,1.0,False
820,77,1.1607142857142858,0.22611317254174398,0.6621205409381163,0.0002235079727878852,0.13075216408091284,False
821,62,0.6428571428571428,0.15552995391705066,0.7526948333539832,2.787610483707761e-05,0.02179911398259469,True
822,85,1.082142857142857,0.19096638655462184,0.49281956770684227,0.0035283342296274947,1.0,False
823,55,0.7000000000000001,0.19090909090909094,0.6554140127388537,0.00025503208267367155,0.14638841545468748,False
824,136,1.9214285714285717,0.21192226890756305,0.748572394101988,3.110994617947207e-05,0.02404798839673191,True
825,27,0.3464285714285715,0.19246031746031747,0.32187328954570343,0.02740069304323871,1.0,False
826,54,0.7178571428571429,0.1994047619047619,0.6511249355337803,0.00027713193698148227,0.156302412457556,False
827,94,0.3357142857142858,0.05357142857142858,0.23045625260815147,0.07013213254066016,1.0,False
828,179,2.1642857142857137,0.181364724660814,0.9002176783589793,7.081735987527143e-08,7.591620978629098e-05,True
829,90,0.9464285714285714,0.15773809523809523,0.7886904761904764,9.832573163892557e-06,0.00861333409156988,True
830,165,1.1964285714285714,0.10876623376623376,0.582563330564784,0.0009308090395386522,0.4103135266231314,False
831,80,0.7071428571428571,0.13258928571428572,0.49070427236315084,0.003631233209568667,1.0,False
832,326,1.15,0.052914110429447846,0.2895381567973311,0.03853499999757387,1.0,False
833,204,1.2142857142857142,0.08928571428571429,0.5507699344412256,0.001534187321216603,0.5875196426521567,False
834,60,0.7321428571428571,0.18303571428571427,0.7736561119293078,1.549558553130471e-05,0.012853069268172618,True
835,111,1.2214285714285713,0.16505791505791503,0.7573034289858074,2.4604763994604292e-05,0.019413158791742786,True
836,44,0.34642857142857136,0.11810064935064933,0.5175088002346729,0.002502081870010458,0.8532099176735661,False
837,87,1.1071428571428572,0.19088669950738918,0.6942036523347204,0.000114594384995677,0.07525882574313653,False
838,54,0.025000000000000005,0.006944444444444446,0.004915730337078655,0.8039095029902921,1.0,False
839,115,1.3785714285714283,0.17981366459627326,0.7787247386759582,1.3337732482800171e-05,0.011243708483000544,True
840,96,0.9642857142857142,0.15066964285714282,0.6482996585088218,0.00029257055362551574,0.16346456131495815,False
841,289,0.6214285714285716,0.032254078101828974,0.049443012176215474,0.4257271159918673,1.0,False
842,77,0.9071428571428571,0.17671614100185526,0.6300062496744961,0.0004115886046841574,0.21300908478586014,False
843,56,0.47142857142857125,0.1262755102040816,0.6997215677875342,0.00010146932593655211,0.06788297905155335,False
844,207,-0.8178571428571426,-0.05926501035196685,0.21370297320206028,0.08274964064304882,1.0,False
845,148,-0.5357142857142857,-0.05429536679536679,0.4326479335452773,0.0076928587389735225,1.0,False
846,90,1.1071428571428572,0.18452380952380953,0.7944775132275133,8.183526872065844e-06,0.0073078894967547985,True
847,134,2.035714285714285,0.22787846481876325,0.8306460409877418,2.28216744619731e-06,0.002184034246010826,True
848,415,1.9249999999999996,0.06957831325301203,0.37144689737470155,0.01586535952782915,1.0,False
849,674,5.4642857142857135,0.12160873251377702,0.6988551143691465,0.00010344077581381294,0.06889155669199942,False
850,272,2.2642857142857142,0.1248686974789916,0.6653079510244435,0.00020973818847249217,0.12416500757571537,False
851,75,0.5357142857142857,0.10714285714285714,0.3555625790139064,0.018966621076702914,1.0,False
852,416,5.903571428571428,0.21286916208791204,0.8672053128157903,4.612096451485257e-07,0.0004736623055675359,True
853,93,0.8285714285714285,0.13364055299539168,0.5714285714285713,0.0011131537893958703,0.46529828396747375,False
854,147,1.5285714285714282,0.1559766763848396,0.6552770146520143,0.00025571383898743727,0.14652402973980155,False
855,149,0.48571428571428565,0.04889741131351869,0.6417468541820873,0.0003312472819872607,0.1785422849911335,False
857,164,0.003571428571428584,0.0003266550522648095,9.786523304974236e-06,0.9911717519945253,1.0,False
858,228,3.7571428571428567,0.24718045112781953,0.7406705430091982,3.821023624819476e-05,0.028772307894890655,True
859,101,1.4107142857142856,0.2095120226308345,0.7707932628971913,1.68409094454288e-05,0.01389375029247876,True
860,159,1.9678571428571427,0.18564690026954178,0.8421010296010295,1.439191013319964e-06,0.0014204815301468044,True
861,131,2.032142857142857,0.23268811341330425,0.70038520779011,9.998116712912127e-05,0.06718734431076949,False
862,415,4.449999999999999,0.16084337349397587,0.7852199773413897,1.0951163608638795e-05,0.00945085419425528,True
863,650,6.553571428571427,0.1512362637362637,0.7284245419618339,5.193428065081134e-05,0.03783988203600392,True
864,266,3.8535714285714286,0.2173066595059076,0.7575248812328877,2.4456200572514744e-05,0.019344854652859164,True
865,35,0.3214285714285714,0.1377551020408163,0.36464585834333735,0.017133031922052736,1.0,False
866,441,0.01785714285714278,0.0006073858114674415,2.739161685044592e-05,0.9852308628088744,1.0,False
867,127,1.4357142857142857,0.16957255343082114,0.7637047585442082,2.0607707942873077e-05,0.0166098126019557,True
868,89,0.6071428571428571,0.1023274478330658,0.6109764347728042,0.0005774000931099042,0.28064845104169556,False
869,306,3.496428571428571,0.1713935574229692,0.9119255038972109,3.129050666671973e-08,3.395019973339091e-05,True
870,77,0.45357142857142857,0.08835807050092763,0.3899158715832904,0.012832852372992172,1.0,False
871,78,0.5714285714285714,0.10989010989010987,0.5365526492287055,0.0018983501715493102,0.6947961627870475,False
872,595,6.450000000000001,0.16260504201680676,0.8696088189916888,4.090955344527904e-07,0.00042341387815863807,True
873,154,1.8107142857142855,0.17636827458256027,0.8836295009533587,1.939657581209661e-07,0.00020502180633386117,True
874,133,1.8857142857142857,0.21267454350161116,0.5920422240092422,0.0007964970274805599,0.36493339661807545,False
875,35,0.38928571428571423,0.16683673469387753,0.6301803394625175,0.0004102850891629961,0.21293796127559497,False
876,69,0.7178571428571429,0.15605590062111802,0.5734868271632978,0.0010772976927055332,0.45246503093632395,False
877,64,0.7071428571428571,0.16573660714285712,0.6832187006227342,0.00014509678153844848,0.09170116593229943,False
878,210,3.282142857142857,0.23443877551020406,0.7757945693709583,1.4551468611084661e-05,0.012165027758866777,True
879,602,2.8285714285714287,0.07047935453251068,0.6279136813556427,0.0004275377257730259,0.2180442401442432,False
880,105,0.7178571428571429,0.10255102040816326,0.4053069823434991,0.010710528499024733,1.0,False
881,104,0.6714285714285715,0.09684065934065934,0.4059666748345994,0.010626949507757034,1.0,False
882,84,1.1178571428571429,0.19961734693877553,0.7995641812483677,6.9346569445358e-06,0.006248125907026756,True
883,705,2.425,0.05159574468085106,0.3424656821963395,0.021919217431210863,1.0,False
884,49,-0.07142857142857142,-0.021865889212827987,0.014439738159414711,0.6696888546997957,1.0,False
885,45,0.49285714285714277,0.16428571428571426,0.7084821428571427,8.327372132222206e-05,0.05754214143365544,False
886,1496,20.41428571428571,0.20468869365928186,0.8380900303490303,1.6975083879714147e-06,0.0016550706782721295,True
887,167,0.6535714285714286,0.05870402053036784,0.3479545328604677,0.02063515319172078,1.0,False
888,75,0.7035714285714285,0.1407142857142857,0.6300162337662338,0.00041151375164716613,0.21300908478586014,False
889,198,2.6035714285714286,0.19724025974025974,0.6811669435215948,0.0001515034397959726,0.09499265675207483,False
890,293,1.6607142857142856,0.0850195026816187,0.5596966632613617,0.0013378801564390601,0.5351520625756241,False
891,300,2.514285714285714,0.1257142857142857,0.6614563314114882,0.00022647295466607357,0.13226020552498696,False
892,136,1.2964285714285717,0.1429884453781513,0.6791469666565881,0.00015804607625610927,0.09767247512627553,False
893,67,0.3464285714285714,0.07755863539445629,0.33031033514323166,0.025021256647236634,1.0,False
894,182,2.221428571428572,0.1830847723704867,0.8235686470407924,2.9887897336502918e-06,0.002818428718832225,True
895,211,2.4785714285714286,0.17620176032498308,0.634983722287458,0.0003756914509634404,0.1991164690106234,False
896,46,0.5035714285714286,0.16420807453416147,0.5683316816587893,0.0011690447931253384,0.4816464547676394,False
897,200,2.5607142857142855,0.1920535714285714,0.8386261310248826,1.6608543507527993e-06,0.001622654700685485,True
898,85,0.5892857142857142,0.10399159663865544,0.48778666985188707,0.0037774463995724405,1.0,False
899,164,2.4178571428571427,0.22114547038327526,0.5596330237889019,0.0013391987445586127,0.5351520625756241,False
900,181,2.2428571428571433,0.18587213891081297,0.8678817895873434,4.4600208558731914e-07,0.00045982815024052604,True
901,72,0.032142857142857126,0.0066964285714285685,0.0030008891523414325,0.84625292545,1.0,False
902,41,0.26785714285714285,0.09799651567944251,0.35285630645700905,0.019545777279286147,1.0,False
903,343,-0.06785714285714294,-0.002967513536026659,0.0009467974989858889,0.9133151676053832,1.0,False
904,254,0.7035714285714284,0.04154949381327333,0.12255680095664764,0.2008337782920476,1.0,False
905,65,0.6928571428571428,0.1598901098901099,0.5711655200323755,0.0011178097419447981,0.46612666239098083,False
906,62,0.9071428571428571,0.2194700460829493,0.6004541844534893,0.0006916447969867545,0.3265143477229687,False
907,57,0.4392857142857142,0.11560150375939848,0.5078208915145005,0.0028686233554478806,0.9495143306532485,False
908,78,0.44642857142857145,0.08585164835164835,0.38117193598750987,0.014197553766350639,1.0,False
909,96,0.6928571428571428,0.10825892857142856,0.6292803638309252,0.0004170621937166885,0.2139529053766612,False
910,144,1.6285714285714283,0.16964285714285712,0.7341128622267411,4.5111650008234875e-05,0.03347284430611028,True
911,103,1.4642857142857142,0.21324549237170595,0.8318268190335434,2.1793895080856785e-06,0.002100931485794594,True
912,68,0.6928571428571431,0.15283613445378155,0.5256033070162375,0.0022277309455518432,0.7797058309431452,False
913,205,3.1857142857142855,0.23310104529616724,0.7554919734643234,2.5849178015802975e-05,0.020291604742405336,True
914,446,4.660714285714285,0.15675048046124276,0.6999975612108669,0.00010084814717405688,0.06766910675379217,False
915,116,1.1357142857142857,0.14685960591133004,0.5873110519142607,0.0008612804448977085,0.3832697979794803,False
916,103,0.7285714285714285,0.10610263522884882,0.5351484808998012,0.0019380746729877078,0.7035211062945379,False
917,94,0.4107142857142857,0.06553951367781155,0.2639650308707686,0.050105676466104254,1.0,False
918,140,1.9107142857142854,0.20471938775510198,0.8156107522796354,3.997786875137118e-06,0.0037139440070023825,True
919,34,0.3535714285714286,0.1559873949579832,0.5562008171912832,0.0014119985856818871,0.5528877963828354,False
920,186,0.8107142857142856,0.06538018433179722,0.45824736767216834,0.005572954318292716,1.0,False
921,274,2.9749999999999996,0.16286496350364962,0.8449476064917942,1.2768514504807444e-06,0.00126919034177786,True
922,11,0.07857142857142854,0.10714285714285711,0.10208098987626543,0.24571618143669538,1.0,False
923,79,0.19285714285714284,0.036618444846292945,0.09739045244032779,0.25747698555930176,1.0,False
924,43,0.26785714285714285,0.09343853820598007,0.4392700957934194,0.00708597382133478,1.0,False
925,368,2.142857142857143,0.0873447204968944,0.3838258624709286,0.013770353671895578,1.0,False
926,255,0.04285714285714286,0.0025210084033613447,0.0006287111421585748,0.9293205387026977,1.0,False
927,71,0.525,0.11091549295774648,0.4411680640243902,0.006919977305865091,1.0,False
928,106,0.8107142857142856,0.11472371967654986,0.6035159910050598,0.0006565534430436912,0.3138325457748844,False
929,246,-0.017857142857142856,-0.0010888501742160278,0.0003193337420805231,0.9495993329417443,1.0,False
930,75,0.45357142857142857,0.09071428571428572,0.4000248015873016,0.011400963926914155,1.0,False
931,200,0.5428571428571428,0.04071428571428571,0.25208030258946756,0.05650396854853983,1.0,False
932,100,0.475,0.07125,0.2245556872037915,0.07435311488481962,1.0,False
933,58,0.4714285714285714,0.12192118226600984,0.4949250113619149,0.0034284458897309565,1.0,False
934,63,0.3535714285714286,0.08418367346938775,0.32291117554032683,0.02709738898641946,1.0,False
935,169,1.5392857142857141,0.13662299239222314,0.6447766063792371,0.00031285179455717743,0.17144278341733324,False
936,68,0.9285714285714286,0.20483193277310927,0.7695343330702449,1.74633012163507e-05,0.014319906997407574,True
937,50,0.6178571428571428,0.18535714285714283,0.5010435267857143,0.003152003193073109,1.0,False
938,358,3.7892857142857133,0.15876895450917794,0.9460433931989006,1.2744456005743867e-09,1.3955179326289534e-06,True
939,492,2.389285714285714,0.07284407665505226,0.4613878717403135,0.00535203349101924,1.0,False
940,35,0.45357142857142846,0.19438775510204076,0.7646491782553727,2.0067777182376048e-05,0.01627146769407236,True
941,111,1.5535714285714284,0.2099420849420849,0.6870715447626794,0.00013369139691984843,0.08542880263178315,False
942,438,1.3607142857142855,0.04659980430528375,0.3574408045071309,0.018573730590807823,1.0,False
943,191,0.657142857142857,0.05160807778608825,0.6017632003033463,0.0006764493929279622,0.321371385980168,False
944,70,1.0999999999999999,0.23571428571428568,0.6258620689655171,0.0004436876486394533,0.22361857491428447,False
945,768,-0.6249999999999998,-0.012207031249999995,0.012693816443062058,0.6893200178966947,1.0,False
946,277,3.5821428571428564,0.1939788550799381,0.7390140592616389,3.9862110947755613e-05,0.029856721099868956,True
947,169,1.1392857142857142,0.1011200338123415,0.5723941771164577,0.0010962060593644291,0.4593103388736958,False
948,89,0.6321428571428571,0.10654093097913321,0.5018957194121669,0.0031150834098362013,1.0,False
949,193,2.335714285714286,0.1815321983715766,0.8976477764967934,8.364792811027249e-08,8.950328307799156e-05,True
950,90,0.6285714285714284,0.10476190476190474,0.5370319001386962,0.0018849544728622356,0.6936632460133026,False
951,42,0.39642857142857135,0.1415816326530612,0.5340239251040221,0.001970406430642673,0.7132871278926477,False
952,102,0.9607142857142856,0.14128151260504201,0.902346867517957,6.149107453334109e-08,6.604141404880833e-05,True
953,544,2.9499999999999997,0.08134191176470587,0.5797617536958314,0.0009740669696446069,0.4207969308864702,False
954,138,0.5607142857142857,0.0609472049689441,0.29111158352229777,0.03791015251463169,1.0,False
955,221,3.6178571428571424,0.24555591467356172,0.7232953434781627,5.8823666917634334e-05,0.042176569179943814,True
956,25,0.3,0.18,0.41086956521739115,0.010023609460029186,1.0,False
957,86,1.2428571428571427,0.21677740863787373,0.5775070576566036,0.0010101301460570629,0.4313255723663658,False
958,104,0.17499999999999996,0.02524038461538461,0.06450601805416246,0.36101590439951126,1.0,False
959,154,1.639285714285714,0.1596706864564007,0.8580266187362888,7.15381406848474e-07,0.0007261121279512012,True
960,71,0.3607142857142857,0.07620724346076459,0.4289498766539583,0.008051253249413472,1.0,False
961,51,0.5928571428571429,0.17436974789915968,0.5136444974649567,0.002643087263805621,0.8880773206386887,False
962,131,0.8392857142857141,0.09610141766630315,0.6069926431795531,0.000618576827192591,0.2981540307068289,False
963,153,1.4607142857142856,0.14320728291316526,0.6739983561113976,0.00017582761113150766,0.10602404951229912,False
964,49,0.37142857142857144,0.11370262390670555,0.5021044813072545,0.00310609674727177,1.0,False
965,279,3.2928571428571427,0.1770353302611367,0.8434310161446508,1.3612850959158493e-06,0.0013503948151485225,True
966,854,3.6285714285714286,0.06373369019739043,0.5711334852043768,0.0011183778986699163,0.46612666239098083,False
967,140,0.7285714285714285,0.07806122448979591,0.3445793773459924,0.021416505707008846,1.0,False
968,125,0.8892857142857143,0.10671428571428572,0.8160889785889784,3.929895306146368e-06,0.0036587325300222687,True
969,154,1.657142857142857,0.16141001855287568,0.7697353367401417,1.736263296191547e-05,0.0142547216617326,True
970,321,3.707142857142857,0.1732309746328438,0.8446778219585311,1.2915368273812736e-06,0.0012824960695896046,True
971,421,4.246428571428571,0.15129793009840514,0.9611779268907349,1.489607439950427e-10,1.6355889690655687e-07,True
972,71,0.6714285714285714,0.14185110663983902,0.5283003826530611,0.002142314198920361,0.7583792264178078,False
973,46,0.6535714285714285,0.2131211180124223,0.7164750684618894,6.918334440170243e-05,0.048705074458798514,True
974,140,2.5749999999999993,0.27589285714285705,0.7225901660612347,5.9829254775755796e-05,0.04277791716466539,True
975,105,1.3785714285714286,0.19693877551020408,0.7249708057609965,5.649219843478409e-05,0.04078736726991411,True
976,201,1.0071428571428571,0.07515991471215351,0.6550144965735374,0.00025702460240648647,0.14676104797410378,False
977,132,1.9,0.21590909090909088,0.7529797377830753,2.766363678119902e-05,0.021660627599678833,True
978,214,1.7035714285714285,0.11940921228304405,0.6133165729812102,0.0005543303302364548,0.27051320115538996,False
979,222,-2.6107142857142858,-0.1763996138996139,0.4840787700023191,0.003970650966589173,1.0,False
980,110,0.7107142857142856,0.09691558441558441,0.5909421010744129,0.0008111731315043734,0.36665025543997676,False
981,51,0.3928571428571428,0.11554621848739494,0.3804074446680081,0.014322775305691156,1.0,False
982,160,0.21428571428571425,0.020089285714285712,0.07250268528464013,0.3318147105238838,1.0,False
983,97,0.9678571428571427,0.1496686303387334,0.5910966474931322,0.0008090974471668967,0.3665211435666042,False
984,81,0.5,0.09259259259259259,0.34381139489194507,0.021597951705299247,1.0,False
985,210,3.4107142857142856,0.24362244897959182,0.7671295673238678,1.8706818543275705e-05,0.015264763931312975,True
986,63,0.42857142857142855,0.1020408163265306,0.47443331576172904,0.004514159702726817,1.0,False
987,1321,8.67142857142857,0.0984643668216719,0.7981455620430156,7.265403944425214e-06,0.006524332742093842,True
988,180,0.9392857142857142,0.07827380952380951,0.5062134074941451,0.0029337493449676537,0.965203534494358,False
989,35,0.3607142857142857,0.15459183673469387,0.5940023291925468,0.0007709151386170371,0.35616279404107115,False
990,61,0.6999999999999998,0.17213114754098358,0.6099585062240664,0.0005876901597157294,0.2850297274621288,False
991,53,0.7107142857142857,0.20114555256064692,0.6378479082553046,0.0003562813478534638,0.18918539571018927,False
992,338,3.7857142857142856,0.16800507185122568,0.7881121968007899,1.0011892348558738e-05,0.008750393912640337,True
993,339,3.371428571428571,0.1491782553729456,0.9099464122336949,3.618659518216553e-08,3.919008258228527e-05,True
994,85,1.0464285714285713,0.18466386554621844,0.7915754856159329,8.978257995490251e-06,0.007936780068013382,True
995,94,1.3285714285714285,0.2120060790273556,0.7215717900942741,6.130737700442457e-05,0.0436508524271503,True
996,48,0.27499999999999997,0.08593749999999999,0.3095760233918128,0.031235091176407465,1.0,False
997,166,1.7750000000000001,0.16039156626506026,0.8507538253825384,9.934286445723607e-07,0.00099740235915065,True
998,110,1.4178571428571427,0.19334415584415582,0.6937830144383142,0.00011565190762683984,0.07540504377269958,False
999,88,-0.26071428571428573,-0.04443993506493507,0.14021716250350832,0.16910091082643133,1.0,False
1000,185,1.3357142857142856,0.10830115830115829,0.6328848938223937,0.0003904854074648651,0.20422386810412446,False
1001,56,0.5499999999999999,0.14732142857142855,0.6779615795090712,0.00016199705696679818,0.09930419592064729,False
1002,116,1.2464285714285712,0.1611761083743842,0.792452461917485,8.731451918344872e-06,0.007744797851571901,True
1003,408,1.8035714285714284,0.0663077731092437,0.4669829632016876,0.00497736878087506,1.0,False
1004,74,0.1571428571428571,0.031853281853281845,0.10986682808716704,0.22748389973327196,1.0,False
1005,133,1.025,0.11560150375939848,0.6599798085551898,0.00023318513658407135,0.13548056435534545,False
1006,157,-0.225,-0.021496815286624203,0.0845091414944356,0.2931954856946115,1.0,False
1007,266,2.6678571428571427,0.15044307196562834,0.8335193867308243,2.0389444451145627e-06,0.001973698222870897,True
1008,3847,17.732142857142858,0.06914014631066881,0.8249190381362036,2.841217190803619e-06,0.00268495024530942,True
1009,196,2.507142857142857,0.1918731778425656,0.8329719910934023,2.083497945730151e-06,0.0020126590155753257,True
1010,58,0.3464285714285714,0.0895935960591133,0.383019431176726,0.013898941341642048,1.0,False
1011,271,1.2214285714285718,0.06760674749604641,0.38012184975907387,0.014369805873097505,1.0,False
1012,162,0.7857142857142857,0.07275132275132275,0.46169108669108666,0.0053311149813416794,1.0,False
1013,121,0.9749999999999999,0.12086776859504131,0.49758536889332,0.0033057586223184283,1.0,False
1014,114,1.1357142857142857,0.14943609022556392,0.7087071092173132,8.284596778216458e-05,0.05732940970525789,False
1015,238,2.2785714285714285,0.14360744297719086,0.7486757045742143,3.102515881454709e-05,0.02401347292245945,True
1016,85,1.4321428571428572,0.2527310924369748,0.7767663918588174,1.4138900120582917e-05,0.011834259400927902,True
1017,34,0.4000000000000001,0.17647058823529416,0.649903288201161,0.00028371950041309024,0.15945035923215672,False
1018,50,0.525,0.1575,0.6809558823529412,0.00015217601737470848,0.09522284588374225,False
1019,66,0.23928571428571432,0.05438311688311689,0.18301532941943902,0.11167214459183299,1.0,False
1020,162,1.3178571428571424,0.12202380952380948,0.5814075630252097,0.0009484494736932527,0.4119942456820178,False
1021,168,2.478571428571428,0.22130102040816324,0.8513802075967984,9.663358519675836e-07,0.0009721338670793891,True
1022,75,-0.03214285714285714,-0.006428571428571428,0.004017857142857143,0.8224290645079957,1.0,False
1023,76,0.5321428571428571,0.1050281954887218,0.46386087586360614,0.005183498604204515,1.0,False
1024,41,0.05357142857142855,0.019599303135888493,0.01276861380145277,0.6884482824945539,1.0,False
1025,55,0.36428571428571427,0.09935064935064936,0.45685011709601875,0.00567378241321033,1.0,False
1026,139,1.267857142857143,0.13681911613566292,0.6957274614297493,0.00011083239011154585,0.07314937747362026,False
1027,25,0.29285714285714287,0.1757142857142857,0.554175824175824,0.0014565356501548795,0.5651358322600932,False
1028,176,0.6499999999999999,0.05539772727272727,0.30893105849582164,0.03144897116612453,1.0,False
1029,164,1.089285714285714,0.09962979094076652,0.6795039736647314,0.00015687244658580562,0.09726091688319938,False
1030,38,0.20357142857142854,0.08035714285714285,0.36565876350540216,0.01693869557568184,1.0,False
1031,49,0.5500000000000002,0.16836734693877556,0.6672794117647061,0.00020159085966356494,0.11994656149982114,False
1032,35,0.4214285714285713,0.18061224489795913,0.569411123227917,0.001149294611514686,0.47580796916708,False
1033,171,2.425,0.212719298245614,0.7710128301179991,1.6734320443734237e-05,0.01382254868652448,True
1034,265,3.6928571428571426,0.20902964959568732,0.7989428690990974,7.077900077029613e-06,0.006370110069326651,True
1035,37,0.5607142857142856,0.22731660231660225,0.40063171809986126,0.011319683816992623,1.0,False
1036,104,1.5357142857142854,0.22149725274725268,0.7797038053256565,1.2951923997535998e-05,0.010957327701915454,True
1037,225,1.8607142857142855,0.12404761904761903,0.6336157796451913,0.0003852778336616096,0.20265614050600664,False
1038,1621,15.328571428571427,0.1418436591169472,0.9249172685970929,1.1021993273605127e-08,1.2002950674955983e-05,True
1039,29,0.30357142857142855,0.15701970443349753,0.506614622288706,0.0029173752214338125,0.9627338230731581,False
1040,126,-0.5,-0.05952380952380952,0.27602523659305994,0.04430165172420878,1.0,False
1041,79,0.8928571428571429,0.16952983725135626,0.6218822967522819,0.0004765161389741803,0.2373050372091418,False
1042,46,0.4,0.13043478260869565,0.3585912486659552,0.018336681884202528,1.0,False
1043,55,0.2607142857142857,0.0711038961038961,0.41982668067226886,0.008998949260340894,1.0,False
1044,1548,13.085714285714284,0.12679955703211515,0.8568773348093649,7.54301810973818e-07,0.0007648620363274515,True
1045,79,0.8535714285714285,0.16207052441229655,0.673427282444668,0.0001779015427135767,0.10709672871357317,False
1046,112,1.5107142857142857,0.20232780612244897,0.6018763118709747,0.0006751499705465715,0.321371385980168,False
1047,349,1.8785714285714283,0.08074089234547686,0.741318824218694,3.7579867378047615e-05,0.028447959605182045,True
1048,171,2.5535714285714284,0.2239974937343358,0.833091609522071,2.0736919578544344e-06,0.0020052601232452383,True
1049,65,0.4678571428571428,0.10796703296703296,0.48901025835866246,0.0037155144559810954,1.0,False
1050,84,1.0107142857142857,0.18048469387755103,0.7575003783292976,2.4472600838853753e-05,0.019344854652859164,True
1051,83,-6.3441315692866086e-18,-1.1465298016783027e-18,8.182072727364941e-35,1.0,1.0,False
1052,273,2.025,0.11126373626373626,0.6321157234089407,0.0003960309740208074,0.2063636124897994,False
1053,104,0.6535714285714284,0.09426510989010986,0.48435571582844766,0.003955928503523953,1.0,False
1054,20,0.13571428571428573,0.1017857142857143,0.26674876847290646,0.048707109356115816,1.0,False
1055,58,0.5571428571428572,0.1440886699507389,0.5308282922289439,0.002064848869510928,0.7412807441544231,False
1056,58,0.7178571428571429,0.1856527093596059,0.6688316704926717,0.0001953683338612926,0.11663489531519168,False
1057,153,1.364285714285714,0.13375350140056022,0.6817859011736561,0.0001495457033810816,0.09406424742670033,False
1058,51,0.7749999999999999,0.2279411764705882,0.7078072390572389,8.456834453671277e-05,0.05818302104125838,False
1059,222,1.5142857142857142,0.1023166023166023,0.7068000251619801,8.653241932084343e-05,0.059197000358857964,False
1060,230,2.439285714285714,0.15908385093167698,0.7602823894997609,2.2669412067332695e-05,0.018022182593529494,True
1061,133,0.07857142857142856,0.00886143931256713,0.010184042195039838,0.7204525280962899,1.0,False
1062,145,2.232142857142857,0.2309113300492611,0.690866268924209,0.00012321738164649664,0.07996808068857632,False
1063,120,1.1892857142857143,0.14866071428571428,0.8390511501210655,1.6322754410379928e-06,0.001597997656776195,True
1064,94,1.6857142857142855,0.26899696048632216,0.6432498190609647,0.0003220090413916106,0.17517291851703617,False
1065,327,0.5250000000000001,0.024082568807339454,0.20076742976066603,0.09393522010912055,1.0,False
1066,273,2.8107142857142855,0.1544348508634223,0.906421956587913,4.652048834826308e-08,5.024212741612413e-05,True
1067,67,-0.8714285714285716,-0.19509594882729214,0.3344618887823587,0.023920112987456166,1.0,False
1068,74,0.6535714285714285,0.13248069498069495,0.7431870635578174,3.581266816789904e-05,0.02742964723914371,True
1069,228,2.892857142857143,0.19031954887218044,0.8716018024528662,3.6976032682217387e-07,0.0003845507398950608,True
1070,504,5.125,0.1525297619047619,0.8618138886284805,5.989583316425545e-07,0.0006109374982754055,True
1071,155,1.6678571428571425,0.161405529953917,0.8102177035862889,4.835250449094234e-06,0.004433924661819413,True
1072,147,1.8428571428571427,0.18804664723032066,0.6809755698326307,0.0001521131723382464,0.09522284588374225,False
1073,68,0.42857142857142855,0.09453781512605042,0.4156403940886699,0.009465736356315172,1.0,False
1074,107,0.807142857142857,0.113150867823765,0.642907491944146,0.0003240935163733107,0.17589677382417976,False
1075,119,1.4357142857142855,0.1809723889555822,0.7352944745079957,4.37949450368577e-05,0.03253964416238527,True
1076,2491,34.128571428571426,0.20551126914033377,0.3564653591411868,0.018776859467580495,1.0,False
1077,102,-0.32857142857142846,-0.048319327731092425,0.10554668794892258,0.23740952668070958,1.0,False
1078,149,1.6285714285714281,0.16395014381591558,0.7106946900235143,7.914769003645988e-05,0.05500764457533961,False
1079,109,1.2857142857142856,0.1769331585845347,0.7753916844825937,1.4725489945456747e-05,0.012286852090541455,True
1080,69,0.7678571428571428,0.1669254658385093,0.7253483555109212,5.597787095297525e-05,0.04047200069900111,True
1081,66,0.725,0.16477272727272727,0.7448127530364372,3.4333118906729994e-05,0.026402168439275366,True
1082,37,0.5535714285714286,0.22442084942084942,0.47739375794828326,0.004340833127958983,1.0,False
1083,32,0.4071428571428571,0.19084821428571427,0.3419520067358966,0.022042973325336578,1.0,False
1084,48,0.21428571428571427,0.06696428571428571,0.1936316695352839,0.10071089255059712,1.0,False
1085,113,0.6892857142857144,0.09149810366624528,0.4322968247090867,0.007726272812371027,1.0,False
1086,98,0.9,0.13775510204081634,0.6201239518775065,0.0004916727565079725,0.24288634171493845,False
1087,53,0.47857142857142854,0.13544474393530997,0.8697365021958148,4.064731894765663e-07,0.0004211062242977227,True
1088,484,8.367857142857144,0.2593344155844156,0.6768836323593919,0.00016566310292507892,0.10105449278429814,False
1089,46,0.5714285714285714,0.18633540372670807,0.6676867436361106,0.0001999417757516035,0.11916529834795568,False
1090,37,0.32142857142857134,0.13030888030888027,0.3454845313921745,0.02120440463219602,1.0,False
1091,88,0.9249999999999999,0.15767045454545456,0.5303460743801651,0.0020794355265677427,0.7417260308694946,False
1092,832,8.628571428571428,0.1555631868131868,0.8762867695628603,2.8973356931447005e-07,0.00030335104707225017,True
1093,42,0.11428571428571428,0.04081632653061225,0.0648429584599797,0.35972164716064403,1.0,False
1094,166,1.260714285714286,0.1139199655765921,0.7284463272432504,5.190655972016999e-05,0.03783988203600392,True
1095,144,1.8285714285714285,0.19047619047619047,0.6251526251526253,0.0004493929672273478,0.2255952695481286,False
1096,209,0.8964285714285712,0.06433697881066301,0.27143747558537645,0.04643245793533724,1.0,False
1097,138,1.7499999999999998,0.1902173913043478,0.8728623778501627,3.4657806598692467e-07,0.00036078776669238856,True
1098,3071,11.664285714285713,0.056973066009210586,0.4539458229276582,0.005888484241430986,1.0,False
1099,159,2.4357142857142855,0.2297843665768194,0.7319162596303946,4.764939428281249e-05,0.03516525298071562,True
