cluster_id,total,slope,relative_slope,r_squared,p_value,p_value_holm,significant_holm
1,193,2.342857142857143,0.18208734270910437,0.9020861748988215,6.257369161213294e-08,6.45760497437212e-05,True
2,76,0.3678571428571429,0.07260338345864663,0.2938672625203132,0.036838005228323256,1.0,False
3,34,0.43928571428571433,0.1938025210084034,0.6215353856266437,0.00047947420112579963,0.22007865831674203,False
4,72,0.9571428571428571,0.1994047619047619,0.7811031842700539,1.2417023456380779e-05,0.010542052914467281,True
5,59,0.5321428571428571,0.1352905569007264,0.6449779206693523,0.00031166122171853424,0.15957054551988953,False
6,102,0.5214285714285714,0.07668067226890755,0.3956786456786456,0.011998252963714718,1.0,False
7,86,1.0928571428571427,0.19061461794019932,0.8642684847888155,5.324468953228593e-07,0.0005287197670555992,True
8,220,1.9785714285714286,0.1349025974025974,0.7788691886039115,1.3280202469479211e-05,0.011235051289179412,True
9,1423,16.882142857142856,0.17795653046882842,0.8955060718555272,9.579850506520337e-08,9.800187068170304e-05,True
10,757,7.089285714285713,0.14047461785242496,0.902197251493196,6.21104466396332e-08,6.41600913787411e-05,True
11,104,0.9535714285714285,0.13753434065934064,0.6318751772714379,0.0003977790981503554,0.19240281811555904,False
12,1026,17.853571428571428,0.26101712614870504,0.7738555918016272,1.5405363825105116e-05,0.012863478793962772,True
13,121,1.3142857142857145,0.16292798110979934,0.6765066339851871,0.00016696192321695083,0.09717183931226539,False
14,83,0.45,0.08132530120481928,0.49853458382180543,0.00326291867786108,0.9364576605461299,False
15,210,1.5857142857142854,0.11326530612244896,0.5309631544925661,0.0020607853192285072,0.6470944453463447,False
16,235,3.028571428571428,0.19331306990881456,0.49055683906059544,0.0036385015848096653,1.0,False
18,49,0.38214285714285723,0.11698250728862977,0.32728883976215906,0.025851099631909,1.0,False
19,50,0.6285714285714283,0.1885714285714285,0.7214906832298135,6.142642959848811e-05,0.04294845219073469,True
20,49,0.4357142857142858,0.13338192419825076,0.41878001200480214,0.00911371345918579,1.0,False
21,125,0.9892857142857141,0.11871428571428569,0.6442761979399909,0.000315828143197289,0.16107235303061737,False
22,631,-4.449999999999999,-0.10578446909667193,0.5838410995830233,0.0009116366815107661,0.35918485251524185,False
23,291,2.8178571428571426,0.14525036818851253,0.8598736408239036,6.564080736201773e-07,0.0006498439928839755,True
24,333,0.23214285714285712,0.010456885456885456,0.0034104705077040304,0.836218882436355,1.0,False
25,3016,47.53571428571429,0.2364176771504358,0.5699269329608765,0.0011399592440135338,0.4274847165050752,False
26,97,1.0964285714285713,0.16955081001472752,0.7289999381213644,5.120634109670242e-05,0.03686856558962574,True
27,77,1.0071428571428571,0.19619666048237475,0.8120881215620066,4.529351288946584e-06,0.004135297726808231,True
28,135,1.6607142857142856,0.1845238095238095,0.6600274725274726,0.00023296582395092465,0.12510264746164654,False
29,84,1.1928571428571428,0.21301020408163265,0.6308015923278747,0.00040566227586568744,0.19379928381046352,False
30,1192,16.307142857142853,0.20520733461169696,0.8145923846394124,4.1456922210170665e-06,0.0038098911511146843,True
31,102,0.8964285714285715,0.13182773109243698,0.739170733996621,3.9703305672256166e-05,0.02993629247688115,True
32,392,-0.17499999999999996,-0.00669642857142857,0.007343286138387758,0.7613918740621408,1.0,False
33,259,2.3285714285714287,0.13485934914506345,0.6376611012888105,0.0003575204896436395,0.17876024482181974,False
34,111,1.2714285714285714,0.1718146718146718,0.8812861593235426,2.2105366457781074e-07,0.00022348525488816666,True
35,221,1.6857142857142855,0.11441499676793794,0.7388174534392191,4.006215743852694e-05,0.03008668023633373,True
36,294,3.7464285714285714,0.19114431486880465,0.8355309914594293,1.882104883888451e-06,0.0017898817445779168,True
37,46,0.29285714285714287,0.09549689440993789,0.24273199845976123,0.06206025383085496,1.0,False
38,142,1.8499999999999999,0.1954225352112676,0.8393378488847367,1.6132344720243818e-06,0.0015406389207832847,True
39,82,0.6107142857142857,0.11171602787456444,0.6705831090998039,0.00018854575982007598,0.10765962885726338,False
40,211,1.6428571428571432,0.11679079214624241,0.8048646894145338,5.809740149371947e-06,0.00519390769353852,True
41,94,-0.49642857142857133,-0.07921732522796351,0.3123275713423569,0.030337345756430874,1.0,False
42,130,0.9178571428571428,0.1059065934065934,0.5249761551504873,0.002248011030546962,0.6901393863779173,False
43,605,5.060714285714285,0.12547225501770953,0.7616333791889622,2.1835472641821643e-05,0.017577555476666423,True
44,106,0.7,0.0990566037735849,0.6154306220095694,0.0005341759443238544,0.23881489326928124,False
45,544,-0.6357142857142857,-0.01752888655462185,0.05946458600256247,0.3811182619334982,1.0,False
46,30,0.375,0.1875,0.5625,0.0012808984509355321,0.4681247531059142,False
47,224,0.9107142857142855,0.060985331632653045,0.40675877427103485,0.010527356606992878,1.0,False
48,395,1.5999999999999999,0.060759493670886074,0.3892831281679942,0.012927549994681825,1.0,False
49,254,4.317857142857142,0.25499156355455566,0.7215393764118007,6.135493170104956e-05,0.04294845219073469,True
50,218,2.471428571428571,0.1700524246395806,0.6650100728802509,0.00021099342850613233,0.11587061981164183,False
51,56,0.807142857142857,0.2161989795918367,0.6634855202992934,0.00021751916579475285,0.1185479453581403,False
52,145,0.3464285714285715,0.035837438423645326,0.15320777247069045,0.14908831963971114,1.0,False
53,21,0.37142857142857144,0.2653061224489796,0.5714285714285716,0.001113153789395862,0.41965897860224,False
54,122,1.9107142857142854,0.23492388758782198,0.7463001140298424,3.302549197174711e-05,0.02549567980218877,True
55,205,3.1250000000000004,0.2286585365853659,0.7950305291723203,8.039091538366688e-06,0.007034205096070853,True
56,107,1.1321428571428571,0.1587116154873164,0.7328259305355683,4.658404008860259e-05,0.0341926854250343,True
57,93,0.825,0.13306451612903225,0.6845366379310345,0.00014110510130714465,0.08480416588559393,False
58,83,0.7785714285714286,0.14070567986230637,0.6585433449116843,0.00023987826103505575,0.12833486965375482,False
59,261,3.9321428571428574,0.2259852216748769,0.7574514111754296,2.4505403614069775e-05,0.019506301276799542,True
60,536,12.39642857142857,0.34691497867803833,0.3588569718457979,0.018282315006536723,1.0,False
61,134,1.2714285714285711,0.14232409381663108,0.8012070535082098,6.567730171449726e-06,0.005832144392247357,True
62,99,1.7285714285714284,0.2619047619047619,0.698587651493463,0.00010405591824667666,0.06669984359611973,False
63,123,1.4857142857142858,0.18118466898954705,0.7117194183062445,7.729679764804501e-05,0.05155696403124602,False
64,53,0.7999999999999999,0.22641509433962262,0.631578947368421,0.00039994100274064724,0.19240281811555904,False
65,267,-1.0357142857142858,-0.05818619582664527,0.11256076407477994,0.22152384009839543,1.0,False
66,74,0.5535714285714286,0.11221042471042471,0.44473171092901587,0.0066174961895115,1.0,False
67,255,2.5892857142857144,0.1523109243697479,0.8973385004097242,8.531715054363261e-08,8.753539645776706e-05,True
68,104,1.4107142857142856,0.20346840659340656,0.7707932628971913,1.68409094454288e-05,0.013944273020815048,True
69,178,2.2071428571428564,0.18599518459069014,0.8858769607600568,1.7068739449066527e-07,0.0001734183928025159,True
70,384,7.128571428571428,0.2784598214285714,0.7226469085927886,5.974779969665863e-05,0.04200270318675101,True
71,45,0.23928571428571427,0.07976190476190476,0.16032142857142853,0.13916119524829143,1.0,False
72,153,2.107142857142857,0.2065826330532213,0.6821851875078391,0.00014829431105000822,0.08823511507475489,False
73,99,1.282142857142857,0.19426406926406925,0.7780413889693809,1.3612778380169704e-05,0.01147557217448306,True
74,103,1.2285714285714284,0.17891816920943132,0.7888786176491503,9.774825412037238e-06,0.008435674330588136,True
75,43,0.5321428571428571,0.1856312292358804,0.7096296454142517,8.111144214244474e-05,0.05377688614044086,False
76,78,0.9,0.17307692307692307,0.7168141592920354,6.863377059276803e-05,0.046808231544267796,True
77,143,0.7357142857142857,0.07717282717282717,0.4541264767992693,0.005874924805972734,1.0,False
78,1870,5.949999999999999,0.04772727272727272,0.5674993320865614,0.0011844735777084105,0.44210628298106397,False
79,90,0.9214285714285714,0.15357142857142855,0.6095604395604394,0.0005917568697342516,0.2585977520738679,False
80,62,0.8285714285714285,0.20046082949308752,0.7697353367401417,1.736263296191547e-05,0.014358897459504093,True
81,53,0.21428571428571427,0.060646900269541774,0.30807850296668204,0.03173372622881509,1.0,False
82,140,1.232142857142857,0.13201530612244897,0.5598190768844851,0.0013353469440777837,0.48109935651212454,False
83,99,1.3107142857142855,0.19859307359307357,0.8474843954495116,1.145564956415309e-06,0.0011111980077228498,True
84,314,5.3999999999999995,0.25796178343949044,0.7738462316130013,1.5409587258826553e-05,0.012863478793962772,True
85,24,0.3142857142857142,0.19642857142857137,0.6065162907268169,0.0006236655836712224,0.2681762009786256,False
86,91,1.1321428571428571,0.18661695447409735,0.7079615052228151,8.427091840764131e-05,0.05536599339382034,False
87,496,2.342857142857143,0.07085253456221198,0.8515075085216179,9.609072204638428e-07,0.0009388063543931743,True
88,88,0.7642857142857142,0.13027597402597402,0.5764466970998926,0.0010274848963588215,0.39866413978722276,False
89,130,0.04285714285714287,0.0049450549450549474,0.004703832752613244,0.8081081781665103,1.0,False
90,56,0.6749999999999999,0.1808035714285714,0.8925489738805972,1.1501385511566634e-07,0.00011742914607309533,True
91,192,1.8107142857142855,0.14146205357142855,0.34742360840794073,0.020756345865631826,1.0,False
92,68,-0.26428571428571423,-0.05829831932773108,0.10881199660873246,0.22986486542982043,1.0,False
93,169,1.5035714285714286,0.1334530853761623,0.8589699268525937,6.847242280697598e-07,0.0006765075373329228,True
94,115,1.3964285714285711,0.1821428571428571,0.7365156089414182,4.2468828546077234e-05,0.03170285068732929,True
95,273,1.3714285714285714,0.07535321821036108,0.2771145924166341,0.043809058623511976,1.0,False
96,92,1.1464285714285714,0.18691770186335402,0.7053480157716036,8.943245451999565e-05,0.058667690165117144,False
97,72,0.8999999999999998,0.18749999999999997,0.6991368680641179,0.00010279613417875351,0.06616220734402452,False
98,33,0.37857142857142856,0.17207792207792205,0.6871330724070449,0.00013351568117354006,0.08157808119703297,False
99,55,0.49642857142857155,0.13538961038961042,0.43858202179176786,0.007147010235388036,1.0,False
100,351,4.5,0.19230769230769232,0.7915014797029427,8.999354523558742e-06,0.00780244037192543,True
101,185,-0.5678571428571428,-0.04604247104247104,0.13290866395625964,0.18154848677673965,1.0,False
102,134,1.0535714285714284,0.1179371002132196,0.6801945683438241,0.0001546233554562264,0.09122777971917358,False
103,58,0.525,0.13577586206896552,0.37512151652624776,0.0152157661326484,1.0,False
104,234,2.35,0.15064102564102566,0.8442345490281722,1.3159775838149127e-06,0.0012702706284679634,True
105,255,1.0607142857142857,0.06239495798319328,0.26473289315726295,0.049716247073037755,1.0,False
106,32,0.12857142857142856,0.06026785714285714,0.10120783007080385,0.24785935752675725,1.0,False
107,64,0.4821428571428571,0.11300223214285714,0.6202917952441461,0.0004902082998846865,0.22330045859835518,False
108,167,2.2821428571428575,0.20498289136013692,0.8066949139148214,5.4593148820432164e-06,0.004918842708720938,True
109,125,1.7499999999999998,0.20999999999999996,0.7320717131474103,4.7465875708155194e-05,0.034650089266953295,True
110,220,2.846428571428571,0.19407467532467532,0.7135469400593115,7.408765594930176e-05,0.04971281714198148,True
111,74,0.7178571428571429,0.145511583011583,0.5572449242312787,0.0013894986718843857,0.4946615271908413,False
112,67,0.8214285714285712,0.1839019189765458,0.5109860388439541,0.0027440546756400995,0.8094961293138294,False
113,74,0.8464285714285713,0.17157335907335905,0.6666046901702639,0.00020434813183718822,0.11361756130147666,False
114,237,-1.4321428571428574,-0.09064195298372514,0.40950462472496135,0.010188460855996463,1.0,False
115,122,1.2178571428571427,0.14973653395784542,0.7289187088362141,5.1308573537847766e-05,0.03686856558962574,True
116,67,0.6107142857142857,0.13672707889125799,0.49792820815548094,0.003290229470480412,0.9410056285573978,False
117,41,0.7249999999999999,0.26524390243902435,0.5432148129921259,0.001719335443160849,0.5775740628357933,False
118,56,1.0,0.26785714285714285,0.49916805324459235,0.003234598540730564,0.9315643797304024,False
119,72,0.4892857142857142,0.1019345238095238,0.40773809523809507,0.010405363569919768,1.0,False
120,51,0.6785714285714284,0.19957983193277307,0.5566864051320008,0.0014014955540456316,0.494727930578108,False
121,42,0.6214285714285713,0.22193877551020405,0.7003145817912659,0.00010013864683332697,0.0645894272074959,False
122,78,0.7678571428571428,0.14766483516483514,0.7291929581019687,5.096411051436878e-05,0.036745123680859894,True
123,99,1.2,0.18181818181818182,0.7283236994219651,5.2062763746501186e-05,0.03727693884249485,True
124,253,1.9571428571428566,0.11603613777526818,0.7470149649755886,3.2412308227847014e-05,0.025151951184809285,True
125,50,0.01785714285714285,0.005357142857142855,0.0015048154093097903,0.8908277269812631,1.0,False
126,73,1.314285714285714,0.2700587084148728,0.6155487139705704,0.0005330689581903599,0.23881489326928124,False
127,581,2.289285714285714,0.059103761986722396,0.5743524199680916,0.001062519142916925,0.4069448317371823,False
128,67,0.6642857142857141,0.14872068230277183,0.5069357611753671,0.0029043264211504674,0.8480633149759365,False
129,91,0.7964285714285714,0.1312794348508634,0.7757872951160668,1.4554595026769439e-05,0.01219675063243279,True
130,33,0.44642857142857145,0.20292207792207792,0.6172961441213652,0.0005169178611252945,0.23209611964525725,False
131,97,1.4035714285714285,0.21704712812960233,0.46677499556744734,0.004990873131976943,1.0,False
132,74,0.8321428571428571,0.16867760617760616,0.7263584629656058,5.4621453064875944e-05,0.03889047458219167,True
133,40,0.475,0.178125,0.5778201219512197,0.0010050549091653212,0.39156935436894447,False
134,68,0.7214285714285715,0.1591386554621849,0.6818242580875147,0.0001494250986110043,0.08875850857493656,False
135,99,1.0035714285714286,0.15205627705627706,0.7390030697813719,3.9873270195797535e-05,0.030024572457435544,True
136,87,0.4142857142857142,0.07142857142857141,0.2606135729779981,0.05183857154358753,1.0,False
137,235,-0.49285714285714277,-0.03145896656534954,0.06531461496250227,0.3579198413869481,1.0,False
138,75,0.41428571428571426,0.08285714285714285,0.32915851272015645,0.025334730706279614,1.0,False
139,257,1.532142857142857,0.08942468037798777,0.35305232706847683,0.019503303309905157,1.0,False
140,60,0.5428571428571428,0.1357142857142857,0.7367346938775509,4.223457491598232e-05,0.03159146203715478,True
141,60,0.8035714285714285,0.20089285714285712,0.5650111607142857,0.0012316492473458565,0.45611109888088947,False
142,520,0.8535714285714286,0.02462225274725275,0.04416298991814941,0.45219934973755227,1.0,False
143,57,0.8892857142857143,0.23402255639097747,0.6911115569823436,0.0001225652479797408,0.07611301899541903,False
144,102,0.31071428571428567,0.04569327731092437,0.09120156159629844,0.2739758051105224,1.0,False
145,127,0.8999999999999998,0.10629921259842517,0.4347048300536672,0.007499647985411119,1.0,False
146,165,1.4535714285714285,0.13214285714285715,0.6515457835116425,0.00027489318883223903,0.1429444581927643,False
147,42,0.3285714285714285,0.1173469387755102,0.5359675785207699,0.0019148154491829981,0.6261446518828404,False
148,205,-0.5214285714285714,-0.03815331010452961,0.12874053792881296,0.18906929235298153,1.0,False
149,61,0.7392857142857141,0.181791569086651,0.8014951616121306,6.505118259279192e-06,0.005783050132499202,True
150,32,0.4107142857142857,0.19252232142857142,0.5263611759711315,0.002203435859011811,0.6808616804346496,False
151,407,-3.1214285714285706,-0.11504036504036501,0.4679679867738782,0.004913839320333611,1.0,False
152,92,1.0214285714285714,0.16653726708074532,0.6438331724108979,0.0003184834475976496,0.16210807482720363,False
153,134,1.646428571428571,0.18430170575692958,0.8241677697573886,2.9225317685111564e-06,0.0027354897353264423,True
154,76,0.9892857142857143,0.19525375939849626,0.730882315586263,4.888549671068238e-05,0.03549087061195541,True
155,261,3.4999999999999996,0.20114942528735633,0.8702049928962855,3.969732983881733e-07,0.0003977672449849497,True
156,466,5.325,0.17140557939914164,0.8687638601149662,4.268141014405597e-07,0.0004268141014405597,True
157,71,1.0357142857142856,0.21881287726358145,0.6874209860935523,0.00013269605894657423,0.08134268413425,False
158,39,0.2642857142857143,0.10164835164835165,0.31748608534322814,0.02871689438819475,1.0,False
159,81,0.9428571428571428,0.1746031746031746,0.8198757763975154,3.42608639744851e-06,0.0031725560040373204,True
160,67,0.5535714285714286,0.12393390191897655,0.5969636231115824,0.0007336102865782529,0.3095835409360227,False
161,556,7.582142857142856,0.20455421377183963,0.7331786911543471,4.617641806527198e-05,0.03398584369604018,True
162,174,1.307142857142857,0.1126847290640394,0.8225830222047554,3.1005722173706014e-06,0.00288663273437203,True
163,57,0.9392857142857142,0.24718045112781953,0.6263492465951895,0.00043980595361048033,0.2073355425687916,False
164,137,1.5499999999999998,0.16970802919708028,0.7173681217119294,6.774397731846412e-05,0.04633688048582946,True
165,19,0.15,0.11842105263157895,0.2747093023255814,0.044903472945903605,1.0,False
166,113,0.5785714285714286,0.0768015170670038,0.25910957822126285,0.05263406772446052,1.0,False
167,118,0.3071428571428571,0.03904358353510896,0.22435690017796472,0.0744993982144516,1.0,False
168,89,1.2749999999999997,0.21488764044943814,0.714635231316726,7.223128028472258e-05,0.04853942035133357,True
169,64,0.20357142857142854,0.04771205357142857,0.11728677319984598,0.21147122534528368,1.0,False
170,119,1.5392857142857137,0.19402761104441768,0.8650453879395981,5.127500638173341e-07,0.0005096735634344301,True
171,31,0.3607142857142857,0.17453917050691242,0.5285127106935618,0.002135712067064125,0.6658706461691488,False
172,90,0.807142857142857,0.13452380952380952,0.8216859716859716,3.2053815638737445e-06,0.0029796612506369953,True
173,25,0.2285714285714285,0.1371428571428571,0.6857142857142855,0.00013761826224104281,0.0832590486558309,False
174,26,0.3499999999999999,0.20192307692307687,0.4975822050290134,0.0033059022284203784,0.9410056285573978,False
175,84,1.5535714285714284,0.2774234693877551,0.6654229730490068,0.00020925520948134185,0.1155088756337007,False
176,223,0.2035714285714286,0.01369314541960282,0.01872349090238505,0.6267705703026833,1.0,False
177,141,2.5749999999999997,0.2739361702127659,0.4651205030564184,0.005099453294704096,1.0,False
178,171,0.6,0.05263157894736842,0.19780219780219774,0.09669582125431611,1.0,False
179,106,1.2464285714285712,0.17638140161725066,0.6561799649465578,0.00025124906629693267,0.13366450326996818,False
180,102,1.621428571428571,0.23844537815126043,0.731447308653191,4.820668496150692e-05,0.03504625996701553,True
181,117,0.8035714285714285,0.10302197802197802,0.28057661612130885,0.0422767015111977,1.0,False
182,145,1.8142857142857143,0.1876847290640394,0.764649178255373,2.0067777182375824e-05,0.016395373958001048,True
183,105,-0.18571428571428572,-0.02653061224489796,0.04733893557422969,0.4360020000869117,1.0,False
184,64,0.4464285714285715,0.10463169642857145,0.4772255253298585,0.004350524671569168,1.0,False
185,62,0.6714285714285714,0.16244239631336402,0.6135543005277287,0.0005520317768596067,0.2451021089256654,False
186,51,0.5892857142857143,0.17331932773109246,0.6866676755447944,0.0001348497240661592,0.08212348195629095,False
187,83,0.5750000000000001,0.10391566265060243,0.44139383343928806,0.006900460449722405,1.0,False
188,119,1.4107142857142851,0.17782112845138048,0.8776230725385487,2.698102233957961e-07,0.0002719687051829625,True
189,122,1.1535714285714285,0.14183255269320844,0.7338568239795918,4.540137433112886e-05,0.033506214256373096,True
190,60,0.6142857142857142,0.15357142857142855,0.6142857142857142,0.0005450112077914745,0.24252998746720617,False
191,79,1.167857142857143,0.22174502712477398,0.7940586755911123,8.294383402112705e-06,0.007249291093446504,True
192,273,3.8857142857142852,0.21350078492935634,0.7677715281957617,1.8367693877107324e-05,0.015134979754736435,True
193,141,2.482142857142857,0.2640577507598784,0.7304747991676346,4.938016181420879e-05,0.035800617315301375,True
194,166,2.3392857142857144,0.21138123924268504,0.8721060234824749,3.6033440604480285e-07,0.0003617757436689821,True
195,62,0.7464285714285714,0.1805875576036866,0.7164891523051349,6.916044367922618e-05,0.04708459236306449,True
196,224,3.646428571428571,0.24418048469387751,0.6981155283074802,0.00010514940443566803,0.06729561883882754,False
197,54,0.675,0.1875,0.672863924050633,0.0001799679630771943,0.10402148265861831,False
198,6670,17.69285714285714,0.03978903405440136,0.5356382464823489,0.0019241379641033278,0.6261446518828404,False
199,54,0.575,0.1597222222222222,0.7255094043887145,5.575969832727139e-05,0.039533626114035415,True
200,475,7.103571428571428,0.22432330827067665,0.881226833976834,2.2177907126925537e-07,0.00022399686198194794,True
201,115,1.0607142857142857,0.13835403726708073,0.7928661313518697,8.617054751496745e-06,0.007496837633802168,True
202,59,0.39999999999999997,0.10169491525423728,0.47191011235955055,0.004666626102280295,1.0,False
203,773,5.821428571428571,0.11296433191646646,0.8338445456919233,2.0128647926792616e-06,0.0019061829586672608,True
204,39,0.33214285714285713,0.12774725274725274,0.48568059299191363,0.0038861544358197993,1.0,False
205,62,0.6142857142857142,0.1486175115207373,0.7151882413615265,7.130331203490286e-05,0.048129735623559426,True
206,18,0.1964285714285714,0.16369047619047616,0.2813430059523809,0.041944188194762366,1.0,False
207,222,0.0392857142857143,0.002654440154440155,0.0009510186116700208,0.9131228205255879,1.0,False
208,78,1.0392857142857141,0.19986263736263732,0.7908790346682604,9.178469557062802e-06,0.00794631380965884,True
209,161,-1.7035714285714285,-0.158717834960071,0.6516816494561896,0.00027417375733503806,0.14284452757155483,False
210,77,1.082142857142857,0.21080705009276435,0.7774801273655209,1.3842286246707753e-05,0.01164136273348122,True
211,53,0.12142857142857141,0.034366576819407,0.062807881773399,0.36763039085099014,1.0,False
212,48,0.41428571428571426,0.1294642857142857,0.4603174603174603,0.005426455454784929,1.0,False
213,83,0.5499999999999999,0.09939759036144577,0.41169799092676607,0.00992470744912124,1.0,False
214,356,2.5178571428571423,0.10608948635634026,0.4902297618609249,0.0036546715673978956,1.0,False
215,38,0.4035714285714286,0.1593045112781955,0.6021598340040244,0.0006719023221929693,0.28555848693201197,False
216,58,0.7071428571428571,0.18288177339901476,0.7153318411833397,7.106402099032942e-05,0.04811034221045302,True
217,79,1.0464285714285713,0.19868896925858948,0.8134159128808932,4.322333854316581e-06,0.003959257810553988,True
218,66,0.8607142857142857,0.19561688311688308,0.6832415772633162,0.0001450266783057434,0.08650104032520231,False
219,169,1.4357142857142857,0.12743026204564664,0.6107913886593158,0.0005792590716477369,0.25429473245335654,False
220,90,1.4642857142857142,0.24404761904761904,0.7198526892771497,6.38734114213417e-05,0.044136527292147114,True
221,62,1.3178571428571428,0.3188364055299539,0.5380893542132108,0.0018556866677578603,0.6105484149924905,False
222,471,2.2714285714285714,0.07233848953594177,0.28976022373005683,0.038446246239064084,1.0,False
223,67,0.3,0.06716417910447761,0.421875,0.008778033513965961,1.0,False
224,73,0.9464285714285714,0.19447162426614484,0.7010908631063311,9.841931832011942e-05,0.06386757669216137,False
225,107,0.9642857142857142,0.13518024032042722,0.7360266006138603,4.2995699897158266e-05,0.032031796423382906,True
226,7520,32.68214285714285,0.06519044452887537,0.44082167412510664,0.006950015488389985,1.0,False
227,68,0.5785714285714286,0.12762605042016809,0.7008617006124485,9.892422518650447e-05,0.06390504947048188,False
228,19,0.24642857142857139,0.1945488721804511,0.39604591836734687,0.011946729786171742,1.0,False
229,159,1.7285714285714284,0.16307277628032343,0.8664338975026631,4.790868322826713e-07,0.00047812865861810594,True
230,87,0.95,0.16379310344827586,0.733739837398374,4.5534280502540555e-05,0.03355876473037239,True
231,82,0.15,0.027439024390243903,0.04045376712328765,0.47226688508249903,1.0,False
232,25,0.20357142857142854,0.12214285714285712,0.3703267477203647,0.01606822298934282,1.0,False
233,1175,17.060714285714283,0.21779635258358662,0.8432620883782665,1.3709769399445599e-06,0.0013188798162266666,True
234,32,0.2357142857142857,0.11049107142857142,0.30071796759941105,0.034291097022880274,1.0,False
235,99,0.08571428571428572,0.012987012987012988,0.031358885017421595,0.527801033038391,1.0,False
236,44,0.5392857142857143,0.1838474025974026,0.47088748760876736,0.004729688012409312,1.0,False
237,979,-9.335714285714287,-0.14303954472493802,0.4447447065390508,0.006616414704766785,1.0,False
238,87,0.6678571428571428,0.11514778325123153,0.3849854676765897,0.013587301018324598,1.0,False
239,707,2.4250000000000007,0.051449787835926464,0.6650857658336927,0.00021067385420298515,0.11587061981164183,False
240,52,0.6285714285714284,0.18131868131868129,0.6675094816687737,0.00020065799404081017,0.11317110863901693,False
241,69,0.7142857142857143,0.15527950310559008,0.5962318149296446,0.0007426813292257426,0.3119261582748119,False
242,65,0.8642857142857144,0.1994505494505495,0.7652090592334494,1.9753422787659332e-05,0.016178053263092993,True
243,202,0.9714285714285713,0.07213578500707213,0.5373411837620079,0.0018763531431596199,0.6154438309563554,False
244,114,0.7107142857142856,0.09351503759398495,0.44531531126304397,0.006569081959261307,1.0,False
245,88,1.1821428571428572,0.2015016233766234,0.7798750047454538,1.2885448411844414e-05,0.010913974804832218,True
246,35,0.6214285714285713,0.2663265306122448,0.6786312014345488,0.00015975489072202908,0.0939358757445531,False
247,118,1.1107142857142858,0.14119249394673125,0.8308983551727297,2.259865936682934e-06,0.00213331344422869,True
248,358,3.7214285714285706,0.155925778132482,0.75563719303976,2.5747475811435787e-05,0.020392000842657142,True
249,72,0.5785714285714286,0.1205357142857143,0.5565829657278589,0.0014037272161542037,0.494727930578108,False
250,557,8.689285714285713,0.2340023082841754,0.8432890713978,1.3694249260768237e-06,0.0013187562038119813,True
251,123,1.5214285714285714,0.18554006968641115,0.7749026439844228,1.4939106122544421e-05,0.012489092718447135,True
252,133,1.8107142857142855,0.20421589688506978,0.6977341985639005,0.00010603976851267955,0.06775941207960223,False
253,80,0.8571428571428571,0.16071428571428573,0.7932427469702533,8.514017293867886e-06,0.007432737097546664,True
254,46,0.475,0.15489130434782608,0.5311799327354261,0.0020542680804645865,0.6470944453463447,False
255,184,2.5428571428571427,0.2072981366459627,0.8057712522464481,5.633844611633752e-06,0.005047924772023842,True
256,290,4.332142857142856,0.22407635467980294,0.7929115711267908,8.604566913123067e-06,0.007494577781330191,True
257,227,3.528571428571428,0.2331655129011957,0.6725323907020495,0.00018119362923319133,0.10402148265861831,False
258,184,1.2964285714285713,0.10568711180124221,0.6250268790002277,0.0004504107659279035,0.21124264922018673,False
259,60,0.7999999999999999,0.19999999999999998,0.8533333333333333,8.858511190639148e-07,0.0008672482455635726,True
260,27,0.21785714285714283,0.12103174603174602,0.31342654986522905,0.029985354576127055,1.0,False
261,92,1.1071428571428574,0.18051242236024848,0.8138182557246741,4.261217124298549e-06,0.0039075361029817695,True
262,51,0.7392857142857142,0.21743697478991594,0.5676266426451884,0.0011821023609119357,0.44210628298106397,False
263,96,1.2214285714285713,0.19084821428571425,0.6677246985750821,0.00019978870591736791,0.11308040754923024,False
264,546,5.689285714285714,0.15629905808477237,0.885269217673785,1.7673472745909876e-07,0.00017938574837098525,True
265,82,0.9714285714285712,0.1777003484320557,0.7598597721297102,2.2935799738386364e-05,0.018440382989662638,True
266,223,2.1999999999999997,0.14798206278026904,0.7736337342061194,1.5505734676947687e-05,0.012916276985897424,True
267,360,2.0107142857142857,0.0837797619047619,0.47405031107920553,0.004537019154586019,1.0,False
268,79,1.0785714285714287,0.20479204339963836,0.7128579765725958,7.528383325016131e-05,0.050440168277608076,False
269,66,0.7785714285714285,0.1769480519480519,0.6249211024616032,0.0004512684634609459,0.21124264922018673,False
270,85,0.6607142857142857,0.11659663865546217,0.6132047300525562,0.0005554145694613811,0.24604865427139183,False
271,64,0.5250000000000001,0.12304687500000003,0.5475993377483447,0.0016096686365412276,0.5555639336410201,False
272,139,2.728571428571428,0.2944501541623843,0.6319098814046675,0.0003975264837098327,0.19240281811555904,False
273,47,0.682142857142857,0.21770516717325225,0.633292056291084,0.0003875769567332991,0.18913755488584993,False
274,1551,13.267857142857142,0.12831583310306713,0.6071135159274851,0.0006172912753130392,0.267287122210546,False
275,205,0.3142857142857143,0.022996515679442508,0.03539736713798147,0.501907350533943,1.0,False
276,97,1.239285714285714,0.19164212076583206,0.790887952777972,9.175881997296581e-06,0.00794631380965884,True
277,60,0.5928571428571429,0.14821428571428572,0.6834325396825396,0.00014444262358983173,0.08637668890671937,False
278,184,2.3107142857142855,0.1883734472049689,0.7289520914984116,5.126653815770434e-05,0.03686856558962574,True
279,154,1.8,0.17532467532467533,0.8180834435493566,3.65722239022162e-06,0.0033792734885647767,True
280,105,1.0964285714285713,0.15663265306122448,0.6925999412110522,0.00011867117295849845,0.07428815427202003,False
281,599,-1.0249999999999997,-0.025667779632721197,0.07595663923985262,0.32010929733689486,1.0,False
282,90,0.1571428571428571,0.026190476190476184,0.05084033613445377,0.41909159587077693,1.0,False
283,369,0.8857142857142856,0.03600464576074331,0.24803200412956503,0.05885076413776037,1.0,False
284,124,1.5357142857142856,0.18577188940092162,0.6623884674907813,0.0002223214274740271,0.12046970409661989,False
285,70,0.7928571428571427,0.16989795918367342,0.6893509884371501,0.00012731221666794677,0.07855163768412315,False
286,70,0.9571428571428571,0.2051020408163265,0.6622571920334399,0.0002229021199593647,0.12046970409661989,False
287,54,0.225,0.0625,0.2977941176470588,0.03535784384908791,1.0,False
288,271,4.578571428571428,0.2534264628360569,0.8081760222814341,5.189063071029786e-06,0.004685723953139897,True
289,183,0.8999999999999998,0.07377049180327867,0.43085106382978705,0.007865209754475785,1.0,False
290,100,1.0714285714285714,0.1607142857142857,0.5625937656276047,0.001279029380070804,0.4681247531059142,False
291,71,0.9357142857142856,0.19768611670020117,0.4855237843751177,0.003894356305782041,1.0,False
292,915,-1.5678571428571426,-0.025702576112412175,0.1895069619257395,0.10483977502555226,1.0,False
293,153,0.7357142857142855,0.07212885154061624,0.21214605663093894,0.08402544667428752,1.0,False
294,111,1.0285714285714285,0.13899613899613897,0.6618153963998468,0.00022486595421554096,0.12120274932217658,False
295,107,0.4178571428571428,0.05857810413885179,0.44552812011803494,0.006551505235702039,1.0,False
296,73,0.8107142857142856,0.16658512720156554,0.6674279842497928,0.00020098801779859578,0.11317110863901693,False
297,95,0.9857142857142855,0.15563909774436088,0.6711936090225562,0.0001862161233790917,0.10670183869621955,False
298,92,1.1285714285714286,0.1840062111801242,0.7929778493075259,8.58637987007931e-06,0.007487323246709158,True
299,173,2.0035714285714286,0.17372006606110652,0.7872643617588984,1.0279831819967347e-05,0.008850935196991885,True
300,176,1.5142857142857142,0.12905844155844157,0.8527410255761594,9.096332209758226e-07,0.0008896212901143545,True
301,262,-1.4107142857142856,-0.08076608505997819,0.2927049356652593,0.037286815405365874,1.0,False
302,131,1.2964285714285713,0.14844601962922574,0.7435278672244123,3.549807313691886e-05,0.027120527876606012,True
303,63,0.39999999999999997,0.09523809523809523,0.2758620689655172,0.044375869843805475,1.0,False
304,211,1.9678571428571432,0.13989505754908602,0.7863246608834991,1.0583918510822084e-05,0.009079387112305784,True
305,136,1.5642857142857145,0.17253151260504204,0.7995454444419752,6.938940314015042e-06,0.006140962177903312,True
306,103,1.025,0.14927184466019416,0.7179669703872439,6.679319705011796e-05,0.04582013317638092,True
307,117,0.08571428571428569,0.010989010989010986,0.010919017288444037,0.710927049899317,1.0,False
308,283,2.1714285714285713,0.11509338717819283,0.7597417544475014,2.3010664830789215e-05,0.01847756385912374,True
309,39,0.43571428571428567,0.16758241758241757,0.6068166992824525,0.0006204522125969892,0.26803535584189936,False
310,409,3.8571428571428568,0.14146000698567934,0.837677484592786,1.726181001531368e-06,0.0016450504944593937,True
311,129,1.4464285714285714,0.16818936877076412,0.6370199776300255,0.00036180144094808645,0.18003312045030895,False
312,104,0.7607142857142856,0.10971840659340656,0.6115959091235889,0.0005712141573303189,0.2519054433826706,False
313,1947,13.996428571428574,0.10783072859344046,0.9079593522427283,4.174129510820667e-08,4.32022404369939e-05,True
314,71,0.8142857142857142,0.17203219315895368,0.6381432499672647,0.00035432979326191114,0.1775192264242175,False
315,64,0.7857142857142856,0.1841517857142857,0.7617089138828267,2.178962971848872e-05,0.01756244155310191,True
316,109,0.7392857142857142,0.10173656618610746,0.6626680550973275,0.00022108900414562495,0.12005132925107434,False
317,128,1.2928571428571427,0.15150669642857142,0.9181551511527968,1.9366976173996333e-08,2.0161022197130184e-05,True
318,151,2.0928571428571434,0.20789971617786193,0.8084826529715342,5.13456052346455e-06,0.0046467772737354175,True
319,134,2.2214285714285715,0.2486673773987207,0.4720738103915037,0.004656599881673631,1.0,False
320,62,0.9607142857142856,0.2324308755760368,0.5432289998398463,0.0017189704251065275,0.5775740628357933,False
321,171,0.9892857142857141,0.08677944862155386,0.5356374958114598,0.001924159258454172,0.6261446518828404,False
322,99,1.6607142857142854,0.2516233766233766,0.665947001429064,0.00020706685788916306,0.11471503927059633,False
323,59,0.7714285714285714,0.19612590799031476,0.6859024619727144,0.00013706799703525014,0.08306320620336159,False
324,557,-0.8428571428571425,-0.0226981277250577,0.052349538313465574,0.41208566877459185,1.0,False
325,328,-0.6250000000000001,-0.028582317073170736,0.10243662587412591,0.24484916931765946,1.0,False
326,86,1.2964285714285713,0.22612126245847172,0.6951992881060243,0.0001121241932638109,0.07119886272251992,False
327,64,0.8964285714285715,0.21010044642857145,0.778738710528051,1.333215865584383e-05,0.011265674064188037,True
328,90,0.5285714285714286,0.0880952380952381,0.3690026954177898,0.01631098795900642,1.0,False
329,44,0.7357142857142857,0.2508116883116883,0.7395436378845616,3.9327502435947005e-05,0.02969226433913999,True
330,51,0.23928571428571427,0.0703781512605042,0.2689956855225313,0.047604562930047147,1.0,False
331,147,2.617857142857143,0.2671282798833819,0.5285613942580117,0.002134200789003682,0.6658706461691488,False
332,138,1.3214285714285714,0.14363354037267081,0.8541729060596986,8.530474843189463e-07,0.0008359865346325674,True
333,117,1.7499999999999998,0.22435897435897434,0.8101851851851851,4.840720379010348e-06,0.004405055544899416,True
334,273,2.1178571428571424,0.11636577708006278,0.7712412710109834,1.662403478903947e-05,0.013781324840113721,True
335,154,-0.5107142857142857,-0.049744897959183666,0.14579214038556593,0.1601975791850971,1.0,False
336,89,0.9785714285714283,0.16492776886035307,0.7347330236442401,4.4416432940848126e-05,0.032823743943286764,True
337,112,1.2642857142857138,0.16932397959183668,0.6763406349846,0.00016753657754388102,0.09722612389791035,False
338,116,1.132142857142857,0.14639778325123148,0.5599479182145084,0.0013326851980945279,0.48109935651212454,False
339,498,1.7142857142857142,0.05163511187607572,0.6084421346178222,0.0006033115458952304,0.26244052246442523,False
340,177,2.2642857142857142,0.19188861985472153,0.7666936246833702,1.8940142941269594e-05,0.015568797497723606,True
341,102,1.1535714285714285,0.16964285714285712,0.7567091215040036,2.5007272684168858e-05,0.019830767238545904,True
342,126,1.0357142857142856,0.12329931972789114,0.7124220656004335,7.604915928211795e-05,0.050876887559736905,False
343,260,3.6785714285714284,0.21222527472527472,0.7717806704430821,1.6366082348006773e-05,0.013616580513541634,True
344,98,1.375,0.21045918367346939,0.7834081491712708,1.1577004270341667e-05,0.009875184642601441,True
345,227,1.8714285714285712,0.12366268093140338,0.8354781649113125,1.886088357574963e-06,0.0017917839396962149,True
346,108,0.8,0.11111111111111112,0.6676602086438151,0.00020004884938444858,0.11308040754923024,False
347,319,1.075,0.05054858934169279,0.24130580690066614,0.06295133147156393,1.0,False
348,182,1.0928571428571427,0.0900706436420722,0.6242178055891345,0.0004570069986152176,0.21320662619507655,False
349,37,0.425,0.17229729729729729,0.5395625889046943,0.001815567866287101,0.6009529637410305,False
350,90,0.4714285714285714,0.07857142857142857,0.45093167701863374,0.006118798161020453,1.0,False
351,86,0.6749999999999999,0.11773255813953487,0.7829889525368248,1.1726065166982155e-05,0.009983715986694265,True
352,131,2.289285714285714,0.2621319520174482,0.6784453872166548,0.00016037439010319716,0.09413976699057673,False
353,107,1.4249999999999998,0.19976635514018687,0.7856139462048635,1.0818965233954002e-05,0.009250707909399226,True
354,88,0.5857142857142857,0.09983766233766235,0.6502062919030427,0.00028207318998572174,0.1463959856025896,False
355,167,1.5749999999999997,0.14146706586826346,0.6180959302325579,0.0005096672401048753,0.23022326327211748,False
356,83,0.5714285714285715,0.10327022375215147,0.5947218436377154,0.0007617039497716738,0.31915395495433135,False
357,52,0.8392857142857141,0.2421016483516483,0.6451116752850288,0.00031087234976766206,0.15947751543081062,False
358,55,1.0928571428571427,0.298051948051948,0.5434685033276582,0.0017128182834120955,0.5772197615098762,False
359,128,2.3178571428571426,0.2716238839285714,0.7275064252551677,5.311410732908125e-05,0.0379765867402931,True
360,2465,27.70714285714286,0.16860330339032165,0.7365423016513001,4.2440228497094096e-05,0.03170285068732929,True
361,235,2.9785714285714286,0.19012158054711248,0.8651480977810208,5.101930004621995e-07,0.0005076420354598885,True
362,45,0.45357142857142857,0.15119047619047618,0.6400396825396825,0.0003420159854990983,0.1729683910166796,False
363,33,0.39642857142857135,0.18019480519480516,0.6832852706299909,0.00014489286486633554,0.08650104032520231,False
364,601,2.2642857142857147,0.05651295459947707,0.39127370612452567,0.012631707581031477,1.0,False
365,99,1.0035714285714286,0.15205627705627706,0.656432894386805,0.0002500104774295084,0.133255584469928,False
366,158,1.639285714285714,0.155628390596745,0.7250727317780509,5.635295060703193e-05,0.03978518312856454,True
367,159,1.3785714285714286,0.13005390835579514,0.7627989842726081,2.113713632940113e-05,0.017163354699473717,True
368,131,1.857142857142857,0.21264994547437296,0.7586526807224409,2.3711419772913e-05,0.018982721285992158,True
369,57,0.682142857142857,0.1795112781954887,0.6842924669867945,0.00014183744693561882,0.08510246816137129,False
370,127,1.707142857142857,0.20163104611923507,0.8397512545083896,1.5861109996019822e-06,0.001516322115619495,True
371,204,2.5285714285714285,0.18592436974789917,0.9163741663741665,2.229425120437005e-08,2.314143275013611e-05,True
372,35,0.2892857142857143,0.1239795918367347,0.35865524781341124,0.01832357450827112,1.0,False
373,196,0.28214285714285714,0.02159256559766764,0.046734594033308034,0.4390186427246666,1.0,False
374,268,4.62142857142857,0.25866204690831546,0.7027398318116398,9.485077387069562e-05,0.06184270456369355,False
375,183,0.6321428571428571,0.05181498829039813,0.11601958286425314,0.2141176383541947,1.0,False
376,91,1.3535714285714284,0.22311616954474095,0.8004008291479687,6.745673926746534e-06,0.00597666709909743,True
377,77,1.0535714285714286,0.2052411873840445,0.6849917089962638,0.00013974883967231484,0.08440829916207816,False
378,96,1.0607142857142857,0.16573660714285712,0.8432337870908533,1.3726063846030676e-06,0.001319074735603548,True
379,21,0.31071428571428567,0.22193877551020405,0.7189399696048634,6.527270870101718e-05,0.04485376187658054,True
380,58,0.8785714285714284,0.22721674876847286,0.5974803854457374,0.0007272624832401182,0.30763203041056997,False
381,54,0.6357142857142858,0.1765873015873016,0.5968203737191081,0.0007353783623945274,0.30959429056809606,False
382,117,0.9,0.11538461538461539,0.6782296650717703,0.00016109618253432327,0.09424126678257912,False
383,84,0.6857142857142857,0.12244897959183675,0.5588163958282804,0.0013562189904102538,0.48552639856687085,False
384,83,0.8642857142857144,0.15619621342512913,0.6886209707763706,0.0001293262137131061,0.07953562143356026,False
385,79,0.85,0.16139240506329114,0.7693965517241379,1.7532593095282902e-05,0.014481921896703677,True
386,104,0.8285714285714284,0.11950549450549448,0.6222331833035327,0.00047354015953343046,0.2192490938639783,False
387,145,0.36428571428571427,0.03768472906403941,0.13694278694278697,0.17456504860928465,1.0,False
388,120,0.8178571428571427,0.10223214285714284,0.571003919860627,0.0011206783623102438,0.4213750642286517,False
389,105,-0.3142857142857142,-0.04489795918367346,0.2659340659340659,0.04911265136858407,1.0,False
390,154,1.564285714285714,0.15236549165120591,0.6658907051222717,0.00020730100736505506,0.11471503927059633,False
391,56,0.04285714285714283,0.011479591836734686,0.007250268528464009,0.7628677400910717,1.0,False
392,291,4.2178571428571425,0.21741531664212077,0.6941982950156482,0.00011460780156714406,0.07220291498730076,False
393,293,1.2857142857142858,0.06582155046318869,0.5144381404013888,0.0026135777456428376,0.7762325904559227,False
394,62,0.6035714285714286,0.14602534562211983,0.421967339059176,0.008768188036840074,1.0,False
395,214,1.7178571428571425,0.12041054739652868,0.8061883235146531,5.554458076395829e-06,0.004982348894527059,True
396,210,-0.5642857142857143,-0.04030612244897959,0.22978645066273934,0.07059968384187873,1.0,False
397,267,3.6321428571428567,0.20405296950240767,0.8311334006197203,2.2392578039919186e-06,0.002116098624772363,True
398,63,0.12142857142857144,0.02891156462585034,0.04373486682808717,0.45444985706732455,1.0,False
399,56,0.2821428571428571,0.07557397959183672,0.3541729721549635,0.01926206015633055,1.0,False
400,58,0.7892857142857141,0.20412561576354676,0.666449858088931,0.00020498539961347212,0.11376689678547702,False
401,47,0.45357142857142857,0.14475683890577506,0.6419417321163235,0.00033003673571303555,0.16765866174222205,False
402,34,0.47142857142857153,0.20798319327731096,0.5609546703296706,0.0013120440880079014,0.4775840480348761,False
403,53,0.8535714285714286,0.24157681940700812,0.6149625344510798,0.0005385832492402453,0.24020812916114942,False
404,158,0.4821428571428572,0.04577305605786619,0.1750967155154746,0.12059549292575267,1.0,False
405,83,0.5214285714285714,0.09423407917383819,0.32851800098635536,0.0255105733616133,1.0,False
406,84,0.75,0.13392857142857142,0.6067026194144838,0.0006216708041353757,0.26803535584189936,False
407,115,1.5178571428571426,0.19798136645962727,0.7489426691729321,3.08069725650769e-05,0.02402943860075998,True
408,156,2.339285714285714,0.22493131868131863,0.6526802448701408,0.00026893544604290393,0.14119110917252456,False
409,45,0.4428571428571428,0.1476190476190476,0.5491428571428568,0.001572530619326592,0.5472406555256539,False
410,186,1.8749999999999998,0.15120967741935482,0.7621361102508518,2.1531901113934015e-05,0.01737624419894475,True
411,46,0.725,0.23641304347826084,0.6784342347879533,0.00016041163737016297,0.09413976699057673,False
412,323,6.178571428571428,0.2869305616983635,0.4796310003153842,0.004213729746166412,1.0,False
413,32,0.4142857142857143,0.19419642857142858,0.5477637863656101,0.0016056761087890755,0.5555639336410201,False
414,87,1.3535714285714284,0.23337438423645318,0.7303581597787177,4.9522529531652764e-05,0.035854311380916604,True
415,73,0.8107142857142856,0.16658512720156554,0.7085426444705193,8.315849760769525e-05,0.05496776691868656,False
416,48,0.7607142857142857,0.23772321428571427,0.7351730619652578,4.392870720746652e-05,0.032543649530484144,True
417,65,0.6857142857142857,0.15824175824175826,0.667181467181467,0.0002019891230727273,0.11317110863901693,False
418,57,0.7857142857142856,0.20676691729323307,0.5428930366116295,0.001727632580696516,0.5775740628357933,False
419,39,0.6178571428571428,0.2376373626373626,0.6697323666308629,0.0001918337891120157,0.10915780406634683,False
420,535,9.960714285714285,0.27927236315086784,0.5233954006014584,0.0022998399071596305,0.696851491869368,False
421,86,1.2499999999999998,0.21802325581395346,0.5355394157009956,0.0019269432634372668,0.6261446518828404,False
422,68,0.7142857142857144,0.15756302521008406,0.752936452163438,2.7695827806285384e-05,0.021768920655740313,True
423,88,0.7464285714285714,0.12723214285714288,0.6453539910172563,0.0003094475608413315,0.1590560462724444,False
424,65,1.0,0.23076923076923078,0.7460035523978685,3.3282766798371765e-05,0.025627730434746258,True
425,99,1.4142857142857141,0.21428571428571427,0.6969352200810637,0.00010792624064018498,0.06885694152843802,False
426,93,1.207142857142857,0.19470046082949308,0.76636792959107,1.911607640799027e-05,0.015694298730960014,True
427,165,1.8678571428571427,0.1698051948051948,0.8127198716425006,4.429826232576978e-06,0.0040488611765753585,True
428,47,0.6249999999999999,0.19946808510638295,0.6934171597633133,0.00011657848214995231,0.07321128679017005,False
429,38,0.3,0.11842105263157895,0.48711340206185566,0.003811906061174693,1.0,False
430,74,1.139285714285714,0.23093629343629338,0.6923396168220906,0.0001193445151152043,0.07449297472316072,False
431,62,1.0071428571428571,0.24366359447004604,0.7034699943385543,9.330634783009747e-05,0.061022351480883565,False
432,276,4.05,0.22010869565217392,0.8585127860026918,6.994386933950642e-07,0.0006903459903809284,True
433,25,-1.586032892321652e-17,-9.516197353929912e-18,1.4277164066499973e-33,0.9999999999999999,1.0,False
434,160,1.889285714285714,0.1771205357142857,0.7848943530291697,1.106146518704551e-05,0.009446491269736866,True
435,56,0.7428571428571428,0.19897959183673466,0.5921600116796846,0.0007949393452237915,0.3298998282678735,False
436,90,0.9892857142857141,0.16488095238095235,0.5170417789757411,0.0025187682382648443,0.7505929350029236,False
437,1823,17.682142857142857,0.14549212444165818,0.9155271111907016,2.3813047375229522e-08,2.4694130128113015e-05,True
438,319,4.05357142857143,0.1906068069861174,0.9319152722530669,5.816558037038626e-09,6.072486590668326e-06,True
439,29,0.2714285714285714,0.14039408866995073,0.6668719211822659,0.0002032522410705284,0.11321382053881653,False
440,48,0.2785714285714286,0.08705357142857142,0.22540011855364547,0.07373472679243466,1.0,False
441,39,0.46428571428571425,0.17857142857142855,0.8200698757763971,3.401819043860578e-06,0.003153486253658756,True
442,72,1.2607142857142852,0.2626488095238094,0.7173309846182183,6.780331817763336e-05,0.04633688048582946,True
443,76,0.7999999999999999,0.15789473684210525,0.6763965777554102,0.00016734272615819337,0.09722612389791035,False
444,70,1.096428571428571,0.23494897959183664,0.7081421558805847,8.392376056949492e-05,0.055221834454727656,False
445,109,0.9714285714285713,0.13368283093053734,0.7660279419073386,1.9301215313012845e-05,0.015826996556670532,True
446,305,2.3892857142857142,0.11750585480093677,0.8354174962667995,1.8906720203569756e-06,0.00179424774731877,True
447,102,1.2214285714285713,0.1796218487394958,0.9073166190889909,4.368597595766203e-08,4.517129914022254e-05,True
448,66,0.41785714285714287,0.09496753246753246,0.4543613913967075,0.005857333592781908,1.0,False
449,26,0.3714285714285714,0.21428571428571425,0.4343542514457055,0.007532274348429816,1.0,False
450,280,0.1428571428571428,0.007653061224489792,0.016939582156973446,0.6438508432448382,1.0,False
451,76,0.9678571428571427,0.19102443609022554,0.6574764849121467,0.0002449552772310782,0.13080611804139575,False
452,104,0.16785714285714287,0.024210164835164836,0.03119116650350177,0.5289246634808851,1.0,False
453,76,0.7785714285714286,0.1536654135338346,0.6929582393654251,0.00011774973690346512,0.07382908503847263,False
454,115,1.2107142857142856,0.15791925465838508,0.6224956666185181,0.0004713244204157485,0.21869453107290732,False
455,303,1.032142857142857,0.05109618104667609,0.5798780826483003,0.0009722368712762199,0.380144616669002,False
456,281,3.1785714285714284,0.16967463141840364,0.8043736697014174,5.906946678769438e-06,0.0052630894907835695,True
457,72,0.8285714285714285,0.17261904761904762,0.6529503105590063,0.00026753361394696827,0.14075834009138277,False
458,89,1.1357142857142857,0.19141252006420545,0.8044783401926257,5.886109901896456e-06,0.005256296142393535,True
459,303,-0.4035714285714286,-0.01997878359264498,0.03303649045825227,0.516780835437413,1.0,False
460,70,0.9392857142857142,0.2012755102040816,0.6991475741239889,0.00010277170708187208,0.06616220734402452,False
461,40,0.5821428571428572,0.21830357142857146,0.7570953647416413,2.4745046808145556e-05,0.01964756716566757,True
462,75,0.6928571428571428,0.13857142857142857,0.6400680272108843,0.00034183476485509805,0.1729683910166796,False
463,60,0.5071428571428571,0.12678571428571428,0.7201428571428571,6.343396034139308e-05,0.04395973451658541,True
464,124,2.1999999999999997,0.26612903225806445,0.6939304977128419,0.00011528017402638989,0.07251122946259925,False
465,83,0.39999999999999997,0.07228915662650602,0.2549317147192716,0.054903448068694655,1.0,False
466,61,0.6892857142857142,0.16949648711943793,0.7352550268449308,4.383836696273626e-05,0.032543649530484144,True
467,59,0.3357142857142857,0.08535108958837773,0.4577922077922078,0.005605625830694274,1.0,False
468,258,0.657142857142857,0.038205980066445176,0.1980902452724209,0.09642427245303839,1.0,False
469,36,0.5035714285714286,0.20982142857142858,0.7274956088992973,5.312814222321651e-05,0.0379765867402931,True
470,75,0.75,0.15,0.735981308411215,4.304478020794105e-05,0.032031796423382906,True
471,208,0.4892857142857142,0.035285027472527465,0.28678897400374875,0.039649358527096196,1.0,False
472,86,1.0535714285714286,0.18376245847176081,0.8563654613204573,7.722068834971597e-07,0.0007598515733612052,True
473,141,1.275,0.1356382978723404,0.8828064391000776,2.03139101526983e-07,0.0002057799098468338,True
474,173,2.164285714285714,0.18765483071841452,0.8408854993527584,1.5136759563859813e-06,0.001451615242174156,True
475,88,0.38214285714285706,0.06513798701298701,0.43622993294045903,0.007359155359121254,1.0,False
476,110,1.1535714285714287,0.15730519480519484,0.7583519092847454,2.3908126193510288e-05,0.01910259282861472,True
477,93,0.9464285714285714,0.15264976958525345,0.8696379037051711,4.084969352865055e-07,0.000408905432221792,True
478,74,0.6035714285714284,0.12234555984555981,0.6669806327064389,0.00020280786888108966,0.11321382053881653,False
479,178,0.6785714285714285,0.05718298555377206,0.1863847890736865,0.10807357192925265,1.0,False
480,137,2.375,0.26003649635036497,0.7199484896371484,6.372803763250117e-05,0.04409980204169081,True
481,98,0.8857142857142859,0.13556851311953355,0.4559724803289711,0.005737927524431551,1.0,False
482,583,8.607142857142856,0.2214530752266601,0.8566714599585753,7.61460322721644e-07,0.0007507998782035409,True
483,124,1.6178571428571427,0.19570852534562208,0.7992830657055608,6.999159096115254e-06,0.006187256640965884,True
484,36,0.5821428571428572,0.24255952380952384,0.6342866692131399,0.0003805503808260501,0.1860891362239385,False
485,52,0.4607142857142856,0.1328983516483516,0.7453864070711893,3.382364555095586e-05,0.026010383428685058,True
486,51,0.5571428571428572,0.1638655462184874,0.6316445182724254,0.0003994615938969047,0.19240281811555904,False
487,104,0.15,0.021634615384615384,0.03601371951219511,0.49813894298039096,1.0,False
488,101,0.33928571428571425,0.05038896746817538,0.11723621310793962,0.21157614205207953,1.0,False
489,45,0.6178571428571428,0.20595238095238091,0.5453534985422741,0.0016650601962783069,0.569450587127181,False
490,141,1.7321428571428572,0.18427051671732522,0.62899766824969,0.00041921074347608657,0.19912510315114113,False
491,38,0.49642857142857133,0.19595864661654133,0.7865148719062092,1.052175539619199e-05,0.00903818788532892,True
492,80,0.9857142857142858,0.18482142857142858,0.6847075743048898,0.00014059433864137665,0.0847071107054201,False
493,67,0.4428571428571428,0.09914712153518122,0.429913510289293,0.007956477598990694,1.0,False
494,95,0.7928571428571427,0.12518796992481201,0.5248934961658619,0.0022506958684153045,0.6901393863779173,False
495,120,0.9749999999999999,0.12187499999999998,0.5639300847457628,0.0012526470053537558,0.46097409797018213,False
496,4259,70.58571428571427,0.24859960419951024,0.8494252537494725,1.0530364303713337e-06,0.001025657483181679,True
497,52,0.3357142857142857,0.09684065934065933,0.26803915224073777,0.048071088333442015,1.0,False
498,500,-3.496428571428571,-0.10489285714285712,0.5747795093633558,0.0010552920315309465,0.40523214010788344,False
499,327,0.5357142857142857,0.0245740498034076,0.07783527979188576,0.3139529441576857,1.0,False
500,100,1.5178571428571426,0.22767857142857137,0.7437616668496759,3.5283620404999585e-05,0.02699196960982468,True
501,121,0.049999999999999996,0.006198347107438016,0.007221458046767539,0.7633269350527784,1.0,False
502,43,0.3285714285714286,0.11461794019933556,0.5843151693667161,0.0009046106478542761,0.35822581655029334,False
503,137,1.9214285714285713,0.21037539103232533,0.8365304581046921,1.8080751312702787e-06,0.0017212875249693054,True
504,103,1.5857142857142854,0.23092926490984741,0.6945190808139644,0.00011380680962077174,0.07192590368032774,False
505,31,0.04285714285714284,0.02073732718894008,0.014721919302071958,0.6666472960270904,1.0,False
506,123,1.4285714285714286,0.17421602787456447,0.778089013383131,1.35934542704852e-05,0.011472875404289509,True
507,117,1.207142857142857,0.15476190476190477,0.7203642050040353,6.310047525609224e-05,0.04385483030298411,True
508,382,1.3928571428571426,0.05469334330590874,0.3880841248673217,0.013108694835011734,1.0,False
509,167,0.9892857142857141,0.088857998289136,0.6347254698667608,0.0003774853902383132,0.18534532660701178,False
510,38,0.3,0.11842105263157895,0.6038338658146966,0.0006529997780144911,0.2788309052121877,False
511,77,0.6642857142857143,0.12940630797773653,0.6312524328532503,0.00040233561915102665,0.19271876157334175,False
512,67,0.6392857142857141,0.14312366737739868,0.5906683216989478,0.0008148614840451143,0.3340440417275904,False
513,117,1.1535714285714285,0.1478937728937729,0.8272725831007356,2.5988149617165407e-06,0.002440287249051832,True
514,94,0.7714285714285714,0.12310030395136777,0.48874238784289625,0.0037289965287790393,1.0,False
515,63,0.6857142857142857,0.16326530612244897,0.8008342022940561,6.649519715338346e-06,0.005898123987505112,True
516,254,2.317857142857142,0.1368813273340832,0.8233958285547466,3.008137814986306e-06,0.0028035844435672372,True
517,90,0.7678571428571428,0.12797619047619047,0.5002705627705628,0.0031858192259676447,0.9207017563046493,False
518,135,1.0785714285714285,0.11984126984126983,0.6411979752530935,0.00033467733655371157,0.16968140963273176,False
519,52,0.47857142857142854,0.13804945054945053,0.6841597236334077,0.00014223695032244873,0.08519993324314679,False
520,27,0.3178571428571429,0.1765873015873016,0.4533539377289376,0.005933101882640558,1.0,False
521,278,0.44642857142857145,0.02408787255909558,0.03725868296219048,0.4906640142979831,1.0,False
522,154,1.5535714285714284,0.15132189239332094,0.8113537355073294,4.6474316283900855e-06,0.004233810213463368,True
523,38,0.31071428571428567,0.1226503759398496,0.39909659730033753,0.011526269936408545,1.0,False
524,56,0.3535714285714284,0.09470663265306119,0.3687173956661314,0.016363723090372095,1.0,False
525,86,1.082142857142857,0.18874584717607973,0.771625240934152,1.6440059619234132e-05,0.013661689543583565,True
526,55,0.45,0.12272727272727274,0.5382911392405063,0.001850146712098456,0.6105484149924905,False
527,335,4.614285714285714,0.20660980810234542,0.7302969141923813,4.9597424975248595e-05,0.03585893825710473,True
528,811,6.125,0.11328606658446362,0.497721306866641,0.003299593597343059,0.9410056285573978,False
529,148,2.7607142857142852,0.27980212355212347,0.5895550711444146,0.000830008537766475,0.3361534577954224,False
530,224,3.0857142857142854,0.20663265306122447,0.7802485102208053,1.2741427324368194e-05,0.010804730371064228,True
531,115,-0.9785714285714284,-0.127639751552795,0.28913936530758955,0.038694854686157056,1.0,False
532,142,2.4678571428571425,0.2606891348088531,0.6392277910264464,0.0003472419409084368,0.17500993821785216,False
533,136,1.6428571428571432,0.1811974789915967,0.865718213358354,4.961954531049856e-07,0.0004947068667456707,True
534,87,0.9285714285714285,0.16009852216748768,0.7777982326951397,1.3711807003979804e-05,0.011545341497350994,True
535,71,0.9535714285714285,0.20145875251509052,0.5228715185416993,0.0023172438931687886,0.6998076557369741,False
536,44,0.6714285714285714,0.2288961038961039,0.6542600454141573,0.00026082375158463115,0.13797576458826988,False
537,88,1.0999999999999999,0.1875,0.7499999999999999,2.995564652268532e-05,0.02342531558073992,True
538,87,1.0357142857142856,0.17857142857142855,0.7427229051858131,3.624495812641558e-05,0.027582413134202257,True
539,153,2.7035714285714283,0.2650560224089636,0.7573281421804957,2.4588146830832346e-05,0.019547576730511714,True
540,372,3.97142857142857,0.1601382488479262,0.8281877900061075,2.509427471011897e-06,0.002358861822751183,True
541,81,0.39285714285714285,0.07275132275132275,0.31405730897009965,0.02978500103401691,1.0,False
542,10810,-20.492857142857137,-0.02843597198361305,0.2044158100321968,0.0906422042956584,1.0,False
543,117,1.4249999999999998,0.18269230769230768,0.8850793897882938,1.786604776807001e-07,0.00018116172436822992,True
544,307,3.375,0.16490228013029318,0.7623275065332399,2.1417277517743315e-05,0.0173051602343366,True
545,75,0.9857142857142855,0.19714285714285712,0.7352895752895751,4.380033584183599e-05,0.032543649530484144,True
546,155,2.1214285714285714,0.2052995391705069,0.8438360969387755,1.3382815102321616e-06,0.0012901033758638037,True
547,24,0.025000000000000005,0.015625000000000003,0.01121794871794872,0.7071557542166103,1.0,False
548,161,1.364285714285714,0.12710736468500444,0.7586720829636203,2.3698778134821672e-05,0.018982721285992158,True
549,28,0.2928571428571428,0.15688775510204078,0.41595183107885175,0.009430289910620974,1.0,False
550,13,0.1357142857142857,0.15659340659340656,0.21729534510433388,0.07987567786712524,1.0,False
551,84,0.9714285714285713,0.17346938775510204,0.8065585208442353,5.484793444907096e-06,0.004930829306971479,True
552,43,0.6499999999999999,0.2267441860465116,0.6731790591805767,0.0001788095150172952,0.10353070919501392,False
553,714,9.182142857142857,0.19290216086434572,0.8476098064640555,1.1393842450953454e-06,0.0011063421019875804,True
554,446,-2.2142857142857144,-0.07447149263292761,0.517876902294969,0.002488997556701621,0.7466992670104864,False
555,37,0.25714285714285706,0.1042471042471042,0.26550122917235713,0.04932937153691298,1.0,False
556,58,1.0964285714285713,0.2835591133004926,0.5908089833171744,0.0008129646903590059,0.3340440417275904,False
557,37,0.6999999999999998,0.2837837837837837,0.6187612748045698,0.0005037022672453462,0.22825003599214352,False
558,123,1.7892857142857141,0.218205574912892,0.8236237990234683,2.9826374628401734e-06,0.002785783390292722,True
559,224,3.392857142857143,0.2272002551020408,0.8158108512033324,3.969259313721252e-06,0.0036556878279372733,True
560,170,0.375,0.03308823529411765,0.10897140221402211,0.22950332067569218,1.0,False
561,235,3.907142857142857,0.2493920972644377,0.6923997223079297,0.00011918875955705714,0.07449297472316072,False
562,62,0.5892857142857143,0.14256912442396313,0.7270598917533113,5.3696153536606594e-05,0.0382853574716005,True
563,6357,92.17857142857143,0.21750488775028654,0.8881845999941715,1.4929745238099358e-07,0.00015213410397623247,True
564,112,1.1892857142857143,0.15927933673469388,0.8652027589363737,5.088365789489462e-07,0.0005068012326331503,True
565,660,7.407142857142856,0.16834415584415582,0.8209926403224816,3.288440108880229e-06,0.0030516724210408524,True
566,50,0.6535714285714285,0.19607142857142854,0.5503231814198073,0.0015446339224551913,0.5400622560091249,False
567,76,1.1285714285714286,0.22274436090225563,0.6592837775978028,0.00023640796660416135,0.12671467009983048,False
568,81,1.0035714285714286,0.18584656084656084,0.7390030697813719,3.9873270195797535e-05,0.030024572457435544,True
569,124,1.6107142857142855,0.1948444700460829,0.7512742790166258,2.8956394696151097e-05,0.022672857047086308,True
570,201,1.3821428571428571,0.10314498933901918,0.6526223593390504,0.0002692367319026183,0.14119110917252456,False
571,47,0.7178571428571429,0.2291033434650456,0.8118301896902795,4.570529167571974e-06,0.0041683226008256405,True
572,105,1.0,0.14285714285714285,0.7954545454545456,7.929823930160172e-06,0.006946525762820311,True
573,69,0.525,0.1141304347826087,0.4027922755741126,0.011034476073408024,1.0,False
574,58,0.75,0.1939655172413793,0.8301124385101897,2.3299486259728174e-06,0.002194811605666394,True
575,51,0.6464285714285714,0.19012605042016806,0.7519509731913332,2.8437416126296174e-05,0.022323371659142496,True
576,45,0.5035714285714286,0.16785714285714284,0.5819964871194381,0.000939425041756655,0.36919404141036544,False
577,105,1.6249999999999998,0.23214285714285712,0.5877384737678856,0.000855246926411841,0.34295401749114823,False
578,79,0.9892857142857141,0.18783905967450268,0.7082153933248004,8.3783368464897e-05,0.05521323981836712,False
579,66,0.782142857142857,0.17775974025974023,0.8331190939410782,2.0714444150393282e-06,0.0019595864166272047,True
580,26,0.3821428571428571,0.22046703296703293,0.5314898489725177,0.0020449817757497743,0.6462142411369287,False
581,700,3.732142857142857,0.07997448979591837,0.5189509383989558,0.002451159572564327,0.7377990313418625,False
582,284,3.528571428571428,0.18636820925553316,0.6921331573633236,0.00011988085598635154,0.074685773279497,False
583,37,0.3785714285714285,0.15347490347490345,0.36569172018746726,0.0169324056146684,1.0,False
584,30,0.5142857142857142,0.2571428571428571,0.638423645320197,0.0003524855061321845,0.1769477240783566,False
585,89,1.0928571428571425,0.1841894060995184,0.8098505466119281,4.897316733698631e-06,0.004451660910932056,True
586,22,0.02142857142857143,0.014610389610389612,0.003080785029666819,0.8442424396495082,1.0,False
587,63,0.6642857142857143,0.15816326530612243,0.6355820105820107,0.0003715635875129,0.1831808486438597,False
588,105,1.6178571428571427,0.2311224489795918,0.6901029055690072,0.00012526593826207773,0.07753961578422612,False
589,106,0.5750000000000001,0.0813679245283019,0.35478410832907514,0.01913162625329054,1.0,False
590,48,0.4607142857142857,0.14397321428571427,0.6039851916376305,0.0006513138677527424,0.27876233539817374,False
591,201,1.8071428571428572,0.13486140724946694,0.8407634109178792,1.5213350986479959e-06,0.00145743902450478,True
592,70,0.7107142857142855,0.15229591836734688,0.6887929035250461,0.00012884944080773604,0.0793712555375654,False
593,58,0.5642857142857143,0.145935960591133,0.5875910118001507,0.0008573243782772312,0.34295401749114823,False
594,503,1.4464285714285714,0.043134052825901735,0.2814018308918393,0.04191876499637443,1.0,False
595,61,0.6714285714285713,0.1651053864168618,0.7472093809899648,3.224723330432773e-05,0.025056100277462648,True
596,1019,8.439285714285713,0.12422893593158557,0.908316679448984,4.069227887269793e-08,4.215720091211505e-05,True
597,505,1.8464285714285718,0.05484441301272986,0.4115853282963086,0.009938106958032348,1.0,False
598,94,0.982142857142857,0.15672492401215804,0.7441842920121756,3.489877340614857e-05,0.026802257975922103,True
599,78,0.5642857142857143,0.1085164835164835,0.5358001373626372,0.0019195503595367508,0.6261446518828404,False
600,125,1.4571428571428569,0.17485714285714282,0.701629762841407,9.724065856589081e-05,0.06330366872639492,False
601,52,0.8749999999999999,0.2524038461538461,0.6966258665511263,0.00010866433102063663,0.06921917886014553,False
602,196,1.653571428571429,0.126548833819242,0.22070287833779018,0.07723716632412173,1.0,False
603,796,4.6571428571428575,0.08776022972002871,0.8239003137161671,2.951954070493262e-06,0.0027600770559112,True
604,516,7.196428571428571,0.2091985049833887,0.8633691902300944,5.560458446669585e-07,0.0005515974779096228,True
605,99,1.2999999999999998,0.19696969696969696,0.7195863746958636,6.427902495154476e-05,0.044288248191614345,True
606,209,1.4607142857142854,0.10483595352016402,0.5909708614387459,0.0008107865090475495,0.3340440417275904,False
607,15,0.06428571428571428,0.06428571428571428,0.08265306122448979,0.29880094265669493,1.0,False
608,237,1.375,0.0870253164556962,0.3665016615895874,0.0167784762472114,1.0,False
609,68,0.6607142857142859,0.14574579831932777,0.5884089033559511,0.0008458565235882233,0.3400343224824658,False
610,88,1.239285714285714,0.2112418831168831,0.8087364772890099,5.089813517158823e-06,0.004616460860063052,True
611,41,0.6928571428571427,0.25348432055749126,0.4750740541268345,0.0044761423305894315,1.0,False
612,238,0.1499999999999999,0.009453781512605036,0.01801372474266106,0.6334440902870312,1.0,False
613,202,0.657142857142857,0.04879773691654879,0.19262046364850102,0.10170834050635207,1.0,False
614,127,1.4642857142857142,0.1729471316085489,0.7965113340577695,7.662982819328214e-06,0.006728098915370172,True
615,80,1.2321428571428572,0.23102678571428573,0.7627200102529051,2.1183841739021323e-05,0.017180095650346294,True
616,185,1.689285714285714,0.13696911196911193,0.7762617968171722,1.4351853536838537e-05,0.01205555697094437,True
617,54,0.8357142857142857,0.23214285714285715,0.7095687331536388,8.122500186490422e-05,0.05377688614044086,False
618,30,0.3,0.15,0.315,0.029487820796089213,1.0,False
619,2061,6.317857142857143,0.04598149303389478,0.1272844703038791,0.19177265782887282,1.0,False
620,90,0.6321428571428571,0.10535714285714286,0.5539073550212165,0.0014625305300101077,0.5133482160335479,False
621,80,0.6499999999999999,0.12187499999999998,0.5651273885350319,0.0012294099700293516,0.45611109888088947,False
622,98,1.167857142857143,0.17875364431486881,0.6242741157055675,0.00045654523810508896,0.21320662619507655,False
623,152,1.9249999999999996,0.18996710526315785,0.9249747414715318,1.096697599871685e-08,1.1438555966661675e-05,True
624,78,0.4428571428571428,0.08516483516483515,0.4025974025974024,0.011059937411719241,1.0,False
625,42,0.2892857142857143,0.10331632653061226,0.3755151098901099,0.015147609282583083,1.0,False
626,186,2.5250000000000004,0.20362903225806453,0.7540019428957595,2.6912658656057446e-05,0.021234087679629324,True
627,75,0.4714285714285714,0.09428571428571428,0.6349854227405249,0.0003756796631601682,0.18483439427480275,False
628,132,1.1178571428571429,0.12702922077922077,0.8167350273442711,3.8397385869277855e-06,0.0035402389771474183,True
629,162,0.3821428571428571,0.03538359788359788,0.1594745932694451,0.14030734922602756,1.0,False
630,62,0.6071428571428571,0.14688940092165895,0.5807255385274891,0.0009589939312342941,0.3759256210438433,False
631,30,0.15,0.075,0.26249999999999996,0.050856496559863386,1.0,False
632,37,0.6892857142857142,0.27944015444015435,0.6727856179558808,0.00018025681482178234,0.10402148265861831,False
633,106,1.3821428571428571,0.19558625336927224,0.8559141546526867,7.882916803617804e-07,0.0007748907217956302,True
634,22,0.19999999999999998,0.13636363636363635,0.43523316062176165,0.007450713756093003,1.0,False
635,148,1.1035714285714286,0.1118484555984556,0.7417421072257212,3.717308960096075e-05,0.02821437500712921,True
636,17,0.2178571428571429,0.19222689075630256,0.5599418138041736,0.001332811206117115,0.48109935651212454,False
637,64,0.7214285714285714,0.16908482142857142,0.6365546218487392,0.000364936260154808,0.18064344877662997,False
638,86,1.0035714285714286,0.17504152823920266,0.764375419484744,2.0223030118245367e-05,0.016481769546369974,True
639,33,0.4035714285714285,0.1834415584415584,0.629883583267561,0.0004125092186883537,0.19635438809565636,False
640,71,0.8357142857142856,0.17655935613682092,0.7165015004536256,6.914037057718721e-05,0.04708459236306449,True
641,76,0.5250000000000001,0.10361842105263161,0.5894220977596747,0.0008318339207380861,0.3361534577954224,False
642,99,0.04999999999999998,0.007575757575757573,0.0040322580645161255,0.8221158017350233,1.0,False
643,105,0.9428571428571428,0.1346938775510204,0.6800936768149884,0.00015495019999027843,0.091265667794274,False
644,56,0.6857142857142855,0.18367346938775503,0.5246698041597082,0.0022579755432408062,0.6901393863779173,False
645,82,1.014285714285714,0.1855400696864111,0.8189645835589731,3.5419875460054643e-06,0.0032763384800550545,True
646,165,2.2607142857142857,0.20551948051948052,0.9011537423533648,6.657934617655963e-08,6.857672656185642e-05,True
647,179,1.7214285714285709,0.14425379090183554,0.7122541244951681,7.634578249150161e-05,0.05099898270432308,False
648,170,2.2178571428571425,0.19569327731092434,0.7578627764385285,2.423099516871998e-05,0.019312103149469823,True
649,453,-0.5500000000000002,-0.01821192052980133,0.037405052110934464,0.48979691397830905,1.0,False
650,141,1.917857142857143,0.20402735562310031,0.7224251443001445,6.0066686531946e-05,0.042166813945426096,True
651,51,0.4892857142857142,0.14390756302521007,0.6868047423887587,0.00013445564647930288,0.08201794435237476,False
652,156,1.1857142857142857,0.11401098901098901,0.5725089337654782,0.0010942068146812492,0.4157985895788747,False
653,154,2.3249999999999997,0.22646103896103892,0.8038388684322334,6.014392688540833e-06,0.0053528094928013414,True
654,49,0.7107142857142857,0.2175655976676385,0.5636243737665099,0.0012586406565057156,0.46192112093759763,False
655,2222,22.057142857142853,0.14890060434614888,0.9173287828226087,2.0681832632582812e-08,2.1488424105253542e-05,True
656,96,0.95,0.14843749999999997,0.6727902023429178,0.0001802398932122436,0.10402148265861831,False
657,236,3.978571428571428,0.2528753026634383,0.7987352352575698,7.126328163247218e-06,0.006292547768147294,True
658,100,1.0892857142857142,0.16339285714285712,0.6902329837752276,0.00012491481447453567,0.07744718497421212,False
659,109,1.5678571428571426,0.2157601572739187,0.722284824801615,6.0269209955938304e-05,0.04224871617911275,True
660,196,1.9678571428571432,0.1506013119533528,0.8504674380733264,1.0060291069103371e-06,0.0009808783792375788,True
661,46,0.725,0.23641304347826084,0.6847472084367247,0.00014047613715658392,0.0847071107054201,False
662,349,4.621428571428571,0.19862873516168644,0.8476520314052441,1.1373096351092323e-06,0.0011054649653261738,True
663,59,0.5928571428571427,0.15072639225181597,0.6697886958776248,0.0001916145734092093,0.10915780406634683,False
664,22,0.2892857142857143,0.19724025974025977,0.45294090574374096,0.00596441229732616,1.0,False
665,50,0.4892857142857142,0.14678571428571427,0.5914600840336132,0.0008042342367910643,0.33295297403150065,False
666,146,0.45,0.04623287671232877,0.2938838977194196,0.03683161772515926,1.0,False
667,71,0.9857142857142854,0.2082494969818913,0.7256147124568175,5.56174309313678e-05,0.03948837596127114,True
668,89,1.1285714285714286,0.19020866773675763,0.7294012232654176,5.0703846657646626e-05,0.036608177286820864,True
669,125,1.4285714285714286,0.17142857142857143,0.8511845651865512,9.747296465029963e-07,0.0009513361349869243,True
670,86,0.8535714285714285,0.14887873754152822,0.6477674791339058,0.00029555975651455064,0.15221327460499356,False
671,315,-3.4821428571428568,-0.16581632653061223,0.4970848148922819,0.0033285461478227262,0.9419785598338315,False
672,181,2.4142857142857146,0.20007892659826365,0.7865588337892673,1.050743249924311e-05,0.009036391949349075,True
673,78,0.9249999999999999,0.17788461538461536,0.7430986352357317,3.5894683968154e-05,0.0273876438677015,True
674,93,0.8071428571428569,0.130184331797235,0.6647750937109536,0.0002119881561558382,0.11616950957339933,False
675,102,1.9571428571428569,0.28781512605042014,0.6226859531550658,0.00046972370718346724,0.21842152384031227,False
676,40,0.16071428571428573,0.06026785714285715,0.21696428571428575,0.08013652021607115,1.0,False
677,147,2.0785714285714283,0.21209912536443146,0.503550021407164,0.0030444863780656026,0.8859455360170904,False
678,104,0.7749999999999999,0.11177884615384613,0.46083759590792817,0.005390179943944352,1.0,False
679,140,0.7464285714285714,0.07997448979591837,0.36000824175824175,0.018048423077677997,1.0,False
680,316,5.396428571428571,0.2561595840867993,0.7649924543508329,1.9874537341858254e-05,0.016257371545640054,True
681,60,0.8285714285714285,0.20714285714285713,0.6365184484389781,0.00036518091289371174,0.18064344877662997,False
682,55,0.2678571428571428,0.07305194805194803,0.2666719342604298,0.04874522369321571,1.0,False
683,140,0.6964285714285714,0.0746173469387755,0.3800473081023454,0.014382103617143892,1.0,False
684,269,-2.089285714285714,-0.11650292087095059,0.5243531101377744,0.002268316745592517,0.6901393863779173,False
685,110,1.4357142857142857,0.19577922077922078,0.8470995247414034,1.1647110354353582e-06,0.001128604993336862,True
686,94,1.1392857142857142,0.18180091185410333,0.6213223322153113,0.0004812986946353705,0.22043480214299968,False
687,68,1.0571428571428574,0.23319327731092443,0.689643591788758,0.00012651254588271589,0.07818475335551842,False
688,361,4.475,0.18594182825484762,0.6624003733047709,0.00022226882674653117,0.12046970409661989,False
689,44,0.5499999999999999,0.1875,0.4390117484450587,0.007108836964153635,1.0,False
690,59,0.6214285714285713,0.15799031476997577,0.7460573005651202,3.3236012363857264e-05,0.02562496553253395,True
691,41,0.2535714285714285,0.09277003484320555,0.32773491678224687,0.02572704866984838,1.0,False
692,166,-1.196428571428571,-0.10811101549053352,0.42869748797978946,0.008076239711130055,1.0,False
693,87,0.7928571428571427,0.13669950738916253,0.4440320023064724,0.006675954790217297,1.0,False
694,21,0.29285714285714287,0.20918367346938777,0.41691468253968267,0.009321440945763013,1.0,False
695,12,0.06785714285714285,0.08482142857142856,0.05755739795918367,0.3891040837584755,1.0,False
696,68,0.8178571428571431,0.18040966386554627,0.6554688020798617,0.00025475986631336254,0.1352774890123955,False
697,99,1.5071428571428571,0.22835497835497837,0.44488967943080987,0.006604360676384654,1.0,False
698,36,0.75,0.3125,0.4454185520361992,0.006560549738840731,1.0,False
699,77,0.7535714285714286,0.14679962894248608,0.7236206223994455,5.8364707550877214e-05,0.04108875411581756,True
700,197,3.103571428571428,0.23631254532269758,0.7285785680839347,5.173855947947838e-05,0.037096547146786,True
701,81,0.7892857142857141,0.14616402116402114,0.6329177897574121,0.0003902497301838429,0.18966136886934767,False
702,101,1.0785714285714285,0.16018387553041016,0.7159918774074693,6.997296325500206e-05,0.0475116420501464,True
703,80,0.7642857142857142,0.14330357142857142,0.8730808337569902,3.426888895150252e-07,0.0003444023339626003,True
704,102,1.3892857142857142,0.20430672268907563,0.743986980805538,3.507799870970256e-05,0.02686974701163216,True
705,177,1.864285714285714,0.15799031476997577,0.7896439004033936,9.542899110235426e-06,0.008245064831243407,True
706,258,-0.03928571428571435,-0.002284053156146183,0.0005868316908512471,0.9317098983911827,1.0,False
707,166,2.271428571428572,0.20524956970740107,0.7466037958733661,3.276380134981877e-05,0.02532641844340991,True
708,73,0.9071428571428571,0.18639921722113503,0.8296241684383789,2.3744134177081737e-06,0.0022343230260633913,True
709,624,-3.0999999999999996,-0.07451923076923075,0.5842452666319264,0.0009056437077312279,0.35822581655029334,False
710,39,0.6214285714285713,0.23901098901098897,0.7636198547215496,2.0656849191993844e-05,0.016794018393090995,True
711,126,1.607142857142857,0.19132653061224486,0.7206200535216077,6.271687929322315e-05,0.04365094798808331,True
712,51,0.5857142857142857,0.17226890756302524,0.7189905902480752,6.519442133223916e-05,0.04485376187658054,True
713,85,0.4142857142857142,0.07310924369747897,0.4095779220779221,0.010179547934793143,1.0,False
714,111,1.15,0.15540540540540537,0.7625617792421744,2.1277684829992177e-05,0.017213647027463672,True
715,151,-0.25,-0.024834437086092717,0.03731873756042081,0.4903079535562114,1.0,False
716,73,0.9857142857142855,0.2025440313111546,0.6481666364131421,0.00029331528279649433,0.15164400120578758,False
717,36,0.2607142857142857,0.10863095238095237,0.2452595729013254,0.0605098529846251,1.0,False
718,66,0.2071428571428571,0.047077922077922066,0.16779728651237014,0.12943891510887834,1.0,False
719,105,1.314285714285714,0.1877551020408163,0.744087912087912,3.4986221053720725e-05,0.026834431548203797,True
720,172,0.32857142857142846,0.028654485049833877,0.11206835675446646,0.22260047943792394,1.0,False
721,166,2.292857142857143,0.2071858864027539,0.763915523308687,2.0486150755583842e-05,0.016675726715045247,True
722,126,1.225,0.14583333333333334,0.5445502851218249,0.001685267430908202,0.5729909265087887,False
723,96,1.1535714285714285,0.1802455357142857,0.8142560564435563,4.1955513517564906e-06,0.0038515161409124585,True
724,145,1.3285714285714285,0.1374384236453202,0.7046985334057575,9.075630443297824e-05,0.05944537940360075,False
725,37,0.3285714285714285,0.1332046332046332,0.6332801276935355,0.0003876618998346191,0.18913755488584993,False
726,102,1.3464285714285713,0.19800420168067226,0.5941053036383095,0.0007695910067083371,0.32168904080408495,False
727,269,-0.13928571428571437,-0.007766861391396712,0.004777890398565907,0.8066296426666412,1.0,False
728,75,1.025,0.205,0.5571496212121212,0.0013915394551102327,0.4946615271908413,False
729,121,1.9214285714285713,0.2381936245572609,0.7214073030347339,6.154902502483591e-05,0.042961219467335464,True
730,168,1.8,0.16071428571428573,0.6698168930891909,0.00019150491941464357,0.10915780406634683,False
731,90,0.8785714285714284,0.1464285714285714,0.5778838808250573,0.001004023985561396,0.39156935436894447,False
732,40,0.7,0.2625,0.6371517027863776,0.00036091830118123057,0.18003312045030895,False
733,56,-0.1392857142857143,-0.03730867346938776,0.09888609570041611,0.25365997313529126,1.0,False
734,60,0.5357142857142857,0.13392857142857142,0.6181318681318682,0.0005093435028144192,0.23022326327211748,False
735,85,0.9607142857142856,0.1695378151260504,0.8092864598866686,4.993994057195865e-06,0.004534546603933846,True
736,19,0.2678571428571429,0.21146616541353389,0.5439337287261476,0.0017009224819635742,0.5766127213856517,False
737,73,0.7214285714285714,0.14823874755381605,0.708337191000833,8.355033390912589e-05,0.05514322038002309,False
738,80,0.6428571428571428,0.12053571428571427,0.6111670020120722,0.0005754910191018855,0.2532160484048296,False
739,59,0.8749999999999999,0.22245762711864406,0.7318218024578967,4.7761200202208265e-05,0.03477015374720762,True
740,23,0.19999999999999998,0.13043478260869562,0.3529411764705882,0.01952737741256658,1.0,False
741,151,1.8357142857142859,0.18235572374645223,0.804442261160461,5.893285083166151e-06,0.005256810294184206,True
742,32,0.28214285714285714,0.13225446428571427,0.5907054517920244,0.0008143604218889056,0.3340440417275904,False
743,74,1.0464285714285713,0.21211389961389956,0.7425013838276671,3.645283555078974e-05,0.027704155018600202,True
744,82,1.0285714285714282,0.18815331010452954,0.5330408554976691,0.0019990523398118543,0.6356986440601696,False
745,61,0.5714285714285713,0.14051522248243556,0.5752636625119845,0.001047150665701074,0.4032956205908448,False
746,34,0.41785714285714287,0.18434873949579833,0.49416393916057005,0.0034642653285406532,0.9769228226484642,False
747,73,0.9714285714285713,0.19960861056751467,0.6177413608835055,0.0005128707880840532,0.23079185463782395,False
748,339,-1.4999999999999998,-0.0663716814159292,0.4113345521023764,0.009967990282025193,1.0,False
749,163,1.5464285714285713,0.14230937773882557,0.7594173273422479,2.321754187542496e-05,0.01862046858409082,True
750,166,2.5178571428571432,0.22751721170395872,0.7761875957822497,1.438339786229174e-05,0.012067670806462769,True
751,135,1.3428571428571427,0.1492063492063492,0.8984239959328927,7.958009796985297e-08,8.180834071300886e-05,True
752,94,1.025,0.16356382978723402,0.5849184782608694,0.0008957367944247697,0.3556075073866336,False
753,53,0.2678571428571429,0.07580862533692724,0.30561793682990446,0.03256870719968127,1.0,False
754,133,1.3142857142857145,0.1482277121374866,0.8766139611958851,2.8474348445599747e-07,0.00028673668884718947,True
755,52,0.8392857142857142,0.24210164835164832,0.6286617388136725,0.00042177624770917295,0.19992194141414799,False
756,28,0.41785714285714276,0.22385204081632648,0.48056309679835224,0.004161741059279789,1.0,False
757,13,0.18571428571428572,0.21428571428571427,0.4443470639789659,0.006649576498049525,1.0,False
758,341,1.05,0.04618768328445748,0.23620179555192816,0.06623911672290946,1.0,False
759,107,0.7142857142857143,0.10013351134846461,0.5257255011916444,0.0022237981098474774,0.684929817833023,False
760,261,2.9642857142857144,0.17036124794745486,0.8083707263954341,5.154398331481665e-06,0.004659576091659425,True
761,103,0.8857142857142856,0.1289875173370319,0.7581355597922554,2.4050479485643097e-05,0.01919228262954319,True
762,109,0.5321428571428573,0.07323066841415467,0.2272333369725423,0.0724088690079832,1.0,False
763,65,1.032142857142857,0.23818681318681317,0.7469681612210826,3.245215594852527e-05,0.025151951184809285,True
764,357,3.6321428571428567,0.15261104441776707,0.4246630743256557,0.00848501072385292,1.0,False
765,491,4.957142857142856,0.15144020948501596,0.8983645615204401,7.98855145736257e-08,8.204242346711359e-05,True
766,102,0.18214285714285716,0.026785714285714288,0.045006229235880414,0.4478144404402251,1.0,False
767,148,-0.2464285714285715,-0.02497586872586873,0.043405985607313076,0.45618995560046216,1.0,False
768,82,0.8607142857142854,0.15744773519163757,0.6611734260214921,0.000227746030221712,0.12252736425928107,False
769,44,0.5928571428571429,0.20211038961038963,0.5895424463715198,0.0008301816949318585,0.3361534577954224,False
770,89,1.4642857142857142,0.24678972712680575,0.5723501425484394,0.0010969740491488624,0.4157985895788747,False
771,192,0.4107142857142857,0.03208705357142857,0.16844558793560221,0.1286282640851157,1.0,False
772,28,0.13571428571428568,0.07270408163265304,0.08932695480039587,0.27920863135611335,1.0,False
773,46,0.7857142857142856,0.25621118012422356,0.6943913076746498,0.0001141252789540914,0.07201305102003168,False
774,102,0.85,0.125,0.6966253443526171,0.00010866558058344152,0.06921917886014553,False
775,76,0.475,0.09375,0.7103635682158919,7.975381526261539e-05,0.05295653333437662,False
776,303,5.457142857142856,0.2701555869872701,0.6653565387088095,0.00020953405166500137,0.1155088756337007,False
777,54,0.5535714285714286,0.15376984126984128,0.6327697008006742,0.00039131165247048534,0.1897861514481854,False
778,33,0.5571428571428572,0.2532467532467532,0.6103531300160514,0.000583682393916166,0.25565288853528073,False
779,657,7.407142857142856,0.1691128506196999,0.9246445424279108,1.1286268248175815e-08,1.1760291514599199e-05,True
780,92,0.9392857142857142,0.15314440993788817,0.7537595896780189,2.7089114716199723e-05,0.021346222396365383,True
781,120,0.5714285714285714,0.07142857142857142,0.3543743078626799,0.019219001904694097,1.0,False
782,157,0.7892857142857141,0.07540946314831663,0.43419882888435807,0.007546778491156783,1.0,False
783,35,0.4178571428571428,0.1790816326530612,0.5866714285714285,0.0008703779813272527,0.3464104365682466,False
784,965,12.907142857142857,0.20062916358253147,0.8557195620307876,7.953143876288722e-07,0.0007809987286515525,True
785,51,0.23928571428571427,0.0703781512605042,0.2783358134920636,0.043262809735352466,1.0,False
786,54,0.7999999999999999,0.2222222222222222,0.701095461658842,9.840920907883107e-05,0.06386757669216137,False
787,72,1.0035714285714286,0.20907738095238096,0.7413343097491363,3.7564918986739505e-05,0.028474208591948543,True
788,201,2.164285714285714,0.1615138592750533,0.7671719366267798,1.868427300026889e-05,0.015377156679221295,True
789,355,3.9928571428571424,0.16871227364185107,0.8904283814589666,1.3072565438588427e-07,0.00013334016747360196,True
790,188,0.9892857142857141,0.07893237082066867,0.45845216850960757,0.0055583080986881354,1.0,False
791,35,0.39642857142857135,0.16989795918367342,0.6947932330827065,0.00011312606248575457,0.07162057698788499,False
792,56,0.6178571428571428,0.16549744897959182,0.6480757015821688,0.0002938253208400497,0.15164400120578758,False
793,175,1.4642857142857144,0.12551020408163266,0.6530353258054491,0.0002670936244618269,0.14075834009138277,False
794,38,0.5428571428571429,0.21428571428571433,0.5905125408942205,0.0008169666088946863,0.3340440417275904,False
795,31,0.44642857142857145,0.21601382488479262,0.7253497152760584,5.5976025832641453e-05,0.03963102628951015,True
796,62,0.657142857142857,0.15898617511520732,0.5934928945400149,0.0007774948079577429,0.3242153349183788,False
797,87,0.7857142857142856,0.13546798029556648,0.7374451487079472,4.148250593813509e-05,0.031111879453601318,True
798,57,0.16785714285714284,0.044172932330827065,0.09574375866851592,0.2617543111920663,1.0,False
799,166,1.3714285714285714,0.12392426850258176,0.636845257290275,0.0003629757022018554,0.18003594829212027,False
800,217,3.867857142857143,0.2673633969716919,0.6670489116917309,0.00020252919595494906,0.11321382053881653,False
801,91,1.1714285714285715,0.19309262166405025,0.7155982830181989,7.062184766662137e-05,0.04788161271796929,True
802,1897,19.796428571428567,0.1565347541230514,0.9175670896896547,2.0295117295701076e-08,2.110692198752912e-05,True
803,79,0.6607142857142856,0.1254520795660036,0.5906836800441827,0.0008146541944445408,0.3340440417275904,False
804,45,0.5392857142857143,0.17976190476190476,0.5357377819548872,0.001921316240519932,0.6261446518828404,False
805,46,0.6249999999999999,0.20380434782608692,0.6045044215180544,0.000645557631157477,0.27694422376655764,False
806,110,1.0392857142857141,0.14172077922077922,0.6915369120209058,0.00012144138420977519,0.07553654097848017,False
807,32,0.31785714285714284,0.1489955357142857,0.5468289764359354,0.001628486316798465,0.560199292978672,False
808,246,1.364285714285714,0.08318815331010453,0.4663181306882093,0.005020652100566447,1.0,False
809,76,0.7642857142857142,0.15084586466165414,0.5583425450289354,0.0013661805366246324,0.4877264515749937,False
810,1877,21.453571428571426,0.17144569601948395,0.9004964203128132,6.953209440775453e-08,7.15485251455794e-05,True
811,49,0.7535714285714286,0.23068513119533526,0.719690275023709,6.412051720156447e-05,0.04424315686907949,True
812,31,0.3142857142857143,0.152073732718894,0.48578119772499173,0.003880900242309292,1.0,False
813,39,0.33214285714285713,0.12774725274725274,0.45694209636517336,0.005667096274457475,1.0,False
814,46,0.6107142857142857,0.19914596273291924,0.7975978324119871,7.396651281857017e-06,0.006516449779316032,True
815,295,3.4749999999999996,0.17669491525423725,0.8937026431718059,1.0716118516485393e-07,0.00010951873123848071,True
816,53,0.9785714285714284,0.2769541778975741,0.5452723117446544,0.0016670931153902862,0.569450587127181,False
817,43,0.5607142857142857,0.19559800664451826,0.6391491494952288,0.0003477517620737485,0.17500993821785216,False
818,64,0.7571428571428571,0.17745535714285715,0.7331651296328517,4.619203217117581e-05,0.03398584369604018,True
819,60,0.6214285714285713,0.15535714285714283,0.6674603174603174,0.00020085702883000965,0.11317110863901693,False
820,102,0.6928571428571428,0.10189075630252101,0.4248239118656311,0.00846837274089139,1.0,False
821,2687,12.585714285714285,0.07025891860279654,0.7110694642219664,7.846641509821164e-05,0.05218016604031074,False
822,549,4.9678571428571425,0.13573380171740826,0.8754293713532845,3.0316361716125036e-07,0.00030498259886421785,True
823,12,0.05714285714285713,0.07142857142857141,0.0879120879120879,0.2832343596839201,1.0,False
824,52,0.4499999999999999,0.12980769230769226,0.6318722139673104,0.00039780067469380367,0.19240281811555904,False
825,248,-2.742857142857143,-0.1658986175115207,0.8874266776867463,1.5605618913478703e-07,0.0001588652005392132,True
826,112,1.2607142857142855,0.1688456632653061,0.6807548585414176,0.00015281898609376205,0.09046883976750714,False
827,381,4.160714285714286,0.16380764904386952,0.8967056650246307,8.882093365944864e-08,9.095263606727541e-05,True
828,37,0.45357142857142846,0.18388030888030882,0.7410407988238175,3.784911455514274e-05,0.028651779718243054,True
829,143,0.5107142857142858,0.05357142857142858,0.2242083796269225,0.07460886847978326,1.0,False
830,75,0.9214285714285714,0.18428571428571427,0.5606805929919135,0.0013176358353460147,0.4775840480348761,False
832,64,0.8321428571428571,0.19503348214285712,0.791600241076289,8.971210479216686e-06,0.007787010695960083,True
833,48,0.31071428571428567,0.09709821428571426,0.21053070761014686,0.08536888705152111,1.0,False
835,100,1.3607142857142855,0.20410714285714282,0.7147501969537813,7.203751886888707e-05,0.048481250198761,True
836,36,0.3821428571428571,0.15922619047619047,0.58748973727422,0.0008587536586621793,0.34295401749114823,False
837,348,-1.2071428571428569,-0.05203201970443349,0.33432832326637624,0.023954850067383293,1.0,False
838,46,0.2607142857142857,0.08501552795031055,0.11266067200360803,0.2213060810517957,1.0,False
839,244,1.9857142857142853,0.12207259953161591,0.6537008424590328,0.0002636707029194079,0.13921813114144735,False
840,187,2.5678571428571426,0.205977845683728,0.8972441937962251,8.583173016575828e-08,8.797752341990224e-05,True
841,111,1.2892857142857141,0.1742277992277992,0.8468561551258057,1.1769577168658863e-06,0.001139295069926178,True
842,39,0.4071428571428571,0.15659340659340656,0.6866018596787828,0.00013503930090933152,0.08212348195629095,False
843,131,1.5999999999999999,0.183206106870229,0.7352297592997813,4.3866199471033376e-05,0.032543649530484144,True
844,48,0.6035714285714285,0.1886160714285714,0.6873556026184059,0.0001328818111000594,0.08134268413425,False
845,80,1.0071428571428571,0.1888392857142857,0.7257605256753468,5.5420954693149434e-05,0.039404298786829245,True
846,55,0.7428571428571429,0.2025974025974026,0.7830115830115828,1.1717976510204537e-05,0.009983715986694265,True
847,95,1.2285714285714284,0.193984962406015,0.6221225290901442,0.00047447692219494073,0.2192490938639783,False
848,187,1.882142857142857,0.15097402597402595,0.8627124716290319,5.738353362792812e-07,0.0005686708182527677,True
849,34,0.35357142857142865,0.15598739495798322,0.3766524902643986,0.014952176181117894,1.0,False
850,35,0.3071428571428571,0.13163265306122446,0.4451845906902085,0.0065798991767145034,1.0,False
851,124,1.1571428571428573,0.1399769585253456,0.6218171479117965,0.00047707045370166544,0.21967394006709712,False
852,282,2.903571428571428,0.15444528875379937,0.8545480637954571,8.387265862539061e-07,0.0008227907811150818,True
853,32,0.24285714285714283,0.1138392857142857,0.2860442098317387,0.03995626407031219,1.0,False
854,140,1.7,0.18214285714285713,0.7016184971098264,9.726517433863257e-05,0.06330366872639492,False
855,13,0.2214285714285714,0.2554945054945054,0.5334937083641745,0.0019858120155076507,0.6334740329469406,False
856,43,0.39642857142857135,0.13828903654485047,0.33918477462927615,0.022720501538287138,1.0,False
857,252,2.8821428571428567,0.17155612244897955,0.878224318726131,2.612330179323812e-07,0.00026358411509377265,True
858,165,0.26785714285714285,0.02435064935064935,0.05943575655114115,0.3812373581268158,1.0,False
859,91,-0.47857142857142854,-0.07888540031397175,0.24959226036029367,0.05793576828947574,1.0,False
860,286,2.7642857142857142,0.14498001998001997,0.8251493069074187,2.816682488937895e-06,0.0026420481746237457,True
861,43,0.5,0.1744186046511628,0.6264916467780429,0.0004386768785759248,0.2073355425687916,False
862,148,1.5071428571428571,0.15275096525096524,0.8715708282216595,3.7034612181820105e-07,0.0003714571601836556,True
863,67,0.6892857142857142,0.15431769722814495,0.5999645648999226,0.0006974035119694131,0.2956990890750312,False
864,43,0.41785714285714287,0.1457641196013289,0.7010891832832558,9.842301138564257e-05,0.06386757669216137,False
865,79,0.7071428571428571,0.13426763110307413,0.5763485965187392,0.0010291034221161077,0.39866413978722276,False
866,21,0.3607142857142857,0.25765306122448983,0.44647233893557425,0.006474014880506102,1.0,False
867,577,-1.2214285714285718,-0.03175290913592474,0.05858964871457162,0.3847546320226094,1.0,False
868,28,0.43571428571428567,0.23341836734693874,0.8086786438713418,5.099979729656741e-06,0.004620581635069007,True
869,169,2.721428571428571,0.24154691462383765,0.7320075439221668,4.754155651842892e-05,0.03465779470193468,True
870,195,1.0714285714285714,0.08241758241758242,0.5466472303206996,0.0016329535057346834,0.560199292978672,False
871,202,3.1178571428571424,0.231524045261669,0.7982704275156274,7.235762840643207e-06,0.006381942825447308,True
872,79,0.35357142857142854,0.06713381555153707,0.22592666584706167,0.07335158526578665,1.0,False
873,699,10.29642857142857,0.22095340282035558,0.8308591557067526,2.263318481820388e-06,0.0021343093283566258,True
874,54,0.6035714285714285,0.16765873015873015,0.7203642050040353,6.310047525609224e-05,0.04385483030298411,True
875,235,2.335714285714286,0.14908814589665656,0.7542250540769302,2.6751080643521373e-05,0.021133353708381885,True
876,561,4.821428571428571,0.1289152024446142,0.7863304063289566,1.0582036261428654e-05,0.009079387112305784,True
877,133,1.5892857142857144,0.17924274973147153,0.813159753400057,4.361632419409397e-06,0.003990893663759598,True
878,49,0.2678571428571429,0.08199708454810498,0.2209232299958107,0.07706941293402787,1.0,False
879,408,0.07857142857142853,0.0028886554621848724,0.002998909487459102,0.8463030903627655,1.0,False
880,64,1.1571428571428573,0.27120535714285715,0.6780460918391952,0.00016171259711476714,0.09435989288314606,False
881,1109,4.639285714285713,0.06274958134741722,0.2985313342718627,0.035086069948655194,1.0,False
882,57,0.6642857142857143,0.17481203007518797,0.4934390689183022,0.0034986835167654658,0.9796313846943304,False
883,33,0.3464285714285714,0.15746753246753245,0.5754036203522506,0.0010448073072301678,0.4032956205908448,False
884,96,1.5392857142857141,0.24051339285714282,0.7753998864622987,1.4721929588568488e-05,0.012322255065631825,True
885,83,1.1714285714285715,0.21170395869191053,0.6449673871339048,0.00031172342045294484,0.15957054551988953,False
886,61,0.25357142857142856,0.062353629976580796,0.19798648931713453,0.09652200095442857,1.0,False
887,120,1.0714285714285714,0.13392857142857142,0.7475083056478404,3.19948221819873e-05,0.02489197165758612,True
888,164,1.6678571428571423,0.15254790940766544,0.6948578140665089,0.00011296620976007097,0.07162057698788499,False
889,207,3.189285714285714,0.2311076604554865,0.7958954121554722,7.817557917385393e-06,0.00685599829354699,True
890,95,-0.125,-0.01973684210526316,0.020899681528662423,0.607219593655193,1.0,False
891,103,0.24642857142857139,0.0358876560332871,0.07599927634939553,0.31996796716694825,1.0,False
892,30,0.35,0.175,0.5359374999999998,0.0019156652646228397,0.6261446518828404,False
893,35,0.5178571428571428,0.22193877551020405,0.6188677394034536,0.0005027533832426069,0.22825003599214352,False
894,144,1.2035714285714285,0.1253720238095238,0.7406931545445057,3.818809850474269e-05,0.028870202469585472,True
895,253,3.1999999999999997,0.18972332015810275,0.6522688667799079,0.00027108290324728216,0.1415052754950813,False
896,81,0.7392857142857142,0.1369047619047619,0.5074010041682455,0.0028855122778863084,0.8471530253978697,False
897,43,0.46428571428571425,0.16196013289036543,0.672627892167268,0.00018083983255393236,0.10402148265861831,False
898,78,0.9214285714285714,0.17719780219780218,0.6707916801031925,0.00018774707006239907,0.10739132407569227,False
899,61,0.2571428571428571,0.06323185011709602,0.2538521807260381,0.05550439038079477,1.0,False
900,249,2.939285714285714,0.177065404475043,0.8383116658085467,1.6822722988987063e-06,0.0016048877731493659,True
901,65,0.6107142857142857,0.14093406593406593,0.6637636198547219,0.00021631604017390143,0.11810855793495018,False
902,97,1.0071428571428571,0.1557437407952872,0.7034699943385545,9.33063478300972e-05,0.061022351480883565,False
903,1506,12.232142857142858,0.1218340922026181,0.7175831789357676,6.740121253027932e-05,0.04616983058324133,True
904,53,0.5499999999999999,0.15566037735849056,0.5173045602605862,0.0025093673826598177,0.7503008474152855,False
905,40,0.5321428571428571,0.19955357142857144,0.4854446064139941,0.0038985034376215395,1.0,False
906,82,0.9821428571428569,0.17966027874564455,0.7550017304722856,2.6195047736960668e-05,0.020720282759935888,True
907,45,0.5642857142857143,0.1880952380952381,0.7820802005012532,1.2054830666728963e-05,0.010246606066719618,True
908,80,-0.39642857142857135,-0.07433035714285713,0.1823352407261246,0.1124124911172081,1.0,False
909,71,0.5357142857142857,0.11317907444668007,0.6991630759032148,0.0001027363468074915,0.06616220734402452,False
910,41,0.5464285714285713,0.19991289198606266,0.6691854703460889,0.00019397333902062611,0.109982883224695,False
911,45,0.5357142857142857,0.17857142857142858,0.5503913894324853,0.0015430350171689283,0.5400622560091249,False
912,85,1.0178571428571428,0.17962184873949577,0.7489396360954019,3.080944407971366e-05,0.02402943860075998,True
913,259,3.549999999999999,0.20559845559845555,0.8246681415929198,2.8681564754161834e-06,0.002687462617464964,True
914,85,1.3535714285714284,0.23886554621848735,0.7211859017271386,6.187557082145664e-05,0.04312727286255528,True
915,118,0.7571428571428571,0.09624697336561744,0.5355236400610065,0.0019273913809199719,0.6261446518828404,False
916,65,0.6607142857142857,0.15247252747252749,0.6524847483477376,0.00026995414042797316,0.14119110917252456,False
917,42,0.37142857142857144,0.1326530612244898,0.5647451963241437,0.001236786656415273,0.4563742762172357,False
918,264,3.0,0.17045454545454544,0.7885843034171987,9.865289721643989e-06,0.008503879740057119,True
919,137,1.6642857142857141,0.18222106360792492,0.6088850174216026,0.0005987125245555946,0.26103866070623927,False
920,117,1.6178571428571424,0.20741758241758237,0.8868456990734337,1.6141127245894378e-07,0.00016415526409074583,True
921,93,1.3857142857142857,0.2235023041474654,0.6263480228997472,0.0004398156669715507,0.2073355425687916,False
922,141,1.075,0.11436170212765956,0.6203508435582822,0.0004896939881542877,0.22330045859835518,False
923,213,2.2642857142857142,0.15945674044265595,0.8402933404689433,1.5511331402284194e-06,0.0014844344151985973,True
924,40,-0.42142857142857143,-0.1580357142857143,0.21496500617538083,0.08172899577349957,1.0,False
925,53,0.4357142857142858,0.12331536388140164,0.5438998245955957,0.0017017869860031236,0.5766127213856517,False
926,51,0.39642857142857135,0.11659663865546216,0.5023238747553816,0.0030966767395796445,0.8980362544780969,False
927,222,-1.3714285714285717,-0.09266409266409267,0.30504435323712437,0.03276618934314978,1.0,False
928,19,0.17142857142857146,0.13533834586466167,0.33002291825821245,0.025099150148475382,1.0,False
929,23,0.12857142857142856,0.08385093167701863,0.16689560439560436,0.13057481141245286,1.0,False
930,175,2.414285714285714,0.2069387755102041,0.7856501008619107,1.0806901763316853e-05,0.009250707909399226,True
931,23,0.35357142857142854,0.2305900621118012,0.5325086931324252,0.0020147092368776463,0.6386628280902139,False
932,284,3.0785714285714283,0.16260060362173037,0.8591083992624978,6.803193194409304e-07,0.0006728358069270802,True
933,4533,3.8178571428571426,0.012633544483312848,0.0993004760468094,0.25261367683055297,1.0,False
934,79,0.9678571428571427,0.18377034358047015,0.7973934506919914,7.446139924143546e-06,0.006545156993322177,True
935,78,1.3535714285714284,0.26030219780219777,0.7324437056375949,4.702917429375836e-05,0.03442535558303112,True
936,30,0.32499999999999996,0.16249999999999998,0.39966216216216205,0.011449775549000247,1.0,False
937,65,0.9392857142857142,0.21675824175824174,0.7112249794351518,7.81851910947702e-05,0.05207133726911695,False
938,182,2.796428571428571,0.2304748822605965,0.7974567467447327,7.430783474320451e-06,0.006539089457401997,True
939,152,1.7785714285714282,0.17551691729323307,0.8054030414299569,5.704731748261981e-06,0.005105734914694473,True
940,273,-3.867857142857143,-0.21251962323390897,0.6026831960339385,0.0006659427266328425,0.2836916015455909,False
941,226,2.4035714285714285,0.1595290771175727,0.9012053770401339,6.63519770857654e-08,6.840888837542413e-05,True
942,61,0.6,0.14754098360655737,0.42905788876276957,0.008040580844045624,1.0,False
943,61,0.9392857142857142,0.2309718969555035,0.6484917995899793,0.0002914977105746353,0.15099581407766108,False
944,148,-0.25714285714285723,-0.02606177606177607,0.04496669133974835,0.44801864393596524,1.0,False
945,163,0.19999999999999996,0.018404907975460117,0.039473684210526314,0.4777947967488928,1.0,False
946,107,1.2214285714285713,0.17122830440587447,0.7626495340102936,2.1225595844787868e-05,0.017192732634278174,True
947,218,2.3857142857142857,0.16415465268676277,0.8066155062375874,5.4741361483110424e-06,0.004926722533479938,True
948,117,1.7285714285714284,0.2216117216117216,0.7247302247302247,5.682203857280647e-05,0.04005953719382856,True
949,40,0.5071428571428571,0.19017857142857142,0.5483321247280637,0.001591943767085045,0.5524044871785107,False
951,44,0.45714285714285713,0.15584415584415584,0.8488532743851893,1.0796194873692e-06,0.0010504697612102316,True
952,74,0.48928571428571416,0.09917953667953665,0.46250328558286224,0.005275434093615228,1.0,False
953,79,0.48571428571428565,0.09222423146473778,0.28358819200261665,0.040983792120227465,1.0,False
954,111,1.4035714285714285,0.18967181467181465,0.7148828038213728,7.181457727097686e-05,0.0484030250806384,True
955,480,3.3857142857142852,0.10580357142857141,0.4709004024144869,0.004728886981172234,1.0,False
956,69,0.8642857142857142,0.18788819875776397,0.5720928415129728,0.001101470833227394,0.4163559749599549,False
957,94,1.3857142857142857,0.22112462006079028,0.7714613681707616,1.6518364056401877e-05,0.013710242166813557,True
958,38,0.42142857142857143,0.16635338345864661,0.6084246096481007,0.0006034941540039509,0.26244052246442523,False
959,106,0.9928571428571427,0.1404986522911051,0.8442525052435329,1.3149799466542065e-06,0.0012702706284679634,True
960,14,0.175,0.18749999999999997,0.663015463917526,0.0002195657922252986,0.11944379097056243,False
961,140,1.964285714285714,0.21045918367346933,0.8151588100028743,4.06286182510208e-06,0.0037378328790939135,True
962,29,0.2571428571428571,0.13300492610837436,0.29418886198547217,0.03671469755583675,1.0,False
963,855,7.042857142857143,0.12355889724310777,0.8419322433143966,1.4493436283129057e-06,0.0013913698831803894,True
964,62,0.16428571428571426,0.03974654377880183,0.1901965484180249,0.10413827922117727,1.0,False
965,91,1.2,0.1978021978021978,0.7680975361950725,1.8197492499390993e-05,0.015012931311997569,True
966,67,0.9035714285714284,0.20229211087420038,0.7428625588016833,3.611442690278508e-05,0.027519193299922234,True
967,108,0.575,0.0798611111111111,0.7323971518987341,4.7083637562687116e-05,0.03442535558303112,True
968,53,0.5071428571428571,0.14353099730458221,0.5727541281623996,0.0010899456843788788,0.4152693057483528,False
969,28,0.25,0.13392857142857142,0.29296874999999994,0.03718451397966794,1.0,False
970,56,0.7928571428571427,0.2123724489795918,0.6265340023052411,0.00043834152762958057,0.2073355425687916,False
971,49,0.5714285714285715,0.17492711370262393,0.6308319095807597,0.0004054378322394634,0.19379928381046352,False
972,70,0.8357142857142856,0.1790816326530612,0.5075012357884331,0.0028814728755029583,0.8471530253978697,False
973,40,0.21785714285714283,0.08169642857142857,0.26937741312741315,0.04741955039971532,1.0,False
974,179,1.885714285714285,0.15802075019952108,0.5930295879469957,0.0007835206792134776,0.32594460255280666,False
975,743,9.196428571428571,0.18566141126706404,0.9364541795532709,3.7068157541771584e-09,3.873622463115131e-06,True
976,136,1.5642857142857145,0.17253151260504204,0.868460126994858,4.333405406537648e-07,0.00043290720011311104,True
977,33,0.475,0.21590909090909088,0.6553423236514524,0.00025538864094759865,0.1353559797022273,False
978,10,0.075,0.1125,0.08146551724137929,0.3024536077945516,1.0,False
979,72,1.1321428571428571,0.23586309523809523,0.6120212921457805,0.0005669994872163547,0.2506137733496288,False
980,40,0.32499999999999996,0.12187499999999998,0.46697368421052626,0.004977970629528954,1.0,False
981,71,0.7285714285714285,0.1539235412474849,0.7252532763267963,5.6107016684888704e-05,0.039667660796216316,True
982,106,1.5892857142857142,0.2248989218328841,0.7646303980724481,2.00783951460028e-05,0.016395373958001048,True
983,49,0.18928571428571428,0.05794460641399417,0.21375304383116894,0.08270891753964049,1.0,False
984,84,0.21428571428571425,0.038265306122448974,0.09079903147699753,0.2750898846776836,1.0,False
985,38,0.42857142857142855,0.16917293233082706,0.5731267246869031,0.0010834979206523607,0.41389620568920177,False
986,52,0.507142857142857,0.14629120879120874,0.4941510913606063,0.0034648727894414505,0.9769228226484642,False
987,68,0.7892857142857144,0.17410714285714288,0.8821585107407767,2.1061718957353637e-07,0.0002131445958484188,True
988,75,0.6785714285714285,0.1357142857142857,0.7325487012987013,4.690653727969588e-05,0.03438249182601708,True
989,141,1.2714285714285714,0.13525835866261396,0.6862167547431341,0.00013615314334645083,0.08264495801129566,False
990,28,0.23928571428571424,0.12818877551020405,0.4034935282837966,0.010943281077733302,1.0,False
991,12,0.035714285714285705,0.04464285714285713,0.015943877551020405,0.6538543377629578,1.0,False
992,46,0.00357142857142856,0.0011645962732919216,7.948283170835047e-05,0.9748440059847692,1.0,False
993,2298,16.132142857142856,0.10530119358448341,0.8443045855894148,1.3120900279605422e-06,0.0012687910570378443,True
994,671,4.614285714285712,0.10315094741324245,0.5301638494543147,0.002084970884454761,0.6525958868343402,False
995,106,0.6499999999999999,0.09198113207547169,0.430286129970902,0.007920093394049069,1.0,False
996,107,0.08571428571428572,0.012016021361815754,0.007683551508252703,0.7560775010377145,1.0,False
997,32,0.44642857142857145,0.20926339285714288,0.6218822967522819,0.0004765161389741803,0.21967394006709712,False
998,463,6.785714285714286,0.21983955569268743,0.715326669808908,7.107262650202056e-05,0.04811034221045302,True
999,88,0.9714285714285713,0.16558441558441558,0.5417480278059831,0.0017574390242540417,0.5852271950765958,False
1000,37,0.44642857142857134,0.18098455598455593,0.7368429325955735,4.211924998520944e-05,0.03154731823892187,True
1001,40,0.20714285714285713,0.07767857142857143,0.15948166877370415,0.14029773388861597,1.0,False
1002,45,0.20357142857142854,0.06785714285714285,0.1813058035714285,0.11354224943316238,1.0,False
1003,483,-0.18214285714285713,-0.005656610470275066,0.009533339197748063,0.729210618818593,1.0,False
1004,563,7.9607142857142845,0.2120971834559756,0.8348854229307388,1.9312789298234276e-06,0.0018308524254726094,True
1005,26,0.29999999999999993,0.17307692307692304,0.5608308605341243,0.0013145675193458031,0.4775840480348761,False
1006,70,0.7071428571428571,0.15153061224489794,0.8077747252747252,5.261135661383958e-06,0.00474554436656833,True
1007,148,1.6535714285714282,0.1675916988416988,0.8216981662441736,3.2039368286419304e-06,0.0029796612506369953,True
1008,181,1.8000000000000003,0.14917127071823208,0.751657092355281,2.8661819139870983e-05,0.02247086620565885,True
1009,103,0.45714285714285713,0.06657420249653259,0.2076938678926374,0.08777783703860255,1.0,False
1010,23,0.27499999999999997,0.17934782608695649,0.6672794117647058,0.0002015908596635659,0.11317110863901693,False
1011,131,-0.23571428571428577,-0.026990185387131962,0.07517949189985279,0.3226986255136257,1.0,False
1012,144,0.4607142857142857,0.047991071428571425,0.17604307718347997,0.11949340067949361,1.0,False
1013,28,0.17142857142857137,0.09183673469387751,0.27674567584881477,0.04397531289340205,1.0,False
1014,211,3.425,0.24348341232227488,0.6371711887641609,0.0003607878165336853,0.18003312045030895,False
1015,85,-0.075,-0.013235294117647057,0.010546874999999999,0.715703770441817,1.0,False
1016,29,0.39999999999999997,0.2068965517241379,0.5675675675675677,0.0011832021504642515,0.44210628298106397,False
1017,318,1.1714285714285715,0.05525606469002696,0.17134702614545644,0.1250612671671332,1.0,False
1018,14,0.1357142857142857,0.14540816326530612,0.19147807637906644,0.10284665998721891,1.0,False
1019,28,0.28571428571428564,0.15306122448979587,0.3826530612244895,0.013957711101968247,1.0,False
1020,78,1.1142857142857143,0.21428571428571427,0.5908517043799164,0.0008123893596350167,0.3340440417275904,False
1021,31,0.43571428571428567,0.21082949308755755,0.7493958109559611,3.0439624136403013e-05,0.023773346450530752,True
1022,33,0.4142857142857143,0.18831168831168832,0.3238351944551406,0.026829910457723552,1.0,False
1023,116,0.9357142857142856,0.12099753694581279,0.5272952599451021,0.0021738083422865122,0.6738805861088188,False
1024,73,0.7071428571428571,0.14530332681017613,0.6805619850013888,0.0001534380726827328,0.09068190095549508,False
1025,257,0.03928571428571426,0.0022929405225125053,0.0008157743338966585,0.9195170617310868,1.0,False
1026,126,1.3928571428571428,0.16581632653061223,0.823551069912501,2.9907527509732567e-06,0.0027903723166580485,True
1027,280,4.042857142857143,0.2165816326530612,0.8063868705005788,5.517001958220988e-06,0.004954267758482447,True
1028,1570,1.7749999999999995,0.016958598726114642,0.35409753813219136,0.01927821487812125,1.0,False
1029,113,2.0928571428571425,0.2778128950695322,0.6875547273775705,0.00013231679714557942,0.08124251344738576,False
1030,60,0.5607142857142857,0.14017857142857143,0.5571654611211574,0.0013912000857142035,0.4946615271908413,False
1031,123,1.6464285714285714,0.20078397212543556,0.7919486346291439,8.872526638688461e-06,0.007710225649020273,True
1032,48,0.5571428571428572,0.17410714285714285,0.7466863033873342,3.269300901572786e-05,0.025304388978173366,True
1033,95,1.3785714285714286,0.21766917293233085,0.8169834771165374,3.805538960324874e-06,0.003512512460379859,True
1034,53,0.5857142857142857,0.16576819407008087,0.5116680194805194,0.0027178389064388274,0.8044803163058929,False
1035,11,0.06428571428571428,0.08766233766233766,0.04296322489391796,0.45854825830479096,1.0,False
1036,1199,11.24642857142857,0.1406976051471464,0.8564084991494817,7.706876677544781e-07,0.0007591273527381609,True
1037,59,0.75,0.19067796610169493,0.6647439504783342,0.00021212029484542452,0.11616950957339933,False
1038,278,1.864285714285714,0.10059095580678312,0.6345021795556438,0.0003790423952898808,0.1857307736920416,False
1039,91,1.5428571428571427,0.2543171114599686,0.6780869700023252,0.00016157515904648297,0.09435989288314606,False
1040,37,0.4607142857142856,0.1867760617760617,0.6208092916832467,0.0004857166645608671,0.22197251570431625,False
1041,47,0.807142857142857,0.25759878419452886,0.6813282583949913,0.0001509911045999838,0.0895377250277904,False
1042,127,0.6749999999999998,0.07972440944881888,0.3223761792452829,0.02725335223960056,1.0,False
1043,13,0.075,0.08653846153846154,0.04668972332015812,0.4392438168174094,1.0,False
1044,66,1.05,0.23863636363636362,0.753662109375,2.716036747932479e-05,0.02137520920622861,True
1045,95,1.9535714285714285,0.3084586466165414,0.5912598145123042,0.0008069109525000662,0.33325422338252736,False
1046,523,-0.03928571428571426,-0.001126741327506145,0.0002763532937049305,0.9531099803968391,1.0,False
1047,55,0.36428571428571427,0.09935064935064936,0.3595852534562212,0.018134045291901577,1.0,False
1048,41,0.17499999999999996,0.06402439024390243,0.15609830097087377,0.1449716600627315,1.0,False
1049,19,0.30714285714285716,0.24248120300751883,0.5398014791747764,0.0018091337882865368,0.6006324177111302,False
